fold,repeat,k,rate,rate_idx,policy,method,soh_mae_pp,soh_rmse_pp,selected_hyperparameters,labeled_loo_mae,label_ids,test_ids
2,0,14,C/80,0,random,ridge_physics,3.05662112765842,3.9546417068291855,"{""alpha"": 1.0}",2.3220575877598355,3;9;12;13;22;32;33;42;45;46;68;75;79;90,0;4;5;11;15;17;23;28;34;35;38;40;50;52;56;60;81;82
2,0,14,C/80,0,random,ridge_source,3.356991238064236,3.912281290216845,"{""alpha"": 0.1}",2.213500380516052,3;9;12;13;22;32;33;42;45;46;68;75;79;90,0;4;5;11;15;17;23;28;34;35;38;40;50;52;56;60;81;82
2,0,14,C/80,0,random,ridge_input,4.094718085394965,5.021320777146795,"{""alpha"": 1.0}",2.882865411894662,3;9;12;13;22;32;33;42;45;46;68;75;79;90,0;4;5;11;15;17;23;28;34;35;38;40;50;52;56;60;81;82
2,0,14,C/80,0,random,krr_rbf,3.681616889105903,4.72010415455306,"{""alpha"": 0.1, ""gamma"": 0.05}",2.600185258047921,3;9;12;13;22;32;33;42;45;46;68;75;79;90,0;4;5;11;15;17;23;28;34;35;38;40;50;52;56;60;81;82
2,0,14,C/80,0,random,svr_rbf,6.527407434028124,10.854138219237644,"{""C"": 10.0, ""epsilon"": 0.2}",2.778630013807942,3;9;12;13;22;32;33;42;45;46;68;75;79;90,0;4;5;11;15;17;23;28;34;35;38;40;50;52;56;60;81;82
2,0,14,C/80,0,random,gp_rbf,3.877104919086511,5.106598210890777,"{""alpha"": 1.0, ""length"": 3.0}",2.5881469984770384,3;9;12;13;22;32;33;42;45;46;68;75;79;90,0;4;5;11;15;17;23;28;34;35;38;40;50;52;56;60;81;82
2,0,14,C/80,0,random,catboost,4.939811299305838,7.363414903003234,{},,3;9;12;13;22;32;33;42;45;46;68;75;79;90,0;4;5;11;15;17;23;28;34;35;38;40;50;52;56;60;81;82
2,0,14,C/80,0,random,xgboost,5.382704840766059,7.847428869071341,{},,3;9;12;13;22;32;33;42;45;46;68;75;79;90,0;4;5;11;15;17;23;28;34;35;38;40;50;52;56;60;81;82
2,0,14,C/80,0,random,extra_trees,4.845199105739592,6.830922229320612,{},,3;9;12;13;22;32;33;42;45;46;68;75;79;90,0;4;5;11;15;17;23;28;34;35;38;40;50;52;56;60;81;82
2,0,14,C/40,1,random,ridge_physics,2.5794635348849826,3.4685545392888266,"{""alpha"": 1.0}",1.770692723137992,3;9;12;13;22;32;33;42;45;46;68;75;79;90,0;4;5;11;15;17;23;28;34;35;38;40;50;52;56;60;81;82
2,0,14,C/40,1,random,ridge_source,2.904571957058377,3.3876516104427954,"{""alpha"": 0.1}",1.6615372214998518,3;9;12;13;22;32;33;42;45;46;68;75;79;90,0;4;5;11;15;17;23;28;34;35;38;40;50;52;56;60;81;82
2,0,14,C/40,1,random,ridge_input,3.797854953342014,4.835960905821938,"{""alpha"": 0.1}",2.132720811026437,3;9;12;13;22;32;33;42;45;46;68;75;79;90,0;4;5;11;15;17;23;28;34;35;38;40;50;52;56;60;81;82
2,0,14,C/40,1,random,krr_rbf,3.49790276421441,4.494901023318028,"{""alpha"": 0.1, ""gamma"": 0.05}",2.038701117038727,3;9;12;13;22;32;33;42;45;46;68;75;79;90,0;4;5;11;15;17;23;28;34;35;38;40;50;52;56;60;81;82
2,0,14,C/40,1,random,svr_rbf,6.224499365039063,10.597306335907591,"{""C"": 10.0, ""epsilon"": 0.2}",2.3563409559563384,3;9;12;13;22;32;33;42;45;46;68;75;79;90,0;4;5;11;15;17;23;28;34;35;38;40;50;52;56;60;81;82
2,0,14,C/40,1,random,gp_rbf,3.690515437683029,4.926380745716099,"{""alpha"": 1.0, ""length"": 3.0}",2.0246058737160824,3;9;12;13;22;32;33;42;45;46;68;75;79;90,0;4;5;11;15;17;23;28;34;35;38;40;50;52;56;60;81;82
2,0,14,C/40,1,random,catboost,4.808087724954524,7.441204296481917,{},,3;9;12;13;22;32;33;42;45;46;68;75;79;90,0;4;5;11;15;17;23;28;34;35;38;40;50;52;56;60;81;82
2,0,14,C/40,1,random,xgboost,5.36300786336263,7.942418425170406,{},,3;9;12;13;22;32;33;42;45;46;68;75;79;90,0;4;5;11;15;17;23;28;34;35;38;40;50;52;56;60;81;82
2,0,14,C/40,1,random,extra_trees,4.674786528702136,6.833990384604105,{},,3;9;12;13;22;32;33;42;45;46;68;75;79;90,0;4;5;11;15;17;23;28;34;35;38;40;50;52;56;60;81;82
2,0,14,0.05A,2,random,ridge_physics,3.3369729783799915,4.174636039833674,"{""alpha"": 1.0}",2.5148035969052995,3;9;12;13;22;32;33;42;45;46;68;75;79;90,0;4;5;11;15;17;23;28;34;35;38;40;50;52;56;60;81;82
2,0,14,0.05A,2,random,ridge_source,3.6390380859375,4.268921075103695,"{""alpha"": 0.1}",2.407109771456037,3;9;12;13;22;32;33;42;45;46;68;75;79;90,0;4;5;11;15;17;23;28;34;35;38;40;50;52;56;60;81;82
2,0,14,0.05A,2,random,ridge_input,4.083786858452691,4.805063067641693,"{""alpha"": 1.0}",3.167667269706726,3;9;12;13;22;32;33;42;45;46;68;75;79;90,0;4;5;11;15;17;23;28;34;35;38;40;50;52;56;60;81;82
2,0,14,0.05A,2,random,krr_rbf,3.631195916069879,4.563461368424221,"{""alpha"": 0.1, ""gamma"": 0.05}",2.795959506716047,3;9;12;13;22;32;33;42;45;46;68;75;79;90,0;4;5;11;15;17;23;28;34;35;38;40;50;52;56;60;81;82
2,0,14,0.05A,2,random,svr_rbf,6.62028540167873,10.729483414584392,"{""C"": 10.0, ""epsilon"": 0.2}",2.900806479358821,3;9;12;13;22;32;33;42;45;46;68;75;79;90,0;4;5;11;15;17;23;28;34;35;38;40;50;52;56;60;81;82
2,0,14,0.05A,2,random,gp_rbf,3.826599090427228,4.929536903167756,"{""alpha"": 1.0, ""length"": 3.0}",2.78699533924661,3;9;12;13;22;32;33;42;45;46;68;75;79;90,0;4;5;11;15;17;23;28;34;35;38;40;50;52;56;60;81;82
2,0,14,0.05A,2,random,catboost,4.800812276955728,7.074776640924338,{},,3;9;12;13;22;32;33;42;45;46;68;75;79;90,0;4;5;11;15;17;23;28;34;35;38;40;50;52;56;60;81;82
2,0,14,0.05A,2,random,xgboost,5.304118262396918,7.556088446381152,{},,3;9;12;13;22;32;33;42;45;46;68;75;79;90,0;4;5;11;15;17;23;28;34;35;38;40;50;52;56;60;81;82
2,0,14,0.05A,2,random,extra_trees,4.761034189948329,6.542750844310137,{},,3;9;12;13;22;32;33;42;45;46;68;75;79;90,0;4;5;11;15;17;23;28;34;35;38;40;50;52;56;60;81;82
2,0,14,C/10,3,random,ridge_physics,2.1774694654676647,3.1127989119715043,"{""alpha"": 1.0}",1.637603521347046,3;9;12;13;22;32;33;42;45;46;68;75;79;90,0;4;5;11;15;17;23;28;34;35;38;40;50;52;56;60;81;82
2,0,14,C/10,3,random,ridge_source,2.5313720703125,3.039075355321833,"{""alpha"": 0.1}",1.529671634946551,3;9;12;13;22;32;33;42;45;46;68;75;79;90,0;4;5;11;15;17;23;28;34;35;38;40;50;52;56;60;81;82
2,0,14,C/10,3,random,ridge_input,3.714048597547743,4.811636446539038,"{""alpha"": 0.1}",1.6828255653381348,3;9;12;13;22;32;33;42;45;46;68;75;79;90,0;4;5;11;15;17;23;28;34;35;38;40;50;52;56;60;81;82
2,0,14,C/10,3,random,krr_rbf,3.329249911838108,4.310349174830495,"{""alpha"": 0.1, ""gamma"": 0.05}",1.8571349893297469,3;9;12;13;22;32;33;42;45;46;68;75;79;90,0;4;5;11;15;17;23;28;34;35;38;40;50;52;56;60;81;82
2,0,14,C/10,3,random,svr_rbf,6.060221764495323,10.593147838294644,"{""C"": 10.0, ""epsilon"": 0.2}",2.1869378075604837,3;9;12;13;22;32;33;42;45;46;68;75;79;90,0;4;5;11;15;17;23;28;34;35;38;40;50;52;56;60;81;82
2,0,14,C/10,3,random,gp_rbf,3.504341098703231,4.767800758531599,"{""alpha"": 1.0, ""length"": 3.0}",1.86934586494098,3;9;12;13;22;32;33;42;45;46;68;75;79;90,0;4;5;11;15;17;23;28;34;35;38;40;50;52;56;60;81;82
2,0,14,C/10,3,random,catboost,4.854842550386057,7.527151736606976,{},,3;9;12;13;22;32;33;42;45;46;68;75;79;90,0;4;5;11;15;17;23;28;34;35;38;40;50;52;56;60;81;82
2,0,14,C/10,3,random,xgboost,5.563114166259766,8.07940837455618,{},,3;9;12;13;22;32;33;42;45;46;68;75;79;90,0;4;5;11;15;17;23;28;34;35;38;40;50;52;56;60;81;82
2,0,14,C/10,3,random,extra_trees,4.605605216379519,6.819795119124016,{},,3;9;12;13;22;32;33;42;45;46;68;75;79;90,0;4;5;11;15;17;23;28;34;35;38;40;50;52;56;60;81;82
2,0,14,C/7,4,random,ridge_physics,2.1353997124565973,3.0332076698241064,"{""alpha"": 1.0}",1.6379270553588867,3;9;12;13;22;32;33;42;45;46;68;75;79;90,0;4;5;11;15;17;23;28;34;35;38;40;50;52;56;60;81;82
2,0,14,C/7,4,random,ridge_source,2.4889907836914062,3.0026742807849782,"{""alpha"": 0.1}",1.541025536400931,3;9;12;13;22;32;33;42;45;46;68;75;79;90,0;4;5;11;15;17;23;28;34;35;38;40;50;52;56;60;81;82
2,0,14,C/7,4,random,ridge_input,3.662427266438802,4.745475856310271,"{""alpha"": 0.1}",1.7433438641684396,3;9;12;13;22;32;33;42;45;46;68;75;79;90,0;4;5;11;15;17;23;28;34;35;38;40;50;52;56;60;81;82
2,0,14,C/7,4,random,krr_rbf,3.275120629204644,4.219673761830979,"{""alpha"": 0.1, ""gamma"": 0.05}",1.8384240525109428,3;9;12;13;22;32;33;42;45;46;68;75;79;90,0;4;5;11;15;17;23;28;34;35;38;40;50;52;56;60;81;82
2,0,14,C/7,4,random,svr_rbf,6.052460887586902,10.61995537685968,"{""C"": 10.0, ""epsilon"": 0.2}",2.1511223400219874,3;9;12;13;22;32;33;42;45;46;68;75;79;90,0;4;5;11;15;17;23;28;34;35;38;40;50;52;56;60;81;82
2,0,14,C/7,4,random,gp_rbf,3.4448003990164278,4.687736456365281,"{""alpha"": 1.0, ""length"": 3.0}",1.8528756252079128,3;9;12;13;22;32;33;42;45;46;68;75;79;90,0;4;5;11;15;17;23;28;34;35;38;40;50;52;56;60;81;82
2,0,14,C/7,4,random,catboost,4.895868622944234,7.521036940551673,{},,3;9;12;13;22;32;33;42;45;46;68;75;79;90,0;4;5;11;15;17;23;28;34;35;38;40;50;52;56;60;81;82
2,0,14,C/7,4,random,xgboost,5.623760647243923,8.093692822898664,{},,3;9;12;13;22;32;33;42;45;46;68;75;79;90,0;4;5;11;15;17;23;28;34;35;38;40;50;52;56;60;81;82
2,0,14,C/7,4,random,extra_trees,4.601720199761568,6.775607948789229,{},,3;9;12;13;22;32;33;42;45;46;68;75;79;90,0;4;5;11;15;17;23;28;34;35;38;40;50;52;56;60;81;82
2,0,14,C/5,5,random,ridge_physics,2.137518141004774,2.9880833993501144,"{""alpha"": 1.0}",1.6046103068760462,3;9;12;13;22;32;33;42;45;46;68;75;79;90,0;4;5;11;15;17;23;28;34;35;38;40;50;52;56;60;81;82
2,0,14,C/5,5,random,ridge_source,2.5093315972222223,3.029368945001353,"{""alpha"": 0.1}",1.5203655447278703,3;9;12;13;22;32;33;42;45;46;68;75;79;90,0;4;5;11;15;17;23;28;34;35;38;40;50;52;56;60;81;82
2,0,14,C/5,5,random,ridge_input,3.6028959486219616,4.676254528496262,"{""alpha"": 0.1}",1.820565598351615,3;9;12;13;22;32;33;42;45;46;68;75;79;90,0;4;5;11;15;17;23;28;34;35;38;40;50;52;56;60;81;82
2,0,14,C/5,5,random,krr_rbf,3.2278069390190973,4.151970617898181,"{""alpha"": 0.1, ""gamma"": 0.05}",1.7863304700170244,3;9;12;13;22;32;33;42;45;46;68;75;79;90,0;4;5;11;15;17;23;28;34;35;38;40;50;52;56;60;81;82
2,0,14,C/5,5,random,svr_rbf,6.067257019866391,10.635062286905743,"{""C"": 10.0, ""epsilon"": 0.2}",2.115604839123699,3;9;12;13;22;32;33;42;45;46;68;75;79;90,0;4;5;11;15;17;23;28;34;35;38;40;50;52;56;60;81;82
2,0,14,C/5,5,random,gp_rbf,3.384056502130762,4.626797863220362,"{""alpha"": 1.0, ""length"": 3.0}",1.8065028839531223,3;9;12;13;22;32;33;42;45;46;68;75;79;90,0;4;5;11;15;17;23;28;34;35;38;40;50;52;56;60;81;82
2,0,14,C/5,5,random,catboost,4.951989327040351,7.523531928026847,{},,3;9;12;13;22;32;33;42;45;46;68;75;79;90,0;4;5;11;15;17;23;28;34;35;38;40;50;52;56;60;81;82
2,0,14,C/5,5,random,xgboost,5.700577629937066,8.118855677026966,{},,3;9;12;13;22;32;33;42;45;46;68;75;79;90,0;4;5;11;15;17;23;28;34;35;38;40;50;52;56;60;81;82
2,0,14,C/5,5,random,extra_trees,4.605337850208635,6.734411799114894,{},,3;9;12;13;22;32;33;42;45;46;68;75;79;90,0;4;5;11;15;17;23;28;34;35;38;40;50;52;56;60;81;82
2,0,14,C/80,0,source_cluster,ridge_physics,1.9827745225694444,2.304812007518194,"{""alpha"": 1.0}",3.417297158922468,1;8;22;39;43;44;58;62;63;69;74;76;85;88,0;4;5;11;15;17;23;28;34;35;38;40;50;52;56;60;81;82
2,0,14,C/80,0,source_cluster,ridge_source,1.922177208794488,2.1717622770302363,"{""alpha"": 0.1}",3.041925753865923,1;8;22;39;43;44;58;62;63;69;74;76;85;88,0;4;5;11;15;17;23;28;34;35;38;40;50;52;56;60;81;82
2,0,14,C/80,0,source_cluster,ridge_input,4.134941101074219,5.860950724515499,"{""alpha"": 10.0}",6.497245686394828,1;8;22;39;43;44;58;62;63;69;74;76;85;88,0;4;5;11;15;17;23;28;34;35;38;40;50;52;56;60;81;82
2,0,14,C/80,0,source_cluster,krr_rbf,2.295953114827474,2.744001876018567,"{""alpha"": 0.1, ""gamma"": 0.05}",5.409007600375584,1;8;22;39;43;44;58;62;63;69;74;76;85;88,0;4;5;11;15;17;23;28;34;35;38;40;50;52;56;60;81;82
2,0,14,C/80,0,source_cluster,svr_rbf,2.995008933947165,3.7573890043616553,"{""C"": 100.0, ""epsilon"": 0.2}",5.660968927097859,1;8;22;39;43;44;58;62;63;69;74;76;85;88,0;4;5;11;15;17;23;28;34;35;38;40;50;52;56;60;81;82
2,0,14,C/80,0,source_cluster,gp_rbf,2.231549633026616,2.7323912115187854,"{""alpha"": 1.0, ""length"": 3.0}",5.563587145230644,1;8;22;39;43;44;58;62;63;69;74;76;85;88,0;4;5;11;15;17;23;28;34;35;38;40;50;52;56;60;81;82
2,0,14,C/80,0,source_cluster,catboost,4.33424047079583,6.208388113281248,{},,1;8;22;39;43;44;58;62;63;69;74;76;85;88,0;4;5;11;15;17;23;28;34;35;38;40;50;52;56;60;81;82
2,0,14,C/80,0,source_cluster,xgboost,4.806187099880642,7.204546967810833,{},,1;8;22;39;43;44;58;62;63;69;74;76;85;88,0;4;5;11;15;17;23;28;34;35;38;40;50;52;56;60;81;82
2,0,14,C/80,0,source_cluster,extra_trees,3.8359597540910895,4.535351588241584,{},,1;8;22;39;43;44;58;62;63;69;74;76;85;88,0;4;5;11;15;17;23;28;34;35;38;40;50;52;56;60;81;82
2,0,14,C/40,1,source_cluster,ridge_physics,1.74757809109158,2.013047082516669,"{""alpha"": 1.0}",2.842684064592634,1;8;22;39;43;44;58;62;63;69;74;76;85;88,0;4;5;11;15;17;23;28;34;35;38;40;50;52;56;60;81;82
2,0,14,C/40,1,source_cluster,ridge_source,1.6596675448947482,1.957476793589895,"{""alpha"": 0.1}",2.391084211213248,1;8;22;39;43;44;58;62;63;69;74;76;85;88,0;4;5;11;15;17;23;28;34;35;38;40;50;52;56;60;81;82
2,0,14,C/40,1,source_cluster,ridge_input,4.0908253987630205,5.838325318945934,"{""alpha"": 10.0}",6.05651330947876,1;8;22;39;43;44;58;62;63;69;74;76;85;88,0;4;5;11;15;17;23;28;34;35;38;40;50;52;56;60;81;82
2,0,14,C/40,1,source_cluster,krr_rbf,2.0203857421875,2.444843872160803,"{""alpha"": 0.1, ""gamma"": 0.05}",5.348383584192821,1;8;22;39;43;44;58;62;63;69;74;76;85;88,0;4;5;11;15;17;23;28;34;35;38;40;50;52;56;60;81;82
2,0,14,C/40,1,source_cluster,svr_rbf,2.483691188149782,3.2740625791345463,"{""C"": 100.0, ""epsilon"": 0.2}",5.673488207472654,1;8;22;39;43;44;58;62;63;69;74;76;85;88,0;4;5;11;15;17;23;28;34;35;38;40;50;52;56;60;81;82
2,0,14,C/40,1,source_cluster,gp_rbf,2.1484843863633896,2.4901780878782764,"{""alpha"": 1.0, ""length"": 3.0}",5.511663559521604,1;8;22;39;43;44;58;62;63;69;74;76;85;88,0;4;5;11;15;17;23;28;34;35;38;40;50;52;56;60;81;82
2,0,14,C/40,1,source_cluster,catboost,4.147141022455367,6.255727686901908,{},,1;8;22;39;43;44;58;62;63;69;74;76;85;88,0;4;5;11;15;17;23;28;34;35;38;40;50;52;56;60;81;82
2,0,14,C/40,1,source_cluster,xgboost,4.616309695773655,7.275616995234126,{},,1;8;22;39;43;44;58;62;63;69;74;76;85;88,0;4;5;11;15;17;23;28;34;35;38;40;50;52;56;60;81;82
2,0,14,C/40,1,source_cluster,extra_trees,3.642455371788568,4.436982763684266,{},,1;8;22;39;43;44;58;62;63;69;74;76;85;88,0;4;5;11;15;17;23;28;34;35;38;40;50;52;56;60;81;82
2,0,14,0.05A,2,source_cluster,ridge_physics,2.0990689595540366,2.471007558509013,"{""alpha"": 1.0}",3.63749417236873,1;8;22;39;43;44;58;62;63;69;74;76;85;88,0;4;5;11;15;17;23;28;34;35;38;40;50;52;56;60;81;82
2,0,14,0.05A,2,source_cluster,ridge_source,1.9665264553493924,2.274196690537043,"{""alpha"": 0.1}",3.105951292174203,1;8;22;39;43;44;58;62;63;69;74;76;85;88,0;4;5;11;15;17;23;28;34;35;38;40;50;52;56;60;81;82
2,0,14,0.05A,2,source_cluster,ridge_input,4.149564107259114,5.704550224882854,"{""alpha"": 10.0}",6.5612470763070245,1;8;22;39;43;44;58;62;63;69;74;76;85;88,0;4;5;11;15;17;23;28;34;35;38;40;50;52;56;60;81;82
2,0,14,0.05A,2,source_cluster,krr_rbf,2.410779317220052,2.866860443791123,"{""alpha"": 0.1, ""gamma"": 0.05}",5.369743619646345,1;8;22;39;43;44;58;62;63;69;74;76;85;88,0;4;5;11;15;17;23;28;34;35;38;40;50;52;56;60;81;82
2,0,14,0.05A,2,source_cluster,svr_rbf,3.146219368539436,3.878115617791476,"{""C"": 100.0, ""epsilon"": 0.2}",5.785675824633972,1;8;22;39;43;44;58;62;63;69;74;76;85;88,0;4;5;11;15;17;23;28;34;35;38;40;50;52;56;60;81;82
2,0,14,0.05A,2,source_cluster,gp_rbf,2.30022576796402,2.808375081745044,"{""alpha"": 1.0, ""length"": 3.0}",5.538299577883259,1;8;22;39;43;44;58;62;63;69;74;76;85;88,0;4;5;11;15;17;23;28;34;35;38;40;50;52;56;60;81;82
2,0,14,0.05A,2,source_cluster,catboost,4.376695797949942,6.03562881821118,{},,1;8;22;39;43;44;58;62;63;69;74;76;85;88,0;4;5;11;15;17;23;28;34;35;38;40;50;52;56;60;81;82
2,0,14,0.05A,2,source_cluster,xgboost,4.776777903238933,6.973245818593612,{},,1;8;22;39;43;44;58;62;63;69;74;76;85;88,0;4;5;11;15;17;23;28;34;35;38;40;50;52;56;60;81;82
2,0,14,0.05A,2,source_cluster,extra_trees,3.791722414203423,4.444259670858355,{},,1;8;22;39;43;44;58;62;63;69;74;76;85;88,0;4;5;11;15;17;23;28;34;35;38;40;50;52;56;60;81;82
2,0,14,C/10,3,source_cluster,ridge_physics,1.6569777594672308,2.106155009153531,"{""alpha"": 1.0}",2.1521744387490407,1;8;22;39;43;44;58;62;63;69;74;76;85;88,0;4;5;11;15;17;23;28;34;35;38;40;50;52;56;60;81;82
2,0,14,C/10,3,source_cluster,ridge_source,1.9363475375705292,2.2575418559123905,"{""alpha"": 0.1}",1.9248808111463276,1;8;22;39;43;44;58;62;63;69;74;76;85;88,0;4;5;11;15;17;23;28;34;35;38;40;50;52;56;60;81;82
2,0,14,C/10,3,source_cluster,ridge_input,4.025428348117405,5.662944771410831,"{""alpha"": 10.0}",5.111742360251291,1;8;22;39;43;44;58;62;63;69;74;76;85;88,0;4;5;11;15;17;23;28;34;35;38;40;50;52;56;60;81;82
2,0,14,C/10,3,source_cluster,krr_rbf,1.9379208882649737,2.324296051008616,"{""alpha"": 0.1, ""gamma"": 0.05}",5.895318005766187,1;8;22;39;43;44;58;62;63;69;74;76;85;88,0;4;5;11;15;17;23;28;34;35;38;40;50;52;56;60;81;82
2,0,14,C/10,3,source_cluster,svr_rbf,2.069131667096629,2.686445456396424,"{""C"": 100.0, ""epsilon"": 1.0}",6.08801466357968,1;8;22;39;43;44;58;62;63;69;74;76;85;88,0;4;5;11;15;17;23;28;34;35;38;40;50;52;56;60;81;82
2,0,14,C/10,3,source_cluster,gp_rbf,2.0575450216469284,2.406439224588695,"{""alpha"": 1.0, ""length"": 3.0}",6.102001792085162,1;8;22;39;43;44;58;62;63;69;74;76;85;88,0;4;5;11;15;17;23;28;34;35;38;40;50;52;56;60;81;82
2,0,14,C/10,3,source_cluster,catboost,4.330496919095763,6.365432537940031,{},,1;8;22;39;43;44;58;62;63;69;74;76;85;88,0;4;5;11;15;17;23;28;34;35;38;40;50;52;56;60;81;82
2,0,14,C/10,3,source_cluster,xgboost,4.708245171440972,7.40318189500962,{},,1;8;22;39;43;44;58;62;63;69;74;76;85;88,0;4;5;11;15;17;23;28;34;35;38;40;50;52;56;60;81;82
2,0,14,C/10,3,source_cluster,extra_trees,3.6571263919684,4.5424458888595804,{},,1;8;22;39;43;44;58;62;63;69;74;76;85;88,0;4;5;11;15;17;23;28;34;35;38;40;50;52;56;60;81;82
2,0,14,C/7,4,source_cluster,ridge_physics,1.6633970472547743,2.146126022790319,"{""alpha"": 1.0}",2.0888002259390697,1;8;22;39;43;44;58;62;63;69;74;76;85;88,0;4;5;11;15;17;23;28;34;35;38;40;50;52;56;60;81;82
2,0,14,C/7,4,source_cluster,ridge_source,2.08339352077908,2.3914984463387183,"{""alpha"": 0.1}",2.031972135816301,1;8;22;39;43;44;58;62;63;69;74;76;85;88,0;4;5;11;15;17;23;28;34;35;38;40;50;52;56;60;81;82
2,0,14,C/7,4,source_cluster,ridge_input,4.0131102667914496,5.616571662232448,"{""alpha"": 10.0}",4.984603984015329,1;8;22;39;43;44;58;62;63;69;74;76;85;88,0;4;5;11;15;17;23;28;34;35;38;40;50;52;56;60;81;82
2,0,14,C/7,4,source_cluster,krr_rbf,1.9104868570963545,2.3071668013945543,"{""alpha"": 0.1, ""gamma"": 0.05}",5.9906280636787415,1;8;22;39;43;44;58;62;63;69;74;76;85;88,0;4;5;11;15;17;23;28;34;35;38;40;50;52;56;60;81;82
2,0,14,C/7,4,source_cluster,svr_rbf,2.05875239203214,2.644689505050592,"{""C"": 100.0, ""epsilon"": 1.0}",6.210463477574393,1;8;22;39;43;44;58;62;63;69;74;76;85;88,0;4;5;11;15;17;23;28;34;35;38;40;50;52;56;60;81;82
2,0,14,C/7,4,source_cluster,gp_rbf,2.040754780814728,2.385841926507803,"{""alpha"": 1.0, ""length"": 3.0}",6.217754331683106,1;8;22;39;43;44;58;62;63;69;74;76;85;88,0;4;5;11;15;17;23;28;34;35;38;40;50;52;56;60;81;82
2,0,14,C/7,4,source_cluster,catboost,4.357293347175713,6.356361079445178,{},,1;8;22;39;43;44;58;62;63;69;74;76;85;88,0;4;5;11;15;17;23;28;34;35;38;40;50;52;56;60;81;82
2,0,14,C/7,4,source_cluster,xgboost,4.748202853732639,7.402851596130675,{},,1;8;22;39;43;44;58;62;63;69;74;76;85;88,0;4;5;11;15;17;23;28;34;35;38;40;50;52;56;60;81;82
2,0,14,C/7,4,source_cluster,extra_trees,3.72774938703214,4.6472209151311965,{},,1;8;22;39;43;44;58;62;63;69;74;76;85;88,0;4;5;11;15;17;23;28;34;35;38;40;50;52;56;60;81;82
2,0,14,C/5,5,source_cluster,ridge_physics,1.6678928799099393,2.1824084153960546,"{""alpha"": 1.0}",2.04903599194118,1;8;22;39;43;44;58;62;63;69;74;76;85;88,0;4;5;11;15;17;23;28;34;35;38;40;50;52;56;60;81;82
2,0,14,C/5,5,source_cluster,ridge_source,2.2110137939453125,2.535938516743097,"{""alpha"": 0.1}",2.180743728365217,1;8;22;39;43;44;58;62;63;69;74;76;85;88,0;4;5;11;15;17;23;28;34;35;38;40;50;52;56;60;81;82
2,0,14,C/5,5,source_cluster,ridge_input,4.039938608805339,5.581889467399656,"{""alpha"": 10.0}",4.8734199319567,1;8;22;39;43;44;58;62;63;69;74;76;85;88,0;4;5;11;15;17;23;28;34;35;38;40;50;52;56;60;81;82
2,0,14,C/5,5,source_cluster,krr_rbf,1.8748130798339844,2.266188871130211,"{""alpha"": 0.1, ""gamma"": 0.05}",6.109790108033589,1;8;22;39;43;44;58;62;63;69;74;76;85;88,0;4;5;11;15;17;23;28;34;35;38;40;50;52;56;60;81;82
2,0,14,C/5,5,source_cluster,svr_rbf,1.9862478393796887,2.5507272704888457,"{""C"": 100.0, ""epsilon"": 1.0}",6.451087431643304,1;8;22;39;43;44;58;62;63;69;74;76;85;88,0;4;5;11;15;17;23;28;34;35;38;40;50;52;56;60;81;82
2,0,14,C/5,5,source_cluster,gp_rbf,2.003012550300377,2.350816736027866,"{""alpha"": 1.0, ""length"": 3.0}",6.3591084565748845,1;8;22;39;43;44;58;62;63;69;74;76;85;88,0;4;5;11;15;17;23;28;34;35;38;40;50;52;56;60;81;82
2,0,14,C/5,5,source_cluster,catboost,4.322078088304709,6.3390338908827575,{},,1;8;22;39;43;44;58;62;63;69;74;76;85;88,0;4;5;11;15;17;23;28;34;35;38;40;50;52;56;60;81;82
2,0,14,C/5,5,source_cluster,xgboost,4.820644378662109,7.426118187417388,{},,1;8;22;39;43;44;58;62;63;69;74;76;85;88,0;4;5;11;15;17;23;28;34;35;38;40;50;52;56;60;81;82
2,0,14,C/5,5,source_cluster,extra_trees,3.676710671571195,4.617949414524564,{},,1;8;22;39;43;44;58;62;63;69;74;76;85;88,0;4;5;11;15;17;23;28;34;35;38;40;50;52;56;60;81;82
2,0,14,C/80,0,physical_cluster,ridge_physics,2.145331912570529,2.349169908755148,"{""alpha"": 1.0}",2.68758567741939,30;44;45;48;57;62;63;68;69;71;73;74;76;83,0;4;5;11;15;17;23;28;34;35;38;40;50;52;56;60;81;82
2,0,14,C/80,0,physical_cluster,ridge_source,2.0603646172417536,2.326613253686318,"{""alpha"": 0.1}",2.4584844963891164,30;44;45;48;57;62;63;68;69;71;73;74;76;83,0;4;5;11;15;17;23;28;34;35;38;40;50;52;56;60;81;82
2,0,14,C/80,0,physical_cluster,ridge_input,4.62780041164822,5.971430677264434,"{""alpha"": 10.0}",5.6908092839377264,30;44;45;48;57;62;63;68;69;71;73;74;76;83,0;4;5;11;15;17;23;28;34;35;38;40;50;52;56;60;81;82
2,0,14,C/80,0,physical_cluster,krr_rbf,2.179401397705078,2.573864111491618,"{""alpha"": 0.1, ""gamma"": 0.05}",4.977372569697244,30;44;45;48;57;62;63;68;69;71;73;74;76;83,0;4;5;11;15;17;23;28;34;35;38;40;50;52;56;60;81;82
2,0,14,C/80,0,physical_cluster,svr_rbf,2.5173419383289093,2.857251460640738,"{""C"": 100.0, ""epsilon"": 1.0}",5.803299662012869,30;44;45;48;57;62;63;68;69;71;73;74;76;83,0;4;5;11;15;17;23;28;34;35;38;40;50;52;56;60;81;82
2,0,14,C/80,0,physical_cluster,gp_rbf,2.381918514232671,2.8445085353909936,"{""alpha"": 1.0, ""length"": 3.0}",5.28818002368657,30;44;45;48;57;62;63;68;69;71;73;74;76;83,0;4;5;11;15;17;23;28;34;35;38;40;50;52;56;60;81;82
2,0,14,C/80,0,physical_cluster,catboost,4.534506959813943,6.94090844853944,{},,30;44;45;48;57;62;63;68;69;71;73;74;76;83,0;4;5;11;15;17;23;28;34;35;38;40;50;52;56;60;81;82
2,0,14,C/80,0,physical_cluster,xgboost,4.686466640896267,7.9804767898503295,{},,30;44;45;48;57;62;63;68;69;71;73;74;76;83,0;4;5;11;15;17;23;28;34;35;38;40;50;52;56;60;81;82
2,0,14,C/80,0,physical_cluster,extra_trees,3.727758977295444,4.801353876844944,{},,30;44;45;48;57;62;63;68;69;71;73;74;76;83,0;4;5;11;15;17;23;28;34;35;38;40;50;52;56;60;81;82
2,0,14,C/40,1,physical_cluster,ridge_physics,1.7844390869140625,2.061341582151606,"{""alpha"": 1.0}",1.962523102760315,30;44;45;48;57;62;63;68;69;71;73;74;76;83,0;4;5;11;15;17;23;28;34;35;38;40;50;52;56;60;81;82
2,0,14,C/40,1,physical_cluster,ridge_source,1.699988471137153,1.954771948980912,"{""alpha"": 0.1}",1.690792441368103,30;44;45;48;57;62;63;68;69;71;73;74;76;83,0;4;5;11;15;17;23;28;34;35;38;40;50;52;56;60;81;82
2,0,14,C/40,1,physical_cluster,ridge_input,4.447991689046224,5.80751312046793,"{""alpha"": 10.0}",5.294979810714722,30;44;45;48;57;62;63;68;69;71;73;74;76;83,0;4;5;11;15;17;23;28;34;35;38;40;50;52;56;60;81;82
2,0,14,C/40,1,physical_cluster,krr_rbf,1.8918919033474395,2.20302228219209,"{""alpha"": 0.1, ""gamma"": 0.05}",4.444082330380168,30;44;45;48;57;62;63;68;69;71;73;74;76;83,0;4;5;11;15;17;23;28;34;35;38;40;50;52;56;60;81;82
2,0,14,C/40,1,physical_cluster,svr_rbf,1.79807308541485,2.092602459877104,"{""C"": 100.0, ""epsilon"": 0.2}",5.155231364922918,30;44;45;48;57;62;63;68;69;71;73;74;76;83,0;4;5;11;15;17;23;28;34;35;38;40;50;52;56;60;81;82
2,0,14,C/40,1,physical_cluster,gp_rbf,2.081090530797089,2.469969337761564,"{""alpha"": 1.0, ""length"": 3.0}",4.772585673035107,30;44;45;48;57;62;63;68;69;71;73;74;76;83,0;4;5;11;15;17;23;28;34;35;38;40;50;52;56;60;81;82
2,0,14,C/40,1,physical_cluster,catboost,4.365294510196893,6.768686657186862,{},,30;44;45;48;57;62;63;68;69;71;73;74;76;83,0;4;5;11;15;17;23;28;34;35;38;40;50;52;56;60;81;82
2,0,14,C/40,1,physical_cluster,xgboost,4.4601927863227,7.791746651538929,{},,30;44;45;48;57;62;63;68;69;71;73;74;76;83,0;4;5;11;15;17;23;28;34;35;38;40;50;52;56;60;81;82
2,0,14,C/40,1,physical_cluster,extra_trees,3.42730391378756,4.5186489828827305,{},,30;44;45;48;57;62;63;68;69;71;73;74;76;83,0;4;5;11;15;17;23;28;34;35;38;40;50;52;56;60;81;82
2,0,14,0.05A,2,physical_cluster,ridge_physics,2.2616064283582897,2.5110909096695986,"{""alpha"": 1.0}",2.9303713185446605,30;44;45;48;57;62;63;68;69;71;73;74;76;83,0;4;5;11;15;17;23;28;34;35;38;40;50;52;56;60;81;82
2,0,14,0.05A,2,physical_cluster,ridge_source,2.163882361518012,2.4720888734284947,"{""alpha"": 0.1}",2.5536169154303416,30;44;45;48;57;62;63;68;69;71;73;74;76;83,0;4;5;11;15;17;23;28;34;35;38;40;50;52;56;60;81;82
2,0,14,0.05A,2,physical_cluster,ridge_input,4.626789093017578,5.929652276827607,"{""alpha"": 10.0}",5.726233959197998,30;44;45;48;57;62;63;68;69;71;73;74;76;83,0;4;5;11;15;17;23;28;34;35;38;40;50;52;56;60;81;82
2,0,14,0.05A,2,physical_cluster,krr_rbf,2.2839232550727,2.7272159230501134,"{""alpha"": 0.1, ""gamma"": 0.05}",5.103949563843863,30;44;45;48;57;62;63;68;69;71;73;74;76;83,0;4;5;11;15;17;23;28;34;35;38;40;50;52;56;60;81;82
2,0,14,0.05A,2,physical_cluster,svr_rbf,2.712838564065995,3.068059852333076,"{""C"": 100.0, ""epsilon"": 1.0}",5.765466493164412,30;44;45;48;57;62;63;68;69;71;73;74;76;83,0;4;5;11;15;17;23;28;34;35;38;40;50;52;56;60;81;82
2,0,14,0.05A,2,physical_cluster,gp_rbf,2.483590608368848,2.9776907925407707,"{""alpha"": 1.0, ""length"": 3.0}",5.392931448370421,30;44;45;48;57;62;63;68;69;71;73;74;76;83,0;4;5;11;15;17;23;28;34;35;38;40;50;52;56;60;81;82
2,0,14,0.05A,2,physical_cluster,catboost,4.538248892975309,6.899611778436685,{},,30;44;45;48;57;62;63;68;69;71;73;74;76;83,0;4;5;11;15;17;23;28;34;35;38;40;50;52;56;60;81;82
2,0,14,0.05A,2,physical_cluster,xgboost,4.737241533067492,7.89368142509533,{},,30;44;45;48;57;62;63;68;69;71;73;74;76;83,0;4;5;11;15;17;23;28;34;35;38;40;50;52;56;60;81;82
2,0,14,0.05A,2,physical_cluster,extra_trees,3.863917265678416,4.877990901620396,{},,30;44;45;48;57;62;63;68;69;71;73;74;76;83,0;4;5;11;15;17;23;28;34;35;38;40;50;52;56;60;81;82
2,0,14,C/10,3,physical_cluster,ridge_physics,1.5734969245062933,2.1388976710306538,"{""alpha"": 1.0}",1.3594297000340052,30;44;45;48;57;62;63;68;69;71;73;74;76;83,0;4;5;11;15;17;23;28;34;35;38;40;50;52;56;60;81;82
2,0,14,C/10,3,physical_cluster,ridge_source,1.7362891303168402,2.0984196448550647,"{""alpha"": 0.1}",1.4579689502716064,30;44;45;48;57;62;63;68;69;71;73;74;76;83,0;4;5;11;15;17;23;28;34;35;38;40;50;52;56;60;81;82
2,0,14,C/10,3,physical_cluster,ridge_input,4.184981875949436,5.4952880247373095,"{""alpha"": 10.0}",4.654828786849976,30;44;45;48;57;62;63;68;69;71;73;74;76;83,0;4;5;11;15;17;23;28;34;35;38;40;50;52;56;60;81;82
2,0,14,C/10,3,physical_cluster,krr_rbf,1.6874817742241754,2.1318514408454865,"{""alpha"": 0.1, ""gamma"": 0.05}",4.736552442823138,30;44;45;48;57;62;63;68;69;71;73;74;76;83,0;4;5;11;15;17;23;28;34;35;38;40;50;52;56;60;81;82
2,0,14,C/10,3,physical_cluster,svr_rbf,1.53985607341026,2.078613087574242,"{""C"": 100.0, ""epsilon"": 0.2}",6.032207080791915,30;44;45;48;57;62;63;68;69;71;73;74;76;83,0;4;5;11;15;17;23;28;34;35;38;40;50;52;56;60;81;82
2,0,14,C/10,3,physical_cluster,gp_rbf,1.879093399053672,2.326438250326846,"{""alpha"": 1.0, ""length"": 3.0}",5.091475026706424,30;44;45;48;57;62;63;68;69;71;73;74;76;83,0;4;5;11;15;17;23;28;34;35;38;40;50;52;56;60;81;82
2,0,14,C/10,3,physical_cluster,catboost,4.3618718373679135,6.721232624027533,{},,30;44;45;48;57;62;63;68;69;71;73;74;76;83,0;4;5;11;15;17;23;28;34;35;38;40;50;52;56;60;81;82
2,0,14,C/10,3,physical_cluster,xgboost,4.511105007595486,7.742572840649878,{},,30;44;45;48;57;62;63;68;69;71;73;74;76;83,0;4;5;11;15;17;23;28;34;35;38;40;50;52;56;60;81;82
2,0,14,C/10,3,physical_cluster,extra_trees,3.359260758176259,4.529784747223882,{},,30;44;45;48;57;62;63;68;69;71;73;74;76;83,0;4;5;11;15;17;23;28;34;35;38;40;50;52;56;60;81;82
2,0,14,C/7,4,physical_cluster,ridge_physics,1.587735070122613,2.176780619749025,"{""alpha"": 1.0}",1.3605220317840576,30;44;45;48;57;62;63;68;69;71;73;74;76;83,0;4;5;11;15;17;23;28;34;35;38;40;50;52;56;60;81;82
2,0,14,C/7,4,physical_cluster,ridge_source,1.896757337782118,2.233593764467637,"{""alpha"": 0.1}",1.6278844220297677,30;44;45;48;57;62;63;68;69;71;73;74;76;83,0;4;5;11;15;17;23;28;34;35;38;40;50;52;56;60;81;82
2,0,14,C/7,4,physical_cluster,ridge_input,4.138738420274523,5.436736872898592,"{""alpha"": 10.0}",4.596208231789725,30;44;45;48;57;62;63;68;69;71;73;74;76;83,0;4;5;11;15;17;23;28;34;35;38;40;50;52;56;60;81;82
2,0,14,C/7,4,physical_cluster,krr_rbf,1.685760498046875,2.139762058129298,"{""alpha"": 0.1, ""gamma"": 0.05}",4.829861666475024,30;44;45;48;57;62;63;68;69;71;73;74;76;83,0;4;5;11;15;17;23;28;34;35;38;40;50;52;56;60;81;82
2,0,14,C/7,4,physical_cluster,svr_rbf,1.5614015108900707,2.147408431796783,"{""C"": 100.0, ""epsilon"": 0.2}",6.230294788839028,30;44;45;48;57;62;63;68;69;71;73;74;76;83,0;4;5;11;15;17;23;28;34;35;38;40;50;52;56;60;81;82
2,0,14,C/7,4,physical_cluster,gp_rbf,1.8747842287260497,2.3048392509202222,"{""alpha"": 1.0, ""length"": 3.0}",5.23900542056427,30;44;45;48;57;62;63;68;69;71;73;74;76;83,0;4;5;11;15;17;23;28;34;35;38;40;50;52;56;60;81;82
2,0,14,C/7,4,physical_cluster,catboost,4.386930269990967,6.73426800512141,{},,30;44;45;48;57;62;63;68;69;71;73;74;76;83,0;4;5;11;15;17;23;28;34;35;38;40;50;52;56;60;81;82
2,0,14,C/7,4,physical_cluster,xgboost,4.526808420817058,7.741928395555562,{},,30;44;45;48;57;62;63;68;69;71;73;74;76;83,0;4;5;11;15;17;23;28;34;35;38;40;50;52;56;60;81;82
2,0,14,C/7,4,physical_cluster,extra_trees,3.390031677019867,4.550509086868464,{},,30;44;45;48;57;62;63;68;69;71;73;74;76;83,0;4;5;11;15;17;23;28;34;35;38;40;50;52;56;60;81;82
2,0,14,C/5,5,physical_cluster,ridge_physics,1.647793663872613,2.226620682846091,"{""alpha"": 1.0}",1.4166992732456751,30;44;45;48;57;62;63;68;69;71;73;74;76;83,0;4;5;11;15;17;23;28;34;35;38;40;50;52;56;60;81;82
2,0,14,C/5,5,physical_cluster,ridge_source,2.047456529405382,2.39952505417379,"{""alpha"": 0.1}",1.789628573826381,30;44;45;48;57;62;63;68;69;71;73;74;76;83,0;4;5;11;15;17;23;28;34;35;38;40;50;52;56;60;81;82
2,0,14,C/5,5,physical_cluster,ridge_input,4.151023864746094,5.416992531842385,"{""alpha"": 10.0}",4.59664968081883,30;44;45;48;57;62;63;68;69;71;73;74;76;83,0;4;5;11;15;17;23;28;34;35;38;40;50;52;56;60;81;82
2,0,14,C/5,5,physical_cluster,krr_rbf,1.7238316006130645,2.1706053604258413,"{""alpha"": 0.1, ""gamma"": 0.05}",4.939838911805834,30;44;45;48;57;62;63;68;69;71;73;74;76;83,0;4;5;11;15;17;23;28;34;35;38;40;50;52;56;60;81;82
2,0,14,C/5,5,physical_cluster,svr_rbf,1.5956990577461303,2.235163917628692,"{""C"": 100.0, ""epsilon"": 0.2}",6.320791285086427,30;44;45;48;57;62;63;68;69;71;73;74;76;83,0;4;5;11;15;17;23;28;34;35;38;40;50;52;56;60;81;82
2,0,14,C/5,5,physical_cluster,gp_rbf,1.9120914331126015,2.3138550011740207,"{""alpha"": 1.0, ""length"": 3.0}",5.414761413552341,30;44;45;48;57;62;63;68;69;71;73;74;76;83,0;4;5;11;15;17;23;28;34;35;38;40;50;52;56;60;81;82
2,0,14,C/5,5,physical_cluster,catboost,4.5061793870991655,6.775144928147431,{},,30;44;45;48;57;62;63;68;69;71;73;74;76;83,0;4;5;11;15;17;23;28;34;35;38;40;50;52;56;60;81;82
2,0,14,C/5,5,physical_cluster,xgboost,4.589693705240886,7.7657074459216116,{},,30;44;45;48;57;62;63;68;69;71;73;74;76;83,0;4;5;11;15;17;23;28;34;35;38;40;50;52;56;60;81;82
2,0,14,C/5,5,physical_cluster,extra_trees,3.4234344554325875,4.608654654888339,{},,30;44;45;48;57;62;63;68;69;71;73;74;76;83,0;4;5;11;15;17;23;28;34;35;38;40;50;52;56;60;81;82
2,0,14,C/80,0,input_cluster,ridge_physics,1.791847652859158,2.17939002817303,"{""alpha"": 0.1}",3.263078093528748,8;9;12;29;30;31;42;55;58;62;68;69;79;89,0;4;5;11;15;17;23;28;34;35;38;40;50;52;56;60;81;82
2,0,14,C/80,0,input_cluster,ridge_source,1.980610741509332,2.2461168564272214,"{""alpha"": 0.1}",3.650887148720877,8;9;12;29;30;31;42;55;58;62;68;69;79;89,0;4;5;11;15;17;23;28;34;35;38;40;50;52;56;60;81;82
2,0,14,C/80,0,input_cluster,ridge_input,3.810123019748264,5.207556073010944,"{""alpha"": 10.0}",7.446874635560172,8;9;12;29;30;31;42;55;58;62;68;69;79;89,0;4;5;11;15;17;23;28;34;35;38;40;50;52;56;60;81;82
2,0,14,C/80,0,input_cluster,krr_rbf,2.106834835476345,2.458602673225257,"{""alpha"": 0.1, ""gamma"": 0.05}",5.542589868818011,8;9;12;29;30;31;42;55;58;62;68;69;79;89,0;4;5;11;15;17;23;28;34;35;38;40;50;52;56;60;81;82
2,0,14,C/80,0,input_cluster,svr_rbf,1.7722960551832765,2.2812354141379525,"{""C"": 100.0, ""epsilon"": 1.0}",6.132494759012095,8;9;12;29;30;31;42;55;58;62;68;69;79;89,0;4;5;11;15;17;23;28;34;35;38;40;50;52;56;60;81;82
2,0,14,C/80,0,input_cluster,gp_rbf,2.058896435659795,2.4049066127373715,"{""alpha"": 1.0, ""length"": 3.0}",6.191325227975748,8;9;12;29;30;31;42;55;58;62;68;69;79;89,0;4;5;11;15;17;23;28;34;35;38;40;50;52;56;60;81;82
2,0,14,C/80,0,input_cluster,catboost,3.799657318160947,5.018636164199791,{},,8;9;12;29;30;31;42;55;58;62;68;69;79;89,0;4;5;11;15;17;23;28;34;35;38;40;50;52;56;60;81;82
2,0,14,C/80,0,input_cluster,xgboost,4.591293758816189,6.609941160463069,{},,8;9;12;29;30;31;42;55;58;62;68;69;79;89,0;4;5;11;15;17;23;28;34;35;38;40;50;52;56;60;81;82
2,0,14,C/80,0,input_cluster,extra_trees,2.7632093722984274,3.3355817803157364,{},,8;9;12;29;30;31;42;55;58;62;68;69;79;89,0;4;5;11;15;17;23;28;34;35;38;40;50;52;56;60;81;82
2,0,14,C/40,1,input_cluster,ridge_physics,1.495574951171875,1.7815708608650307,"{""alpha"": 0.1}",2.664218391690935,8;9;12;29;30;31;42;55;58;62;68;69;79;89,0;4;5;11;15;17;23;28;34;35;38;40;50;52;56;60;81;82
2,0,14,C/40,1,input_cluster,ridge_source,1.7740775214301214,2.073726219498818,"{""alpha"": 0.1}",2.7560529027666365,8;9;12;29;30;31;42;55;58;62;68;69;79;89,0;4;5;11;15;17;23;28;34;35;38;40;50;52;56;60;81;82
2,0,14,C/40,1,input_cluster,ridge_input,3.728358374701606,5.154001981393586,"{""alpha"": 10.0}",6.45953232901437,8;9;12;29;30;31;42;55;58;62;68;69;79;89,0;4;5;11;15;17;23;28;34;35;38;40;50;52;56;60;81;82
2,0,14,C/40,1,input_cluster,krr_rbf,1.8834088643391929,2.207711994738919,"{""alpha"": 0.1, ""gamma"": 0.05}",5.092853886740548,8;9;12;29;30;31;42;55;58;62;68;69;79;89,0;4;5;11;15;17;23;28;34;35;38;40;50;52;56;60;81;82
2,0,14,C/40,1,input_cluster,svr_rbf,1.4574394101739416,1.8635073800671496,"{""C"": 100.0, ""epsilon"": 0.2}",5.424852358823527,8;9;12;29;30;31;42;55;58;62;68;69;79;89,0;4;5;11;15;17;23;28;34;35;38;40;50;52;56;60;81;82
2,0,14,C/40,1,input_cluster,gp_rbf,1.906696652365718,2.1691411774628198,"{""alpha"": 1.0, ""length"": 3.0}",5.732530623041575,8;9;12;29;30;31;42;55;58;62;68;69;79;89,0;4;5;11;15;17;23;28;34;35;38;40;50;52;56;60;81;82
2,0,14,C/40,1,input_cluster,catboost,3.832782172346104,5.091777956207496,{},,8;9;12;29;30;31;42;55;58;62;68;69;79;89,0;4;5;11;15;17;23;28;34;35;38;40;50;52;56;60;81;82
2,0,14,C/40,1,input_cluster,xgboost,4.348001692030165,6.595382466418209,{},,8;9;12;29;30;31;42;55;58;62;68;69;79;89,0;4;5;11;15;17;23;28;34;35;38;40;50;52;56;60;81;82
2,0,14,C/40,1,input_cluster,extra_trees,2.4982838834656613,3.123406381444928,{},,8;9;12;29;30;31;42;55;58;62;68;69;79;89,0;4;5;11;15;17;23;28;34;35;38;40;50;52;56;60;81;82
2,0,14,0.05A,2,input_cluster,ridge_physics,1.9138730367024737,2.374071972938197,"{""alpha"": 0.1}",3.4359292132513866,8;9;12;29;30;31;42;55;58;62;68;69;79;89,0;4;5;11;15;17;23;28;34;35;38;40;50;52;56;60;81;82
2,0,14,0.05A,2,input_cluster,ridge_source,2.040257771809896,2.341532836727225,"{""alpha"": 0.1}",3.8584398542131697,8;9;12;29;30;31;42;55;58;62;68;69;79;89,0;4;5;11;15;17;23;28;34;35;38;40;50;52;56;60;81;82
2,0,14,0.05A,2,input_cluster,ridge_input,3.8081041971842446,5.107913130952294,"{""alpha"": 10.0}",7.675949522427151,8;9;12;29;30;31;42;55;58;62;68;69;79;89,0;4;5;11;15;17;23;28;34;35;38;40;50;52;56;60;81;82
2,0,14,0.05A,2,input_cluster,krr_rbf,2.150352054172092,2.5563319769875767,"{""alpha"": 0.1, ""gamma"": 0.05}",5.670513578823635,8;9;12;29;30;31;42;55;58;62;68;69;79;89,0;4;5;11;15;17;23;28;34;35;38;40;50;52;56;60;81;82
2,0,14,0.05A,2,input_cluster,svr_rbf,2.0934471868276754,2.623597859213636,"{""C"": 100.0, ""epsilon"": 1.0}",6.223714923941842,8;9;12;29;30;31;42;55;58;62;68;69;79;89,0;4;5;11;15;17;23;28;34;35;38;40;50;52;56;60;81;82
2,0,14,0.05A,2,input_cluster,gp_rbf,2.1102203825081367,2.494477169194213,"{""alpha"": 1.0, ""length"": 3.0}",6.3109263430313485,8;9;12;29;30;31;42;55;58;62;68;69;79;89,0;4;5;11;15;17;23;28;34;35;38;40;50;52;56;60;81;82
2,0,14,0.05A,2,input_cluster,catboost,3.7670200420325264,4.888682760278671,{},,8;9;12;29;30;31;42;55;58;62;68;69;79;89,0;4;5;11;15;17;23;28;34;35;38;40;50;52;56;60;81;82
2,0,14,0.05A,2,input_cluster,xgboost,4.6915393405490455,6.48808244854335,{},,8;9;12;29;30;31;42;55;58;62;68;69;79;89,0;4;5;11;15;17;23;28;34;35;38;40;50;52;56;60;81;82
2,0,14,0.05A,2,input_cluster,extra_trees,2.816816758945506,3.3941719873220864,{},,8;9;12;29;30;31;42;55;58;62;68;69;79;89,0;4;5;11;15;17;23;28;34;35;38;40;50;52;56;60;81;82
2,0,14,C/10,3,input_cluster,ridge_physics,1.4995396931966145,1.822515878878617,"{""alpha"": 0.1}",2.0814829894474576,8;9;12;29;30;31;42;55;58;62;68;69;79;89,0;4;5;11;15;17;23;28;34;35;38;40;50;52;56;60;81;82
2,0,14,C/10,3,input_cluster,ridge_source,2.0858052571614585,2.436552015690464,"{""alpha"": 0.1}",2.001954998288836,8;9;12;29;30;31;42;55;58;62;68;69;79;89,0;4;5;11;15;17;23;28;34;35;38;40;50;52;56;60;81;82
2,0,14,C/10,3,input_cluster,ridge_input,3.716462453206381,4.962326852681112,"{""alpha"": 10.0}",5.439550365720477,8;9;12;29;30;31;42;55;58;62;68;69;79;89,0;4;5;11;15;17;23;28;34;35;38;40;50;52;56;60;81;82
2,0,14,C/10,3,input_cluster,krr_rbf,1.8513132731119792,2.2986011929730816,"{""alpha"": 0.1, ""gamma"": 0.05}",5.127743721008301,8;9;12;29;30;31;42;55;58;62;68;69;79;89,0;4;5;11;15;17;23;28;34;35;38;40;50;52;56;60;81;82
2,0,14,C/10,3,input_cluster,svr_rbf,1.7621725429714188,2.00643227470985,"{""C"": 100.0, ""epsilon"": 1.0}",5.530919496459076,8;9;12;29;30;31;42;55;58;62;68;69;79;89,0;4;5;11;15;17;23;28;34;35;38;40;50;52;56;60;81;82
2,0,14,C/10,3,input_cluster,gp_rbf,1.911967379754704,2.215656740192037,"{""alpha"": 1.0, ""length"": 3.0}",5.810754226328673,8;9;12;29;30;31;42;55;58;62;68;69;79;89,0;4;5;11;15;17;23;28;34;35;38;40;50;52;56;60;81;82
2,0,14,C/10,3,input_cluster,catboost,4.006689173905511,5.318117150337522,{},,8;9;12;29;30;31;42;55;58;62;68;69;79;89,0;4;5;11;15;17;23;28;34;35;38;40;50;52;56;60;81;82
2,0,14,C/10,3,input_cluster,xgboost,4.423734029134114,6.734391481720523,{},,8;9;12;29;30;31;42;55;58;62;68;69;79;89,0;4;5;11;15;17;23;28;34;35;38;40;50;52;56;60;81;82
2,0,14,C/10,3,input_cluster,extra_trees,2.5430568285846222,3.6026737311655257,{},,8;9;12;29;30;31;42;55;58;62;68;69;79;89,0;4;5;11;15;17;23;28;34;35;38;40;50;52;56;60;81;82
2,0,14,C/7,4,input_cluster,ridge_physics,1.579429202609592,1.927580614205214,"{""alpha"": 0.1}",2.0001159395490373,8;9;12;29;30;31;42;55;58;62;68;69;79;89,0;4;5;11;15;17;23;28;34;35;38;40;50;52;56;60;81;82
2,0,14,C/7,4,input_cluster,ridge_source,2.265669928656684,2.6143715382033386,"{""alpha"": 0.1}",1.9518310342516216,8;9;12;29;30;31;42;55;58;62;68;69;79;89,0;4;5;11;15;17;23;28;34;35;38;40;50;52;56;60;81;82
2,0,14,C/7,4,input_cluster,ridge_input,3.71553463406033,4.9073375057857085,"{""alpha"": 10.0}",5.272639513015747,8;9;12;29;30;31;42;55;58;62;68;69;79;89,0;4;5;11;15;17;23;28;34;35;38;40;50;52;56;60;81;82
2,0,14,C/7,4,input_cluster,krr_rbf,1.90280278523763,2.420166735410923,"{""alpha"": 0.1, ""gamma"": 0.05}",5.1032490730285645,8;9;12;29;30;31;42;55;58;62;68;69;79;89,0;4;5;11;15;17;23;28;34;35;38;40;50;52;56;60;81;82
2,0,14,C/7,4,input_cluster,svr_rbf,1.8116961669881853,2.133415634186534,"{""C"": 100.0, ""epsilon"": 1.0}",5.412144666244468,8;9;12;29;30;31;42;55;58;62;68;69;79;89,0;4;5;11;15;17;23;28;34;35;38;40;50;52;56;60;81;82
2,0,14,C/7,4,input_cluster,gp_rbf,1.9467232071987024,2.2961603380633417,"{""alpha"": 1.0, ""length"": 3.0}",5.806430593805477,8;9;12;29;30;31;42;55;58;62;68;69;79;89,0;4;5;11;15;17;23;28;34;35;38;40;50;52;56;60;81;82
2,0,14,C/7,4,input_cluster,catboost,4.106804123501736,5.398425758372193,{},,8;9;12;29;30;31;42;55;58;62;68;69;79;89,0;4;5;11;15;17;23;28;34;35;38;40;50;52;56;60;81;82
2,0,14,C/7,4,input_cluster,xgboost,4.456747266981337,6.779523608599431,{},,8;9;12;29;30;31;42;55;58;62;68;69;79;89,0;4;5;11;15;17;23;28;34;35;38;40;50;52;56;60;81;82
2,0,14,C/7,4,input_cluster,extra_trees,2.595536235936736,3.803730446226629,{},,8;9;12;29;30;31;42;55;58;62;68;69;79;89,0;4;5;11;15;17;23;28;34;35;38;40;50;52;56;60;81;82
2,0,14,C/5,5,input_cluster,ridge_physics,1.547347174750434,1.904905252673953,"{""alpha"": 0.1}",1.9903147901807512,8;9;12;29;30;31;42;55;58;62;68;69;79;89,0;4;5;11;15;17;23;28;34;35;38;40;50;52;56;60;81;82
2,0,14,C/5,5,input_cluster,ridge_source,2.391015794542101,2.7412481870850818,"{""alpha"": 0.1}",2.159057787486485,8;9;12;29;30;31;42;55;58;62;68;69;79;89,0;4;5;11;15;17;23;28;34;35;38;40;50;52;56;60;81;82
2,0,14,C/5,5,input_cluster,ridge_input,3.7457877265082464,4.907100048603708,"{""alpha"": 10.0}",5.230144602911813,8;9;12;29;30;31;42;55;58;62;68;69;79;89,0;4;5;11;15;17;23;28;34;35;38;40;50;52;56;60;81;82
2,0,14,C/5,5,input_cluster,krr_rbf,1.8652462429470489,2.420367026973262,"{""alpha"": 0.1, ""gamma"": 0.05}",5.224300963538034,8;9;12;29;30;31;42;55;58;62;68;69;79;89,0;4;5;11;15;17;23;28;34;35;38;40;50;52;56;60;81;82
2,0,14,C/5,5,input_cluster,svr_rbf,1.7381561101352605,2.099602976535698,"{""C"": 100.0, ""epsilon"": 1.0}",5.548986695092217,8;9;12;29;30;31;42;55;58;62;68;69;79;89,0;4;5;11;15;17;23;28;34;35;38;40;50;52;56;60;81;82
2,0,14,C/5,5,input_cluster,gp_rbf,1.90521960953556,2.295473006086817,"{""alpha"": 1.0, ""length"": 3.0}",5.9465822793430405,8;9;12;29;30;31;42;55;58;62;68;69;79;89,0;4;5;11;15;17;23;28;34;35;38;40;50;52;56;60;81;82
2,0,14,C/5,5,input_cluster,catboost,4.180978917461103,5.468735601530319,{},,8;9;12;29;30;31;42;55;58;62;68;69;79;89,0;4;5;11;15;17;23;28;34;35;38;40;50;52;56;60;81;82
2,0,14,C/5,5,input_cluster,xgboost,4.480831146240234,6.811134288218649,{},,8;9;12;29;30;31;42;55;58;62;68;69;79;89,0;4;5;11;15;17;23;28;34;35;38;40;50;52;56;60;81;82
2,0,14,C/5,5,input_cluster,extra_trees,2.592303142869281,3.896992056243927,{},,8;9;12;29;30;31;42;55;58;62;68;69;79;89,0;4;5;11;15;17;23;28;34;35;38;40;50;52;56;60;81;82
2,1,14,C/80,0,random,ridge_physics,2.002931382921007,2.248545381435561,"{""alpha"": 1.0}",3.057894536427089,1;9;10;12;13;32;33;37;44;51;62;76;88;90,0;4;5;11;15;17;23;28;34;35;38;40;50;52;56;60;81;82
2,1,14,C/80,0,random,ridge_source,2.0102115207248263,2.351889411459471,"{""alpha"": 1.0}",2.5760933331080844,1;9;10;12;13;32;33;37;44;51;62;76;88;90,0;4;5;11;15;17;23;28;34;35;38;40;50;52;56;60;81;82
2,1,14,C/80,0,random,ridge_input,3.4957169426812067,4.959744150897236,"{""alpha"": 1.0}",4.680088094302586,1;9;10;12;13;32;33;37;44;51;62;76;88;90,0;4;5;11;15;17;23;28;34;35;38;40;50;52;56;60;81;82
2,1,14,C/80,0,random,krr_rbf,2.1076503329806857,2.62019993949353,"{""alpha"": 0.1, ""gamma"": 0.05}",5.344400610242571,1;9;10;12;13;32;33;37;44;51;62;76;88;90,0;4;5;11;15;17;23;28;34;35;38;40;50;52;56;60;81;82
2,1,14,C/80,0,random,svr_rbf,4.166443894398439,6.270546325612191,"{""C"": 10.0, ""epsilon"": 0.2}",5.789856910127172,1;9;10;12;13;32;33;37;44;51;62;76;88;90,0;4;5;11;15;17;23;28;34;35;38;40;50;52;56;60;81;82
2,1,14,C/80,0,random,gp_rbf,2.2191226620331466,2.688896080590147,"{""alpha"": 1.0, ""length"": 3.0}",5.302974091909556,1;9;10;12;13;32;33;37;44;51;62;76;88;90,0;4;5;11;15;17;23;28;34;35;38;40;50;52;56;60;81;82
2,1,14,C/80,0,random,catboost,4.061169143163092,6.0505922684358735,{},,1;9;10;12;13;32;33;37;44;51;62;76;88;90,0;4;5;11;15;17;23;28;34;35;38;40;50;52;56;60;81;82
2,1,14,C/80,0,random,xgboost,5.048778533935547,7.332245484086696,{},,1;9;10;12;13;32;33;37;44;51;62;76;88;90,0;4;5;11;15;17;23;28;34;35;38;40;50;52;56;60;81;82
2,1,14,C/80,0,random,extra_trees,4.019828986932359,5.496504908960699,{},,1;9;10;12;13;32;33;37;44;51;62;76;88;90,0;4;5;11;15;17;23;28;34;35;38;40;50;52;56;60;81;82
2,1,14,C/40,1,random,ridge_physics,1.7054710388183594,2.0135963066211757,"{""alpha"": 1.0}",2.0234241655894687,1;9;10;12;13;32;33;37;44;51;62;76;88;90,0;4;5;11;15;17;23;28;34;35;38;40;50;52;56;60;81;82
2,1,14,C/40,1,random,ridge_source,1.7718357510036893,2.038192904222042,"{""alpha"": 1.0}",1.7454863956996374,1;9;10;12;13;32;33;37;44;51;62;76;88;90,0;4;5;11;15;17;23;28;34;35;38;40;50;52;56;60;81;82
2,1,14,C/40,1,random,ridge_input,3.2916336059570312,4.742374370273607,"{""alpha"": 1.0}",3.748746633529663,1;9;10;12;13;32;33;37;44;51;62;76;88;90,0;4;5;11;15;17;23;28;34;35;38;40;50;52;56;60;81;82
2,1,14,C/40,1,random,krr_rbf,1.8058658175998263,2.1069773523459943,"{""alpha"": 0.1, ""gamma"": 0.05}",5.158594403948102,1;9;10;12;13;32;33;37;44;51;62;76;88;90,0;4;5;11;15;17;23;28;34;35;38;40;50;52;56;60;81;82
2,1,14,C/40,1,random,svr_rbf,4.136262635065275,6.6696656926032025,"{""C"": 10.0, ""epsilon"": 0.2}",5.423693480784982,1;9;10;12;13;32;33;37;44;51;62;76;88;90,0;4;5;11;15;17;23;28;34;35;38;40;50;52;56;60;81;82
2,1,14,C/40,1,random,gp_rbf,1.936437363852232,2.2820565713708003,"{""alpha"": 1.0, ""length"": 3.0}",5.056278550823656,1;9;10;12;13;32;33;37;44;51;62;76;88;90,0;4;5;11;15;17;23;28;34;35;38;40;50;52;56;60;81;82
2,1,14,C/40,1,random,catboost,3.880199933529153,6.008672282400103,{},,1;9;10;12;13;32;33;37;44;51;62;76;88;90,0;4;5;11;15;17;23;28;34;35;38;40;50;52;56;60;81;82
2,1,14,C/40,1,random,xgboost,4.958052741156684,7.494528807806963,{},,1;9;10;12;13;32;33;37;44;51;62;76;88;90,0;4;5;11;15;17;23;28;34;35;38;40;50;52;56;60;81;82
2,1,14,C/40,1,random,extra_trees,3.743261730242029,5.346523158643818,{},,1;9;10;12;13;32;33;37;44;51;62;76;88;90,0;4;5;11;15;17;23;28;34;35;38;40;50;52;56;60;81;82
2,1,14,0.05A,2,random,ridge_physics,2.395913441975912,2.8759576650798824,"{""alpha"": 10.0}",3.249318855149405,1;9;10;12;13;32;33;37;44;51;62;76;88;90,0;4;5;11;15;17;23;28;34;35;38;40;50;52;56;60;81;82
2,1,14,0.05A,2,random,ridge_source,2.032981448703342,2.399631120490292,"{""alpha"": 1.0}",2.732547538621085,1;9;10;12;13;32;33;37;44;51;62;76;88;90,0;4;5;11;15;17;23;28;34;35;38;40;50;52;56;60;81;82
2,1,14,0.05A,2,random,ridge_input,3.575761159261068,4.987143303678232,"{""alpha"": 1.0}",4.855539662497384,1;9;10;12;13;32;33;37;44;51;62;76;88;90,0;4;5;11;15;17;23;28;34;35;38;40;50;52;56;60;81;82
2,1,14,0.05A,2,random,krr_rbf,2.2051624721950955,2.748816212814527,"{""alpha"": 0.1, ""gamma"": 0.05}",5.442873954772949,1;9;10;12;13;32;33;37;44;51;62;76;88;90,0;4;5;11;15;17;23;28;34;35;38;40;50;52;56;60;81;82
2,1,14,0.05A,2,random,svr_rbf,4.143055087133195,6.063907795284737,"{""C"": 10.0, ""epsilon"": 0.2}",5.991467255294302,1;9;10;12;13;32;33;37;44;51;62;76;88;90,0;4;5;11;15;17;23;28;34;35;38;40;50;52;56;60;81;82
2,1,14,0.05A,2,random,gp_rbf,2.264287990175037,2.7699185959357164,"{""alpha"": 1.0, ""length"": 3.0}",5.420743867199776,1;9;10;12;13;32;33;37;44;51;62;76;88;90,0;4;5;11;15;17;23;28;34;35;38;40;50;52;56;60;81;82
2,1,14,0.05A,2,random,catboost,4.074869578482289,5.892738353169737,{},,1;9;10;12;13;32;33;37;44;51;62;76;88;90,0;4;5;11;15;17;23;28;34;35;38;40;50;52;56;60;81;82
2,1,14,0.05A,2,random,xgboost,5.065026177300347,7.114621023553108,{},,1;9;10;12;13;32;33;37;44;51;62;76;88;90,0;4;5;11;15;17;23;28;34;35;38;40;50;52;56;60;81;82
2,1,14,0.05A,2,random,extra_trees,4.001486973215877,5.344409748883878,{},,1;9;10;12;13;32;33;37;44;51;62;76;88;90,0;4;5;11;15;17;23;28;34;35;38;40;50;52;56;60;81;82
2,1,14,C/10,3,random,ridge_physics,1.6111623975965712,2.0997417567709857,"{""alpha"": 1.0}",1.5456044503620692,1;9;10;12;13;32;33;37;44;51;62;76;88;90,0;4;5;11;15;17;23;28;34;35;38;40;50;52;56;60;81;82
2,1,14,C/10,3,random,ridge_source,1.6452501085069444,2.0059506506012057,"{""alpha"": 0.1}",1.6516278300966536,1;9;10;12;13;32;33;37;44;51;62;76;88;90,0;4;5;11;15;17;23;28;34;35;38;40;50;52;56;60;81;82
2,1,14,C/10,3,random,ridge_input,4.157213846842448,5.359329409426461,"{""alpha"": 0.1}",3.0979877540043423,1;9;10;12;13;32;33;37;44;51;62;76;88;90,0;4;5;11;15;17;23;28;34;35;38;40;50;52;56;60;81;82
2,1,14,C/10,3,random,krr_rbf,1.5857344733344183,1.9434976763945315,"{""alpha"": 0.1, ""gamma"": 0.05}",5.597915819713047,1;9;10;12;13;32;33;37;44;51;62;76;88;90,0;4;5;11;15;17;23;28;34;35;38;40;50;52;56;60;81;82
2,1,14,C/10,3,random,svr_rbf,4.117662630707143,6.843476403049079,"{""C"": 10.0, ""epsilon"": 0.2}",5.93015733869653,1;9;10;12;13;32;33;37;44;51;62;76;88;90,0;4;5;11;15;17;23;28;34;35;38;40;50;52;56;60;81;82
2,1,14,C/10,3,random,gp_rbf,1.7210897319921656,2.203093778941408,"{""alpha"": 1.0, ""length"": 3.0}",5.460276739442136,1;9;10;12;13;32;33;37;44;51;62;76;88;90,0;4;5;11;15;17;23;28;34;35;38;40;50;52;56;60;81;82
2,1,14,C/10,3,random,catboost,4.007504766036741,6.174019946343308,{},,1;9;10;12;13;32;33;37;44;51;62;76;88;90,0;4;5;11;15;17;23;28;34;35;38;40;50;52;56;60;81;82
2,1,14,C/10,3,random,xgboost,5.107273101806641,7.665873565843053,{},,1;9;10;12;13;32;33;37;44;51;62;76;88;90,0;4;5;11;15;17;23;28;34;35;38;40;50;52;56;60;81;82
2,1,14,C/10,3,random,extra_trees,3.790599129326129,5.54663691354402,{},,1;9;10;12;13;32;33;37;44;51;62;76;88;90,0;4;5;11;15;17;23;28;34;35;38;40;50;52;56;60;81;82
2,1,14,C/7,4,random,ridge_physics,1.4783138699001737,1.7680917675527372,"{""alpha"": 0.1}",1.5945071492876326,1;9;10;12;13;32;33;37;44;51;62;76;88;90,0;4;5;11;15;17;23;28;34;35;38;40;50;52;56;60;81;82
2,1,14,C/7,4,random,ridge_source,1.7469863891601562,2.0863055476644825,"{""alpha"": 0.1}",1.867746319089617,1;9;10;12;13;32;33;37;44;51;62;76;88;90,0;4;5;11;15;17;23;28;34;35;38;40;50;52;56;60;81;82
2,1,14,C/7,4,random,ridge_input,3.0936766730414496,4.2775945889652345,"{""alpha"": 1.0}",3.124940940311977,1;9;10;12;13;32;33;37;44;51;62;76;88;90,0;4;5;11;15;17;23;28;34;35;38;40;50;52;56;60;81;82
2,1,14,C/7,4,random,krr_rbf,1.532443152533637,1.9313710704989149,"{""alpha"": 0.1, ""gamma"": 0.05}",5.6968072312218805,1;9;10;12;13;32;33;37;44;51;62;76;88;90,0;4;5;11;15;17;23;28;34;35;38;40;50;52;56;60;81;82
2,1,14,C/7,4,random,svr_rbf,4.092884202019311,6.756985713475858,"{""C"": 10.0, ""epsilon"": 0.2}",6.132275377678225,1;9;10;12;13;32;33;37;44;51;62;76;88;90,0;4;5;11;15;17;23;28;34;35;38;40;50;52;56;60;81;82
2,1,14,C/7,4,random,gp_rbf,1.7113664525622572,2.2034709498202507,"{""alpha"": 1.0, ""length"": 3.0}",5.565617384547047,1;9;10;12;13;32;33;37;44;51;62;76;88;90,0;4;5;11;15;17;23;28;34;35;38;40;50;52;56;60;81;82
2,1,14,C/7,4,random,catboost,4.067971650649985,6.199384872853853,{},,1;9;10;12;13;32;33;37;44;51;62;76;88;90,0;4;5;11;15;17;23;28;34;35;38;40;50;52;56;60;81;82
2,1,14,C/7,4,random,xgboost,5.1303821139865455,7.678260598855441,{},,1;9;10;12;13;32;33;37;44;51;62;76;88;90,0;4;5;11;15;17;23;28;34;35;38;40;50;52;56;60;81;82
2,1,14,C/7,4,random,extra_trees,3.791183138320477,5.578111170418299,{},,1;9;10;12;13;32;33;37;44;51;62;76;88;90,0;4;5;11;15;17;23;28;34;35;38;40;50;52;56;60;81;82
2,1,14,C/5,5,random,ridge_physics,1.4687618679470489,1.7731014967464624,"{""alpha"": 0.1}",1.6424128668648856,1;9;10;12;13;32;33;37;44;51;62;76;88;90,0;4;5;11;15;17;23;28;34;35;38;40;50;52;56;60;81;82
2,1,14,C/5,5,random,ridge_source,1.848133511013455,2.190205803805837,"{""alpha"": 0.1}",2.092550141470773,1;9;10;12;13;32;33;37;44;51;62;76;88;90,0;4;5;11;15;17;23;28;34;35;38;40;50;52;56;60;81;82
2,1,14,C/5,5,random,ridge_input,3.107738494873047,4.2837164458697705,"{""alpha"": 1.0}",3.0308332102639333,1;9;10;12;13;32;33;37;44;51;62;76;88;90,0;4;5;11;15;17;23;28;34;35;38;40;50;52;56;60;81;82
2,1,14,C/5,5,random,krr_rbf,1.5339842902289496,1.958325883456048,"{""alpha"": 0.1, ""gamma"": 0.05}",5.8192185163497925,1;9;10;12;13;32;33;37;44;51;62;76;88;90,0;4;5;11;15;17;23;28;34;35;38;40;50;52;56;60;81;82
2,1,14,C/5,5,random,svr_rbf,4.160790194291824,6.73802316025119,"{""C"": 10.0, ""epsilon"": 0.2}",6.301051418526212,1;9;10;12;13;32;33;37;44;51;62;76;88;90,0;4;5;11;15;17;23;28;34;35;38;40;50;52;56;60;81;82
2,1,14,C/5,5,random,gp_rbf,1.7807692713868295,2.257397361375078,"{""alpha"": 1.0, ""length"": 3.0}",5.690302154012724,1;9;10;12;13;32;33;37;44;51;62;76;88;90,0;4;5;11;15;17;23;28;34;35;38;40;50;52;56;60;81;82
2,1,14,C/5,5,random,catboost,4.251796462472651,6.278052462497611,{},,1;9;10;12;13;32;33;37;44;51;62;76;88;90,0;4;5;11;15;17;23;28;34;35;38;40;50;52;56;60;81;82
2,1,14,C/5,5,random,xgboost,5.189023335774739,7.731771295035519,{},,1;9;10;12;13;32;33;37;44;51;62;76;88;90,0;4;5;11;15;17;23;28;34;35;38;40;50;52;56;60;81;82
2,1,14,C/5,5,random,extra_trees,3.790849740654492,5.59364388486338,{},,1;9;10;12;13;32;33;37;44;51;62;76;88;90,0;4;5;11;15;17;23;28;34;35;38;40;50;52;56;60;81;82
2,1,14,C/80,0,source_cluster,ridge_physics,1.75663333468967,2.0944621375390167,"{""alpha"": 1.0}",2.6967575550079346,1;8;22;29;39;43;44;58;62;63;69;76;85;88,0;4;5;11;15;17;23;28;34;35;38;40;50;52;56;60;81;82
2,1,14,C/80,0,source_cluster,ridge_source,1.8501468234592011,2.146558155277648,"{""alpha"": 0.1}",2.5151056051254272,1;8;22;29;39;43;44;58;62;63;69;76;85;88,0;4;5;11;15;17;23;28;34;35;38;40;50;52;56;60;81;82
2,1,14,C/80,0,source_cluster,ridge_input,4.370262569851345,6.121225749473747,"{""alpha"": 10.0}",5.81063803604671,1;8;22;29;39;43;44;58;62;63;69;76;85;88,0;4;5;11;15;17;23;28;34;35;38;40;50;52;56;60;81;82
2,1,14,C/80,0,source_cluster,krr_rbf,1.8500438266330292,2.1466437683330755,"{""alpha"": 0.1, ""gamma"": 0.05}",4.993536761828831,1;8;22;29;39;43;44;58;62;63;69;76;85;88,0;4;5;11;15;17;23;28;34;35;38;40;50;52;56;60;81;82
2,1,14,C/80,0,source_cluster,svr_rbf,1.6862534856750049,2.145196264242922,"{""C"": 100.0, ""epsilon"": 0.2}",5.706447585421502,1;8;22;29;39;43;44;58;62;63;69;76;85;88,0;4;5;11;15;17;23;28;34;35;38;40;50;52;56;60;81;82
2,1,14,C/80,0,source_cluster,gp_rbf,1.9202903973733407,2.335677745622733,"{""alpha"": 1.0, ""length"": 3.0}",5.286016213726155,1;8;22;29;39;43;44;58;62;63;69;76;85;88,0;4;5;11;15;17;23;28;34;35;38;40;50;52;56;60;81;82
2,1,14,C/80,0,source_cluster,catboost,3.949131209036455,5.935044417075302,{},,1;8;22;29;39;43;44;58;62;63;69;76;85;88,0;4;5;11;15;17;23;28;34;35;38;40;50;52;56;60;81;82
2,1,14,C/80,0,source_cluster,xgboost,4.644805060492621,7.049067228518408,{},,1;8;22;29;39;43;44;58;62;63;69;76;85;88,0;4;5;11;15;17;23;28;34;35;38;40;50;52;56;60;81;82
2,1,14,C/80,0,source_cluster,extra_trees,3.1111635501674875,3.8430193167042574,{},,1;8;22;29;39;43;44;58;62;63;69;76;85;88,0;4;5;11;15;17;23;28;34;35;38;40;50;52;56;60;81;82
2,1,14,C/40,1,source_cluster,ridge_physics,1.4303237067328558,1.730241267083377,"{""alpha"": 0.1}",2.1546919345855717,1;8;22;29;39;43;44;58;62;63;69;76;85;88,0;4;5;11;15;17;23;28;34;35;38;40;50;52;56;60;81;82
2,1,14,C/40,1,source_cluster,ridge_source,1.5844171312120223,1.88750225019026,"{""alpha"": 0.1}",2.013386147362845,1;8;22;29;39;43;44;58;62;63;69;76;85;88,0;4;5;11;15;17;23;28;34;35;38;40;50;52;56;60;81;82
2,1,14,C/40,1,source_cluster,ridge_input,4.212042490641276,6.075509446745058,"{""alpha"": 10.0}",5.42948191506522,1;8;22;29;39;43;44;58;62;63;69;76;85;88,0;4;5;11;15;17;23;28;34;35;38;40;50;52;56;60;81;82
2,1,14,C/40,1,source_cluster,krr_rbf,1.6474961174858942,1.889261812230444,"{""alpha"": 0.1, ""gamma"": 0.05}",4.956999591418675,1;8;22;29;39;43;44;58;62;63;69;76;85;88,0;4;5;11;15;17;23;28;34;35;38;40;50;52;56;60;81;82
2,1,14,C/40,1,source_cluster,svr_rbf,1.4290741350144331,1.8143969992355249,"{""C"": 100.0, ""epsilon"": 0.2}",5.430535209165626,1;8;22;29;39;43;44;58;62;63;69;76;85;88,0;4;5;11;15;17;23;28;34;35;38;40;50;52;56;60;81;82
2,1,14,C/40,1,source_cluster,gp_rbf,1.849278379142235,2.1471965742646493,"{""alpha"": 1.0, ""length"": 3.0}",5.213654675679792,1;8;22;29;39;43;44;58;62;63;69;76;85;88,0;4;5;11;15;17;23;28;34;35;38;40;50;52;56;60;81;82
2,1,14,C/40,1,source_cluster,catboost,3.809002867427919,6.037006739878689,{},,1;8;22;29;39;43;44;58;62;63;69;76;85;88,0;4;5;11;15;17;23;28;34;35;38;40;50;52;56;60;81;82
2,1,14,C/40,1,source_cluster,xgboost,4.426439073350695,7.112554031997293,{},,1;8;22;29;39;43;44;58;62;63;69;76;85;88,0;4;5;11;15;17;23;28;34;35;38;40;50;52;56;60;81;82
2,1,14,C/40,1,source_cluster,extra_trees,3.0904246862098645,3.872481952560766,{},,1;8;22;29;39;43;44;58;62;63;69;76;85;88,0;4;5;11;15;17;23;28;34;35;38;40;50;52;56;60;81;82
2,1,14,0.05A,2,source_cluster,ridge_physics,1.8648893568250868,2.2568523448489546,"{""alpha"": 1.0}",2.8771994284221103,1;8;22;29;39;43;44;58;62;63;69;76;85;88,0;4;5;11;15;17;23;28;34;35;38;40;50;52;56;60;81;82
2,1,14,0.05A,2,source_cluster,ridge_source,1.8917113410102,2.2530370172079883,"{""alpha"": 0.1}",2.5563834394727434,1;8;22;29;39;43;44;58;62;63;69;76;85;88,0;4;5;11;15;17;23;28;34;35;38;40;50;52;56;60;81;82
2,1,14,0.05A,2,source_cluster,ridge_input,4.400406731499566,5.98225022510006,"{""alpha"": 10.0}",5.862733398165021,1;8;22;29;39;43;44;58;62;63;69;76;85;88,0;4;5;11;15;17;23;28;34;35;38;40;50;52;56;60;81;82
2,1,14,0.05A,2,source_cluster,krr_rbf,1.8976334465874567,2.274613953913865,"{""alpha"": 0.1, ""gamma"": 0.05}",4.934572126184191,1;8;22;29;39;43;44;58;62;63;69;76;85;88,0;4;5;11;15;17;23;28;34;35;38;40;50;52;56;60;81;82
2,1,14,0.05A,2,source_cluster,svr_rbf,1.7980574126093625,2.295952546806236,"{""C"": 100.0, ""epsilon"": 0.2}",5.535506703422547,1;8;22;29;39;43;44;58;62;63;69;76;85;88,0;4;5;11;15;17;23;28;34;35;38;40;50;52;56;60;81;82
2,1,14,0.05A,2,source_cluster,gp_rbf,1.947476288591666,2.404012177041743,"{""alpha"": 1.0, ""length"": 3.0}",5.281089544613541,1;8;22;29;39;43;44;58;62;63;69;76;85;88,0;4;5;11;15;17;23;28;34;35;38;40;50;52;56;60;81;82
2,1,14,0.05A,2,source_cluster,catboost,3.948840220245613,5.727609969339794,{},,1;8;22;29;39;43;44;58;62;63;69;76;85;88,0;4;5;11;15;17;23;28;34;35;38;40;50;52;56;60;81;82
2,1,14,0.05A,2,source_cluster,xgboost,4.6188638475206165,6.819418917460431,{},,1;8;22;29;39;43;44;58;62;63;69;76;85;88,0;4;5;11;15;17;23;28;34;35;38;40;50;52;56;60;81;82
2,1,14,0.05A,2,source_cluster,extra_trees,3.073630310416851,3.731558151963801,{},,1;8;22;29;39;43;44;58;62;63;69;76;85;88,0;4;5;11;15;17;23;28;34;35;38;40;50;52;56;60;81;82
2,1,14,C/10,3,source_cluster,ridge_physics,1.1821670532226562,1.639601561543769,"{""alpha"": 0.1}",1.699730123792376,1;8;22;29;39;43;44;58;62;63;69;76;85;88,0;4;5;11;15;17;23;28;34;35;38;40;50;52;56;60;81;82
2,1,14,C/10,3,source_cluster,ridge_source,1.7364688449435763,2.094108444895165,"{""alpha"": 0.1}",1.8910224437713623,1;8;22;29;39;43;44;58;62;63;69;76;85;88,0;4;5;11;15;17;23;28;34;35;38;40;50;52;56;60;81;82
2,1,14,C/10,3,source_cluster,ridge_input,4.138729519314236,5.854704270931637,"{""alpha"": 10.0}",4.579225982938494,1;8;22;29;39;43;44;58;62;63;69;76;85;88,0;4;5;11;15;17;23;28;34;35;38;40;50;52;56;60;81;82
2,1,14,C/10,3,source_cluster,krr_rbf,1.6169425116644964,1.931920544583411,"{""alpha"": 0.1, ""gamma"": 0.05}",5.545425845044,1;8;22;29;39;43;44;58;62;63;69;76;85;88,0;4;5;11;15;17;23;28;34;35;38;40;50;52;56;60;81;82
2,1,14,C/10,3,source_cluster,svr_rbf,1.494506808331861,1.933237476315412,"{""C"": 100.0, ""epsilon"": 0.2}",6.037429680223224,1;8;22;29;39;43;44;58;62;63;69;76;85;88,0;4;5;11;15;17;23;28;34;35;38;40;50;52;56;60;81;82
2,1,14,C/10,3,source_cluster,gp_rbf,1.7956382077174051,2.178276597562212,"{""alpha"": 1.0, ""length"": 3.0}",5.8485075030426525,1;8;22;29;39;43;44;58;62;63;69;76;85;88,0;4;5;11;15;17;23;28;34;35;38;40;50;52;56;60;81;82
2,1,14,C/10,3,source_cluster,catboost,3.973786187724115,6.237277391523516,{},,1;8;22;29;39;43;44;58;62;63;69;76;85;88,0;4;5;11;15;17;23;28;34;35;38;40;50;52;56;60;81;82
2,1,14,C/10,3,source_cluster,xgboost,4.5212758382161455,7.287501427272313,{},,1;8;22;29;39;43;44;58;62;63;69;76;85;88,0;4;5;11;15;17;23;28;34;35;38;40;50;52;56;60;81;82
2,1,14,C/10,3,source_cluster,extra_trees,3.2247346664358028,4.08322849046494,{},,1;8;22;29;39;43;44;58;62;63;69;76;85;88,0;4;5;11;15;17;23;28;34;35;38;40;50;52;56;60;81;82
2,1,14,C/7,4,source_cluster,ridge_physics,1.1922531127929688,1.63927030998139,"{""alpha"": 0.1}",1.643188374383109,1;8;22;29;39;43;44;58;62;63;69;76;85;88,0;4;5;11;15;17;23;28;34;35;38;40;50;52;56;60;81;82
2,1,14,C/7,4,source_cluster,ridge_source,1.919041527642144,2.238754811335167,"{""alpha"": 0.1}",2.0372159481048584,1;8;22;29;39;43;44;58;62;63;69;76;85;88,0;4;5;11;15;17;23;28;34;35;38;40;50;52;56;60;81;82
2,1,14,C/7,4,source_cluster,ridge_input,4.112955729166667,5.776159166787144,"{""alpha"": 10.0}",4.524511984416416,1;8;22;29;39;43;44;58;62;63;69;76;85;88,0;4;5;11;15;17;23;28;34;35;38;40;50;52;56;60;81;82
2,1,14,C/7,4,source_cluster,krr_rbf,1.6182276407877605,1.9771731675157904,"{""alpha"": 0.1, ""gamma"": 0.05}",5.654294661113194,1;8;22;29;39;43;44;58;62;63;69;76;85;88,0;4;5;11;15;17;23;28;34;35;38;40;50;52;56;60;81;82
2,1,14,C/7,4,source_cluster,svr_rbf,1.5499551444667756,1.9796787683724373,"{""C"": 100.0, ""epsilon"": 0.2}",6.248773237111696,1;8;22;29;39;43;44;58;62;63;69;76;85;88,0;4;5;11;15;17;23;28;34;35;38;40;50;52;56;60;81;82
2,1,14,C/7,4,source_cluster,gp_rbf,1.8087750435062968,2.191272487174526,"{""alpha"": 1.0, ""length"": 3.0}",5.991178349038951,1;8;22;29;39;43;44;58;62;63;69;76;85;88,0;4;5;11;15;17;23;28;34;35;38;40;50;52;56;60;81;82
2,1,14,C/7,4,source_cluster,catboost,4.0459244995115125,6.263532573302289,{},,1;8;22;29;39;43;44;58;62;63;69;76;85;88,0;4;5;11;15;17;23;28;34;35;38;40;50;52;56;60;81;82
2,1,14,C/7,4,source_cluster,xgboost,4.598661634657118,7.3139206088699,{},,1;8;22;29;39;43;44;58;62;63;69;76;85;88,0;4;5;11;15;17;23;28;34;35;38;40;50;52;56;60;81;82
2,1,14,C/7,4,source_cluster,extra_trees,3.3621609347964068,4.253952042577291,{},,1;8;22;29;39;43;44;58;62;63;69;76;85;88,0;4;5;11;15;17;23;28;34;35;38;40;50;52;56;60;81;82
2,1,14,C/5,5,source_cluster,ridge_physics,1.1458490159776475,1.6086360121414864,"{""alpha"": 0.1}",1.745140450341361,1;8;22;29;39;43;44;58;62;63;69;76;85;88,0;4;5;11;15;17;23;28;34;35;38;40;50;52;56;60;81;82
2,1,14,C/5,5,source_cluster,ridge_source,2.0347137451171875,2.369980883325673,"{""alpha"": 0.1}",2.2934315545218333,1;8;22;29;39;43;44;58;62;63;69;76;85;88,0;4;5;11;15;17;23;28;34;35;38;40;50;52;56;60;81;82
2,1,14,C/5,5,source_cluster,ridge_input,4.144113328721788,5.7490806728787,"{""alpha"": 10.0}",4.399779490062168,1;8;22;29;39;43;44;58;62;63;69;76;85;88,0;4;5;11;15;17;23;28;34;35;38;40;50;52;56;60;81;82
2,1,14,C/5,5,source_cluster,krr_rbf,1.5791316562228732,1.9686636177234096,"{""alpha"": 0.1, ""gamma"": 0.05}",5.81277699981417,1;8;22;29;39;43;44;58;62;63;69;76;85;88,0;4;5;11;15;17;23;28;34;35;38;40;50;52;56;60;81;82
2,1,14,C/5,5,source_cluster,svr_rbf,1.5208382840782622,2.0089340051479465,"{""C"": 100.0, ""epsilon"": 0.2}",6.460129989199234,1;8;22;29;39;43;44;58;62;63;69;76;85;88,0;4;5;11;15;17;23;28;34;35;38;40;50;52;56;60;81;82
2,1,14,C/5,5,source_cluster,gp_rbf,1.814883464836525,2.1865608790074558,"{""alpha"": 1.0, ""length"": 3.0}",6.231478354835569,1;8;22;29;39;43;44;58;62;63;69;76;85;88,0;4;5;11;15;17;23;28;34;35;38;40;50;52;56;60;81;82
2,1,14,C/5,5,source_cluster,catboost,4.060678823488006,6.281011818093193,{},,1;8;22;29;39;43;44;58;62;63;69;76;85;88,0;4;5;11;15;17;23;28;34;35;38;40;50;52;56;60;81;82
2,1,14,C/5,5,source_cluster,xgboost,4.638406117757161,7.343802021822124,{},,1;8;22;29;39;43;44;58;62;63;69;76;85;88,0;4;5;11;15;17;23;28;34;35;38;40;50;52;56;60;81;82
2,1,14,C/5,5,source_cluster,extra_trees,3.338492621820442,4.239615056026553,{},,1;8;22;29;39;43;44;58;62;63;69;76;85;88,0;4;5;11;15;17;23;28;34;35;38;40;50;52;56;60;81;82
2,1,14,C/80,0,physical_cluster,ridge_physics,2.145331912570529,2.349169908755148,"{""alpha"": 1.0}",2.68758567741939,30;44;45;48;57;62;63;68;69;71;73;74;76;83,0;4;5;11;15;17;23;28;34;35;38;40;50;52;56;60;81;82
2,1,14,C/80,0,physical_cluster,ridge_source,2.0603646172417536,2.326613253686318,"{""alpha"": 0.1}",2.4584844963891164,30;44;45;48;57;62;63;68;69;71;73;74;76;83,0;4;5;11;15;17;23;28;34;35;38;40;50;52;56;60;81;82
2,1,14,C/80,0,physical_cluster,ridge_input,4.62780041164822,5.971430677264434,"{""alpha"": 10.0}",5.6908092839377264,30;44;45;48;57;62;63;68;69;71;73;74;76;83,0;4;5;11;15;17;23;28;34;35;38;40;50;52;56;60;81;82
2,1,14,C/80,0,physical_cluster,krr_rbf,2.179401397705078,2.573864111491618,"{""alpha"": 0.1, ""gamma"": 0.05}",4.977372569697244,30;44;45;48;57;62;63;68;69;71;73;74;76;83,0;4;5;11;15;17;23;28;34;35;38;40;50;52;56;60;81;82
2,1,14,C/80,0,physical_cluster,svr_rbf,2.5173419383289093,2.857251460640738,"{""C"": 100.0, ""epsilon"": 1.0}",5.803299662012869,30;44;45;48;57;62;63;68;69;71;73;74;76;83,0;4;5;11;15;17;23;28;34;35;38;40;50;52;56;60;81;82
2,1,14,C/80,0,physical_cluster,gp_rbf,2.381918514232671,2.8445085353909936,"{""alpha"": 1.0, ""length"": 3.0}",5.28818002368657,30;44;45;48;57;62;63;68;69;71;73;74;76;83,0;4;5;11;15;17;23;28;34;35;38;40;50;52;56;60;81;82
2,1,14,C/80,0,physical_cluster,catboost,4.534506959813943,6.94090844853944,{},,30;44;45;48;57;62;63;68;69;71;73;74;76;83,0;4;5;11;15;17;23;28;34;35;38;40;50;52;56;60;81;82
2,1,14,C/80,0,physical_cluster,xgboost,4.686466640896267,7.9804767898503295,{},,30;44;45;48;57;62;63;68;69;71;73;74;76;83,0;4;5;11;15;17;23;28;34;35;38;40;50;52;56;60;81;82
2,1,14,C/80,0,physical_cluster,extra_trees,3.727758977295444,4.801353876844944,{},,30;44;45;48;57;62;63;68;69;71;73;74;76;83,0;4;5;11;15;17;23;28;34;35;38;40;50;52;56;60;81;82
2,1,14,C/40,1,physical_cluster,ridge_physics,1.7844390869140625,2.061341582151606,"{""alpha"": 1.0}",1.962523102760315,30;44;45;48;57;62;63;68;69;71;73;74;76;83,0;4;5;11;15;17;23;28;34;35;38;40;50;52;56;60;81;82
2,1,14,C/40,1,physical_cluster,ridge_source,1.699988471137153,1.954771948980912,"{""alpha"": 0.1}",1.690792441368103,30;44;45;48;57;62;63;68;69;71;73;74;76;83,0;4;5;11;15;17;23;28;34;35;38;40;50;52;56;60;81;82
2,1,14,C/40,1,physical_cluster,ridge_input,4.447991689046224,5.80751312046793,"{""alpha"": 10.0}",5.294979810714722,30;44;45;48;57;62;63;68;69;71;73;74;76;83,0;4;5;11;15;17;23;28;34;35;38;40;50;52;56;60;81;82
2,1,14,C/40,1,physical_cluster,krr_rbf,1.8918919033474395,2.20302228219209,"{""alpha"": 0.1, ""gamma"": 0.05}",4.444082330380168,30;44;45;48;57;62;63;68;69;71;73;74;76;83,0;4;5;11;15;17;23;28;34;35;38;40;50;52;56;60;81;82
2,1,14,C/40,1,physical_cluster,svr_rbf,1.79807308541485,2.092602459877104,"{""C"": 100.0, ""epsilon"": 0.2}",5.155231364922918,30;44;45;48;57;62;63;68;69;71;73;74;76;83,0;4;5;11;15;17;23;28;34;35;38;40;50;52;56;60;81;82
2,1,14,C/40,1,physical_cluster,gp_rbf,2.081090530797089,2.469969337761564,"{""alpha"": 1.0, ""length"": 3.0}",4.772585673035107,30;44;45;48;57;62;63;68;69;71;73;74;76;83,0;4;5;11;15;17;23;28;34;35;38;40;50;52;56;60;81;82
2,1,14,C/40,1,physical_cluster,catboost,4.365294510196893,6.768686657186862,{},,30;44;45;48;57;62;63;68;69;71;73;74;76;83,0;4;5;11;15;17;23;28;34;35;38;40;50;52;56;60;81;82
2,1,14,C/40,1,physical_cluster,xgboost,4.4601927863227,7.791746651538929,{},,30;44;45;48;57;62;63;68;69;71;73;74;76;83,0;4;5;11;15;17;23;28;34;35;38;40;50;52;56;60;81;82
2,1,14,C/40,1,physical_cluster,extra_trees,3.42730391378756,4.5186489828827305,{},,30;44;45;48;57;62;63;68;69;71;73;74;76;83,0;4;5;11;15;17;23;28;34;35;38;40;50;52;56;60;81;82
2,1,14,0.05A,2,physical_cluster,ridge_physics,2.2616064283582897,2.5110909096695986,"{""alpha"": 1.0}",2.9303713185446605,30;44;45;48;57;62;63;68;69;71;73;74;76;83,0;4;5;11;15;17;23;28;34;35;38;40;50;52;56;60;81;82
2,1,14,0.05A,2,physical_cluster,ridge_source,2.163882361518012,2.4720888734284947,"{""alpha"": 0.1}",2.5536169154303416,30;44;45;48;57;62;63;68;69;71;73;74;76;83,0;4;5;11;15;17;23;28;34;35;38;40;50;52;56;60;81;82
2,1,14,0.05A,2,physical_cluster,ridge_input,4.626789093017578,5.929652276827607,"{""alpha"": 10.0}",5.726233959197998,30;44;45;48;57;62;63;68;69;71;73;74;76;83,0;4;5;11;15;17;23;28;34;35;38;40;50;52;56;60;81;82
2,1,14,0.05A,2,physical_cluster,krr_rbf,2.2839232550727,2.7272159230501134,"{""alpha"": 0.1, ""gamma"": 0.05}",5.103949563843863,30;44;45;48;57;62;63;68;69;71;73;74;76;83,0;4;5;11;15;17;23;28;34;35;38;40;50;52;56;60;81;82
2,1,14,0.05A,2,physical_cluster,svr_rbf,2.712838564065995,3.068059852333076,"{""C"": 100.0, ""epsilon"": 1.0}",5.765466493164412,30;44;45;48;57;62;63;68;69;71;73;74;76;83,0;4;5;11;15;17;23;28;34;35;38;40;50;52;56;60;81;82
2,1,14,0.05A,2,physical_cluster,gp_rbf,2.483590608368848,2.9776907925407707,"{""alpha"": 1.0, ""length"": 3.0}",5.392931448370421,30;44;45;48;57;62;63;68;69;71;73;74;76;83,0;4;5;11;15;17;23;28;34;35;38;40;50;52;56;60;81;82
2,1,14,0.05A,2,physical_cluster,catboost,4.538248892975309,6.899611778436685,{},,30;44;45;48;57;62;63;68;69;71;73;74;76;83,0;4;5;11;15;17;23;28;34;35;38;40;50;52;56;60;81;82
2,1,14,0.05A,2,physical_cluster,xgboost,4.737241533067492,7.89368142509533,{},,30;44;45;48;57;62;63;68;69;71;73;74;76;83,0;4;5;11;15;17;23;28;34;35;38;40;50;52;56;60;81;82
2,1,14,0.05A,2,physical_cluster,extra_trees,3.863917265678416,4.877990901620396,{},,30;44;45;48;57;62;63;68;69;71;73;74;76;83,0;4;5;11;15;17;23;28;34;35;38;40;50;52;56;60;81;82
2,1,14,C/10,3,physical_cluster,ridge_physics,1.5734969245062933,2.1388976710306538,"{""alpha"": 1.0}",1.3594297000340052,30;44;45;48;57;62;63;68;69;71;73;74;76;83,0;4;5;11;15;17;23;28;34;35;38;40;50;52;56;60;81;82
2,1,14,C/10,3,physical_cluster,ridge_source,1.7362891303168402,2.0984196448550647,"{""alpha"": 0.1}",1.4579689502716064,30;44;45;48;57;62;63;68;69;71;73;74;76;83,0;4;5;11;15;17;23;28;34;35;38;40;50;52;56;60;81;82
2,1,14,C/10,3,physical_cluster,ridge_input,4.184981875949436,5.4952880247373095,"{""alpha"": 10.0}",4.654828786849976,30;44;45;48;57;62;63;68;69;71;73;74;76;83,0;4;5;11;15;17;23;28;34;35;38;40;50;52;56;60;81;82
2,1,14,C/10,3,physical_cluster,krr_rbf,1.6874817742241754,2.1318514408454865,"{""alpha"": 0.1, ""gamma"": 0.05}",4.736552442823138,30;44;45;48;57;62;63;68;69;71;73;74;76;83,0;4;5;11;15;17;23;28;34;35;38;40;50;52;56;60;81;82
2,1,14,C/10,3,physical_cluster,svr_rbf,1.53985607341026,2.078613087574242,"{""C"": 100.0, ""epsilon"": 0.2}",6.032207080791915,30;44;45;48;57;62;63;68;69;71;73;74;76;83,0;4;5;11;15;17;23;28;34;35;38;40;50;52;56;60;81;82
2,1,14,C/10,3,physical_cluster,gp_rbf,1.879093399053672,2.326438250326846,"{""alpha"": 1.0, ""length"": 3.0}",5.091475026706424,30;44;45;48;57;62;63;68;69;71;73;74;76;83,0;4;5;11;15;17;23;28;34;35;38;40;50;52;56;60;81;82
2,1,14,C/10,3,physical_cluster,catboost,4.3618718373679135,6.721232624027533,{},,30;44;45;48;57;62;63;68;69;71;73;74;76;83,0;4;5;11;15;17;23;28;34;35;38;40;50;52;56;60;81;82
2,1,14,C/10,3,physical_cluster,xgboost,4.511105007595486,7.742572840649878,{},,30;44;45;48;57;62;63;68;69;71;73;74;76;83,0;4;5;11;15;17;23;28;34;35;38;40;50;52;56;60;81;82
2,1,14,C/10,3,physical_cluster,extra_trees,3.359260758176259,4.529784747223882,{},,30;44;45;48;57;62;63;68;69;71;73;74;76;83,0;4;5;11;15;17;23;28;34;35;38;40;50;52;56;60;81;82
2,1,14,C/7,4,physical_cluster,ridge_physics,1.587735070122613,2.176780619749025,"{""alpha"": 1.0}",1.3605220317840576,30;44;45;48;57;62;63;68;69;71;73;74;76;83,0;4;5;11;15;17;23;28;34;35;38;40;50;52;56;60;81;82
2,1,14,C/7,4,physical_cluster,ridge_source,1.896757337782118,2.233593764467637,"{""alpha"": 0.1}",1.6278844220297677,30;44;45;48;57;62;63;68;69;71;73;74;76;83,0;4;5;11;15;17;23;28;34;35;38;40;50;52;56;60;81;82
2,1,14,C/7,4,physical_cluster,ridge_input,4.138738420274523,5.436736872898592,"{""alpha"": 10.0}",4.596208231789725,30;44;45;48;57;62;63;68;69;71;73;74;76;83,0;4;5;11;15;17;23;28;34;35;38;40;50;52;56;60;81;82
2,1,14,C/7,4,physical_cluster,krr_rbf,1.685760498046875,2.139762058129298,"{""alpha"": 0.1, ""gamma"": 0.05}",4.829861666475024,30;44;45;48;57;62;63;68;69;71;73;74;76;83,0;4;5;11;15;17;23;28;34;35;38;40;50;52;56;60;81;82
2,1,14,C/7,4,physical_cluster,svr_rbf,1.5614015108900707,2.147408431796783,"{""C"": 100.0, ""epsilon"": 0.2}",6.230294788839028,30;44;45;48;57;62;63;68;69;71;73;74;76;83,0;4;5;11;15;17;23;28;34;35;38;40;50;52;56;60;81;82
2,1,14,C/7,4,physical_cluster,gp_rbf,1.8747842287260497,2.3048392509202222,"{""alpha"": 1.0, ""length"": 3.0}",5.23900542056427,30;44;45;48;57;62;63;68;69;71;73;74;76;83,0;4;5;11;15;17;23;28;34;35;38;40;50;52;56;60;81;82
2,1,14,C/7,4,physical_cluster,catboost,4.386930269990967,6.73426800512141,{},,30;44;45;48;57;62;63;68;69;71;73;74;76;83,0;4;5;11;15;17;23;28;34;35;38;40;50;52;56;60;81;82
2,1,14,C/7,4,physical_cluster,xgboost,4.526808420817058,7.741928395555562,{},,30;44;45;48;57;62;63;68;69;71;73;74;76;83,0;4;5;11;15;17;23;28;34;35;38;40;50;52;56;60;81;82
2,1,14,C/7,4,physical_cluster,extra_trees,3.390031677019867,4.550509086868464,{},,30;44;45;48;57;62;63;68;69;71;73;74;76;83,0;4;5;11;15;17;23;28;34;35;38;40;50;52;56;60;81;82
2,1,14,C/5,5,physical_cluster,ridge_physics,1.647793663872613,2.226620682846091,"{""alpha"": 1.0}",1.4166992732456751,30;44;45;48;57;62;63;68;69;71;73;74;76;83,0;4;5;11;15;17;23;28;34;35;38;40;50;52;56;60;81;82
2,1,14,C/5,5,physical_cluster,ridge_source,2.047456529405382,2.39952505417379,"{""alpha"": 0.1}",1.789628573826381,30;44;45;48;57;62;63;68;69;71;73;74;76;83,0;4;5;11;15;17;23;28;34;35;38;40;50;52;56;60;81;82
2,1,14,C/5,5,physical_cluster,ridge_input,4.151023864746094,5.416992531842385,"{""alpha"": 10.0}",4.59664968081883,30;44;45;48;57;62;63;68;69;71;73;74;76;83,0;4;5;11;15;17;23;28;34;35;38;40;50;52;56;60;81;82
2,1,14,C/5,5,physical_cluster,krr_rbf,1.7238316006130645,2.1706053604258413,"{""alpha"": 0.1, ""gamma"": 0.05}",4.939838911805834,30;44;45;48;57;62;63;68;69;71;73;74;76;83,0;4;5;11;15;17;23;28;34;35;38;40;50;52;56;60;81;82
2,1,14,C/5,5,physical_cluster,svr_rbf,1.5956990577461303,2.235163917628692,"{""C"": 100.0, ""epsilon"": 0.2}",6.320791285086427,30;44;45;48;57;62;63;68;69;71;73;74;76;83,0;4;5;11;15;17;23;28;34;35;38;40;50;52;56;60;81;82
2,1,14,C/5,5,physical_cluster,gp_rbf,1.9120914331126015,2.3138550011740207,"{""alpha"": 1.0, ""length"": 3.0}",5.414761413552341,30;44;45;48;57;62;63;68;69;71;73;74;76;83,0;4;5;11;15;17;23;28;34;35;38;40;50;52;56;60;81;82
2,1,14,C/5,5,physical_cluster,catboost,4.5061793870991655,6.775144928147431,{},,30;44;45;48;57;62;63;68;69;71;73;74;76;83,0;4;5;11;15;17;23;28;34;35;38;40;50;52;56;60;81;82
2,1,14,C/5,5,physical_cluster,xgboost,4.589693705240886,7.7657074459216116,{},,30;44;45;48;57;62;63;68;69;71;73;74;76;83,0;4;5;11;15;17;23;28;34;35;38;40;50;52;56;60;81;82
2,1,14,C/5,5,physical_cluster,extra_trees,3.4234344554325875,4.608654654888339,{},,30;44;45;48;57;62;63;68;69;71;73;74;76;83,0;4;5;11;15;17;23;28;34;35;38;40;50;52;56;60;81;82
2,1,14,C/80,0,input_cluster,ridge_physics,1.791847652859158,2.17939002817303,"{""alpha"": 0.1}",3.263078093528748,8;9;12;29;30;31;42;55;58;62;68;69;79;89,0;4;5;11;15;17;23;28;34;35;38;40;50;52;56;60;81;82
2,1,14,C/80,0,input_cluster,ridge_source,1.980610741509332,2.2461168564272214,"{""alpha"": 0.1}",3.650887148720877,8;9;12;29;30;31;42;55;58;62;68;69;79;89,0;4;5;11;15;17;23;28;34;35;38;40;50;52;56;60;81;82
2,1,14,C/80,0,input_cluster,ridge_input,3.810123019748264,5.207556073010944,"{""alpha"": 10.0}",7.446874635560172,8;9;12;29;30;31;42;55;58;62;68;69;79;89,0;4;5;11;15;17;23;28;34;35;38;40;50;52;56;60;81;82
2,1,14,C/80,0,input_cluster,krr_rbf,2.106834835476345,2.458602673225257,"{""alpha"": 0.1, ""gamma"": 0.05}",5.542589868818011,8;9;12;29;30;31;42;55;58;62;68;69;79;89,0;4;5;11;15;17;23;28;34;35;38;40;50;52;56;60;81;82
2,1,14,C/80,0,input_cluster,svr_rbf,1.7722960551832765,2.2812354141379525,"{""C"": 100.0, ""epsilon"": 1.0}",6.132494759012095,8;9;12;29;30;31;42;55;58;62;68;69;79;89,0;4;5;11;15;17;23;28;34;35;38;40;50;52;56;60;81;82
2,1,14,C/80,0,input_cluster,gp_rbf,2.058896435659795,2.4049066127373715,"{""alpha"": 1.0, ""length"": 3.0}",6.191325227975748,8;9;12;29;30;31;42;55;58;62;68;69;79;89,0;4;5;11;15;17;23;28;34;35;38;40;50;52;56;60;81;82
2,1,14,C/80,0,input_cluster,catboost,3.799657318160947,5.018636164199791,{},,8;9;12;29;30;31;42;55;58;62;68;69;79;89,0;4;5;11;15;17;23;28;34;35;38;40;50;52;56;60;81;82
2,1,14,C/80,0,input_cluster,xgboost,4.591293758816189,6.609941160463069,{},,8;9;12;29;30;31;42;55;58;62;68;69;79;89,0;4;5;11;15;17;23;28;34;35;38;40;50;52;56;60;81;82
2,1,14,C/80,0,input_cluster,extra_trees,2.7632093722984274,3.3355817803157364,{},,8;9;12;29;30;31;42;55;58;62;68;69;79;89,0;4;5;11;15;17;23;28;34;35;38;40;50;52;56;60;81;82
2,1,14,C/40,1,input_cluster,ridge_physics,1.495574951171875,1.7815708608650307,"{""alpha"": 0.1}",2.664218391690935,8;9;12;29;30;31;42;55;58;62;68;69;79;89,0;4;5;11;15;17;23;28;34;35;38;40;50;52;56;60;81;82
2,1,14,C/40,1,input_cluster,ridge_source,1.7740775214301214,2.073726219498818,"{""alpha"": 0.1}",2.7560529027666365,8;9;12;29;30;31;42;55;58;62;68;69;79;89,0;4;5;11;15;17;23;28;34;35;38;40;50;52;56;60;81;82
2,1,14,C/40,1,input_cluster,ridge_input,3.728358374701606,5.154001981393586,"{""alpha"": 10.0}",6.45953232901437,8;9;12;29;30;31;42;55;58;62;68;69;79;89,0;4;5;11;15;17;23;28;34;35;38;40;50;52;56;60;81;82
2,1,14,C/40,1,input_cluster,krr_rbf,1.8834088643391929,2.207711994738919,"{""alpha"": 0.1, ""gamma"": 0.05}",5.092853886740548,8;9;12;29;30;31;42;55;58;62;68;69;79;89,0;4;5;11;15;17;23;28;34;35;38;40;50;52;56;60;81;82
2,1,14,C/40,1,input_cluster,svr_rbf,1.4574394101739416,1.8635073800671496,"{""C"": 100.0, ""epsilon"": 0.2}",5.424852358823527,8;9;12;29;30;31;42;55;58;62;68;69;79;89,0;4;5;11;15;17;23;28;34;35;38;40;50;52;56;60;81;82
2,1,14,C/40,1,input_cluster,gp_rbf,1.906696652365718,2.1691411774628198,"{""alpha"": 1.0, ""length"": 3.0}",5.732530623041575,8;9;12;29;30;31;42;55;58;62;68;69;79;89,0;4;5;11;15;17;23;28;34;35;38;40;50;52;56;60;81;82
2,1,14,C/40,1,input_cluster,catboost,3.832782172346104,5.091777956207496,{},,8;9;12;29;30;31;42;55;58;62;68;69;79;89,0;4;5;11;15;17;23;28;34;35;38;40;50;52;56;60;81;82
2,1,14,C/40,1,input_cluster,xgboost,4.348001692030165,6.595382466418209,{},,8;9;12;29;30;31;42;55;58;62;68;69;79;89,0;4;5;11;15;17;23;28;34;35;38;40;50;52;56;60;81;82
2,1,14,C/40,1,input_cluster,extra_trees,2.4982838834656613,3.123406381444928,{},,8;9;12;29;30;31;42;55;58;62;68;69;79;89,0;4;5;11;15;17;23;28;34;35;38;40;50;52;56;60;81;82
2,1,14,0.05A,2,input_cluster,ridge_physics,1.9138730367024737,2.374071972938197,"{""alpha"": 0.1}",3.4359292132513866,8;9;12;29;30;31;42;55;58;62;68;69;79;89,0;4;5;11;15;17;23;28;34;35;38;40;50;52;56;60;81;82
2,1,14,0.05A,2,input_cluster,ridge_source,2.040257771809896,2.341532836727225,"{""alpha"": 0.1}",3.8584398542131697,8;9;12;29;30;31;42;55;58;62;68;69;79;89,0;4;5;11;15;17;23;28;34;35;38;40;50;52;56;60;81;82
2,1,14,0.05A,2,input_cluster,ridge_input,3.8081041971842446,5.107913130952294,"{""alpha"": 10.0}",7.675949522427151,8;9;12;29;30;31;42;55;58;62;68;69;79;89,0;4;5;11;15;17;23;28;34;35;38;40;50;52;56;60;81;82
2,1,14,0.05A,2,input_cluster,krr_rbf,2.150352054172092,2.5563319769875767,"{""alpha"": 0.1, ""gamma"": 0.05}",5.670513578823635,8;9;12;29;30;31;42;55;58;62;68;69;79;89,0;4;5;11;15;17;23;28;34;35;38;40;50;52;56;60;81;82
2,1,14,0.05A,2,input_cluster,svr_rbf,2.0934471868276754,2.623597859213636,"{""C"": 100.0, ""epsilon"": 1.0}",6.223714923941842,8;9;12;29;30;31;42;55;58;62;68;69;79;89,0;4;5;11;15;17;23;28;34;35;38;40;50;52;56;60;81;82
2,1,14,0.05A,2,input_cluster,gp_rbf,2.1102203825081367,2.494477169194213,"{""alpha"": 1.0, ""length"": 3.0}",6.3109263430313485,8;9;12;29;30;31;42;55;58;62;68;69;79;89,0;4;5;11;15;17;23;28;34;35;38;40;50;52;56;60;81;82
2,1,14,0.05A,2,input_cluster,catboost,3.7670200420325264,4.888682760278671,{},,8;9;12;29;30;31;42;55;58;62;68;69;79;89,0;4;5;11;15;17;23;28;34;35;38;40;50;52;56;60;81;82
2,1,14,0.05A,2,input_cluster,xgboost,4.6915393405490455,6.48808244854335,{},,8;9;12;29;30;31;42;55;58;62;68;69;79;89,0;4;5;11;15;17;23;28;34;35;38;40;50;52;56;60;81;82
2,1,14,0.05A,2,input_cluster,extra_trees,2.816816758945506,3.3941719873220864,{},,8;9;12;29;30;31;42;55;58;62;68;69;79;89,0;4;5;11;15;17;23;28;34;35;38;40;50;52;56;60;81;82
2,1,14,C/10,3,input_cluster,ridge_physics,1.4995396931966145,1.822515878878617,"{""alpha"": 0.1}",2.0814829894474576,8;9;12;29;30;31;42;55;58;62;68;69;79;89,0;4;5;11;15;17;23;28;34;35;38;40;50;52;56;60;81;82
2,1,14,C/10,3,input_cluster,ridge_source,2.0858052571614585,2.436552015690464,"{""alpha"": 0.1}",2.001954998288836,8;9;12;29;30;31;42;55;58;62;68;69;79;89,0;4;5;11;15;17;23;28;34;35;38;40;50;52;56;60;81;82
2,1,14,C/10,3,input_cluster,ridge_input,3.716462453206381,4.962326852681112,"{""alpha"": 10.0}",5.439550365720477,8;9;12;29;30;31;42;55;58;62;68;69;79;89,0;4;5;11;15;17;23;28;34;35;38;40;50;52;56;60;81;82
2,1,14,C/10,3,input_cluster,krr_rbf,1.8513132731119792,2.2986011929730816,"{""alpha"": 0.1, ""gamma"": 0.05}",5.127743721008301,8;9;12;29;30;31;42;55;58;62;68;69;79;89,0;4;5;11;15;17;23;28;34;35;38;40;50;52;56;60;81;82
2,1,14,C/10,3,input_cluster,svr_rbf,1.7621725429714188,2.00643227470985,"{""C"": 100.0, ""epsilon"": 1.0}",5.530919496459076,8;9;12;29;30;31;42;55;58;62;68;69;79;89,0;4;5;11;15;17;23;28;34;35;38;40;50;52;56;60;81;82
2,1,14,C/10,3,input_cluster,gp_rbf,1.911967379754704,2.215656740192037,"{""alpha"": 1.0, ""length"": 3.0}",5.810754226328673,8;9;12;29;30;31;42;55;58;62;68;69;79;89,0;4;5;11;15;17;23;28;34;35;38;40;50;52;56;60;81;82
2,1,14,C/10,3,input_cluster,catboost,4.006689173905511,5.318117150337522,{},,8;9;12;29;30;31;42;55;58;62;68;69;79;89,0;4;5;11;15;17;23;28;34;35;38;40;50;52;56;60;81;82
2,1,14,C/10,3,input_cluster,xgboost,4.423734029134114,6.734391481720523,{},,8;9;12;29;30;31;42;55;58;62;68;69;79;89,0;4;5;11;15;17;23;28;34;35;38;40;50;52;56;60;81;82
2,1,14,C/10,3,input_cluster,extra_trees,2.5430568285846222,3.6026737311655257,{},,8;9;12;29;30;31;42;55;58;62;68;69;79;89,0;4;5;11;15;17;23;28;34;35;38;40;50;52;56;60;81;82
2,1,14,C/7,4,input_cluster,ridge_physics,1.579429202609592,1.927580614205214,"{""alpha"": 0.1}",2.0001159395490373,8;9;12;29;30;31;42;55;58;62;68;69;79;89,0;4;5;11;15;17;23;28;34;35;38;40;50;52;56;60;81;82
2,1,14,C/7,4,input_cluster,ridge_source,2.265669928656684,2.6143715382033386,"{""alpha"": 0.1}",1.9518310342516216,8;9;12;29;30;31;42;55;58;62;68;69;79;89,0;4;5;11;15;17;23;28;34;35;38;40;50;52;56;60;81;82
2,1,14,C/7,4,input_cluster,ridge_input,3.71553463406033,4.9073375057857085,"{""alpha"": 10.0}",5.272639513015747,8;9;12;29;30;31;42;55;58;62;68;69;79;89,0;4;5;11;15;17;23;28;34;35;38;40;50;52;56;60;81;82
2,1,14,C/7,4,input_cluster,krr_rbf,1.90280278523763,2.420166735410923,"{""alpha"": 0.1, ""gamma"": 0.05}",5.1032490730285645,8;9;12;29;30;31;42;55;58;62;68;69;79;89,0;4;5;11;15;17;23;28;34;35;38;40;50;52;56;60;81;82
2,1,14,C/7,4,input_cluster,svr_rbf,1.8116961669881853,2.133415634186534,"{""C"": 100.0, ""epsilon"": 1.0}",5.412144666244468,8;9;12;29;30;31;42;55;58;62;68;69;79;89,0;4;5;11;15;17;23;28;34;35;38;40;50;52;56;60;81;82
2,1,14,C/7,4,input_cluster,gp_rbf,1.9467232071987024,2.2961603380633417,"{""alpha"": 1.0, ""length"": 3.0}",5.806430593805477,8;9;12;29;30;31;42;55;58;62;68;69;79;89,0;4;5;11;15;17;23;28;34;35;38;40;50;52;56;60;81;82
2,1,14,C/7,4,input_cluster,catboost,4.106804123501736,5.398425758372193,{},,8;9;12;29;30;31;42;55;58;62;68;69;79;89,0;4;5;11;15;17;23;28;34;35;38;40;50;52;56;60;81;82
2,1,14,C/7,4,input_cluster,xgboost,4.456747266981337,6.779523608599431,{},,8;9;12;29;30;31;42;55;58;62;68;69;79;89,0;4;5;11;15;17;23;28;34;35;38;40;50;52;56;60;81;82
2,1,14,C/7,4,input_cluster,extra_trees,2.595536235936736,3.803730446226629,{},,8;9;12;29;30;31;42;55;58;62;68;69;79;89,0;4;5;11;15;17;23;28;34;35;38;40;50;52;56;60;81;82
2,1,14,C/5,5,input_cluster,ridge_physics,1.547347174750434,1.904905252673953,"{""alpha"": 0.1}",1.9903147901807512,8;9;12;29;30;31;42;55;58;62;68;69;79;89,0;4;5;11;15;17;23;28;34;35;38;40;50;52;56;60;81;82
2,1,14,C/5,5,input_cluster,ridge_source,2.391015794542101,2.7412481870850818,"{""alpha"": 0.1}",2.159057787486485,8;9;12;29;30;31;42;55;58;62;68;69;79;89,0;4;5;11;15;17;23;28;34;35;38;40;50;52;56;60;81;82
2,1,14,C/5,5,input_cluster,ridge_input,3.7457877265082464,4.907100048603708,"{""alpha"": 10.0}",5.230144602911813,8;9;12;29;30;31;42;55;58;62;68;69;79;89,0;4;5;11;15;17;23;28;34;35;38;40;50;52;56;60;81;82
2,1,14,C/5,5,input_cluster,krr_rbf,1.8652462429470489,2.420367026973262,"{""alpha"": 0.1, ""gamma"": 0.05}",5.224300963538034,8;9;12;29;30;31;42;55;58;62;68;69;79;89,0;4;5;11;15;17;23;28;34;35;38;40;50;52;56;60;81;82
2,1,14,C/5,5,input_cluster,svr_rbf,1.7381561101352605,2.099602976535698,"{""C"": 100.0, ""epsilon"": 1.0}",5.548986695092217,8;9;12;29;30;31;42;55;58;62;68;69;79;89,0;4;5;11;15;17;23;28;34;35;38;40;50;52;56;60;81;82
2,1,14,C/5,5,input_cluster,gp_rbf,1.90521960953556,2.295473006086817,"{""alpha"": 1.0, ""length"": 3.0}",5.9465822793430405,8;9;12;29;30;31;42;55;58;62;68;69;79;89,0;4;5;11;15;17;23;28;34;35;38;40;50;52;56;60;81;82
2,1,14,C/5,5,input_cluster,catboost,4.180978917461103,5.468735601530319,{},,8;9;12;29;30;31;42;55;58;62;68;69;79;89,0;4;5;11;15;17;23;28;34;35;38;40;50;52;56;60;81;82
2,1,14,C/5,5,input_cluster,xgboost,4.480831146240234,6.811134288218649,{},,8;9;12;29;30;31;42;55;58;62;68;69;79;89,0;4;5;11;15;17;23;28;34;35;38;40;50;52;56;60;81;82
2,1,14,C/5,5,input_cluster,extra_trees,2.592303142869281,3.896992056243927,{},,8;9;12;29;30;31;42;55;58;62;68;69;79;89,0;4;5;11;15;17;23;28;34;35;38;40;50;52;56;60;81;82
2,2,14,C/80,0,random,ridge_physics,2.6282721625434027,3.373204515233351,"{""alpha"": 1.0}",1.797804696219308,9;12;16;18;24;30;37;42;44;45;51;63;67;86,0;4;5;11;15;17;23;28;34;35;38;40;50;52;56;60;81;82
2,2,14,C/80,0,random,ridge_source,1.948389689127604,2.353183485683658,"{""alpha"": 1.0}",1.7528604098728724,9;12;16;18;24;30;37;42;44;45;51;63;67;86,0;4;5;11;15;17;23;28;34;35;38;40;50;52;56;60;81;82
2,2,14,C/80,0,random,ridge_input,4.316442277696398,5.359256438165201,"{""alpha"": 1.0}",2.3275413683482578,9;12;16;18;24;30;37;42;44;45;51;63;67;86,0;4;5;11;15;17;23;28;34;35;38;40;50;52;56;60;81;82
2,2,14,C/80,0,random,krr_rbf,2.1414943271213107,2.5878912477853664,"{""alpha"": 0.1, ""gamma"": 0.05}",3.2552842582975114,9;12;16;18;24;30;37;42;44;45;51;63;67;86,0;4;5;11;15;17;23;28;34;35;38;40;50;52;56;60;81;82
2,2,14,C/80,0,random,svr_rbf,3.745375794716408,5.347084956700006,"{""C"": 100.0, ""epsilon"": 0.2}",4.084810241565838,9;12;16;18;24;30;37;42;44;45;51;63;67;86,0;4;5;11;15;17;23;28;34;35;38;40;50;52;56;60;81;82
2,2,14,C/80,0,random,gp_rbf,2.715877816242126,3.4807605903874728,"{""alpha"": 1.0, ""length"": 3.0}",3.2352408838684097,9;12;16;18;24;30;37;42;44;45;51;63;67;86,0;4;5;11;15;17;23;28;34;35;38;40;50;52;56;60;81;82
2,2,14,C/80,0,random,catboost,5.805855943945257,7.16656934705356,{},,9;12;16;18;24;30;37;42;44;45;51;63;67;86,0;4;5;11;15;17;23;28;34;35;38;40;50;52;56;60;81;82
2,2,14,C/80,0,random,xgboost,7.157978057861328,8.846863432597488,{},,9;12;16;18;24;30;37;42;44;45;51;63;67;86,0;4;5;11;15;17;23;28;34;35;38;40;50;52;56;60;81;82
2,2,14,C/80,0,random,extra_trees,4.318554119708278,5.6849538748978725,{},,9;12;16;18;24;30;37;42;44;45;51;63;67;86,0;4;5;11;15;17;23;28;34;35;38;40;50;52;56;60;81;82
2,2,14,C/40,1,random,ridge_physics,2.427324506971571,3.3276371923894548,"{""alpha"": 1.0}",1.3075204747063771,9;12;16;18;24;30;37;42;44;45;51;63;67;86,0;4;5;11;15;17;23;28;34;35;38;40;50;52;56;60;81;82
2,2,14,C/40,1,random,ridge_source,1.6875258551703558,1.9959525068081103,"{""alpha"": 1.0}",1.479194028036935,9;12;16;18;24;30;37;42;44;45;51;63;67;86,0;4;5;11;15;17;23;28;34;35;38;40;50;52;56;60;81;82
2,2,14,C/40,1,random,ridge_input,4.354288313123915,5.457489710773596,"{""alpha"": 1.0}",2.285739847591945,9;12;16;18;24;30;37;42;44;45;51;63;67;86,0;4;5;11;15;17;23;28;34;35;38;40;50;52;56;60;81;82
2,2,14,C/40,1,random,krr_rbf,1.973678165011936,2.313276111682415,"{""alpha"": 0.1, ""gamma"": 0.05}",2.8557069216455733,9;12;16;18;24;30;37;42;44;45;51;63;67;86,0;4;5;11;15;17;23;28;34;35;38;40;50;52;56;60;81;82
2,2,14,C/40,1,random,svr_rbf,3.092998296004151,4.941111755121543,"{""C"": 100.0, ""epsilon"": 1.0}",4.031022128116848,9;12;16;18;24;30;37;42;44;45;51;63;67;86,0;4;5;11;15;17;23;28;34;35;38;40;50;52;56;60;81;82
2,2,14,C/40,1,random,gp_rbf,2.464257624411302,3.3030617926194816,"{""alpha"": 1.0, ""length"": 3.0}",2.8488972545238616,9;12;16;18;24;30;37;42;44;45;51;63;67;86,0;4;5;11;15;17;23;28;34;35;38;40;50;52;56;60;81;82
2,2,14,C/40,1,random,catboost,5.414145612115447,6.992888398192896,{},,9;12;16;18;24;30;37;42;44;45;51;63;67;86,0;4;5;11;15;17;23;28;34;35;38;40;50;52;56;60;81;82
2,2,14,C/40,1,random,xgboost,6.733582814534505,8.688076171791769,{},,9;12;16;18;24;30;37;42;44;45;51;63;67;86,0;4;5;11;15;17;23;28;34;35;38;40;50;52;56;60;81;82
2,2,14,C/40,1,random,extra_trees,4.128661448660426,5.629890500179917,{},,9;12;16;18;24;30;37;42;44;45;51;63;67;86,0;4;5;11;15;17;23;28;34;35;38;40;50;52;56;60;81;82
2,2,14,0.05A,2,random,ridge_physics,2.6006011962890625,3.288215973359191,"{""alpha"": 1.0}",1.9938738686697823,9;12;16;18;24;30;37;42;44;45;51;63;67;86,0;4;5;11;15;17;23;28;34;35;38;40;50;52;56;60;81;82
2,2,14,0.05A,2,random,ridge_source,2.0366198221842446,2.495307289481924,"{""alpha"": 1.0}",1.967466984476362,9;12;16;18;24;30;37;42;44;45;51;63;67;86,0;4;5;11;15;17;23;28;34;35;38;40;50;52;56;60;81;82
2,2,14,0.05A,2,random,ridge_input,4.276126013861762,5.1443706108883855,"{""alpha"": 1.0}",2.493235230445862,9;12;16;18;24;30;37;42;44;45;51;63;67;86,0;4;5;11;15;17;23;28;34;35;38;40;50;52;56;60;81;82
2,2,14,0.05A,2,random,krr_rbf,2.186525132921007,2.6448717742592187,"{""alpha"": 0.1, ""gamma"": 0.05}",3.4113670587539677,9;12;16;18;24;30;37;42;44;45;51;63;67;86,0;4;5;11;15;17;23;28;34;35;38;40;50;52;56;60;81;82
2,2,14,0.05A,2,random,svr_rbf,3.970190078766378,5.478100688091098,"{""C"": 100.0, ""epsilon"": 0.2}",4.080979027911243,9;12;16;18;24;30;37;42;44;45;51;63;67;86,0;4;5;11;15;17;23;28;34;35;38;40;50;52;56;60;81;82
2,2,14,0.05A,2,random,gp_rbf,2.8160427356412847,3.558703286997476,"{""alpha"": 1.0, ""length"": 3.0}",3.389305809703953,9;12;16;18;24;30;37;42;44;45;51;63;67;86,0;4;5;11;15;17;23;28;34;35;38;40;50;52;56;60;81;82
2,2,14,0.05A,2,random,catboost,5.901250178609023,7.137223004277064,{},,9;12;16;18;24;30;37;42;44;45;51;63;67;86,0;4;5;11;15;17;23;28;34;35;38;40;50;52;56;60;81;82
2,2,14,0.05A,2,random,xgboost,7.329836951361762,8.804541677143503,{},,9;12;16;18;24;30;37;42;44;45;51;63;67;86,0;4;5;11;15;17;23;28;34;35;38;40;50;52;56;60;81;82
2,2,14,0.05A,2,random,extra_trees,4.4434084539048815,5.645338512567691,{},,9;12;16;18;24;30;37;42;44;45;51;63;67;86,0;4;5;11;15;17;23;28;34;35;38;40;50;52;56;60;81;82
2,2,14,C/10,3,random,ridge_physics,2.182165781656901,3.235590394022693,"{""alpha"": 1.0}",1.1105753694261824,9;12;16;18;24;30;37;42;44;45;51;63;67;86,0;4;5;11;15;17;23;28;34;35;38;40;50;52;56;60;81;82
2,2,14,C/10,3,random,ridge_source,1.7495125664605036,2.1160333284984234,"{""alpha"": 0.1}",1.495716861316136,9;12;16;18;24;30;37;42;44;45;51;63;67;86,0;4;5;11;15;17;23;28;34;35;38;40;50;52;56;60;81;82
2,2,14,C/10,3,random,ridge_input,4.231769561767578,5.357709774511101,"{""alpha"": 1.0}",2.291820662362235,9;12;16;18;24;30;37;42;44;45;51;63;67;86,0;4;5;11;15;17;23;28;34;35;38;40;50;52;56;60;81;82
2,2,14,C/10,3,random,krr_rbf,1.867953406439887,2.3834688490065123,"{""alpha"": 0.1, ""gamma"": 0.05}",2.5684088127953664,9;12;16;18;24;30;37;42;44;45;51;63;67;86,0;4;5;11;15;17;23;28;34;35;38;40;50;52;56;60;81;82
2,2,14,C/10,3,random,svr_rbf,2.9521743733329777,4.986215181396234,"{""C"": 100.0, ""epsilon"": 1.0}",4.107297533636833,9;12;16;18;24;30;37;42;44;45;51;63;67;86,0;4;5;11;15;17;23;28;34;35;38;40;50;52;56;60;81;82
2,2,14,C/10,3,random,gp_rbf,2.519365448007848,3.533216386392933,"{""alpha"": 1.0, ""length"": 3.0}",2.6137300065089013,9;12;16;18;24;30;37;42;44;45;51;63;67;86,0;4;5;11;15;17;23;28;34;35;38;40;50;52;56;60;81;82
2,2,14,C/10,3,random,catboost,5.525280509490703,7.097860015520229,{},,9;12;16;18;24;30;37;42;44;45;51;63;67;86,0;4;5;11;15;17;23;28;34;35;38;40;50;52;56;60;81;82
2,2,14,C/10,3,random,xgboost,6.825700124104817,8.799284436928563,{},,9;12;16;18;24;30;37;42;44;45;51;63;67;86,0;4;5;11;15;17;23;28;34;35;38;40;50;52;56;60;81;82
2,2,14,C/10,3,random,extra_trees,4.182065236779079,5.715982289759685,{},,9;12;16;18;24;30;37;42;44;45;51;63;67;86,0;4;5;11;15;17;23;28;34;35;38;40;50;52;56;60;81;82
2,2,14,C/7,4,random,ridge_physics,2.7370516459147134,3.9490009698028112,"{""alpha"": 0.1}",1.1109604494912284,9;12;16;18;24;30;37;42;44;45;51;63;67;86,0;4;5;11;15;17;23;28;34;35;38;40;50;52;56;60;81;82
2,2,14,C/7,4,random,ridge_source,1.7514656914605036,2.106744141780063,"{""alpha"": 0.1}",1.5277911935533797,9;12;16;18;24;30;37;42;44;45;51;63;67;86,0;4;5;11;15;17;23;28;34;35;38;40;50;52;56;60;81;82
2,2,14,C/7,4,random,ridge_input,4.179985894097222,5.286335489828403,"{""alpha"": 1.0}",2.333018745694841,9;12;16;18;24;30;37;42;44;45;51;63;67;86,0;4;5;11;15;17;23;28;34;35;38;40;50;52;56;60;81;82
2,2,14,C/7,4,random,krr_rbf,1.870335472954644,2.4455685592366723,"{""alpha"": 0.1, ""gamma"": 0.05}",2.501903942653111,9;12;16;18;24;30;37;42;44;45;51;63;67;86,0;4;5;11;15;17;23;28;34;35;38;40;50;52;56;60;81;82
2,2,14,C/7,4,random,svr_rbf,5.1456434484296905,7.20355355611963,"{""C"": 10.0, ""epsilon"": 1.0}",4.153170787842298,9;12;16;18;24;30;37;42;44;45;51;63;67;86,0;4;5;11;15;17;23;28;34;35;38;40;50;52;56;60;81;82
2,2,14,C/7,4,random,gp_rbf,2.6083668131936366,3.6478130766273726,"{""alpha"": 1.0, ""length"": 3.0}",2.599351428314804,9;12;16;18;24;30;37;42;44;45;51;63;67;86,0;4;5;11;15;17;23;28;34;35;38;40;50;52;56;60;81;82
2,2,14,C/7,4,random,catboost,5.595263378829905,7.140952919205217,{},,9;12;16;18;24;30;37;42;44;45;51;63;67;86,0;4;5;11;15;17;23;28;34;35;38;40;50;52;56;60;81;82
2,2,14,C/7,4,random,xgboost,6.894961463080512,8.85513084005497,{},,9;12;16;18;24;30;37;42;44;45;51;63;67;86,0;4;5;11;15;17;23;28;34;35;38;40;50;52;56;60;81;82
2,2,14,C/7,4,random,extra_trees,4.215830369500251,5.732356046487842,{},,9;12;16;18;24;30;37;42;44;45;51;63;67;86,0;4;5;11;15;17;23;28;34;35;38;40;50;52;56;60;81;82
2,2,14,C/5,5,random,ridge_physics,2.6541029612223306,3.8422464980283344,"{""alpha"": 0.1}",1.0062524250575475,9;12;16;18;24;30;37;42;44;45;51;63;67;86,0;4;5;11;15;17;23;28;34;35;38;40;50;52;56;60;81;82
2,2,14,C/5,5,random,ridge_source,1.768308851453993,2.108989818552114,"{""alpha"": 0.1}",1.5943895067487444,9;12;16;18;24;30;37;42;44;45;51;63;67;86,0;4;5;11;15;17;23;28;34;35;38;40;50;52;56;60;81;82
2,2,14,C/5,5,random,ridge_input,4.0935988956027565,5.171263629515987,"{""alpha"": 1.0}",2.3648699692317416,9;12;16;18;24;30;37;42;44;45;51;63;67;86,0;4;5;11;15;17;23;28;34;35;38;40;50;52;56;60;81;82
2,2,14,C/5,5,random,krr_rbf,1.859356350368924,2.5538614086737907,"{""alpha"": 0.1, ""gamma"": 0.05}",2.452902248927525,9;12;16;18;24;30;37;42;44;45;51;63;67;86,0;4;5;11;15;17;23;28;34;35;38;40;50;52;56;60;81;82
2,2,14,C/5,5,random,svr_rbf,5.256262875197613,7.318867032395836,"{""C"": 10.0, ""epsilon"": 1.0}",4.1900054507863285,9;12;16;18;24;30;37;42;44;45;51;63;67;86,0;4;5;11;15;17;23;28;34;35;38;40;50;52;56;60;81;82
2,2,14,C/5,5,random,gp_rbf,2.750555127832428,3.826478755229484,"{""alpha"": 1.0, ""length"": 3.0}",2.5822816962755817,9;12;16;18;24;30;37;42;44;45;51;63;67;86,0;4;5;11;15;17;23;28;34;35;38;40;50;52;56;60;81;82
2,2,14,C/5,5,random,catboost,5.723531344586276,7.257292516870677,{},,9;12;16;18;24;30;37;42;44;45;51;63;67;86,0;4;5;11;15;17;23;28;34;35;38;40;50;52;56;60;81;82
2,2,14,C/5,5,random,xgboost,7.015251159667969,8.982908770669505,{},,9;12;16;18;24;30;37;42;44;45;51;63;67;86,0;4;5;11;15;17;23;28;34;35;38;40;50;52;56;60;81;82
2,2,14,C/5,5,random,extra_trees,4.312211506089977,5.794248737559048,{},,9;12;16;18;24;30;37;42;44;45;51;63;67;86,0;4;5;11;15;17;23;28;34;35;38;40;50;52;56;60;81;82
2,2,14,C/80,0,source_cluster,ridge_physics,2.0271873474121094,2.35727113172171,"{""alpha"": 1.0}",3.1521651574543545,1;8;22;36;44;45;58;62;63;69;74;76;85;88,0;4;5;11;15;17;23;28;34;35;38;40;50;52;56;60;81;82
2,2,14,C/80,0,source_cluster,ridge_source,1.9903916252983944,2.234895750830668,"{""alpha"": 0.1}",2.988052538463048,1;8;22;36;44;45;58;62;63;69;74;76;85;88,0;4;5;11;15;17;23;28;34;35;38;40;50;52;56;60;81;82
2,2,14,C/80,0,source_cluster,ridge_input,4.133599175347222,5.83674623052328,"{""alpha"": 10.0}",6.42922181742532,1;8;22;36;44;45;58;62;63;69;74;76;85;88,0;4;5;11;15;17;23;28;34;35;38;40;50;52;56;60;81;82
2,2,14,C/80,0,source_cluster,krr_rbf,2.34856923421224,2.731077409243204,"{""alpha"": 0.1, ""gamma"": 0.05}",5.459880999156407,1;8;22;36;44;45;58;62;63;69;74;76;85;88,0;4;5;11;15;17;23;28;34;35;38;40;50;52;56;60;81;82
2,2,14,C/80,0,source_cluster,svr_rbf,2.98286662965501,3.7463059183653,"{""C"": 100.0, ""epsilon"": 0.2}",5.881702189079533,1;8;22;36;44;45;58;62;63;69;74;76;85;88,0;4;5;11;15;17;23;28;34;35;38;40;50;52;56;60;81;82
2,2,14,C/80,0,source_cluster,gp_rbf,2.2997707494269366,2.739237950062141,"{""alpha"": 1.0, ""length"": 3.0}",5.660978336172373,1;8;22;36;44;45;58;62;63;69;74;76;85;88,0;4;5;11;15;17;23;28;34;35;38;40;50;52;56;60;81;82
2,2,14,C/80,0,source_cluster,catboost,4.428981872163525,6.331210909324402,{},,1;8;22;36;44;45;58;62;63;69;74;76;85;88,0;4;5;11;15;17;23;28;34;35;38;40;50;52;56;60;81;82
2,2,14,C/80,0,source_cluster,xgboost,4.86515129937066,7.396845679778545,{},,1;8;22;36;44;45;58;62;63;69;74;76;85;88,0;4;5;11;15;17;23;28;34;35;38;40;50;52;56;60;81;82
2,2,14,C/80,0,source_cluster,extra_trees,3.935657565152203,4.556614070161328,{},,1;8;22;36;44;45;58;62;63;69;74;76;85;88,0;4;5;11;15;17;23;28;34;35;38;40;50;52;56;60;81;82
2,2,14,C/40,1,source_cluster,ridge_physics,1.750386979844835,2.011354869733672,"{""alpha"": 1.0}",2.864060163497925,1;8;22;36;44;45;58;62;63;69;74;76;85;88,0;4;5;11;15;17;23;28;34;35;38;40;50;52;56;60;81;82
2,2,14,C/40,1,source_cluster,ridge_source,1.6509043375651042,1.952607137151933,"{""alpha"": 0.1}",2.40279689856938,1;8;22;36;44;45;58;62;63;69;74;76;85;88,0;4;5;11;15;17;23;28;34;35;38;40;50;52;56;60;81;82
2,2,14,C/40,1,source_cluster,ridge_input,3.9782752990722656,5.731209753037918,"{""alpha"": 10.0}",6.219336254256112,1;8;22;36;44;45;58;62;63;69;74;76;85;88,0;4;5;11;15;17;23;28;34;35;38;40;50;52;56;60;81;82
2,2,14,C/40,1,source_cluster,krr_rbf,2.0105272928873696,2.4441572510430656,"{""alpha"": 0.1, ""gamma"": 0.05}",5.332516587206295,1;8;22;36;44;45;58;62;63;69;74;76;85;88,0;4;5;11;15;17;23;28;34;35;38;40;50;52;56;60;81;82
2,2,14,C/40,1,source_cluster,svr_rbf,2.4872709539035247,3.294234587306102,"{""C"": 100.0, ""epsilon"": 0.2}",5.535038094257601,1;8;22;36;44;45;58;62;63;69;74;76;85;88,0;4;5;11;15;17;23;28;34;35;38;40;50;52;56;60;81;82
2,2,14,C/40,1,source_cluster,gp_rbf,2.139127589068889,2.4847060801402985,"{""alpha"": 1.0, ""length"": 3.0}",5.50214749613459,1;8;22;36;44;45;58;62;63;69;74;76;85;88,0;4;5;11;15;17;23;28;34;35;38;40;50;52;56;60;81;82
2,2,14,C/40,1,source_cluster,catboost,4.244658511894995,6.25421246386266,{},,1;8;22;36;44;45;58;62;63;69;74;76;85;88,0;4;5;11;15;17;23;28;34;35;38;40;50;52;56;60;81;82
2,2,14,C/40,1,source_cluster,xgboost,4.615428076850043,7.2757263813069315,{},,1;8;22;36;44;45;58;62;63;69;74;76;85;88,0;4;5;11;15;17;23;28;34;35;38;40;50;52;56;60;81;82
2,2,14,C/40,1,source_cluster,extra_trees,3.650506308558125,4.415343507393483,{},,1;8;22;36;44;45;58;62;63;69;74;76;85;88,0;4;5;11;15;17;23;28;34;35;38;40;50;52;56;60;81;82
2,2,14,0.05A,2,source_cluster,ridge_physics,2.146038903130425,2.5384400074491817,"{""alpha"": 1.0}",3.2791466883250644,1;8;22;36;44;45;58;62;63;69;74;76;85;88,0;4;5;11;15;17;23;28;34;35;38;40;50;52;56;60;81;82
2,2,14,0.05A,2,source_cluster,ridge_source,2.073410881890191,2.353004416684411,"{""alpha"": 0.1}",3.0196609667369296,1;8;22;36;44;45;58;62;63;69;74;76;85;88,0;4;5;11;15;17;23;28;34;35;38;40;50;52;56;60;81;82
2,2,14,0.05A,2,source_cluster,ridge_input,4.160336812337239,5.725301360944468,"{""alpha"": 10.0}",6.37747733933585,1;8;22;36;44;45;58;62;63;69;74;76;85;88,0;4;5;11;15;17;23;28;34;35;38;40;50;52;56;60;81;82
2,2,14,0.05A,2,source_cluster,krr_rbf,2.4439769321017795,2.8503796851037,"{""alpha"": 0.1, ""gamma"": 0.05}",5.515313310282571,1;8;22;36;44;45;58;62;63;69;74;76;85;88,0;4;5;11;15;17;23;28;34;35;38;40;50;52;56;60;81;82
2,2,14,0.05A,2,source_cluster,svr_rbf,3.1256377951109147,3.849713394655002,"{""C"": 100.0, ""epsilon"": 0.2}",6.017384160167146,1;8;22;36;44;45;58;62;63;69;74;76;85;88,0;4;5;11;15;17;23;28;34;35;38;40;50;52;56;60;81;82
2,2,14,0.05A,2,source_cluster,gp_rbf,2.348978114819967,2.8228454023133858,"{""alpha"": 1.0, ""length"": 3.0}",5.715494729571796,1;8;22;36;44;45;58;62;63;69;74;76;85;88,0;4;5;11;15;17;23;28;34;35;38;40;50;52;56;60;81;82
2,2,14,0.05A,2,source_cluster,catboost,4.494194992471936,6.225904555362982,{},,1;8;22;36;44;45;58;62;63;69;74;76;85;88,0;4;5;11;15;17;23;28;34;35;38;40;50;52;56;60;81;82
2,2,14,0.05A,2,source_cluster,xgboost,4.941556294759114,7.285082875008642,{},,1;8;22;36;44;45;58;62;63;69;74;76;85;88,0;4;5;11;15;17;23;28;34;35;38;40;50;52;56;60;81;82
2,2,14,0.05A,2,source_cluster,extra_trees,3.906481081569008,4.43724691330247,{},,1;8;22;36;44;45;58;62;63;69;74;76;85;88,0;4;5;11;15;17;23;28;34;35;38;40;50;52;56;60;81;82
2,2,14,C/10,3,source_cluster,ridge_physics,1.6119202507866754,2.071239045481517,"{""alpha"": 1.0}",2.3251518181392123,1;8;22;36;44;45;58;62;63;69;74;76;85;88,0;4;5;11;15;17;23;28;34;35;38;40;50;52;56;60;81;82
2,2,14,C/10,3,source_cluster,ridge_source,1.9118949042426212,2.260843521555812,"{""alpha"": 0.1}",2.0543020452771867,1;8;22;36;44;45;58;62;63;69;74;76;85;88,0;4;5;11;15;17;23;28;34;35;38;40;50;52;56;60;81;82
2,2,14,C/10,3,source_cluster,ridge_input,3.924457126193576,5.507960726307747,"{""alpha"": 10.0}",5.45552134513855,1;8;22;36;44;45;58;62;63;69;74;76;85;88,0;4;5;11;15;17;23;28;34;35;38;40;50;52;56;60;81;82
2,2,14,C/10,3,source_cluster,krr_rbf,1.8798179626464844,2.343002703658045,"{""alpha"": 0.1, ""gamma"": 0.05}",5.747219345399311,1;8;22;36;44;45;58;62;63;69;74;76;85;88,0;4;5;11;15;17;23;28;34;35;38;40;50;52;56;60;81;82
2,2,14,C/10,3,source_cluster,svr_rbf,2.3085835138022515,3.086049157166672,"{""C"": 100.0, ""epsilon"": 0.2}",6.297947999332659,1;8;22;36;44;45;58;62;63;69;74;76;85;88,0;4;5;11;15;17;23;28;34;35;38;40;50;52;56;60;81;82
2,2,14,C/10,3,source_cluster,gp_rbf,2.0028360364574858,2.401326249151712,"{""alpha"": 1.0, ""length"": 3.0}",5.968725318876328,1;8;22;36;44;45;58;62;63;69;74;76;85;88,0;4;5;11;15;17;23;28;34;35;38;40;50;52;56;60;81;82
2,2,14,C/10,3,source_cluster,catboost,4.179138319396127,6.253050597983788,{},,1;8;22;36;44;45;58;62;63;69;74;76;85;88,0;4;5;11;15;17;23;28;34;35;38;40;50;52;56;60;81;82
2,2,14,C/10,3,source_cluster,xgboost,4.620069715711805,7.258756602556431,{},,1;8;22;36;44;45;58;62;63;69;74;76;85;88,0;4;5;11;15;17;23;28;34;35;38;40;50;52;56;60;81;82
2,2,14,C/10,3,source_cluster,extra_trees,3.6603739967421873,4.552697953416141,{},,1;8;22;36;44;45;58;62;63;69;74;76;85;88,0;4;5;11;15;17;23;28;34;35;38;40;50;52;56;60;81;82
2,2,14,C/7,4,source_cluster,ridge_physics,1.618363274468316,2.10844337349229,"{""alpha"": 1.0}",2.279282603945051,1;8;22;36;44;45;58;62;63;69;74;76;85;88,0;4;5;11;15;17;23;28;34;35;38;40;50;52;56;60;81;82
2,2,14,C/7,4,source_cluster,ridge_source,2.0569860670301647,2.404693021623648,"{""alpha"": 0.1}",2.135707514626639,1;8;22;36;44;45;58;62;63;69;74;76;85;88,0;4;5;11;15;17;23;28;34;35;38;40;50;52;56;60;81;82
2,2,14,C/7,4,source_cluster,ridge_input,3.922775268554688,5.457307890292254,"{""alpha"": 10.0}",5.347200768334525,1;8;22;36;44;45;58;62;63;69;74;76;85;88,0;4;5;11;15;17;23;28;34;35;38;40;50;52;56;60;81;82
2,2,14,C/7,4,source_cluster,krr_rbf,1.877404954698351,2.3247192116899478,"{""alpha"": 0.1, ""gamma"": 0.05}",5.839869507721493,1;8;22;36;44;45;58;62;63;69;74;76;85;88,0;4;5;11;15;17;23;28;34;35;38;40;50;52;56;60;81;82
2,2,14,C/7,4,source_cluster,svr_rbf,2.270285298656934,3.0291038840996216,"{""C"": 100.0, ""epsilon"": 0.2}",6.427924305313615,1;8;22;36;44;45;58;62;63;69;74;76;85;88,0;4;5;11;15;17;23;28;34;35;38;40;50;52;56;60;81;82
2,2,14,C/7,4,source_cluster,gp_rbf,1.993691913654901,2.379443353325424,"{""alpha"": 1.0, ""length"": 3.0}",6.080873072233876,1;8;22;36;44;45;58;62;63;69;74;76;85;88,0;4;5;11;15;17;23;28;34;35;38;40;50;52;56;60;81;82
2,2,14,C/7,4,source_cluster,catboost,4.221711000522419,6.2415173495436695,{},,1;8;22;36;44;45;58;62;63;69;74;76;85;88,0;4;5;11;15;17;23;28;34;35;38;40;50;52;56;60;81;82
2,2,14,C/7,4,source_cluster,xgboost,4.643959469265408,7.243806703102108,{},,1;8;22;36;44;45;58;62;63;69;74;76;85;88,0;4;5;11;15;17;23;28;34;35;38;40;50;52;56;60;81;82
2,2,14,C/7,4,source_cluster,extra_trees,3.6704814685904776,4.560679629177018,{},,1;8;22;36;44;45;58;62;63;69;74;76;85;88,0;4;5;11;15;17;23;28;34;35;38;40;50;52;56;60;81;82
2,2,14,C/5,5,source_cluster,ridge_physics,1.3837284511990018,1.7671734775376522,"{""alpha"": 0.1}",2.257724796022688,1;8;22;36;44;45;58;62;63;69;74;76;85;88,0;4;5;11;15;17;23;28;34;35;38;40;50;52;56;60;81;82
2,2,14,C/5,5,source_cluster,ridge_source,2.182999504937066,2.5640536520265838,"{""alpha"": 0.1}",2.2902982916150774,1;8;22;36;44;45;58;62;63;69;74;76;85;88,0;4;5;11;15;17;23;28;34;35;38;40;50;52;56;60;81;82
2,2,14,C/5,5,source_cluster,ridge_input,3.947869618733724,5.422337369233639,"{""alpha"": 10.0}",5.253027881894793,1;8;22;36;44;45;58;62;63;69;74;76;85;88,0;4;5;11;15;17;23;28;34;35;38;40;50;52;56;60;81;82
2,2,14,C/5,5,source_cluster,krr_rbf,1.8388370937771268,2.2819002886959163,"{""alpha"": 0.1, ""gamma"": 0.05}",5.960855501038687,1;8;22;36;44;45;58;62;63;69;74;76;85;88,0;4;5;11;15;17;23;28;34;35;38;40;50;52;56;60;81;82
2,2,14,C/5,5,source_cluster,svr_rbf,2.189930637164562,2.933463968391111,"{""C"": 100.0, ""epsilon"": 0.2}",6.597452612793277,1;8;22;36;44;45;58;62;63;69;74;76;85;88,0;4;5;11;15;17;23;28;34;35;38;40;50;52;56;60;81;82
2,2,14,C/5,5,source_cluster,gp_rbf,1.9531584950827927,2.3428217894716155,"{""alpha"": 1.0, ""length"": 3.0}",6.223106454679232,1;8;22;36;44;45;58;62;63;69;74;76;85;88,0;4;5;11;15;17;23;28;34;35;38;40;50;52;56;60;81;82
2,2,14,C/5,5,source_cluster,catboost,4.160287848375872,6.204438443879771,{},,1;8;22;36;44;45;58;62;63;69;74;76;85;88,0;4;5;11;15;17;23;28;34;35;38;40;50;52;56;60;81;82
2,2,14,C/5,5,source_cluster,xgboost,4.7060657077365455,7.254980491833725,{},,1;8;22;36;44;45;58;62;63;69;74;76;85;88,0;4;5;11;15;17;23;28;34;35;38;40;50;52;56;60;81;82
2,2,14,C/5,5,source_cluster,extra_trees,3.61675437569618,4.529602030423945,{},,1;8;22;36;44;45;58;62;63;69;74;76;85;88,0;4;5;11;15;17;23;28;34;35;38;40;50;52;56;60;81;82
2,2,14,C/80,0,physical_cluster,ridge_physics,2.145331912570529,2.349169908755148,"{""alpha"": 1.0}",2.68758567741939,30;44;45;48;57;62;63;68;69;71;73;74;76;83,0;4;5;11;15;17;23;28;34;35;38;40;50;52;56;60;81;82
2,2,14,C/80,0,physical_cluster,ridge_source,2.0603646172417536,2.326613253686318,"{""alpha"": 0.1}",2.4584844963891164,30;44;45;48;57;62;63;68;69;71;73;74;76;83,0;4;5;11;15;17;23;28;34;35;38;40;50;52;56;60;81;82
2,2,14,C/80,0,physical_cluster,ridge_input,4.62780041164822,5.971430677264434,"{""alpha"": 10.0}",5.6908092839377264,30;44;45;48;57;62;63;68;69;71;73;74;76;83,0;4;5;11;15;17;23;28;34;35;38;40;50;52;56;60;81;82
2,2,14,C/80,0,physical_cluster,krr_rbf,2.179401397705078,2.573864111491618,"{""alpha"": 0.1, ""gamma"": 0.05}",4.977372569697244,30;44;45;48;57;62;63;68;69;71;73;74;76;83,0;4;5;11;15;17;23;28;34;35;38;40;50;52;56;60;81;82
2,2,14,C/80,0,physical_cluster,svr_rbf,2.5173419383289093,2.857251460640738,"{""C"": 100.0, ""epsilon"": 1.0}",5.803299662012869,30;44;45;48;57;62;63;68;69;71;73;74;76;83,0;4;5;11;15;17;23;28;34;35;38;40;50;52;56;60;81;82
2,2,14,C/80,0,physical_cluster,gp_rbf,2.381918514232671,2.8445085353909936,"{""alpha"": 1.0, ""length"": 3.0}",5.28818002368657,30;44;45;48;57;62;63;68;69;71;73;74;76;83,0;4;5;11;15;17;23;28;34;35;38;40;50;52;56;60;81;82
2,2,14,C/80,0,physical_cluster,catboost,4.534506959813943,6.94090844853944,{},,30;44;45;48;57;62;63;68;69;71;73;74;76;83,0;4;5;11;15;17;23;28;34;35;38;40;50;52;56;60;81;82
2,2,14,C/80,0,physical_cluster,xgboost,4.686466640896267,7.9804767898503295,{},,30;44;45;48;57;62;63;68;69;71;73;74;76;83,0;4;5;11;15;17;23;28;34;35;38;40;50;52;56;60;81;82
2,2,14,C/80,0,physical_cluster,extra_trees,3.727758977295444,4.801353876844944,{},,30;44;45;48;57;62;63;68;69;71;73;74;76;83,0;4;5;11;15;17;23;28;34;35;38;40;50;52;56;60;81;82
2,2,14,C/40,1,physical_cluster,ridge_physics,1.7844390869140625,2.061341582151606,"{""alpha"": 1.0}",1.962523102760315,30;44;45;48;57;62;63;68;69;71;73;74;76;83,0;4;5;11;15;17;23;28;34;35;38;40;50;52;56;60;81;82
2,2,14,C/40,1,physical_cluster,ridge_source,1.699988471137153,1.954771948980912,"{""alpha"": 0.1}",1.690792441368103,30;44;45;48;57;62;63;68;69;71;73;74;76;83,0;4;5;11;15;17;23;28;34;35;38;40;50;52;56;60;81;82
2,2,14,C/40,1,physical_cluster,ridge_input,4.447991689046224,5.80751312046793,"{""alpha"": 10.0}",5.294979810714722,30;44;45;48;57;62;63;68;69;71;73;74;76;83,0;4;5;11;15;17;23;28;34;35;38;40;50;52;56;60;81;82
2,2,14,C/40,1,physical_cluster,krr_rbf,1.8918919033474395,2.20302228219209,"{""alpha"": 0.1, ""gamma"": 0.05}",4.444082330380168,30;44;45;48;57;62;63;68;69;71;73;74;76;83,0;4;5;11;15;17;23;28;34;35;38;40;50;52;56;60;81;82
2,2,14,C/40,1,physical_cluster,svr_rbf,1.79807308541485,2.092602459877104,"{""C"": 100.0, ""epsilon"": 0.2}",5.155231364922918,30;44;45;48;57;62;63;68;69;71;73;74;76;83,0;4;5;11;15;17;23;28;34;35;38;40;50;52;56;60;81;82
2,2,14,C/40,1,physical_cluster,gp_rbf,2.081090530797089,2.469969337761564,"{""alpha"": 1.0, ""length"": 3.0}",4.772585673035107,30;44;45;48;57;62;63;68;69;71;73;74;76;83,0;4;5;11;15;17;23;28;34;35;38;40;50;52;56;60;81;82
2,2,14,C/40,1,physical_cluster,catboost,4.365294510196893,6.768686657186862,{},,30;44;45;48;57;62;63;68;69;71;73;74;76;83,0;4;5;11;15;17;23;28;34;35;38;40;50;52;56;60;81;82
2,2,14,C/40,1,physical_cluster,xgboost,4.4601927863227,7.791746651538929,{},,30;44;45;48;57;62;63;68;69;71;73;74;76;83,0;4;5;11;15;17;23;28;34;35;38;40;50;52;56;60;81;82
2,2,14,C/40,1,physical_cluster,extra_trees,3.42730391378756,4.5186489828827305,{},,30;44;45;48;57;62;63;68;69;71;73;74;76;83,0;4;5;11;15;17;23;28;34;35;38;40;50;52;56;60;81;82
2,2,14,0.05A,2,physical_cluster,ridge_physics,2.2616064283582897,2.5110909096695986,"{""alpha"": 1.0}",2.9303713185446605,30;44;45;48;57;62;63;68;69;71;73;74;76;83,0;4;5;11;15;17;23;28;34;35;38;40;50;52;56;60;81;82
2,2,14,0.05A,2,physical_cluster,ridge_source,2.163882361518012,2.4720888734284947,"{""alpha"": 0.1}",2.5536169154303416,30;44;45;48;57;62;63;68;69;71;73;74;76;83,0;4;5;11;15;17;23;28;34;35;38;40;50;52;56;60;81;82
2,2,14,0.05A,2,physical_cluster,ridge_input,4.626789093017578,5.929652276827607,"{""alpha"": 10.0}",5.726233959197998,30;44;45;48;57;62;63;68;69;71;73;74;76;83,0;4;5;11;15;17;23;28;34;35;38;40;50;52;56;60;81;82
2,2,14,0.05A,2,physical_cluster,krr_rbf,2.2839232550727,2.7272159230501134,"{""alpha"": 0.1, ""gamma"": 0.05}",5.103949563843863,30;44;45;48;57;62;63;68;69;71;73;74;76;83,0;4;5;11;15;17;23;28;34;35;38;40;50;52;56;60;81;82
2,2,14,0.05A,2,physical_cluster,svr_rbf,2.712838564065995,3.068059852333076,"{""C"": 100.0, ""epsilon"": 1.0}",5.765466493164412,30;44;45;48;57;62;63;68;69;71;73;74;76;83,0;4;5;11;15;17;23;28;34;35;38;40;50;52;56;60;81;82
2,2,14,0.05A,2,physical_cluster,gp_rbf,2.483590608368848,2.9776907925407707,"{""alpha"": 1.0, ""length"": 3.0}",5.392931448370421,30;44;45;48;57;62;63;68;69;71;73;74;76;83,0;4;5;11;15;17;23;28;34;35;38;40;50;52;56;60;81;82
2,2,14,0.05A,2,physical_cluster,catboost,4.538248892975309,6.899611778436685,{},,30;44;45;48;57;62;63;68;69;71;73;74;76;83,0;4;5;11;15;17;23;28;34;35;38;40;50;52;56;60;81;82
2,2,14,0.05A,2,physical_cluster,xgboost,4.737241533067492,7.89368142509533,{},,30;44;45;48;57;62;63;68;69;71;73;74;76;83,0;4;5;11;15;17;23;28;34;35;38;40;50;52;56;60;81;82
2,2,14,0.05A,2,physical_cluster,extra_trees,3.863917265678416,4.877990901620396,{},,30;44;45;48;57;62;63;68;69;71;73;74;76;83,0;4;5;11;15;17;23;28;34;35;38;40;50;52;56;60;81;82
2,2,14,C/10,3,physical_cluster,ridge_physics,1.5734969245062933,2.1388976710306538,"{""alpha"": 1.0}",1.3594297000340052,30;44;45;48;57;62;63;68;69;71;73;74;76;83,0;4;5;11;15;17;23;28;34;35;38;40;50;52;56;60;81;82
2,2,14,C/10,3,physical_cluster,ridge_source,1.7362891303168402,2.0984196448550647,"{""alpha"": 0.1}",1.4579689502716064,30;44;45;48;57;62;63;68;69;71;73;74;76;83,0;4;5;11;15;17;23;28;34;35;38;40;50;52;56;60;81;82
2,2,14,C/10,3,physical_cluster,ridge_input,4.184981875949436,5.4952880247373095,"{""alpha"": 10.0}",4.654828786849976,30;44;45;48;57;62;63;68;69;71;73;74;76;83,0;4;5;11;15;17;23;28;34;35;38;40;50;52;56;60;81;82
2,2,14,C/10,3,physical_cluster,krr_rbf,1.6874817742241754,2.1318514408454865,"{""alpha"": 0.1, ""gamma"": 0.05}",4.736552442823138,30;44;45;48;57;62;63;68;69;71;73;74;76;83,0;4;5;11;15;17;23;28;34;35;38;40;50;52;56;60;81;82
2,2,14,C/10,3,physical_cluster,svr_rbf,1.53985607341026,2.078613087574242,"{""C"": 100.0, ""epsilon"": 0.2}",6.032207080791915,30;44;45;48;57;62;63;68;69;71;73;74;76;83,0;4;5;11;15;17;23;28;34;35;38;40;50;52;56;60;81;82
2,2,14,C/10,3,physical_cluster,gp_rbf,1.879093399053672,2.326438250326846,"{""alpha"": 1.0, ""length"": 3.0}",5.091475026706424,30;44;45;48;57;62;63;68;69;71;73;74;76;83,0;4;5;11;15;17;23;28;34;35;38;40;50;52;56;60;81;82
2,2,14,C/10,3,physical_cluster,catboost,4.3618718373679135,6.721232624027533,{},,30;44;45;48;57;62;63;68;69;71;73;74;76;83,0;4;5;11;15;17;23;28;34;35;38;40;50;52;56;60;81;82
2,2,14,C/10,3,physical_cluster,xgboost,4.511105007595486,7.742572840649878,{},,30;44;45;48;57;62;63;68;69;71;73;74;76;83,0;4;5;11;15;17;23;28;34;35;38;40;50;52;56;60;81;82
2,2,14,C/10,3,physical_cluster,extra_trees,3.359260758176259,4.529784747223882,{},,30;44;45;48;57;62;63;68;69;71;73;74;76;83,0;4;5;11;15;17;23;28;34;35;38;40;50;52;56;60;81;82
2,2,14,C/7,4,physical_cluster,ridge_physics,1.587735070122613,2.176780619749025,"{""alpha"": 1.0}",1.3605220317840576,30;44;45;48;57;62;63;68;69;71;73;74;76;83,0;4;5;11;15;17;23;28;34;35;38;40;50;52;56;60;81;82
2,2,14,C/7,4,physical_cluster,ridge_source,1.896757337782118,2.233593764467637,"{""alpha"": 0.1}",1.6278844220297677,30;44;45;48;57;62;63;68;69;71;73;74;76;83,0;4;5;11;15;17;23;28;34;35;38;40;50;52;56;60;81;82
2,2,14,C/7,4,physical_cluster,ridge_input,4.138738420274523,5.436736872898592,"{""alpha"": 10.0}",4.596208231789725,30;44;45;48;57;62;63;68;69;71;73;74;76;83,0;4;5;11;15;17;23;28;34;35;38;40;50;52;56;60;81;82
2,2,14,C/7,4,physical_cluster,krr_rbf,1.685760498046875,2.139762058129298,"{""alpha"": 0.1, ""gamma"": 0.05}",4.829861666475024,30;44;45;48;57;62;63;68;69;71;73;74;76;83,0;4;5;11;15;17;23;28;34;35;38;40;50;52;56;60;81;82
2,2,14,C/7,4,physical_cluster,svr_rbf,1.5614015108900707,2.147408431796783,"{""C"": 100.0, ""epsilon"": 0.2}",6.230294788839028,30;44;45;48;57;62;63;68;69;71;73;74;76;83,0;4;5;11;15;17;23;28;34;35;38;40;50;52;56;60;81;82
2,2,14,C/7,4,physical_cluster,gp_rbf,1.8747842287260497,2.3048392509202222,"{""alpha"": 1.0, ""length"": 3.0}",5.23900542056427,30;44;45;48;57;62;63;68;69;71;73;74;76;83,0;4;5;11;15;17;23;28;34;35;38;40;50;52;56;60;81;82
2,2,14,C/7,4,physical_cluster,catboost,4.386930269990967,6.73426800512141,{},,30;44;45;48;57;62;63;68;69;71;73;74;76;83,0;4;5;11;15;17;23;28;34;35;38;40;50;52;56;60;81;82
2,2,14,C/7,4,physical_cluster,xgboost,4.526808420817058,7.741928395555562,{},,30;44;45;48;57;62;63;68;69;71;73;74;76;83,0;4;5;11;15;17;23;28;34;35;38;40;50;52;56;60;81;82
2,2,14,C/7,4,physical_cluster,extra_trees,3.390031677019867,4.550509086868464,{},,30;44;45;48;57;62;63;68;69;71;73;74;76;83,0;4;5;11;15;17;23;28;34;35;38;40;50;52;56;60;81;82
2,2,14,C/5,5,physical_cluster,ridge_physics,1.647793663872613,2.226620682846091,"{""alpha"": 1.0}",1.4166992732456751,30;44;45;48;57;62;63;68;69;71;73;74;76;83,0;4;5;11;15;17;23;28;34;35;38;40;50;52;56;60;81;82
2,2,14,C/5,5,physical_cluster,ridge_source,2.047456529405382,2.39952505417379,"{""alpha"": 0.1}",1.789628573826381,30;44;45;48;57;62;63;68;69;71;73;74;76;83,0;4;5;11;15;17;23;28;34;35;38;40;50;52;56;60;81;82
2,2,14,C/5,5,physical_cluster,ridge_input,4.151023864746094,5.416992531842385,"{""alpha"": 10.0}",4.59664968081883,30;44;45;48;57;62;63;68;69;71;73;74;76;83,0;4;5;11;15;17;23;28;34;35;38;40;50;52;56;60;81;82
2,2,14,C/5,5,physical_cluster,krr_rbf,1.7238316006130645,2.1706053604258413,"{""alpha"": 0.1, ""gamma"": 0.05}",4.939838911805834,30;44;45;48;57;62;63;68;69;71;73;74;76;83,0;4;5;11;15;17;23;28;34;35;38;40;50;52;56;60;81;82
2,2,14,C/5,5,physical_cluster,svr_rbf,1.5956990577461303,2.235163917628692,"{""C"": 100.0, ""epsilon"": 0.2}",6.320791285086427,30;44;45;48;57;62;63;68;69;71;73;74;76;83,0;4;5;11;15;17;23;28;34;35;38;40;50;52;56;60;81;82
2,2,14,C/5,5,physical_cluster,gp_rbf,1.9120914331126015,2.3138550011740207,"{""alpha"": 1.0, ""length"": 3.0}",5.414761413552341,30;44;45;48;57;62;63;68;69;71;73;74;76;83,0;4;5;11;15;17;23;28;34;35;38;40;50;52;56;60;81;82
2,2,14,C/5,5,physical_cluster,catboost,4.5061793870991655,6.775144928147431,{},,30;44;45;48;57;62;63;68;69;71;73;74;76;83,0;4;5;11;15;17;23;28;34;35;38;40;50;52;56;60;81;82
2,2,14,C/5,5,physical_cluster,xgboost,4.589693705240886,7.7657074459216116,{},,30;44;45;48;57;62;63;68;69;71;73;74;76;83,0;4;5;11;15;17;23;28;34;35;38;40;50;52;56;60;81;82
2,2,14,C/5,5,physical_cluster,extra_trees,3.4234344554325875,4.608654654888339,{},,30;44;45;48;57;62;63;68;69;71;73;74;76;83,0;4;5;11;15;17;23;28;34;35;38;40;50;52;56;60;81;82
2,2,14,C/80,0,input_cluster,ridge_physics,1.855136023627387,2.2365560330248506,"{""alpha"": 0.1}",2.6460866928100586,6;8;9;29;36;42;55;58;62;66;67;68;69;72,0;4;5;11;15;17;23;28;34;35;38;40;50;52;56;60;81;82
2,2,14,C/80,0,input_cluster,ridge_source,2.000446319580078,2.2773541082693005,"{""alpha"": 0.1}",3.152947425842285,6;8;9;29;36;42;55;58;62;66;67;68;69;72,0;4;5;11;15;17;23;28;34;35;38;40;50;52;56;60;81;82
2,2,14,C/80,0,input_cluster,ridge_input,5.782602098253038,6.607580970339546,"{""alpha"": 0.1}",7.48674167905535,6;8;9;29;36;42;55;58;62;66;67;68;69;72,0;4;5;11;15;17;23;28;34;35;38;40;50;52;56;60;81;82
2,2,14,C/80,0,input_cluster,krr_rbf,2.223662482367621,2.645632882183678,"{""alpha"": 0.1, ""gamma"": 0.05}",4.789204367569515,6;8;9;29;36;42;55;58;62;66;67;68;69;72,0;4;5;11;15;17;23;28;34;35;38;40;50;52;56;60;81;82
2,2,14,C/80,0,input_cluster,svr_rbf,1.6956403025239917,2.082486423640852,"{""C"": 100.0, ""epsilon"": 1.0}",5.053246572120214,6;8;9;29;36;42;55;58;62;66;67;68;69;72,0;4;5;11;15;17;23;28;34;35;38;40;50;52;56;60;81;82
2,2,14,C/80,0,input_cluster,gp_rbf,2.16632237066913,2.5597255417569875,"{""alpha"": 1.0, ""length"": 3.0}",5.427606296883978,6;8;9;29;36;42;55;58;62;66;67;68;69;72,0;4;5;11;15;17;23;28;34;35;38;40;50;52;56;60;81;82
2,2,14,C/80,0,input_cluster,catboost,3.667050544524061,4.916911831719504,{},,6;8;9;29;36;42;55;58;62;66;67;68;69;72,0;4;5;11;15;17;23;28;34;35;38;40;50;52;56;60;81;82
2,2,14,C/80,0,input_cluster,xgboost,4.330286661783855,6.364198662399978,{},,6;8;9;29;36;42;55;58;62;66;67;68;69;72,0;4;5;11;15;17;23;28;34;35;38;40;50;52;56;60;81;82
2,2,14,C/80,0,input_cluster,extra_trees,2.549882966803496,3.1473368357011267,{},,6;8;9;29;36;42;55;58;62;66;67;68;69;72,0;4;5;11;15;17;23;28;34;35;38;40;50;52;56;60;81;82
2,2,14,C/40,1,input_cluster,ridge_physics,1.4920217725965712,1.755908320176357,"{""alpha"": 0.1}",2.43143173626491,6;8;9;29;36;42;55;58;62;66;67;68;69;72,0;4;5;11;15;17;23;28;34;35;38;40;50;52;56;60;81;82
2,2,14,C/40,1,input_cluster,ridge_source,1.7420696682400174,2.0526425861680084,"{""alpha"": 0.1}",2.704282317842756,6;8;9;29;36;42;55;58;62;66;67;68;69;72,0;4;5;11;15;17;23;28;34;35;38;40;50;52;56;60;81;82
2,2,14,C/40,1,input_cluster,ridge_input,5.527789645724827,6.288802971633641,"{""alpha"": 0.1}",6.9898806640080045,6;8;9;29;36;42;55;58;62;66;67;68;69;72,0;4;5;11;15;17;23;28;34;35;38;40;50;52;56;60;81;82
2,2,14,C/40,1,input_cluster,krr_rbf,1.902489556206597,2.2901564560072107,"{""alpha"": 0.1, ""gamma"": 0.05}",4.844762295484543,6;8;9;29;36;42;55;58;62;66;67;68;69;72,0;4;5;11;15;17;23;28;34;35;38;40;50;52;56;60;81;82
2,2,14,C/40,1,input_cluster,svr_rbf,1.4910657183514628,1.7564209459139664,"{""C"": 100.0, ""epsilon"": 1.0}",5.017081404194784,6;8;9;29;36;42;55;58;62;66;67;68;69;72,0;4;5;11;15;17;23;28;34;35;38;40;50;52;56;60;81;82
2,2,14,C/40,1,input_cluster,gp_rbf,1.912036237160424,2.229740969960851,"{""alpha"": 1.0, ""length"": 3.0}",5.488558449708419,6;8;9;29;36;42;55;58;62;66;67;68;69;72,0;4;5;11;15;17;23;28;34;35;38;40;50;52;56;60;81;82
2,2,14,C/40,1,input_cluster,catboost,3.604470624266217,4.863421246323852,{},,6;8;9;29;36;42;55;58;62;66;67;68;69;72,0;4;5;11;15;17;23;28;34;35;38;40;50;52;56;60;81;82
2,2,14,C/40,1,input_cluster,xgboost,4.1918750339084205,6.38712016103573,{},,6;8;9;29;36;42;55;58;62;66;67;68;69;72,0;4;5;11;15;17;23;28;34;35;38;40;50;52;56;60;81;82
2,2,14,C/40,1,input_cluster,extra_trees,2.259991531132391,3.001847420623378,{},,6;8;9;29;36;42;55;58;62;66;67;68;69;72,0;4;5;11;15;17;23;28;34;35;38;40;50;52;56;60;81;82
2,2,14,0.05A,2,input_cluster,ridge_physics,1.9797515869140625,2.457012781797028,"{""alpha"": 0.1}",2.6707424776894704,6;8;9;29;36;42;55;58;62;66;67;68;69;72,0;4;5;11;15;17;23;28;34;35;38;40;50;52;56;60;81;82
2,2,14,0.05A,2,input_cluster,ridge_source,2.066302405463325,2.4013012767893853,"{""alpha"": 0.1}",3.2412820543561662,6;8;9;29;36;42;55;58;62;66;67;68;69;72,0;4;5;11;15;17;23;28;34;35;38;40;50;52;56;60;81;82
2,2,14,0.05A,2,input_cluster,ridge_input,5.817000071207683,6.601752463190789,"{""alpha"": 0.1}",7.46669282232012,6;8;9;29;36;42;55;58;62;66;67;68;69;72,0;4;5;11;15;17;23;28;34;35;38;40;50;52;56;60;81;82
2,2,14,0.05A,2,input_cluster,krr_rbf,2.309903038872613,2.7986913611159387,"{""alpha"": 0.1, ""gamma"": 0.05}",4.808001458644867,6;8;9;29;36;42;55;58;62;66;67;68;69;72,0;4;5;11;15;17;23;28;34;35;38;40;50;52;56;60;81;82
2,2,14,0.05A,2,input_cluster,svr_rbf,1.8471233098906243,2.287411576923265,"{""C"": 100.0, ""epsilon"": 1.0}",5.085027771611208,6;8;9;29;36;42;55;58;62;66;67;68;69;72,0;4;5;11;15;17;23;28;34;35;38;40;50;52;56;60;81;82
2,2,14,0.05A,2,input_cluster,gp_rbf,2.258400814466209,2.7009168408401147,"{""alpha"": 1.0, ""length"": 3.0}",5.434331227461213,6;8;9;29;36;42;55;58;62;66;67;68;69;72,0;4;5;11;15;17;23;28;34;35;38;40;50;52;56;60;81;82
2,2,14,0.05A,2,input_cluster,catboost,3.665310912491499,4.883565876242137,{},,6;8;9;29;36;42;55;58;62;66;67;68;69;72,0;4;5;11;15;17;23;28;34;35;38;40;50;52;56;60;81;82
2,2,14,0.05A,2,input_cluster,xgboost,4.36707263522678,6.20954512945826,{},,6;8;9;29;36;42;55;58;62;66;67;68;69;72,0;4;5;11;15;17;23;28;34;35;38;40;50;52;56;60;81;82
2,2,14,0.05A,2,input_cluster,extra_trees,2.6144902390020857,3.222380007909904,{},,6;8;9;29;36;42;55;58;62;66;67;68;69;72,0;4;5;11;15;17;23;28;34;35;38;40;50;52;56;60;81;82
2,2,14,C/10,3,input_cluster,ridge_physics,1.3216035630967882,1.693037120584383,"{""alpha"": 0.1}",2.081846305302211,6;8;9;29;36;42;55;58;62;66;67;68;69;72,0;4;5;11;15;17;23;28;34;35;38;40;50;52;56;60;81;82
2,2,14,C/10,3,input_cluster,ridge_source,1.9116397433810763,2.2718651496407376,"{""alpha"": 1.0}",2.233148881367274,6;8;9;29;36;42;55;58;62;66;67;68;69;72,0;4;5;11;15;17;23;28;34;35;38;40;50;52;56;60;81;82
2,2,14,C/10,3,input_cluster,ridge_input,3.6409886678059897,5.067993215878006,"{""alpha"": 10.0}",6.17535536629813,6;8;9;29;36;42;55;58;62;66;67;68;69;72,0;4;5;11;15;17;23;28;34;35;38;40;50;52;56;60;81;82
2,2,14,C/10,3,input_cluster,krr_rbf,1.7896469963921442,2.302726325164776,"{""alpha"": 0.1, ""gamma"": 0.05}",5.152556232043675,6;8;9;29;36;42;55;58;62;66;67;68;69;72,0;4;5;11;15;17;23;28;34;35;38;40;50;52;56;60;81;82
2,2,14,C/10,3,input_cluster,svr_rbf,1.3941049983447396,1.8693463269720645,"{""C"": 100.0, ""epsilon"": 1.0}",5.360467989042284,6;8;9;29;36;42;55;58;62;66;67;68;69;72,0;4;5;11;15;17;23;28;34;35;38;40;50;52;56;60;81;82
2,2,14,C/10,3,input_cluster,gp_rbf,1.8525023179151776,2.214598550099491,"{""alpha"": 1.0, ""length"": 3.0}",5.882825025888858,6;8;9;29;36;42;55;58;62;66;67;68;69;72,0;4;5;11;15;17;23;28;34;35;38;40;50;52;56;60;81;82
2,2,14,C/10,3,input_cluster,catboost,3.513558751290505,4.918776251922186,{},,6;8;9;29;36;42;55;58;62;66;67;68;69;72,0;4;5;11;15;17;23;28;34;35;38;40;50;52;56;60;81;82
2,2,14,C/10,3,input_cluster,xgboost,4.336890750461155,6.479001802442677,{},,6;8;9;29;36;42;55;58;62;66;67;68;69;72,0;4;5;11;15;17;23;28;34;35;38;40;50;52;56;60;81;82
2,2,14,C/10,3,input_cluster,extra_trees,2.2298073810496644,3.3980387190793,{},,6;8;9;29;36;42;55;58;62;66;67;68;69;72,0;4;5;11;15;17;23;28;34;35;38;40;50;52;56;60;81;82
2,2,14,C/7,4,input_cluster,ridge_physics,1.3561121622721355,1.744414459810289,"{""alpha"": 0.1}",2.06343412399292,6;8;9;29;36;42;55;58;62;66;67;68;69;72,0;4;5;11;15;17;23;28;34;35;38;40;50;52;56;60;81;82
2,2,14,C/7,4,input_cluster,ridge_source,2.246451907687717,2.572384430697373,"{""alpha"": 0.1}",2.276693889072963,6;8;9;29;36;42;55;58;62;66;67;68;69;72,0;4;5;11;15;17;23;28;34;35;38;40;50;52;56;60;81;82
2,2,14,C/7,4,input_cluster,ridge_input,5.111050075954861,5.757867695006886,"{""alpha"": 0.1}",5.996415206364223,6;8;9;29;36;42;55;58;62;66;67;68;69;72,0;4;5;11;15;17;23;28;34;35;38;40;50;52;56;60;81;82
2,2,14,C/7,4,input_cluster,krr_rbf,1.828480190700955,2.414875834874253,"{""alpha"": 0.1, ""gamma"": 0.05}",5.162164398602077,6;8;9;29;36;42;55;58;62;66;67;68;69;72,0;4;5;11;15;17;23;28;34;35;38;40;50;52;56;60;81;82
2,2,14,C/7,4,input_cluster,svr_rbf,1.4454299130616068,2.006691447635376,"{""C"": 100.0, ""epsilon"": 1.0}",5.309914163146284,6;8;9;29;36;42;55;58;62;66;67;68;69;72,0;4;5;11;15;17;23;28;34;35;38;40;50;52;56;60;81;82
2,2,14,C/7,4,input_cluster,gp_rbf,1.8777023558386612,2.28894354050493,"{""alpha"": 1.0, ""length"": 3.0}",5.910917142808279,6;8;9;29;36;42;55;58;62;66;67;68;69;72,0;4;5;11;15;17;23;28;34;35;38;40;50;52;56;60;81;82
2,2,14,C/7,4,input_cluster,catboost,3.556006723990836,4.986478217813911,{},,6;8;9;29;36;42;55;58;62;66;67;68;69;72,0;4;5;11;15;17;23;28;34;35;38;40;50;52;56;60;81;82
2,2,14,C/7,4,input_cluster,xgboost,4.35766092936198,6.512555428864331,{},,6;8;9;29;36;42;55;58;62;66;67;68;69;72,0;4;5;11;15;17;23;28;34;35;38;40;50;52;56;60;81;82
2,2,14,C/7,4,input_cluster,extra_trees,2.342709451377708,3.607139203941186,{},,6;8;9;29;36;42;55;58;62;66;67;68;69;72,0;4;5;11;15;17;23;28;34;35;38;40;50;52;56;60;81;82
2,2,14,C/5,5,input_cluster,ridge_physics,1.2957509358723958,1.708532222866043,"{""alpha"": 0.1}",2.0424118723188127,6;8;9;29;36;42;55;58;62;66;67;68;69;72,0;4;5;11;15;17;23;28;34;35;38;40;50;52;56;60;81;82
2,2,14,C/5,5,input_cluster,ridge_source,2.368655734592014,2.702927951358764,"{""alpha"": 0.1}",2.4598216669900075,6;8;9;29;36;42;55;58;62;66;67;68;69;72,0;4;5;11;15;17;23;28;34;35;38;40;50;52;56;60;81;82
2,2,14,C/5,5,input_cluster,ridge_input,3.6552403767903647,4.986980431747857,"{""alpha"": 10.0}",5.96449089050293,6;8;9;29;36;42;55;58;62;66;67;68;69;72,0;4;5;11;15;17;23;28;34;35;38;40;50;52;56;60;81;82
2,2,14,C/5,5,input_cluster,krr_rbf,1.7796054416232638,2.4002286444069374,"{""alpha"": 0.1, ""gamma"": 0.05}",5.301674331937518,6;8;9;29;36;42;55;58;62;66;67;68;69;72,0;4;5;11;15;17;23;28;34;35;38;40;50;52;56;60;81;82
2,2,14,C/5,5,input_cluster,svr_rbf,1.393473763313286,1.93895979685185,"{""C"": 100.0, ""epsilon"": 1.0}",5.38528886624558,6;8;9;29;36;42;55;58;62;66;67;68;69;72,0;4;5;11;15;17;23;28;34;35;38;40;50;52;56;60;81;82
2,2,14,C/5,5,input_cluster,gp_rbf,1.843685837712935,2.276524316487281,"{""alpha"": 1.0, ""length"": 3.0}",6.070119445612221,6;8;9;29;36;42;55;58;62;66;67;68;69;72,0;4;5;11;15;17;23;28;34;35;38;40;50;52;56;60;81;82
2,2,14,C/5,5,input_cluster,catboost,3.652541841179806,5.045343449144294,{},,6;8;9;29;36;42;55;58;62;66;67;68;69;72,0;4;5;11;15;17;23;28;34;35;38;40;50;52;56;60;81;82
2,2,14,C/5,5,input_cluster,xgboost,4.379605187310113,6.532381274893864,{},,6;8;9;29;36;42;55;58;62;66;67;68;69;72,0;4;5;11;15;17;23;28;34;35;38;40;50;52;56;60;81;82
2,2,14,C/5,5,input_cluster,extra_trees,2.318736688296,3.691206063294011,{},,6;8;9;29;36;42;55;58;62;66;67;68;69;72,0;4;5;11;15;17;23;28;34;35;38;40;50;52;56;60;81;82