fold,repeat,k,rate,rate_idx,policy,method,soh_mae_pp,soh_rmse_pp,selected_hyperparameters,labeled_loo_mae,label_ids,test_ids
0,0,14,C/80,0,random,ridge_physics,1.494990298622533,2.2044265971822976,"{""alpha"": 0.1}",1.8920796428407944,17;18;27;39;40;44;47;49;65;78;82;87;88;89,2;7;8;13;16;24;26;30;33;41;43;45;53;59;66;68;79;86;90
0,0,14,C/80,0,random,ridge_source,1.5934331793534129,2.3223448753703195,"{""alpha"": 0.1}",1.78643798828125,17;18;27;39;40;44;47;49;65;78;82;87;88;89,2;7;8;13;16;24;26;30;33;41;43;45;53;59;66;68;79;86;90
0,0,14,C/80,0,random,ridge_input,2.807823181152344,4.476362942478362,"{""alpha"": 0.1}",2.76241511957986,17;18;27;39;40;44;47;49;65;78;82;87;88;89,2;7;8;13;16;24;26;30;33;41;43;45;53;59;66;68;79;86;90
0,0,14,C/80,0,random,krr_rbf,2.8812002884714225,4.521752189376013,"{""alpha"": 0.1, ""gamma"": 0.05}",2.672382576125009,17;18;27;39;40;44;47;49;65;78;82;87;88;89,2;7;8;13;16;24;26;30;33;41;43;45;53;59;66;68;79;86;90
0,0,14,C/80,0,random,svr_rbf,5.775288093498818,9.819182303562384,"{""C"": 100.0, ""epsilon"": 1.0}",3.3032774841433947,17;18;27;39;40;44;47;49;65;78;82;87;88;89,2;7;8;13;16;24;26;30;33;41;43;45;53;59;66;68;79;86;90
0,0,14,C/80,0,random,gp_rbf,3.2672201499997797,5.093941976244594,"{""alpha"": 1.0, ""length"": 3.0}",2.8460113185863887,17;18;27;39;40;44;47;49;65;78;82;87;88;89,2;7;8;13;16;24;26;30;33;41;43;45;53;59;66;68;79;86;90
0,0,14,C/80,0,random,catboost,4.86903532318368,7.176417328224911,{},,17;18;27;39;40;44;47;49;65;78;82;87;88;89,2;7;8;13;16;24;26;30;33;41;43;45;53;59;66;68;79;86;90
0,0,14,C/80,0,random,xgboost,5.664494163111637,8.001485409091838,{},,17;18;27;39;40;44;47;49;65;78;82;87;88;89,2;7;8;13;16;24;26;30;33;41;43;45;53;59;66;68;79;86;90
0,0,14,C/80,0,random,extra_trees,5.489877054133793,6.811519713344946,{},,17;18;27;39;40;44;47;49;65;78;82;87;88;89,2;7;8;13;16;24;26;30;33;41;43;45;53;59;66;68;79;86;90
0,0,14,C/40,1,random,ridge_physics,1.3262578060752468,2.1819281166009814,"{""alpha"": 0.1}",1.4252372809818812,17;18;27;39;40;44;47;49;65;78;82;87;88;89,2;7;8;13;16;24;26;30;33;41;43;45;53;59;66;68;79;86;90
0,0,14,C/40,1,random,ridge_source,1.374497263055099,2.2248190013615208,"{""alpha"": 0.1}",1.3677755083356584,17;18;27;39;40;44;47;49;65;78;82;87;88;89,2;7;8;13;16;24;26;30;33;41;43;45;53;59;66;68;79;86;90
0,0,14,C/40,1,random,ridge_input,2.263041847630551,3.437233628003024,"{""alpha"": 0.1}",2.211560010910034,17;18;27;39;40;44;47;49;65;78;82;87;88;89,2;7;8;13;16;24;26;30;33;41;43;45;53;59;66;68;79;86;90
0,0,14,C/40,1,random,krr_rbf,2.6836041902240955,4.717076880474303,"{""alpha"": 0.1, ""gamma"": 0.05}",2.102676766259329,17;18;27;39;40;44;47;49;65;78;82;87;88;89,2;7;8;13;16;24;26;30;33;41;43;45;53;59;66;68;79;86;90
0,0,14,C/40,1,random,svr_rbf,5.062855066397122,8.659463761768288,"{""C"": 10.0, ""epsilon"": 0.2}",2.929882466186775,17;18;27;39;40;44;47;49;65;78;82;87;88;89,2;7;8;13;16;24;26;30;33;41;43;45;53;59;66;68;79;86;90
0,0,14,C/40,1,random,gp_rbf,3.1332164603708472,5.301287593319017,"{""alpha"": 1.0, ""length"": 3.0}",2.3313474714235065,17;18;27;39;40;44;47;49;65;78;82;87;88;89,2;7;8;13;16;24;26;30;33;41;43;45;53;59;66;68;79;86;90
0,0,14,C/40,1,random,catboost,4.786277261762825,7.167018801105046,{},,17;18;27;39;40;44;47;49;65;78;82;87;88;89,2;7;8;13;16;24;26;30;33;41;43;45;53;59;66;68;79;86;90
0,0,14,C/40,1,random,xgboost,5.45938431589227,7.987206180752305,{},,17;18;27;39;40;44;47;49;65;78;82;87;88;89,2;7;8;13;16;24;26;30;33;41;43;45;53;59;66;68;79;86;90
0,0,14,C/40,1,random,extra_trees,5.082243126280132,6.695768021363098,{},,17;18;27;39;40;44;47;49;65;78;82;87;88;89,2;7;8;13;16;24;26;30;33;41;43;45;53;59;66;68;79;86;90
0,0,14,0.05A,2,random,ridge_physics,1.6430334793893917,2.322565145304313,"{""alpha"": 0.1}",2.043588246617998,17;18;27;39;40;44;47;49;65;78;82;87;88;89,2;7;8;13;16;24;26;30;33;41;43;45;53;59;66;68;79;86;90
0,0,14,0.05A,2,random,ridge_source,1.8486532914011105,2.5679178766934303,"{""alpha"": 0.1}",1.942483765738351,17;18;27;39;40;44;47;49;65;78;82;87;88;89,2;7;8;13;16;24;26;30;33;41;43;45;53;59;66;68;79;86;90
0,0,14,0.05A,2,random,ridge_input,3.00981983385588,4.865969775114307,"{""alpha"": 0.1}",2.971114533288138,17;18;27;39;40;44;47;49;65;78;82;87;88;89,2;7;8;13;16;24;26;30;33;41;43;45;53;59;66;68;79;86;90
0,0,14,0.05A,2,random,krr_rbf,3.0473809493215462,4.633526800578268,"{""alpha"": 0.1, ""gamma"": 0.05}",2.841709460530962,17;18;27;39;40;44;47;49;65;78;82;87;88;89,2;7;8;13;16;24;26;30;33;41;43;45;53;59;66;68;79;86;90
0,0,14,0.05A,2,random,svr_rbf,6.5789787579775485,10.735232743850188,"{""C"": 100.0, ""epsilon"": 1.0}",3.696740429443395,17;18;27;39;40;44;47;49;65;78;82;87;88;89,2;7;8;13;16;24;26;30;33;41;43;45;53;59;66;68;79;86;90
0,0,14,0.05A,2,random,gp_rbf,3.4335532199924157,5.192787394375071,"{""alpha"": 1.0, ""length"": 3.0}",3.01151579263785,17;18;27;39;40;44;47;49;65;78;82;87;88;89,2;7;8;13;16;24;26;30;33;41;43;45;53;59;66;68;79;86;90
0,0,14,0.05A,2,random,catboost,4.974998998836671,7.249070757599402,{},,17;18;27;39;40;44;47;49;65;78;82;87;88;89,2;7;8;13;16;24;26;30;33;41;43;45;53;59;66;68;79;86;90
0,0,14,0.05A,2,random,xgboost,5.731350145841899,8.01244179637847,{},,17;18;27;39;40;44;47;49;65;78;82;87;88;89,2;7;8;13;16;24;26;30;33;41;43;45;53;59;66;68;79;86;90
0,0,14,0.05A,2,random,extra_trees,5.628979931309365,6.852542130426105,{},,17;18;27;39;40;44;47;49;65;78;82;87;88;89,2;7;8;13;16;24;26;30;33;41;43;45;53;59;66;68;79;86;90
0,0,14,C/10,3,random,ridge_physics,1.5132964284796464,2.3968205870916157,"{""alpha"": 0.1}",1.369330746786935,17;18;27;39;40;44;47;49;65;78;82;87;88;89,2;7;8;13;16;24;26;30;33;41;43;45;53;59;66;68;79;86;90
0,0,14,C/10,3,random,ridge_source,1.5165919253700657,2.4377589170214047,"{""alpha"": 0.1}",1.340753742626735,17;18;27;39;40;44;47;49;65;78;82;87;88;89,2;7;8;13;16;24;26;30;33;41;43;45;53;59;66;68;79;86;90
0,0,14,C/10,3,random,ridge_input,2.0819573653371712,2.9863501028921333,"{""alpha"": 0.1}",1.9651576450892856,17;18;27;39;40;44;47;49;65;78;82;87;88;89,2;7;8;13;16;24;26;30;33;41;43;45;53;59;66;68;79;86;90
0,0,14,C/10,3,random,krr_rbf,2.8774783485814144,5.036528815588145,"{""alpha"": 0.1, ""gamma"": 0.05}",1.921025548662458,17;18;27;39;40;44;47;49;65;78;82;87;88;89,2;7;8;13;16;24;26;30;33;41;43;45;53;59;66;68;79;86;90
0,0,14,C/10,3,random,svr_rbf,5.272574509829933,8.566291161330275,"{""C"": 10.0, ""epsilon"": 0.2}",2.6756239992162385,17;18;27;39;40;44;47;49;65;78;82;87;88;89,2;7;8;13;16;24;26;30;33;41;43;45;53;59;66;68;79;86;90
0,0,14,C/10,3,random,gp_rbf,3.3940119730051244,5.649792133471515,"{""alpha"": 1.0, ""length"": 3.0}",2.120185467990245,17;18;27;39;40;44;47;49;65;78;82;87;88;89,2;7;8;13;16;24;26;30;33;41;43;45;53;59;66;68;79;86;90
0,0,14,C/10,3,random,catboost,4.922373438156903,7.300000196469997,{},,17;18;27;39;40;44;47;49;65;78;82;87;88;89,2;7;8;13;16;24;26;30;33;41;43;45;53;59;66;68;79;86;90
0,0,14,C/10,3,random,xgboost,5.500864530864515,8.080602889739998,{},,17;18;27;39;40;44;47;49;65;78;82;87;88;89,2;7;8;13;16;24;26;30;33;41;43;45;53;59;66;68;79;86;90
0,0,14,C/10,3,random,extra_trees,4.94086793261508,6.740199671907925,{},,17;18;27;39;40;44;47;49;65;78;82;87;88;89,2;7;8;13;16;24;26;30;33;41;43;45;53;59;66;68;79;86;90
0,0,14,C/7,4,random,ridge_physics,1.550275300678454,2.402925207019084,"{""alpha"": 0.1}",1.3869917733328685,17;18;27;39;40;44;47;49;65;78;82;87;88;89,2;7;8;13;16;24;26;30;33;41;43;45;53;59;66;68;79;86;90
0,0,14,C/7,4,random,ridge_source,1.5939640245939557,2.4946445873310323,"{""alpha"": 0.1}",1.3548714092799596,17;18;27;39;40;44;47;49;65;78;82;87;88;89,2;7;8;13;16;24;26;30;33;41;43;45;53;59;66;68;79;86;90
0,0,14,C/7,4,random,ridge_input,2.102322628623561,3.0048317239365367,"{""alpha"": 0.1}",1.95523282459804,17;18;27;39;40;44;47;49;65;78;82;87;88;89,2;7;8;13;16;24;26;30;33;41;43;45;53;59;66;68;79;86;90
0,0,14,C/7,4,random,krr_rbf,2.948408427991365,5.110378198752812,"{""alpha"": 0.1, ""gamma"": 0.05}",1.9113684381757463,17;18;27;39;40;44;47;49;65;78;82;87;88;89,2;7;8;13;16;24;26;30;33;41;43;45;53;59;66;68;79;86;90
0,0,14,C/7,4,random,svr_rbf,5.351058028922195,8.615430979742806,"{""C"": 10.0, ""epsilon"": 0.2}",2.7274749591236893,17;18;27;39;40;44;47;49;65;78;82;87;88;89,2;7;8;13;16;24;26;30;33;41;43;45;53;59;66;68;79;86;90
0,0,14,C/7,4,random,gp_rbf,3.47130160706204,5.738639296350593,"{""alpha"": 1.0, ""length"": 3.0}",2.1151542780107846,17;18;27;39;40;44;47;49;65;78;82;87;88;89,2;7;8;13;16;24;26;30;33;41;43;45;53;59;66;68;79;86;90
0,0,14,C/7,4,random,catboost,4.978480574278187,7.341945221094352,{},,17;18;27;39;40;44;47;49;65;78;82;87;88;89,2;7;8;13;16;24;26;30;33;41;43;45;53;59;66;68;79;86;90
0,0,14,C/7,4,random,xgboost,5.525150499845806,8.106839195067858,{},,17;18;27;39;40;44;47;49;65;78;82;87;88;89,2;7;8;13;16;24;26;30;33;41;43;45;53;59;66;68;79;86;90
0,0,14,C/7,4,random,extra_trees,4.950266237236094,6.751679060672958,{},,17;18;27;39;40;44;47;49;65;78;82;87;88;89,2;7;8;13;16;24;26;30;33;41;43;45;53;59;66;68;79;86;90
0,0,14,C/5,5,random,ridge_physics,1.619707609477796,2.4375773024315683,"{""alpha"": 0.1}",1.4241464138031006,17;18;27;39;40;44;47;49;65;78;82;87;88;89,2;7;8;13;16;24;26;30;33;41;43;45;53;59;66;68;79;86;90
0,0,14,C/5,5,random,ridge_source,1.7065598337273848,2.596812286641154,"{""alpha"": 0.1}",1.3946411269051688,17;18;27;39;40;44;47;49;65;78;82;87;88;89,2;7;8;13;16;24;26;30;33;41;43;45;53;59;66;68;79;86;90
0,0,14,C/5,5,random,ridge_input,2.1669170981959294,3.082478453997095,"{""alpha"": 0.1}",1.9724016530173163,17;18;27;39;40;44;47;49;65;78;82;87;88;89,2;7;8;13;16;24;26;30;33;41;43;45;53;59;66;68;79;86;90
0,0,14,C/5,5,random,krr_rbf,3.0561615793328536,5.238639214838842,"{""alpha"": 0.1, ""gamma"": 0.05}",1.9225899832589288,17;18;27;39;40;44;47;49;65;78;82;87;88;89,2;7;8;13;16;24;26;30;33;41;43;45;53;59;66;68;79;86;90
0,0,14,C/5,5,random,svr_rbf,5.41371482895019,8.75193176712473,"{""C"": 10.0, ""epsilon"": 0.2}",2.805960415603676,17;18;27;39;40;44;47;49;65;78;82;87;88;89,2;7;8;13;16;24;26;30;33;41;43;45;53;59;66;68;79;86;90
0,0,14,C/5,5,random,gp_rbf,3.585890042840393,5.881855874181016,"{""alpha"": 1.0, ""length"": 3.0}",2.1254041083906747,17;18;27;39;40;44;47;49;65;78;82;87;88;89,2;7;8;13;16;24;26;30;33;41;43;45;53;59;66;68;79;86;90
0,0,14,C/5,5,random,catboost,5.053562475123789,7.4135114755063025,{},,17;18;27;39;40;44;47;49;65;78;82;87;88;89,2;7;8;13;16;24;26;30;33;41;43;45;53;59;66;68;79;86;90
0,0,14,C/5,5,random,xgboost,5.571944788882607,8.17939431711294,{},,17;18;27;39;40;44;47;49;65;78;82;87;88;89,2;7;8;13;16;24;26;30;33;41;43;45;53;59;66;68;79;86;90
0,0,14,C/5,5,random,extra_trees,4.986763152324719,6.806311321832597,{},,17;18;27;39;40;44;47;49;65;78;82;87;88;89,2;7;8;13;16;24;26;30;33;41;43;45;53;59;66;68;79;86;90
0,0,14,C/80,0,source_cluster,ridge_physics,1.7237400255705182,2.5684801015668137,"{""alpha"": 1.0}",2.914470195770264,1;3;5;20;25;32;40;58;62;63;69;77;85;87,2;7;8;13;16;24;26;30;33;41;43;45;53;59;66;68;79;86;90
0,0,14,C/80,0,source_cluster,ridge_source,1.7269479851973684,2.46734081520399,"{""alpha"": 0.1}",2.625366466385977,1;3;5;20;25;32;40;58;62;63;69;77;85;87,2;7;8;13;16;24;26;30;33;41;43;45;53;59;66;68;79;86;90
0,0,14,C/80,0,source_cluster,ridge_input,3.700262370862459,5.430651457988865,"{""alpha"": 10.0}",5.529193435396467,1;3;5;20;25;32;40;58;62;63;69;77;85;87,2;7;8;13;16;24;26;30;33;41;43;45;53;59;66;68;79;86;90
0,0,14,C/80,0,source_cluster,krr_rbf,1.9695731715152136,2.5419491990583776,"{""alpha"": 0.1, ""gamma"": 0.05}",5.245910780770438,1;3;5;20;25;32;40;58;62;63;69;77;85;87,2;7;8;13;16;24;26;30;33;41;43;45;53;59;66;68;79;86;90
0,0,14,C/80,0,source_cluster,svr_rbf,3.379684013023604,6.052853007855829,"{""C"": 10.0, ""epsilon"": 0.2}",6.466741611315312,1;3;5;20;25;32;40;58;62;63;69;77;85;87,2;7;8;13;16;24;26;30;33;41;43;45;53;59;66;68;79;86;90
0,0,14,C/80,0,source_cluster,gp_rbf,2.1534690451621072,2.793657472347172,"{""alpha"": 1.0, ""length"": 3.0}",5.428723342216709,1;3;5;20;25;32;40;58;62;63;69;77;85;87,2;7;8;13;16;24;26;30;33;41;43;45;53;59;66;68;79;86;90
0,0,14,C/80,0,source_cluster,catboost,3.220824208467327,5.397338817783308,{},,1;3;5;20;25;32;40;58;62;63;69;77;85;87,2;7;8;13;16;24;26;30;33;41;43;45;53;59;66;68;79;86;90
0,0,14,C/80,0,source_cluster,xgboost,4.769441303453948,7.063003218470702,{},,1;3;5;20;25;32;40;58;62;63;69;77;85;87,2;7;8;13;16;24;26;30;33;41;43;45;53;59;66;68;79;86;90
0,0,14,C/80,0,source_cluster,extra_trees,3.703564414111593,4.6981481549506405,{},,1;3;5;20;25;32;40;58;62;63;69;77;85;87,2;7;8;13;16;24;26;30;33;41;43;45;53;59;66;68;79;86;90
0,0,14,C/40,1,source_cluster,ridge_physics,1.2552100733706826,2.13314595912245,"{""alpha"": 1.0}",2.2731514998844693,1;3;5;20;25;32;40;58;62;63;69;77;85;87,2;7;8;13;16;24;26;30;33;41;43;45;53;59;66;68;79;86;90
0,0,14,C/40,1,source_cluster,ridge_source,1.1999318976151316,1.9991446090129563,"{""alpha"": 0.1}",1.9638678005763464,1;3;5;20;25;32;40;58;62;63;69;77;85;87,2;7;8;13;16;24;26;30;33;41;43;45;53;59;66;68;79;86;90
0,0,14,C/40,1,source_cluster,ridge_input,3.39839694374486,5.184298297983586,"{""alpha"": 10.0}",5.146590113639832,1;3;5;20;25;32;40;58;62;63;69;77;85;87,2;7;8;13;16;24;26;30;33;41;43;45;53;59;66;68;79;86;90
0,0,14,C/40,1,source_cluster,krr_rbf,1.3974376477693256,2.02988535997225,"{""alpha"": 0.1, ""gamma"": 0.05}",4.867145146642413,1;3;5;20;25;32;40;58;62;63;69;77;85;87,2;7;8;13;16;24;26;30;33;41;43;45;53;59;66;68;79;86;90
0,0,14,C/40,1,source_cluster,svr_rbf,1.1094308578456469,1.5419450582959024,"{""C"": 100.0, ""epsilon"": 0.2}",6.097200649101239,1;3;5;20;25;32;40;58;62;63;69;77;85;87,2;7;8;13;16;24;26;30;33;41;43;45;53;59;66;68;79;86;90
0,0,14,C/40,1,source_cluster,gp_rbf,1.5811020815945915,2.351109366824881,"{""alpha"": 1.0, ""length"": 3.0}",5.165083890493477,1;3;5;20;25;32;40;58;62;63;69;77;85;87,2;7;8;13;16;24;26;30;33;41;43;45;53;59;66;68;79;86;90
0,0,14,C/40,1,source_cluster,catboost,2.9357678082315646,5.311879904461585,{},,1;3;5;20;25;32;40;58;62;63;69;77;85;87,2;7;8;13;16;24;26;30;33;41;43;45;53;59;66;68;79;86;90
0,0,14,C/40,1,source_cluster,xgboost,4.367091530247738,6.831364552462722,{},,1;3;5;20;25;32;40;58;62;63;69;77;85;87,2;7;8;13;16;24;26;30;33;41;43;45;53;59;66;68;79;86;90
0,0,14,C/40,1,source_cluster,extra_trees,2.826494761296084,3.8672936007080048,{},,1;3;5;20;25;32;40;58;62;63;69;77;85;87,2;7;8;13;16;24;26;30;33;41;43;45;53;59;66;68;79;86;90
0,0,14,0.05A,2,source_cluster,ridge_physics,1.986120525159334,2.824285677969901,"{""alpha"": 1.0}",3.1072176694869995,1;3;5;20;25;32;40;58;62;63;69;77;85;87,2;7;8;13;16;24;26;30;33;41;43;45;53;59;66;68;79;86;90
0,0,14,0.05A,2,source_cluster,ridge_source,1.9459397165398848,2.6907904979501502,"{""alpha"": 0.1}",2.6635885408946445,1;3;5;20;25;32;40;58;62;63;69;77;85;87,2;7;8;13;16;24;26;30;33;41;43;45;53;59;66;68;79;86;90
0,0,14,0.05A,2,source_cluster,ridge_input,3.7992373014751233,5.413142729813219,"{""alpha"": 10.0}",5.554841688701084,1;3;5;20;25;32;40;58;62;63;69;77;85;87,2;7;8;13;16;24;26;30;33;41;43;45;53;59;66;68;79;86;90
0,0,14,0.05A,2,source_cluster,krr_rbf,2.192562304045025,2.7657350838798718,"{""alpha"": 0.1, ""gamma"": 0.05}",5.245580579553332,1;3;5;20;25;32;40;58;62;63;69;77;85;87,2;7;8;13;16;24;26;30;33;41;43;45;53;59;66;68;79;86;90
0,0,14,0.05A,2,source_cluster,svr_rbf,3.576920171654658,6.108766952492024,"{""C"": 10.0, ""epsilon"": 0.2}",6.501949063383377,1;3;5;20;25;32;40;58;62;63;69;77;85;87,2;7;8;13;16;24;26;30;33;41;43;45;53;59;66;68;79;86;90
0,0,14,0.05A,2,source_cluster,gp_rbf,2.356179423151048,2.967830522586449,"{""alpha"": 1.0, ""length"": 3.0}",5.439346580024384,1;3;5;20;25;32;40;58;62;63;69;77;85;87,2;7;8;13;16;24;26;30;33;41;43;45;53;59;66;68;79;86;90
0,0,14,0.05A,2,source_cluster,catboost,3.3407866725657795,5.287664300941083,{},,1;3;5;20;25;32;40;58;62;63;69;77;85;87,2;7;8;13;16;24;26;30;33;41;43;45;53;59;66;68;79;86;90
0,0,14,0.05A,2,source_cluster,xgboost,4.815011676989104,6.954245571769368,{},,1;3;5;20;25;32;40;58;62;63;69;77;85;87,2;7;8;13;16;24;26;30;33;41;43;45;53;59;66;68;79;86;90
0,0,14,0.05A,2,source_cluster,extra_trees,3.857777475294912,4.749477021848998,{},,1;3;5;20;25;32;40;58;62;63;69;77;85;87,2;7;8;13;16;24;26;30;33;41;43;45;53;59;66;68;79;86;90
0,0,14,C/10,3,source_cluster,ridge_physics,0.8435737208316201,1.2549625780724432,"{""alpha"": 0.1}",1.6572781630924769,1;3;5;20;25;32;40;58;62;63;69;77;85;87,2;7;8;13;16;24;26;30;33;41;43;45;53;59;66;68;79;86;90
0,0,14,C/10,3,source_cluster,ridge_source,1.0932103207236843,1.713039272462593,"{""alpha"": 0.1}",1.8730119977678568,1;3;5;20;25;32;40;58;62;63;69;77;85;87,2;7;8;13;16;24;26;30;33;41;43;45;53;59;66;68;79;86;90
0,0,14,C/10,3,source_cluster,ridge_input,3.260695608038651,4.891166478427017,"{""alpha"": 10.0}",4.517489331109183,1;3;5;20;25;32;40;58;62;63;69;77;85;87,2;7;8;13;16;24;26;30;33;41;43;45;53;59;66;68;79;86;90
0,0,14,C/10,3,source_cluster,krr_rbf,1.0751583701685856,1.8744895746728292,"{""alpha"": 0.1, ""gamma"": 0.05}",5.495625223432269,1;3;5;20;25;32;40;58;62;63;69;77;85;87,2;7;8;13;16;24;26;30;33;41;43;45;53;59;66;68;79;86;90
0,0,14,C/10,3,source_cluster,svr_rbf,1.0653271985561377,1.420721426002639,"{""C"": 100.0, ""epsilon"": 0.2}",6.418066493368619,1;3;5;20;25;32;40;58;62;63;69;77;85;87,2;7;8;13;16;24;26;30;33;41;43;45;53;59;66;68;79;86;90
0,0,14,C/10,3,source_cluster,gp_rbf,1.273027123806309,2.223149700991895,"{""alpha"": 1.0, ""length"": 3.0}",5.852290445076163,1;3;5;20;25;32;40;58;62;63;69;77;85;87,2;7;8;13;16;24;26;30;33;41;43;45;53;59;66;68;79;86;90
0,0,14,C/10,3,source_cluster,catboost,3.353069200636644,5.49138990961012,{},,1;3;5;20;25;32;40;58;62;63;69;77;85;87,2;7;8;13;16;24;26;30;33;41;43;45;53;59;66;68;79;86;90
0,0,14,C/10,3,source_cluster,xgboost,4.554278323524876,6.917321294976443,{},,1;3;5;20;25;32;40;58;62;63;69;77;85;87,2;7;8;13;16;24;26;30;33;41;43;45;53;59;66;68;79;86;90
0,0,14,C/10,3,source_cluster,extra_trees,2.5347248857541183,3.739463257366751,{},,1;3;5;20;25;32;40;58;62;63;69;77;85;87,2;7;8;13;16;24;26;30;33;41;43;45;53;59;66;68;79;86;90
0,0,14,C/7,4,source_cluster,ridge_physics,0.8368690892269737,1.2015575461092023,"{""alpha"": 0.1}",1.622955049787249,1;3;5;20;25;32;40;58;62;63;69;77;85;87,2;7;8;13;16;24;26;30;33;41;43;45;53;59;66;68;79;86;90
0,0,14,C/7,4,source_cluster,ridge_source,1.2032073171515214,1.7247450094832737,"{""alpha"": 0.1}",2.117056165422712,1;3;5;20;25;32;40;58;62;63;69;77;85;87,2;7;8;13;16;24;26;30;33;41;43;45;53;59;66;68;79;86;90
0,0,14,C/7,4,source_cluster,ridge_input,3.230137875205592,4.823620873094571,"{""alpha"": 10.0}",4.446605920791626,1;3;5;20;25;32;40;58;62;63;69;77;85;87,2;7;8;13;16;24;26;30;33;41;43;45;53;59;66;68;79;86;90
0,0,14,C/7,4,source_cluster,krr_rbf,1.0640459562602795,1.854377614217384,"{""alpha"": 0.1, ""gamma"": 0.05}",5.659457623958588,1;3;5;20;25;32;40;58;62;63;69;77;85;87,2;7;8;13;16;24;26;30;33;41;43;45;53;59;66;68;79;86;90
0,0,14,C/7,4,source_cluster,svr_rbf,1.053869359605666,1.379185386546068,"{""C"": 100.0, ""epsilon"": 0.2}",6.641192917710819,1;3;5;20;25;32;40;58;62;63;69;77;85;87,2;7;8;13;16;24;26;30;33;41;43;45;53;59;66;68;79;86;90
0,0,14,C/7,4,source_cluster,gp_rbf,1.2683620429429898,2.200955757399014,"{""alpha"": 1.0, ""length"": 3.0}",6.038438213797825,1;3;5;20;25;32;40;58;62;63;69;77;85;87,2;7;8;13;16;24;26;30;33;41;43;45;53;59;66;68;79;86;90
0,0,14,C/7,4,source_cluster,catboost,3.44944305134216,5.521311622032286,{},,1;3;5;20;25;32;40;58;62;63;69;77;85;87,2;7;8;13;16;24;26;30;33;41;43;45;53;59;66;68;79;86;90
0,0,14,C/7,4,source_cluster,xgboost,4.582717493960732,6.909966678069775,{},,1;3;5;20;25;32;40;58;62;63;69;77;85;87,2;7;8;13;16;24;26;30;33;41;43;45;53;59;66;68;79;86;90
0,0,14,C/7,4,source_cluster,extra_trees,2.509283692352756,3.70414402180909,{},,1;3;5;20;25;32;40;58;62;63;69;77;85;87,2;7;8;13;16;24;26;30;33;41;43;45;53;59;66;68;79;86;90
0,0,14,C/5,5,source_cluster,ridge_physics,0.8183099847090872,1.1425748027789355,"{""alpha"": 0.1}",1.6681876182556152,1;3;5;20;25;32;40;58;62;63;69;77;85;87,2;7;8;13;16;24;26;30;33;41;43;45;53;59;66;68;79;86;90
0,0,14,C/5,5,source_cluster,ridge_source,1.300689697265625,1.776301414199503,"{""alpha"": 0.1}",2.365969112941197,1;3;5;20;25;32;40;58;62;63;69;77;85;87,2;7;8;13;16;24;26;30;33;41;43;45;53;59;66;68;79;86;90
0,0,14,C/5,5,source_cluster,ridge_input,3.2192386827970805,4.76524897980051,"{""alpha"": 10.0}",4.400963033948626,1;3;5;20;25;32;40;58;62;63;69;77;85;87,2;7;8;13;16;24;26;30;33;41;43;45;53;59;66;68;79;86;90
0,0,14,C/5,5,source_cluster,krr_rbf,1.100374322188528,1.844837170844409,"{""alpha"": 0.1, ""gamma"": 0.05}",5.843035391398838,1;3;5;20;25;32;40;58;62;63;69;77;85;87,2;7;8;13;16;24;26;30;33;41;43;45;53;59;66;68;79;86;90
0,0,14,C/5,5,source_cluster,svr_rbf,1.0456169973310074,1.3376826198181937,"{""C"": 100.0, ""epsilon"": 0.2}",6.798764011709538,1;3;5;20;25;32;40;58;62;63;69;77;85;87,2;7;8;13;16;24;26;30;33;41;43;45;53;59;66;68;79;86;90
0,0,14,C/5,5,source_cluster,gp_rbf,1.306191478160149,2.1906022736918107,"{""alpha"": 1.0, ""length"": 3.0}",6.244754710317338,1;3;5;20;25;32;40;58;62;63;69;77;85;87,2;7;8;13;16;24;26;30;33;41;43;45;53;59;66;68;79;86;90
0,0,14,C/5,5,source_cluster,catboost,3.5477450852414525,5.5762130356698485,{},,1;3;5;20;25;32;40;58;62;63;69;77;85;87,2;7;8;13;16;24;26;30;33;41;43;45;53;59;66;68;79;86;90
0,0,14,C/5,5,source_cluster,xgboost,4.632764314350329,6.919825218746518,{},,1;3;5;20;25;32;40;58;62;63;69;77;85;87,2;7;8;13;16;24;26;30;33;41;43;45;53;59;66;68;79;86;90
0,0,14,C/5,5,source_cluster,extra_trees,2.46890448309724,3.6753580771073855,{},,1;3;5;20;25;32;40;58;62;63;69;77;85;87,2;7;8;13;16;24;26;30;33;41;43;45;53;59;66;68;79;86;90
0,0,14,C/80,0,physical_cluster,ridge_physics,1.633296765779194,2.407625956683525,"{""alpha"": 1.0}",3.1790803500584195,3;9;10;17;22;23;29;36;39;44;56;62;69;71,2;7;8;13;16;24;26;30;33;41;43;45;53;59;66;68;79;86;90
0,0,14,C/80,0,physical_cluster,ridge_source,1.6520831459446956,2.4048513728501404,"{""alpha"": 0.1}",2.64732893875667,3;9;10;17;22;23;29;36;39;44;56;62;69;71,2;7;8;13;16;24;26;30;33;41;43;45;53;59;66;68;79;86;90
0,0,14,C/80,0,physical_cluster,ridge_input,3.57176328960218,4.779065339563237,"{""alpha"": 1.0}",5.324955071721758,3;9;10;17;22;23;29;36;39;44;56;62;69;71,2;7;8;13;16;24;26;30;33;41;43;45;53;59;66;68;79;86;90
0,0,14,C/80,0,physical_cluster,krr_rbf,1.8969204551295231,2.3826589112437446,"{""alpha"": 0.1, ""gamma"": 0.05}",5.175949860896383,3;9;10;17;22;23;29;36;39;44;56;62;69;71,2;7;8;13;16;24;26;30;33;41;43;45;53;59;66;68;79;86;90
0,0,14,C/80,0,physical_cluster,svr_rbf,1.4633363583096468,1.877432220094706,"{""C"": 100.0, ""epsilon"": 0.2}",6.019141281269119,3;9;10;17;22;23;29;36;39;44;56;62;69;71,2;7;8;13;16;24;26;30;33;41;43;45;53;59;66;68;79;86;90
0,0,14,C/80,0,physical_cluster,gp_rbf,2.068967416341128,2.665782044999122,"{""alpha"": 1.0, ""length"": 3.0}",5.434215489811905,3;9;10;17;22;23;29;36;39;44;56;62;69;71,2;7;8;13;16;24;26;30;33;41;43;45;53;59;66;68;79;86;90
0,0,14,C/80,0,physical_cluster,catboost,3.1246619275660343,5.155642130952528,{},,3;9;10;17;22;23;29;36;39;44;56;62;69;71,2;7;8;13;16;24;26;30;33;41;43;45;53;59;66;68;79;86;90
0,0,14,C/80,0,physical_cluster,xgboost,4.53885208932977,7.057405894558614,{},,3;9;10;17;22;23;29;36;39;44;56;62;69;71,2;7;8;13;16;24;26;30;33;41;43;45;53;59;66;68;79;86;90
0,0,14,C/80,0,physical_cluster,extra_trees,2.486681015587095,3.325105543753236,{},,3;9;10;17;22;23;29;36;39;44;56;62;69;71,2;7;8;13;16;24;26;30;33;41;43;45;53;59;66;68;79;86;90
0,0,14,C/40,1,physical_cluster,ridge_physics,1.1603104440789471,2.0090487489196387,"{""alpha"": 1.0}",2.742065872464861,3;9;10;17;22;23;29;36;39;44;56;62;69;71,2;7;8;13;16;24;26;30;33;41;43;45;53;59;66;68;79;86;90
0,0,14,C/40,1,physical_cluster,ridge_source,1.131243254009046,1.946035098503821,"{""alpha"": 0.1}",2.28119226864406,3;9;10;17;22;23;29;36;39;44;56;62;69;71,2;7;8;13;16;24;26;30;33;41;43;45;53;59;66;68;79;86;90
0,0,14,C/40,1,physical_cluster,ridge_input,3.3395333541067025,4.371752148853961,"{""alpha"": 1.0}",5.20710107258388,3;9;10;17;22;23;29;36;39;44;56;62;69;71,2;7;8;13;16;24;26;30;33;41;43;45;53;59;66;68;79;86;90
0,0,14,C/40,1,physical_cluster,krr_rbf,1.4242718345240544,1.9058847141686697,"{""alpha"": 0.1, ""gamma"": 0.05}",5.0237404235771725,3;9;10;17;22;23;29;36;39;44;56;62;69;71,2;7;8;13;16;24;26;30;33;41;43;45;53;59;66;68;79;86;90
0,0,14,C/40,1,physical_cluster,svr_rbf,1.0939620910980734,1.4843816595525108,"{""C"": 100.0, ""epsilon"": 1.0}",5.692543925324729,3;9;10;17;22;23;29;36;39;44;56;62;69;71,2;7;8;13;16;24;26;30;33;41;43;45;53;59;66;68;79;86;90
0,0,14,C/40,1,physical_cluster,gp_rbf,1.561193513652008,2.222539725351635,"{""alpha"": 1.0, ""length"": 3.0}",5.30388883642788,3;9;10;17;22;23;29;36;39;44;56;62;69;71,2;7;8;13;16;24;26;30;33;41;43;45;53;59;66;68;79;86;90
0,0,14,C/40,1,physical_cluster,catboost,2.6753978497172,4.98070695827753,{},,3;9;10;17;22;23;29;36;39;44;56;62;69;71,2;7;8;13;16;24;26;30;33;41;43;45;53;59;66;68;79;86;90
0,0,14,C/40,1,physical_cluster,xgboost,4.355113782380757,7.058072772658525,{},,3;9;10;17;22;23;29;36;39;44;56;62;69;71,2;7;8;13;16;24;26;30;33;41;43;45;53;59;66;68;79;86;90
0,0,14,C/40,1,physical_cluster,extra_trees,2.0807029139607165,3.0216058264010908,{},,3;9;10;17;22;23;29;36;39;44;56;62;69;71,2;7;8;13;16;24;26;30;33;41;43;45;53;59;66;68;79;86;90
0,0,14,0.05A,2,physical_cluster,ridge_physics,1.9028067337839227,2.670704537355712,"{""alpha"": 1.0}",3.368049672671727,3;9;10;17;22;23;29;36;39;44;56;62;69;71,2;7;8;13;16;24;26;30;33;41;43;45;53;59;66;68;79;86;90
0,0,14,0.05A,2,physical_cluster,ridge_source,1.9060958059210529,2.6369100357033304,"{""alpha"": 0.1}",2.760302560670035,3;9;10;17;22;23;29;36;39;44;56;62;69;71,2;7;8;13;16;24;26;30;33;41;43;45;53;59;66;68;79;86;90
0,0,14,0.05A,2,physical_cluster,ridge_input,4.267416703073602,5.397989819583246,"{""alpha"": 0.1}",5.148925185203552,3;9;10;17;22;23;29;36;39;44;56;62;69;71,2;7;8;13;16;24;26;30;33;41;43;45;53;59;66;68;79;86;90
0,0,14,0.05A,2,physical_cluster,krr_rbf,2.064553110223068,2.6032945922462694,"{""alpha"": 0.1, ""gamma"": 0.05}",5.27025101014546,3;9;10;17;22;23;29;36;39;44;56;62;69;71,2;7;8;13;16;24;26;30;33;41;43;45;53;59;66;68;79;86;90
0,0,14,0.05A,2,physical_cluster,svr_rbf,1.741456470436199,2.1114021292899663,"{""C"": 100.0, ""epsilon"": 1.0}",6.00687440293573,3;9;10;17;22;23;29;36;39;44;56;62;69;71,2;7;8;13;16;24;26;30;33;41;43;45;53;59;66;68;79;86;90
0,0,14,0.05A,2,physical_cluster,gp_rbf,2.276145499808047,2.86092065739113,"{""alpha"": 1.0, ""length"": 3.0}",5.519045187016947,3;9;10;17;22;23;29;36;39;44;56;62;69;71,2;7;8;13;16;24;26;30;33;41;43;45;53;59;66;68;79;86;90
0,0,14,0.05A,2,physical_cluster,catboost,3.284383626505312,5.090968488603409,{},,3;9;10;17;22;23;29;36;39;44;56;62;69;71,2;7;8;13;16;24;26;30;33;41;43;45;53;59;66;68;79;86;90
0,0,14,0.05A,2,physical_cluster,xgboost,4.586490028782895,6.955701819156234,{},,3;9;10;17;22;23;29;36;39;44;56;62;69;71,2;7;8;13;16;24;26;30;33;41;43;45;53;59;66;68;79;86;90
0,0,14,0.05A,2,physical_cluster,extra_trees,2.5440386185430937,3.333709570024387,{},,3;9;10;17;22;23;29;36;39;44;56;62;69;71,2;7;8;13;16;24;26;30;33;41;43;45;53;59;66;68;79;86;90
0,0,14,C/10,3,physical_cluster,ridge_physics,0.8823535316868832,1.1991622730201126,"{""alpha"": 0.1}",2.1301567213875905,3;9;10;17;22;23;29;36;39;44;56;62;69;71,2;7;8;13;16;24;26;30;33;41;43;45;53;59;66;68;79;86;90
0,0,14,C/10,3,physical_cluster,ridge_source,1.1446517141241777,1.711241215313707,"{""alpha"": 0.1}",2.1143642153058733,3;9;10;17;22;23;29;36;39;44;56;62;69;71,2;7;8;13;16;24;26;30;33;41;43;45;53;59;66;68;79;86;90
0,0,14,C/10,3,physical_cluster,ridge_input,3.140575609709088,4.065547673774544,"{""alpha"": 1.0}",4.846407890319824,3;9;10;17;22;23;29;36;39;44;56;62;69;71,2;7;8;13;16;24;26;30;33;41;43;45;53;59;66;68;79;86;90
0,0,14,C/10,3,physical_cluster,krr_rbf,1.1756648013466282,1.7322461695830995,"{""alpha"": 0.1, ""gamma"": 0.05}",5.495244179453168,3;9;10;17;22;23;29;36;39;44;56;62;69;71,2;7;8;13;16;24;26;30;33;41;43;45;53;59;66;68;79;86;90
0,0,14,C/10,3,physical_cluster,svr_rbf,0.9046383038076106,1.2982952523126576,"{""C"": 100.0, ""epsilon"": 1.0}",6.35701907766181,3;9;10;17;22;23;29;36;39;44;56;62;69;71,2;7;8;13;16;24;26;30;33;41;43;45;53;59;66;68;79;86;90
0,0,14,C/10,3,physical_cluster,gp_rbf,1.3013644952630787,2.053117645419175,"{""alpha"": 1.0, ""length"": 3.0}",5.898145625886398,3;9;10;17;22;23;29;36;39;44;56;62;69;71,2;7;8;13;16;24;26;30;33;41;43;45;53;59;66;68;79;86;90
0,0,14,C/10,3,physical_cluster,catboost,2.864342430016677,5.063230229621143,{},,3;9;10;17;22;23;29;36;39;44;56;62;69;71,2;7;8;13;16;24;26;30;33;41;43;45;53;59;66;68;79;86;90
0,0,14,C/10,3,physical_cluster,xgboost,4.608258699115954,7.1722147103774505,{},,3;9;10;17;22;23;29;36;39;44;56;62;69;71,2;7;8;13;16;24;26;30;33;41;43;45;53;59;66;68;79;86;90
0,0,14,C/10,3,physical_cluster,extra_trees,1.9999047366061016,3.0286647420499166,{},,3;9;10;17;22;23;29;36;39;44;56;62;69;71,2;7;8;13;16;24;26;30;33;41;43;45;53;59;66;68;79;86;90
0,0,14,C/7,4,physical_cluster,ridge_physics,0.8533052143297697,1.1783797943409993,"{""alpha"": 0.1}",2.022996493748256,3;9;10;17;22;23;29;36;39;44;56;62;69;71,2;7;8;13;16;24;26;30;33;41;43;45;53;59;66;68;79;86;90
0,0,14,C/7,4,physical_cluster,ridge_source,1.2783729151675576,1.741147679376419,"{""alpha"": 0.1}",2.1951779297419955,3;9;10;17;22;23;29;36;39;44;56;62;69;71,2;7;8;13;16;24;26;30;33;41;43;45;53;59;66;68;79;86;90
0,0,14,C/7,4,physical_cluster,ridge_input,3.3344485634251644,4.178032263061715,"{""alpha"": 0.1}",4.769059044974191,3;9;10;17;22;23;29;36;39;44;56;62;69;71,2;7;8;13;16;24;26;30;33;41;43;45;53;59;66;68;79;86;90
0,0,14,C/7,4,physical_cluster,krr_rbf,1.1497361032586348,1.7035635142331529,"{""alpha"": 0.1, ""gamma"": 0.05}",5.58803915977478,3;9;10;17;22;23;29;36;39;44;56;62;69;71,2;7;8;13;16;24;26;30;33;41;43;45;53;59;66;68;79;86;90
0,0,14,C/7,4,physical_cluster,svr_rbf,0.8964957607022692,1.2508540997477624,"{""C"": 100.0, ""epsilon"": 1.0}",6.309235589453644,3;9;10;17;22;23;29;36;39;44;56;62;69;71,2;7;8;13;16;24;26;30;33;41;43;45;53;59;66;68;79;86;90
0,0,14,C/7,4,physical_cluster,gp_rbf,1.2725317506066858,2.010991140246216,"{""alpha"": 1.0, ""length"": 3.0}",6.006699872391343,3;9;10;17;22;23;29;36;39;44;56;62;69;71,2;7;8;13;16;24;26;30;33;41;43;45;53;59;66;68;79;86;90
0,0,14,C/7,4,physical_cluster,catboost,2.968328575473295,5.08743684758352,{},,3;9;10;17;22;23;29;36;39;44;56;62;69;71,2;7;8;13;16;24;26;30;33;41;43;45;53;59;66;68;79;86;90
0,0,14,C/7,4,physical_cluster,xgboost,4.710776479620683,7.218726057889828,{},,3;9;10;17;22;23;29;36;39;44;56;62;69;71,2;7;8;13;16;24;26;30;33;41;43;45;53;59;66;68;79;86;90
0,0,14,C/7,4,physical_cluster,extra_trees,2.0187382224388872,3.020350048138793,{},,3;9;10;17;22;23;29;36;39;44;56;62;69;71,2;7;8;13;16;24;26;30;33;41;43;45;53;59;66;68;79;86;90
0,0,14,C/5,5,physical_cluster,ridge_physics,0.8255478708367598,1.1013469927127832,"{""alpha"": 0.1}",1.9756642069135395,3;9;10;17;22;23;29;36;39;44;56;62;69;71,2;7;8;13;16;24;26;30;33;41;43;45;53;59;66;68;79;86;90
0,0,14,C/5,5,physical_cluster,ridge_source,1.3629202591745475,1.7973281713782243,"{""alpha"": 0.1}",2.4230916500091557,3;9;10;17;22;23;29;36;39;44;56;62;69;71,2;7;8;13;16;24;26;30;33;41;43;45;53;59;66;68;79;86;90
0,0,14,C/5,5,physical_cluster,ridge_input,3.2783187063116777,4.7798808463138425,"{""alpha"": 10.0}",4.795297282082694,3;9;10;17;22;23;29;36;39;44;56;62;69;71,2;7;8;13;16;24;26;30;33;41;43;45;53;59;66;68;79;86;90
0,0,14,C/5,5,physical_cluster,krr_rbf,1.06757274426912,1.6984049105198489,"{""alpha"": 0.1, ""gamma"": 0.05}",5.782910236290523,3;9;10;17;22;23;29;36;39;44;56;62;69;71,2;7;8;13;16;24;26;30;33;41;43;45;53;59;66;68;79;86;90
0,0,14,C/5,5,physical_cluster,svr_rbf,0.8433025178785466,1.15291587799506,"{""C"": 100.0, ""epsilon"": 1.0}",6.629403494132866,3;9;10;17;22;23;29;36;39;44;56;62;69;71,2;7;8;13;16;24;26;30;33;41;43;45;53;59;66;68;79;86;90
0,0,14,C/5,5,physical_cluster,gp_rbf,1.2724434461864262,2.018872258149674,"{""alpha"": 1.0, ""length"": 3.0}",6.236343722328272,3;9;10;17;22;23;29;36;39;44;56;62;69;71,2;7;8;13;16;24;26;30;33;41;43;45;53;59;66;68;79;86;90
0,0,14,C/5,5,physical_cluster,catboost,3.09159541194847,5.141651805775334,{},,3;9;10;17;22;23;29;36;39;44;56;62;69;71,2;7;8;13;16;24;26;30;33;41;43;45;53;59;66;68;79;86;90
0,0,14,C/5,5,physical_cluster,xgboost,4.778518275210732,7.276954476921269,{},,3;9;10;17;22;23;29;36;39;44;56;62;69;71,2;7;8;13;16;24;26;30;33;41;43;45;53;59;66;68;79;86;90
0,0,14,C/5,5,physical_cluster,extra_trees,1.969466723881864,2.997164841968881,{},,3;9;10;17;22;23;29;36;39;44;56;62;69;71,2;7;8;13;16;24;26;30;33;41;43;45;53;59;66;68;79;86;90
0,0,14,C/80,0,input_cluster,ridge_physics,2.339528535541735,3.2432251480201355,"{""alpha"": 10.0}",2.924277033124651,4;9;11;12;17;21;23;29;42;52;55;62;63;69,2;7;8;13;16;24;26;30;33;41;43;45;53;59;66;68;79;86;90
0,0,14,C/80,0,input_cluster,ridge_source,1.9587141338147616,2.682987349908773,"{""alpha"": 1.0}",2.408701879637582,4;9;11;12;17;21;23;29;42;52;55;62;63;69,2;7;8;13;16;24;26;30;33;41;43;45;53;59;66;68;79;86;90
0,0,14,C/80,0,input_cluster,ridge_input,3.7244443391498767,5.44931651473223,"{""alpha"": 10.0}",5.966667873518808,4;9;11;12;17;21;23;29;42;52;55;62;63;69,2;7;8;13;16;24;26;30;33;41;43;45;53;59;66;68;79;86;90
0,0,14,C/80,0,input_cluster,krr_rbf,2.4072675203022205,2.931892060636577,"{""alpha"": 0.1, ""gamma"": 0.05}",4.460982458932059,4;9;11;12;17;21;23;29;42;52;55;62;63;69,2;7;8;13;16;24;26;30;33;41;43;45;53;59;66;68;79;86;90
0,0,14,C/80,0,input_cluster,svr_rbf,2.4452749520017334,2.8655924113835622,"{""C"": 100.0, ""epsilon"": 1.0}",4.340340083157481,4;9;11;12;17;21;23;29;42;52;55;62;63;69,2;7;8;13;16;24;26;30;33;41;43;45;53;59;66;68;79;86;90
0,0,14,C/80,0,input_cluster,gp_rbf,2.512966975546797,3.0735202378496878,"{""alpha"": 1.0, ""length"": 3.0}",4.599622191147923,4;9;11;12;17;21;23;29;42;52;55;62;63;69,2;7;8;13;16;24;26;30;33;41;43;45;53;59;66;68;79;86;90
0,0,14,C/80,0,input_cluster,catboost,2.858477178563058,4.5389608547959455,{},,4;9;11;12;17;21;23;29;42;52;55;62;63;69,2;7;8;13;16;24;26;30;33;41;43;45;53;59;66;68;79;86;90
0,0,14,C/80,0,input_cluster,xgboost,4.076994243421052,6.105483032869484,{},,4;9;11;12;17;21;23;29;42;52;55;62;63;69,2;7;8;13;16;24;26;30;33;41;43;45;53;59;66;68;79;86;90
0,0,14,C/80,0,input_cluster,extra_trees,1.8857755789003865,2.4355478516153504,{},,4;9;11;12;17;21;23;29;42;52;55;62;63;69,2;7;8;13;16;24;26;30;33;41;43;45;53;59;66;68;79;86;90
0,0,14,C/40,1,input_cluster,ridge_physics,1.0806439048365544,1.769509321006621,"{""alpha"": 0.1}",2.192983797618321,4;9;11;12;17;21;23;29;42;52;55;62;63;69,2;7;8;13;16;24;26;30;33;41;43;45;53;59;66;68;79;86;90
0,0,14,C/40,1,input_cluster,ridge_source,1.4046980205335116,2.2018227456443475,"{""alpha"": 1.0}",1.9417326280048917,4;9;11;12;17;21;23;29;42;52;55;62;63;69,2;7;8;13;16;24;26;30;33;41;43;45;53;59;66;68;79;86;90
0,0,14,C/40,1,input_cluster,ridge_input,3.4767074584960938,5.091067892651546,"{""alpha"": 10.0}",5.858399936131069,4;9;11;12;17;21;23;29;42;52;55;62;63;69,2;7;8;13;16;24;26;30;33;41;43;45;53;59;66;68;79;86;90
0,0,14,C/40,1,input_cluster,krr_rbf,1.7654567517732318,2.39392495910028,"{""alpha"": 0.1, ""gamma"": 0.05}",4.17501814024789,4;9;11;12;17;21;23;29;42;52;55;62;63;69,2;7;8;13;16;24;26;30;33;41;43;45;53;59;66;68;79;86;90
0,0,14,C/40,1,input_cluster,svr_rbf,1.4417906858156442,1.980216339008857,"{""C"": 100.0, ""epsilon"": 0.2}",3.819620596744173,4;9;11;12;17;21;23;29;42;52;55;62;63;69,2;7;8;13;16;24;26;30;33;41;43;45;53;59;66;68;79;86;90
0,0,14,C/40,1,input_cluster,gp_rbf,1.8817687098994096,2.547786299413018,"{""alpha"": 1.0, ""length"": 3.0}",4.632102017149192,4;9;11;12;17;21;23;29;42;52;55;62;63;69,2;7;8;13;16;24;26;30;33;41;43;45;53;59;66;68;79;86;90
0,0,14,C/40,1,input_cluster,catboost,2.3676300168249664,4.222439613137675,{},,4;9;11;12;17;21;23;29;42;52;55;62;63;69,2;7;8;13;16;24;26;30;33;41;43;45;53;59;66;68;79;86;90
0,0,14,C/40,1,input_cluster,xgboost,3.634496588456003,5.78651730693071,{},,4;9;11;12;17;21;23;29;42;52;55;62;63;69,2;7;8;13;16;24;26;30;33;41;43;45;53;59;66;68;79;86;90
0,0,14,C/40,1,input_cluster,extra_trees,1.4232557794264948,1.9768049062246795,{},,4;9;11;12;17;21;23;29;42;52;55;62;63;69,2;7;8;13;16;24;26;30;33;41;43;45;53;59;66;68;79;86;90
0,0,14,0.05A,2,input_cluster,ridge_physics,2.536727905273437,3.4095192637162226,"{""alpha"": 10.0}",3.0007409368242537,4;9;11;12;17;21;23;29;42;52;55;62;63;69,2;7;8;13;16;24;26;30;33;41;43;45;53;59;66;68;79;86;90
0,0,14,0.05A,2,input_cluster,ridge_source,2.1547490170127466,2.8843921213106625,"{""alpha"": 1.0}",2.6004927839551653,4;9;11;12;17;21;23;29;42;52;55;62;63;69,2;7;8;13;16;24;26;30;33;41;43;45;53;59;66;68;79;86;90
0,0,14,0.05A,2,input_cluster,ridge_input,3.77216941431949,5.450653847679674,"{""alpha"": 10.0}",6.000105398041861,4;9;11;12;17;21;23;29;42;52;55;62;63;69,2;7;8;13;16;24;26;30;33;41;43;45;53;59;66;68;79;86;90
0,0,14,0.05A,2,input_cluster,krr_rbf,2.6297237998560856,3.137031771830452,"{""alpha"": 0.1, ""gamma"": 0.05}",4.577191489083426,4;9;11;12;17;21;23;29;42;52;55;62;63;69,2;7;8;13;16;24;26;30;33;41;43;45;53;59;66;68;79;86;90
0,0,14,0.05A,2,input_cluster,svr_rbf,2.5198833997430685,2.931467789352113,"{""C"": 100.0, ""epsilon"": 0.2}",4.483748250359311,4;9;11;12;17;21;23;29;42;52;55;62;63;69,2;7;8;13;16;24;26;30;33;41;43;45;53;59;66;68;79;86;90
0,0,14,0.05A,2,input_cluster,gp_rbf,2.749602543226649,3.2604123492748847,"{""alpha"": 1.0, ""length"": 3.0}",4.684230812231163,4;9;11;12;17;21;23;29;42;52;55;62;63;69,2;7;8;13;16;24;26;30;33;41;43;45;53;59;66;68;79;86;90
0,0,14,0.05A,2,input_cluster,catboost,3.0166695100111043,4.537326564067816,{},,4;9;11;12;17;21;23;29;42;52;55;62;63;69,2;7;8;13;16;24;26;30;33;41;43;45;53;59;66;68;79;86;90
0,0,14,0.05A,2,input_cluster,xgboost,4.1522277028937085,6.043322502848568,{},,4;9;11;12;17;21;23;29;42;52;55;62;63;69,2;7;8;13;16;24;26;30;33;41;43;45;53;59;66;68;79;86;90
0,0,14,0.05A,2,input_cluster,extra_trees,2.0176868341799654,2.599842765015756,{},,4;9;11;12;17;21;23;29;42;52;55;62;63;69,2;7;8;13;16;24;26;30;33;41;43;45;53;59;66;68;79;86;90
0,0,14,C/10,3,input_cluster,ridge_physics,0.9184490003083882,1.4279188516539674,"{""alpha"": 0.1}",1.70108962059021,4;9;11;12;17;21;23;29;42;52;55;62;63;69,2;7;8;13;16;24;26;30;33;41;43;45;53;59;66;68;79;86;90
0,0,14,C/10,3,input_cluster,ridge_source,1.027830023514597,1.8011933816550454,"{""alpha"": 1.0}",2.0276709965297157,4;9;11;12;17;21;23;29;42;52;55;62;63;69,2;7;8;13;16;24;26;30;33;41;43;45;53;59;66;68;79;86;90
0,0,14,C/10,3,input_cluster,ridge_input,3.136023672003495,4.682129288983378,"{""alpha"": 10.0}",5.160533053534372,4;9;11;12;17;21;23;29;42;52;55;62;63;69,2;7;8;13;16;24;26;30;33;41;43;45;53;59;66;68;79;86;90
0,0,14,C/10,3,input_cluster,krr_rbf,1.3560244911595394,2.100290810305089,"{""alpha"": 0.1, ""gamma"": 0.05}",4.767132946423122,4;9;11;12;17;21;23;29;42;52;55;62;63;69,2;7;8;13;16;24;26;30;33;41;43;45;53;59;66;68;79;86;90
0,0,14,C/10,3,input_cluster,svr_rbf,1.1261244939652888,1.6392510956397794,"{""C"": 100.0, ""epsilon"": 1.0}",4.618459979904949,4;9;11;12;17;21;23;29;42;52;55;62;63;69,2;7;8;13;16;24;26;30;33;41;43;45;53;59;66;68;79;86;90
0,0,14,C/10,3,input_cluster,gp_rbf,1.4913859886214296,2.2738276652521496,"{""alpha"": 1.0, ""length"": 3.0}",5.271733751546525,4;9;11;12;17;21;23;29;42;52;55;62;63;69,2;7;8;13;16;24;26;30;33;41;43;45;53;59;66;68;79;86;90
0,0,14,C/10,3,input_cluster,catboost,2.542353636572444,4.380591418285399,{},,4;9;11;12;17;21;23;29;42;52;55;62;63;69,2;7;8;13;16;24;26;30;33;41;43;45;53;59;66;68;79;86;90
0,0,14,C/10,3,input_cluster,xgboost,3.463376898514597,5.7481857150012265,{},,4;9;11;12;17;21;23;29;42;52;55;62;63;69,2;7;8;13;16;24;26;30;33;41;43;45;53;59;66;68;79;86;90
0,0,14,C/10,3,input_cluster,extra_trees,1.2989756225165277,1.8935127518214687,{},,4;9;11;12;17;21;23;29;42;52;55;62;63;69,2;7;8;13;16;24;26;30;33;41;43;45;53;59;66;68;79;86;90
0,0,14,C/7,4,input_cluster,ridge_physics,0.8784986797131991,1.3410398190775374,"{""alpha"": 0.1}",1.6810768672398158,4;9;11;12;17;21;23;29;42;52;55;62;63;69,2;7;8;13;16;24;26;30;33;41;43;45;53;59;66;68;79;86;90
0,0,14,C/7,4,input_cluster,ridge_source,1.1494241011770148,1.7691925644991804,"{""alpha"": 1.0}",2.212240695953369,4;9;11;12;17;21;23;29;42;52;55;62;63;69,2;7;8;13;16;24;26;30;33;41;43;45;53;59;66;68;79;86;90
0,0,14,C/7,4,input_cluster,ridge_input,3.075602882786801,4.571311911317074,"{""alpha"": 10.0}",5.126144409179688,4;9;11;12;17;21;23;29;42;52;55;62;63;69,2;7;8;13;16;24;26;30;33;41;43;45;53;59;66;68;79;86;90
0,0,14,C/7,4,input_cluster,krr_rbf,1.3236858970240544,2.0245412241653797,"{""alpha"": 0.1, ""gamma"": 0.05}",4.90497350692749,4;9;11;12;17;21;23;29;42;52;55;62;63;69,2;7;8;13;16;24;26;30;33;41;43;45;53;59;66;68;79;86;90
0,0,14,C/7,4,input_cluster,svr_rbf,1.1121577396854547,1.6097120698467573,"{""C"": 100.0, ""epsilon"": 1.0}",4.9065254818056525,4;9;11;12;17;21;23;29;42;52;55;62;63;69,2;7;8;13;16;24;26;30;33;41;43;45;53;59;66;68;79;86;90
0,0,14,C/7,4,input_cluster,gp_rbf,1.4393027763973594,2.195652020453281,"{""alpha"": 1.0, ""length"": 3.0}",5.414467014491157,4;9;11;12;17;21;23;29;42;52;55;62;63;69,2;7;8;13;16;24;26;30;33;41;43;45;53;59;66;68;79;86;90
0,0,14,C/7,4,input_cluster,catboost,2.599145403344064,4.377578217794009,{},,4;9;11;12;17;21;23;29;42;52;55;62;63;69,2;7;8;13;16;24;26;30;33;41;43;45;53;59;66;68;79;86;90
0,0,14,C/7,4,input_cluster,xgboost,3.451589483963816,5.739550889320547,{},,4;9;11;12;17;21;23;29;42;52;55;62;63;69,2;7;8;13;16;24;26;30;33;41;43;45;53;59;66;68;79;86;90
0,0,14,C/7,4,input_cluster,extra_trees,1.3409824167516882,1.922037450150079,{},,4;9;11;12;17;21;23;29;42;52;55;62;63;69,2;7;8;13;16;24;26;30;33;41;43;45;53;59;66;68;79;86;90
0,0,14,C/5,5,input_cluster,ridge_physics,0.8667064465974507,1.2540753567298557,"{""alpha"": 0.1}",1.7021501064300537,4;9;11;12;17;21;23;29;42;52;55;62;63;69,2;7;8;13;16;24;26;30;33;41;43;45;53;59;66;68;79;86;90
0,0,14,C/5,5,input_cluster,ridge_source,1.2370011179070723,1.7499963236773015,"{""alpha"": 0.1}",2.491753271647862,4;9;11;12;17;21;23;29;42;52;55;62;63;69,2;7;8;13;16;24;26;30;33;41;43;45;53;59;66;68;79;86;90
0,0,14,C/5,5,input_cluster,ridge_input,3.069093001516242,4.5342823686741305,"{""alpha"": 10.0}",5.083307606833322,4;9;11;12;17;21;23;29;42;52;55;62;63;69,2;7;8;13;16;24;26;30;33;41;43;45;53;59;66;68;79;86;90
0,0,14,C/5,5,input_cluster,krr_rbf,1.325580396150288,1.9727380630761928,"{""alpha"": 0.1, ""gamma"": 0.05}",5.165016106196812,4;9;11;12;17;21;23;29;42;52;55;62;63;69,2;7;8;13;16;24;26;30;33;41;43;45;53;59;66;68;79;86;90
0,0,14,C/5,5,input_cluster,svr_rbf,1.0902656622513247,1.5361499655138524,"{""C"": 100.0, ""epsilon"": 0.2}",5.115810010211358,4;9;11;12;17;21;23;29;42;52;55;62;63;69,2;7;8;13;16;24;26;30;33;41;43;45;53;59;66;68;79;86;90
0,0,14,C/5,5,input_cluster,gp_rbf,1.446361512161677,2.1595780497584607,"{""alpha"": 1.0, ""length"": 3.0}",5.705035106295148,4;9;11;12;17;21;23;29;42;52;55;62;63;69,2;7;8;13;16;24;26;30;33;41;43;45;53;59;66;68;79;86;90
0,0,14,C/5,5,input_cluster,catboost,2.6375506581646526,4.335087538587522,{},,4;9;11;12;17;21;23;29;42;52;55;62;63;69,2;7;8;13;16;24;26;30;33;41;43;45;53;59;66;68;79;86;90
0,0,14,C/5,5,input_cluster,xgboost,3.45697704114412,5.728887088303964,{},,4;9;11;12;17;21;23;29;42;52;55;62;63;69,2;7;8;13;16;24;26;30;33;41;43;45;53;59;66;68;79;86;90
0,0,14,C/5,5,input_cluster,extra_trees,1.3363618150151793,1.919179298946313,{},,4;9;11;12;17;21;23;29;42;52;55;62;63;69,2;7;8;13;16;24;26;30;33;41;43;45;53;59;66;68;79;86;90
0,1,14,C/80,0,random,ridge_physics,1.5097246671977795,2.18483915614301,"{""alpha"": 0.1}",1.797011716025216,0;4;17;20;25;29;37;39;44;46;49;50;81;88,2;7;8;13;16;24;26;30;33;41;43;45;53;59;66;68;79;86;90
0,1,14,C/80,0,random,ridge_source,1.5782542981599506,2.3340433249897186,"{""alpha"": 0.1}",1.7499655485153198,0;4;17;20;25;29;37;39;44;46;49;50;81;88,2;7;8;13;16;24;26;30;33;41;43;45;53;59;66;68;79;86;90
0,1,14,C/80,0,random,ridge_input,2.9436324270148027,4.393894813140224,"{""alpha"": 1.0}",3.887609601020813,0;4;17;20;25;29;37;39;44;46;49;50;81;88,2;7;8;13;16;24;26;30;33;41;43;45;53;59;66;68;79;86;90
0,1,14,C/80,0,random,krr_rbf,1.7005755775853206,2.495425669483635,"{""alpha"": 0.1, ""gamma"": 0.05}",2.4750051498413086,0;4;17;20;25;29;37;39;44;46;49;50;81;88,2;7;8;13;16;24;26;30;33;41;43;45;53;59;66;68;79;86;90
0,1,14,C/80,0,random,svr_rbf,1.8650919290627344,2.353335221384654,"{""C"": 100.0, ""epsilon"": 0.2}",2.4284736575637216,0;4;17;20;25;29;37;39;44;46;49;50;81;88,2;7;8;13;16;24;26;30;33;41;43;45;53;59;66;68;79;86;90
0,1,14,C/80,0,random,gp_rbf,1.9611372634771227,2.7461554190549413,"{""alpha"": 1.0, ""length"": 3.0}",2.783156706205129,0;4;17;20;25;29;37;39;44;46;49;50;81;88,2;7;8;13;16;24;26;30;33;41;43;45;53;59;66;68;79;86;90
0,1,14,C/80,0,random,catboost,3.155177373970558,4.566333523902912,{},,0;4;17;20;25;29;37;39;44;46;49;50;81;88,2;7;8;13;16;24;26;30;33;41;43;45;53;59;66;68;79;86;90
0,1,14,C/80,0,random,xgboost,4.651714927271793,6.079509473816295,{},,0;4;17;20;25;29;37;39;44;46;49;50;81;88,2;7;8;13;16;24;26;30;33;41;43;45;53;59;66;68;79;86;90
0,1,14,C/80,0,random,extra_trees,1.779277543854294,2.274863172181783,{},,0;4;17;20;25;29;37;39;44;46;49;50;81;88,2;7;8;13;16;24;26;30;33;41;43;45;53;59;66;68;79;86;90
0,1,14,C/40,1,random,ridge_physics,1.0823633294356496,1.816535821999617,"{""alpha"": 0.1}",1.4995665209633964,0;4;17;20;25;29;37;39;44;46;49;50;81;88,2;7;8;13;16;24;26;30;33;41;43;45;53;59;66;68;79;86;90
0,1,14,C/40,1,random,ridge_source,1.1522244905170642,1.9601763287049865,"{""alpha"": 0.1}",1.3359355585915702,0;4;17;20;25;29;37;39;44;46;49;50;81;88,2;7;8;13;16;24;26;30;33;41;43;45;53;59;66;68;79;86;90
0,1,14,C/40,1,random,ridge_input,2.8463504188939144,4.254598798938787,"{""alpha"": 1.0}",3.106294172150748,0;4;17;20;25;29;37;39;44;46;49;50;81;88,2;7;8;13;16;24;26;30;33;41;43;45;53;59;66;68;79;86;90
0,1,14,C/40,1,random,krr_rbf,1.253731175472862,2.1118929655360863,"{""alpha"": 0.1, ""gamma"": 0.05}",2.047616984163012,0;4;17;20;25;29;37;39;44;46;49;50;81;88,2;7;8;13;16;24;26;30;33;41;43;45;53;59;66;68;79;86;90
0,1,14,C/40,1,random,svr_rbf,1.3456481527110624,2.128370737119071,"{""C"": 100.0, ""epsilon"": 1.0}",2.004641544231043,0;4;17;20;25;29;37;39;44;46;49;50;81;88,2;7;8;13;16;24;26;30;33;41;43;45;53;59;66;68;79;86;90
0,1,14,C/40,1,random,gp_rbf,1.521906411099228,2.354360877225565,"{""alpha"": 1.0, ""length"": 3.0}",2.362120669428826,0;4;17;20;25;29;37;39;44;46;49;50;81;88,2;7;8;13;16;24;26;30;33;41;43;45;53;59;66;68;79;86;90
0,1,14,C/40,1,random,catboost,2.896113098097473,4.357942953159255,{},,0;4;17;20;25;29;37;39;44;46;49;50;81;88,2;7;8;13;16;24;26;30;33;41;43;45;53;59;66;68;79;86;90
0,1,14,C/40,1,random,xgboost,4.239979392603824,5.875870415795752,{},,0;4;17;20;25;29;37;39;44;46;49;50;81;88,2;7;8;13;16;24;26;30;33;41;43;45;53;59;66;68;79;86;90
0,1,14,C/40,1,random,extra_trees,1.254321123842607,1.8010846445359194,{},,0;4;17;20;25;29;37;39;44;46;49;50;81;88,2;7;8;13;16;24;26;30;33;41;43;45;53;59;66;68;79;86;90
0,1,14,0.05A,2,random,ridge_physics,1.7364409597296464,2.3634517619773607,"{""alpha"": 0.1}",1.863693118095398,0;4;17;20;25;29;37;39;44;46;49;50;81;88,2;7;8;13;16;24;26;30;33;41;43;45;53;59;66;68;79;86;90
0,1,14,0.05A,2,random,ridge_source,1.8417523032740544,2.557108166833888,"{""alpha"": 0.1}",1.8141957180840629,0;4;17;20;25;29;37;39;44;46;49;50;81;88,2;7;8;13;16;24;26;30;33;41;43;45;53;59;66;68;79;86;90
0,1,14,0.05A,2,random,ridge_input,3.003175835860403,4.347615901766958,"{""alpha"": 1.0}",4.0331728628703525,0;4;17;20;25;29;37;39;44;46;49;50;81;88,2;7;8;13;16;24;26;30;33;41;43;45;53;59;66;68;79;86;90
0,1,14,0.05A,2,random,krr_rbf,1.902885035464638,2.6795811836163157,"{""alpha"": 0.1, ""gamma"": 0.05}",2.570507313523973,0;4;17;20;25;29;37;39;44;46;49;50;81;88,2;7;8;13;16;24;26;30;33;41;43;45;53;59;66;68;79;86;90
0,1,14,0.05A,2,random,svr_rbf,2.0816067328615997,2.5656996653746904,"{""C"": 100.0, ""epsilon"": 0.2}",2.5763667021448278,0;4;17;20;25;29;37;39;44;46;49;50;81;88,2;7;8;13;16;24;26;30;33;41;43;45;53;59;66;68;79;86;90
0,1,14,0.05A,2,random,gp_rbf,2.1524735301840536,2.9207740063467504,"{""alpha"": 1.0, ""length"": 3.0}",2.8708016326368484,0;4;17;20;25;29;37;39;44;46;49;50;81;88,2;7;8;13;16;24;26;30;33;41;43;45;53;59;66;68;79;86;90
0,1,14,0.05A,2,random,catboost,3.3373943816491014,4.660428162976449,{},,0;4;17;20;25;29;37;39;44;46;49;50;81;88,2;7;8;13;16;24;26;30;33;41;43;45;53;59;66;68;79;86;90
0,1,14,0.05A,2,random,xgboost,4.680564478824013,6.0973416359126125,{},,0;4;17;20;25;29;37;39;44;46;49;50;81;88,2;7;8;13;16;24;26;30;33;41;43;45;53;59;66;68;79;86;90
0,1,14,0.05A,2,random,extra_trees,1.8538420020488264,2.3839651179286423,{},,0;4;17;20;25;29;37;39;44;46;49;50;81;88,2;7;8;13;16;24;26;30;33;41;43;45;53;59;66;68;79;86;90
0,1,14,C/10,3,random,ridge_physics,0.9202206260279604,1.7041364517679554,"{""alpha"": 0.1}",1.4816608088357108,0;4;17;20;25;29;37;39;44;46;49;50;81;88,2;7;8;13;16;24;26;30;33;41;43;45;53;59;66;68;79;86;90
0,1,14,C/10,3,random,ridge_source,1.0504909314607318,1.853334349831761,"{""alpha"": 0.1}",1.243318693978446,0;4;17;20;25;29;37;39;44;46;49;50;81;88,2;7;8;13;16;24;26;30;33;41;43;45;53;59;66;68;79;86;90
0,1,14,C/10,3,random,ridge_input,2.7803838629471627,4.121203130931026,"{""alpha"": 1.0}",2.587460347584316,0;4;17;20;25;29;37;39;44;46;49;50;81;88,2;7;8;13;16;24;26;30;33;41;43;45;53;59;66;68;79;86;90
0,1,14,C/10,3,random,krr_rbf,1.020452800549959,1.9552050120954767,"{""alpha"": 0.1, ""gamma"": 0.05}",1.9267288190977916,0;4;17;20;25;29;37;39;44;46;49;50;81;88,2;7;8;13;16;24;26;30;33;41;43;45;53;59;66;68;79;86;90
0,1,14,C/10,3,random,svr_rbf,1.173308176727322,1.9175706236807384,"{""C"": 100.0, ""epsilon"": 1.0}",1.961160943734318,0;4;17;20;25;29;37;39;44;46;49;50;81;88,2;7;8;13;16;24;26;30;33;41;43;45;53;59;66;68;79;86;90
0,1,14,C/10,3,random,gp_rbf,1.225972424249154,2.175042563587583,"{""alpha"": 1.0, ""length"": 3.0}",2.2925242896180555,0;4;17;20;25;29;37;39;44;46;49;50;81;88,2;7;8;13;16;24;26;30;33;41;43;45;53;59;66;68;79;86;90
0,1,14,C/10,3,random,catboost,3.0550425104775134,4.317171054686545,{},,0;4;17;20;25;29;37;39;44;46;49;50;81;88,2;7;8;13;16;24;26;30;33;41;43;45;53;59;66;68;79;86;90
0,1,14,C/10,3,random,xgboost,4.190595526444285,5.8422129971534655,{},,0;4;17;20;25;29;37;39;44;46;49;50;81;88,2;7;8;13;16;24;26;30;33;41;43;45;53;59;66;68;79;86;90
0,1,14,C/10,3,random,extra_trees,1.2486079579905465,1.7991737093244289,{},,0;4;17;20;25;29;37;39;44;46;49;50;81;88,2;7;8;13;16;24;26;30;33;41;43;45;53;59;66;68;79;86;90
0,1,14,C/7,4,random,ridge_physics,0.9458072060032896,1.681355660142416,"{""alpha"": 0.1}",1.4047188077654158,0;4;17;20;25;29;37;39;44;46;49;50;81;88,2;7;8;13;16;24;26;30;33;41;43;45;53;59;66;68;79;86;90
0,1,14,C/7,4,random,ridge_source,1.0843204699064557,1.8282962427209448,"{""alpha"": 0.1}",1.2378082956586565,0;4;17;20;25;29;37;39;44;46;49;50;81;88,2;7;8;13;16;24;26;30;33;41;43;45;53;59;66;68;79;86;90
0,1,14,C/7,4,random,ridge_input,2.7081628096731087,3.987770344556801,"{""alpha"": 1.0}",2.434675557272775,0;4;17;20;25;29;37;39;44;46;49;50;81;88,2;7;8;13;16;24;26;30;33;41;43;45;53;59;66;68;79;86;90
0,1,14,C/7,4,random,krr_rbf,1.0052699038856907,1.8947562104445168,"{""alpha"": 0.1, ""gamma"": 0.05}",1.8441554648535592,0;4;17;20;25;29;37;39;44;46;49;50;81;88,2;7;8;13;16;24;26;30;33;41;43;45;53;59;66;68;79;86;90
0,1,14,C/7,4,random,svr_rbf,1.0739495162649992,1.814027317041391,"{""C"": 100.0, ""epsilon"": 1.0}",1.809414045843871,0;4;17;20;25;29;37;39;44;46;49;50;81;88,2;7;8;13;16;24;26;30;33;41;43;45;53;59;66;68;79;86;90
0,1,14,C/7,4,random,gp_rbf,1.177617692452387,2.096298822474762,"{""alpha"": 1.0, ""length"": 3.0}",2.3324537926586792,0;4;17;20;25;29;37;39;44;46;49;50;81;88,2;7;8;13;16;24;26;30;33;41;43;45;53;59;66;68;79;86;90
0,1,14,C/7,4,random,catboost,2.988233786828508,4.224905563138764,{},,0;4;17;20;25;29;37;39;44;46;49;50;81;88,2;7;8;13;16;24;26;30;33;41;43;45;53;59;66;68;79;86;90
0,1,14,C/7,4,random,xgboost,4.170577601382607,5.826170415977716,{},,0;4;17;20;25;29;37;39;44;46;49;50;81;88,2;7;8;13;16;24;26;30;33;41;43;45;53;59;66;68;79;86;90
0,1,14,C/7,4,random,extra_trees,1.3281147191399,1.80993930771152,{},,0;4;17;20;25;29;37;39;44;46;49;50;81;88,2;7;8;13;16;24;26;30;33;41;43;45;53;59;66;68;79;86;90
0,1,14,C/5,5,random,ridge_physics,0.9429859362150492,1.5606185062463738,"{""alpha"": 0.1}",1.4338727337973458,0;4;17;20;25;29;37;39;44;46;49;50;81;88,2;7;8;13;16;24;26;30;33;41;43;45;53;59;66;68;79;86;90
0,1,14,C/5,5,random,ridge_source,1.1736795525801809,1.8508362951952824,"{""alpha"": 0.1}",1.427197388240269,0;4;17;20;25;29;37;39;44;46;49;50;81;88,2;7;8;13;16;24;26;30;33;41;43;45;53;59;66;68;79;86;90
0,1,14,C/5,5,random,ridge_input,2.7873647589432564,4.028698030905908,"{""alpha"": 1.0}",2.5594397272382463,0;4;17;20;25;29;37;39;44;46;49;50;81;88,2;7;8;13;16;24;26;30;33;41;43;45;53;59;66;68;79;86;90
0,1,14,C/5,5,random,krr_rbf,1.0416556910464638,1.8555180819160209,"{""alpha"": 0.1, ""gamma"": 0.05}",1.9914085694721768,0;4;17;20;25;29;37;39;44;46;49;50;81;88,2;7;8;13;16;24;26;30;33;41;43;45;53;59;66;68;79;86;90
0,1,14,C/5,5,random,svr_rbf,1.191278149996154,1.830333322120017,"{""C"": 100.0, ""epsilon"": 1.0}",1.9835942833834517,0;4;17;20;25;29;37;39;44;46;49;50;81;88,2;7;8;13;16;24;26;30;33;41;43;45;53;59;66;68;79;86;90
0,1,14,C/5,5,random,gp_rbf,1.202849391457218,2.066670379199792,"{""alpha"": 1.0, ""length"": 3.0}",2.356381388568495,0;4;17;20;25;29;37;39;44;46;49;50;81;88,2;7;8;13;16;24;26;30;33;41;43;45;53;59;66;68;79;86;90
0,1,14,C/5,5,random,catboost,2.987551401593183,4.161170373318838,{},,0;4;17;20;25;29;37;39;44;46;49;50;81;88,2;7;8;13;16;24;26;30;33;41;43;45;53;59;66;68;79;86;90
0,1,14,C/5,5,random,xgboost,4.215612311112253,5.8671458490018304,{},,0;4;17;20;25;29;37;39;44;46;49;50;81;88,2;7;8;13;16;24;26;30;33;41;43;45;53;59;66;68;79;86;90
0,1,14,C/5,5,random,extra_trees,1.355328246166833,1.8107883343345577,{},,0;4;17;20;25;29;37;39;44;46;49;50;81;88,2;7;8;13;16;24;26;30;33;41;43;45;53;59;66;68;79;86;90
0,1,14,C/80,0,source_cluster,ridge_physics,1.6986232556794818,2.51881449261042,"{""alpha"": 1.0}",2.8479574067252025,1;3;5;22;32;40;48;58;62;63;69;76;85;87,2;7;8;13;16;24;26;30;33;41;43;45;53;59;66;68;79;86;90
0,1,14,C/80,0,source_cluster,ridge_source,1.7127781918174343,2.426346369500851,"{""alpha"": 0.1}",2.5235303470066617,1;3;5;22;32;40;48;58;62;63;69;76;85;87,2;7;8;13;16;24;26;30;33;41;43;45;53;59;66;68;79;86;90
0,1,14,C/80,0,source_cluster,ridge_input,3.682012859143709,5.362983983906831,"{""alpha"": 10.0}",5.800154685974121,1;3;5;22;32;40;48;58;62;63;69;76;85;87,2;7;8;13;16;24;26;30;33;41;43;45;53;59;66;68;79;86;90
0,1,14,C/80,0,source_cluster,krr_rbf,1.818218431974712,2.395602155758991,"{""alpha"": 0.1, ""gamma"": 0.05}",4.663222210747855,1;3;5;22;32;40;48;58;62;63;69;76;85;87,2;7;8;13;16;24;26;30;33;41;43;45;53;59;66;68;79;86;90
0,1,14,C/80,0,source_cluster,svr_rbf,1.4719217610482247,2.144060584902611,"{""C"": 100.0, ""epsilon"": 0.2}",5.600894753529767,1;3;5;22;32;40;48;58;62;63;69;76;85;87,2;7;8;13;16;24;26;30;33;41;43;45;53;59;66;68;79;86;90
0,1,14,C/80,0,source_cluster,gp_rbf,1.9999920155916249,2.6263688850022637,"{""alpha"": 1.0, ""length"": 3.0}",4.905526430392686,1;3;5;22;32;40;48;58;62;63;69;76;85;87,2;7;8;13;16;24;26;30;33;41;43;45;53;59;66;68;79;86;90
0,1,14,C/80,0,source_cluster,catboost,3.087637172198071,5.070465437537502,{},,1;3;5;22;32;40;48;58;62;63;69;76;85;87,2;7;8;13;16;24;26;30;33;41;43;45;53;59;66;68;79;86;90
0,1,14,C/80,0,source_cluster,xgboost,4.276231063039679,6.6244442646955966,{},,1;3;5;22;32;40;48;58;62;63;69;76;85;87,2;7;8;13;16;24;26;30;33;41;43;45;53;59;66;68;79;86;90
0,1,14,C/80,0,source_cluster,extra_trees,3.1105483171157062,3.7747588720727383,{},,1;3;5;22;32;40;48;58;62;63;69;76;85;87,2;7;8;13;16;24;26;30;33;41;43;45;53;59;66;68;79;86;90
0,1,14,C/40,1,source_cluster,ridge_physics,1.212677001953125,2.104712311897134,"{""alpha"": 1.0}",2.315645013536726,1;3;5;22;32;40;48;58;62;63;69;76;85;87,2;7;8;13;16;24;26;30;33;41;43;45;53;59;66;68;79;86;90
0,1,14,C/40,1,source_cluster,ridge_source,1.183937474300987,1.9790479811242083,"{""alpha"": 0.1}",1.9265248434884208,1;3;5;22;32;40;48;58;62;63;69;76;85;87,2;7;8;13;16;24;26;30;33;41;43;45;53;59;66;68;79;86;90
0,1,14,C/40,1,source_cluster,ridge_input,3.3087134110300163,5.066203470426435,"{""alpha"": 10.0}",5.355278696332659,1;3;5;22;32;40;48;58;62;63;69;76;85;87,2;7;8;13;16;24;26;30;33;41;43;45;53;59;66;68;79;86;90
0,1,14,C/40,1,source_cluster,krr_rbf,1.3499860261615957,1.9517981060223968,"{""alpha"": 0.1, ""gamma"": 0.05}",4.464437659297671,1;3;5;22;32;40;48;58;62;63;69;76;85;87,2;7;8;13;16;24;26;30;33;41;43;45;53;59;66;68;79;86;90
0,1,14,C/40,1,source_cluster,svr_rbf,1.074639335631397,1.5379099054307437,"{""C"": 100.0, ""epsilon"": 0.2}",5.109384647150703,1;3;5;22;32;40;48;58;62;63;69;76;85;87,2;7;8;13;16;24;26;30;33;41;43;45;53;59;66;68;79;86;90
0,1,14,C/40,1,source_cluster,gp_rbf,1.5138049501290027,2.2568094507697856,"{""alpha"": 1.0, ""length"": 3.0}",4.768550391680669,1;3;5;22;32;40;48;58;62;63;69;76;85;87,2;7;8;13;16;24;26;30;33;41;43;45;53;59;66;68;79;86;90
0,1,14,C/40,1,source_cluster,catboost,2.709629654479347,4.928670132244454,{},,1;3;5;22;32;40;48;58;62;63;69;76;85;87,2;7;8;13;16;24;26;30;33;41;43;45;53;59;66;68;79;86;90
0,1,14,C/40,1,source_cluster,xgboost,3.994302448473479,6.398691146784055,{},,1;3;5;22;32;40;48;58;62;63;69;76;85;87,2;7;8;13;16;24;26;30;33;41;43;45;53;59;66;68;79;86;90
0,1,14,C/40,1,source_cluster,extra_trees,2.3765944616059604,3.1876260600295385,{},,1;3;5;22;32;40;48;58;62;63;69;76;85;87,2;7;8;13;16;24;26;30;33;41;43;45;53;59;66;68;79;86;90
0,1,14,0.05A,2,source_cluster,ridge_physics,1.951481066252056,2.768417311209224,"{""alpha"": 1.0}",3.0853167601994107,1;3;5;22;32;40;48;58;62;63;69;76;85;87,2;7;8;13;16;24;26;30;33;41;43;45;53;59;66;68;79;86;90
0,1,14,0.05A,2,source_cluster,ridge_source,1.898988824141653,2.637953710504146,"{""alpha"": 0.1}",2.6056879247937883,1;3;5;22;32;40;48;58;62;63;69;76;85;87,2;7;8;13;16;24;26;30;33;41;43;45;53;59;66;68;79;86;90
0,1,14,0.05A,2,source_cluster,ridge_input,3.768068815532484,5.358195084791398,"{""alpha"": 10.0}",5.9069675377437045,1;3;5;22;32;40;48;58;62;63;69;76;85;87,2;7;8;13;16;24;26;30;33;41;43;45;53;59;66;68;79;86;90
0,1,14,0.05A,2,source_cluster,krr_rbf,1.9928869950143917,2.6000846758358924,"{""alpha"": 0.1, ""gamma"": 0.05}",4.626546246664865,1;3;5;22;32;40;48;58;62;63;69;76;85;87,2;7;8;13;16;24;26;30;33;41;43;45;53;59;66;68;79;86;90
0,1,14,0.05A,2,source_cluster,svr_rbf,1.656567541974609,2.365185029814397,"{""C"": 100.0, ""epsilon"": 0.2}",5.590395392834449,1;3;5;22;32;40;48;58;62;63;69;76;85;87,2;7;8;13;16;24;26;30;33;41;43;45;53;59;66;68;79;86;90
0,1,14,0.05A,2,source_cluster,gp_rbf,2.1641261789218453,2.780894535677462,"{""alpha"": 1.0, ""length"": 3.0}",4.869606959637229,1;3;5;22;32;40;48;58;62;63;69;76;85;87,2;7;8;13;16;24;26;30;33;41;43;45;53;59;66;68;79;86;90
0,1,14,0.05A,2,source_cluster,catboost,3.2451509133454945,4.986508165860903,{},,1;3;5;22;32;40;48;58;62;63;69;76;85;87,2;7;8;13;16;24;26;30;33;41;43;45;53;59;66;68;79;86;90
0,1,14,0.05A,2,source_cluster,xgboost,4.32835548802426,6.545307129713419,{},,1;3;5;22;32;40;48;58;62;63;69;76;85;87,2;7;8;13;16;24;26;30;33;41;43;45;53;59;66;68;79;86;90
0,1,14,0.05A,2,source_cluster,extra_trees,3.188952168450322,3.823165311539727,{},,1;3;5;22;32;40;48;58;62;63;69;76;85;87,2;7;8;13;16;24;26;30;33;41;43;45;53;59;66;68;79;86;90
0,1,14,C/10,3,source_cluster,ridge_physics,0.8434259515059622,1.2605969467381175,"{""alpha"": 0.1}",1.6512133393968855,1;3;5;22;32;40;48;58;62;63;69;76;85;87,2;7;8;13;16;24;26;30;33;41;43;45;53;59;66;68;79;86;90
0,1,14,C/10,3,source_cluster,ridge_source,1.1069914165296053,1.712043995682161,"{""alpha"": 0.1}",1.724806479045323,1;3;5;22;32;40;48;58;62;63;69;76;85;87,2;7;8;13;16;24;26;30;33;41;43;45;53;59;66;68;79;86;90
0,1,14,C/10,3,source_cluster,ridge_input,3.06377491198088,4.709740599808403,"{""alpha"": 10.0}",4.714533533368792,1;3;5;22;32;40;48;58;62;63;69;76;85;87,2;7;8;13;16;24;26;30;33;41;43;45;53;59;66;68;79;86;90
0,1,14,C/10,3,source_cluster,krr_rbf,1.052248101485403,1.8441592953277253,"{""alpha"": 0.1, ""gamma"": 0.05}",5.146753856113979,1;3;5;22;32;40;48;58;62;63;69;76;85;87,2;7;8;13;16;24;26;30;33;41;43;45;53;59;66;68;79;86;90
0,1,14,C/10,3,source_cluster,svr_rbf,0.9339537686240086,1.341164264795221,"{""C"": 100.0, ""epsilon"": 0.2}",5.65369545105898,1;3;5;22;32;40;48;58;62;63;69;76;85;87,2;7;8;13;16;24;26;30;33;41;43;45;53;59;66;68;79;86;90
0,1,14,C/10,3,source_cluster,gp_rbf,1.249453830419315,2.1823371177017177,"{""alpha"": 1.0, ""length"": 3.0}",5.562153534773876,1;3;5;22;32;40;48;58;62;63;69;76;85;87,2;7;8;13;16;24;26;30;33;41;43;45;53;59;66;68;79;86;90
0,1,14,C/10,3,source_cluster,catboost,3.05862383205397,5.138568621511842,{},,1;3;5;22;32;40;48;58;62;63;69;76;85;87,2;7;8;13;16;24;26;30;33;41;43;45;53;59;66;68;79;86;90
0,1,14,C/10,3,source_cluster,xgboost,4.221396596808183,6.510482435967458,{},,1;3;5;22;32;40;48;58;62;63;69;76;85;87,2;7;8;13;16;24;26;30;33;41;43;45;53;59;66;68;79;86;90
0,1,14,C/10,3,source_cluster,extra_trees,2.0301064518041763,3.113707007573241,{},,1;3;5;22;32;40;48;58;62;63;69;76;85;87,2;7;8;13;16;24;26;30;33;41;43;45;53;59;66;68;79;86;90
0,1,14,C/7,4,source_cluster,ridge_physics,0.8298058760793585,1.205047470477198,"{""alpha"": 0.1}",1.5784625666482108,1;3;5;22;32;40;48;58;62;63;69;76;85;87,2;7;8;13;16;24;26;30;33;41;43;45;53;59;66;68;79;86;90
0,1,14,C/7,4,source_cluster,ridge_source,1.2177385029039884,1.7258958327763017,"{""alpha"": 0.1}",1.9575418063572476,1;3;5;22;32;40;48;58;62;63;69;76;85;87,2;7;8;13;16;24;26;30;33;41;43;45;53;59;66;68;79;86;90
0,1,14,C/7,4,source_cluster,ridge_input,3.0323381925884045,4.630237992245968,"{""alpha"": 10.0}",4.637782301221575,1;3;5;22;32;40;48;58;62;63;69;76;85;87,2;7;8;13;16;24;26;30;33;41;43;45;53;59;66;68;79;86;90
0,1,14,C/7,4,source_cluster,krr_rbf,1.0466027510793583,1.8266366503091096,"{""alpha"": 0.1, ""gamma"": 0.05}",5.328735577208655,1;3;5;22;32;40;48;58;62;63;69;76;85;87,2;7;8;13;16;24;26;30;33;41;43;45;53;59;66;68;79;86;90
0,1,14,C/7,4,source_cluster,svr_rbf,0.9303407340817424,1.3153188618150409,"{""C"": 100.0, ""epsilon"": 0.2}",5.878851507832181,1;3;5;22;32;40;48;58;62;63;69;76;85;87,2;7;8;13;16;24;26;30;33;41;43;45;53;59;66;68;79;86;90
0,1,14,C/7,4,source_cluster,gp_rbf,1.2538157216432075,2.1637241804263367,"{""alpha"": 1.0, ""length"": 3.0}",5.764805764525479,1;3;5;22;32;40;48;58;62;63;69;76;85;87,2;7;8;13;16;24;26;30;33;41;43;45;53;59;66;68;79;86;90
0,1,14,C/7,4,source_cluster,catboost,3.161884855629237,5.181733823029777,{},,1;3;5;22;32;40;48;58;62;63;69;76;85;87,2;7;8;13;16;24;26;30;33;41;43;45;53;59;66;68;79;86;90
0,1,14,C/7,4,source_cluster,xgboost,4.2789366872687085,6.504625627891299,{},,1;3;5;22;32;40;48;58;62;63;69;76;85;87,2;7;8;13;16;24;26;30;33;41;43;45;53;59;66;68;79;86;90
0,1,14,C/7,4,source_cluster,extra_trees,2.0141554688331764,3.098210941297951,{},,1;3;5;22;32;40;48;58;62;63;69;76;85;87,2;7;8;13;16;24;26;30;33;41;43;45;53;59;66;68;79;86;90
0,1,14,C/5,5,source_cluster,ridge_physics,0.8127598009611431,1.14656725424161,"{""alpha"": 0.1}",1.5428844860621862,1;3;5;22;32;40;48;58;62;63;69;76;85;87,2;7;8;13;16;24;26;30;33;41;43;45;53;59;66;68;79;86;90
0,1,14,C/5,5,source_cluster,ridge_source,1.3168451409590871,1.7775526740696428,"{""alpha"": 0.1}",2.183852025440761,1;3;5;22;32;40;48;58;62;63;69;76;85;87,2;7;8;13;16;24;26;30;33;41;43;45;53;59;66;68;79;86;90
0,1,14,C/5,5,source_cluster,ridge_input,3.031271683542352,4.567977317638226,"{""alpha"": 10.0}",4.581461361476353,1;3;5;22;32;40;48;58;62;63;69;76;85;87,2;7;8;13;16;24;26;30;33;41;43;45;53;59;66;68;79;86;90
0,1,14,C/5,5,source_cluster,krr_rbf,1.081546984220806,1.820547545913615,"{""alpha"": 0.1, ""gamma"": 0.05}",5.530219316482544,1;3;5;22;32;40;48;58;62;63;69;76;85;87,2;7;8;13;16;24;26;30;33;41;43;45;53;59;66;68;79;86;90
0,1,14,C/5,5,source_cluster,svr_rbf,0.93516117726082,1.273644555090857,"{""C"": 100.0, ""epsilon"": 0.2}",6.147108577847798,1;3;5;22;32;40;48;58;62;63;69;76;85;87,2;7;8;13;16;24;26;30;33;41;43;45;53;59;66;68;79;86;90
0,1,14,C/5,5,source_cluster,gp_rbf,1.2911080023559107,2.1585745553062634,"{""alpha"": 1.0, ""length"": 3.0}",5.985590611827929,1;3;5;22;32;40;48;58;62;63;69;76;85;87,2;7;8;13;16;24;26;30;33;41;43;45;53;59;66;68;79;86;90
0,1,14,C/5,5,source_cluster,catboost,3.242022703451152,5.18684672653141,{},,1;3;5;22;32;40;48;58;62;63;69;76;85;87,2;7;8;13;16;24;26;30;33;41;43;45;53;59;66;68;79;86;90
0,1,14,C/5,5,source_cluster,xgboost,4.345003629985609,6.527277360466671,{},,1;3;5;22;32;40;48;58;62;63;69;76;85;87,2;7;8;13;16;24;26;30;33;41;43;45;53;59;66;68;79;86;90
0,1,14,C/5,5,source_cluster,extra_trees,1.961713029089429,3.028492178053796,{},,1;3;5;22;32;40;48;58;62;63;69;76;85;87,2;7;8;13;16;24;26;30;33;41;43;45;53;59;66;68;79;86;90
0,1,14,C/80,0,physical_cluster,ridge_physics,1.985791658100329,2.9759248074105105,"{""alpha"": 1.0}",1.590354612895421,4;10;17;22;23;28;29;36;39;44;56;62;69;71,2;7;8;13;16;24;26;30;33;41;43;45;53;59;66;68;79;86;90
0,1,14,C/80,0,physical_cluster,ridge_source,1.951795076069079,2.783834519541879,"{""alpha"": 0.1}",1.2610744067600794,4;10;17;22;23;28;29;36;39;44;56;62;69;71,2;7;8;13;16;24;26;30;33;41;43;45;53;59;66;68;79;86;90
0,1,14,C/80,0,physical_cluster,ridge_input,3.89710155286287,5.624194544756081,"{""alpha"": 1.0}",4.717963474137442,4;10;17;22;23;28;29;36;39;44;56;62;69;71,2;7;8;13;16;24;26;30;33;41;43;45;53;59;66;68;79;86;90
0,1,14,C/80,0,physical_cluster,krr_rbf,2.228301198858964,3.003158918777666,"{""alpha"": 0.1, ""gamma"": 0.05}",3.763189388172967,4;10;17;22;23;28;29;36;39;44;56;62;69;71,2;7;8;13;16;24;26;30;33;41;43;45;53;59;66;68;79;86;90
0,1,14,C/80,0,physical_cluster,svr_rbf,1.7573790310176507,2.389949494647194,"{""C"": 100.0, ""epsilon"": 0.2}",4.257634573723048,4;10;17;22;23;28;29;36;39;44;56;62;69;71,2;7;8;13;16;24;26;30;33;41;43;45;53;59;66;68;79;86;90
0,1,14,C/80,0,physical_cluster,gp_rbf,2.4682071626546382,3.258484478084121,"{""alpha"": 1.0, ""length"": 3.0}",4.143182154718159,4;10;17;22;23;28;29;36;39;44;56;62;69;71,2;7;8;13;16;24;26;30;33;41;43;45;53;59;66;68;79;86;90
0,1,14,C/80,0,physical_cluster,catboost,3.557750241125873,5.480453007992704,{},,4;10;17;22;23;28;29;36;39;44;56;62;69;71,2;7;8;13;16;24;26;30;33;41;43;45;53;59;66;68;79;86;90
0,1,14,C/80,0,physical_cluster,xgboost,4.412221808182566,6.549902834219544,{},,4;10;17;22;23;28;29;36;39;44;56;62;69;71,2;7;8;13;16;24;26;30;33;41;43;45;53;59;66;68;79;86;90
0,1,14,C/80,0,physical_cluster,extra_trees,2.7827693780143767,3.691308595807464,{},,4;10;17;22;23;28;29;36;39;44;56;62;69;71,2;7;8;13;16;24;26;30;33;41;43;45;53;59;66;68;79;86;90
0,1,14,C/40,1,physical_cluster,ridge_physics,1.2591054815995066,2.152125093712508,"{""alpha"": 0.1}",1.327720335551671,4;10;17;22;23;28;29;36;39;44;56;62;69;71,2;7;8;13;16;24;26;30;33;41;43;45;53;59;66;68;79;86;90
0,1,14,C/40,1,physical_cluster,ridge_source,1.3168041831568669,2.2564582840444305,"{""alpha"": 0.1}",0.9973856721605572,4;10;17;22;23;28;29;36;39;44;56;62;69;71,2;7;8;13;16;24;26;30;33;41;43;45;53;59;66;68;79;86;90
0,1,14,C/40,1,physical_cluster,ridge_input,3.7192812467876233,5.387705297593636,"{""alpha"": 10.0}",4.5097565821238925,4;10;17;22;23;28;29;36;39;44;56;62;69;71,2;7;8;13;16;24;26;30;33;41;43;45;53;59;66;68;79;86;90
0,1,14,C/40,1,physical_cluster,krr_rbf,1.6753881354081004,2.577143015250572,"{""alpha"": 0.1, ""gamma"": 0.05}",3.6847209078925,4;10;17;22;23;28;29;36;39;44;56;62;69;71,2;7;8;13;16;24;26;30;33;41;43;45;53;59;66;68;79;86;90
0,1,14,C/40,1,physical_cluster,svr_rbf,1.2971240516932925,2.001292021018492,"{""C"": 100.0, ""epsilon"": 0.2}",4.1579603558850655,4;10;17;22;23;28;29;36;39;44;56;62;69;71,2;7;8;13;16;24;26;30;33;41;43;45;53;59;66;68;79;86;90
0,1,14,C/40,1,physical_cluster,gp_rbf,1.8980734263388503,2.843238587180222,"{""alpha"": 1.0, ""length"": 3.0}",4.090238701893687,4;10;17;22;23;28;29;36;39;44;56;62;69;71,2;7;8;13;16;24;26;30;33;41;43;45;53;59;66;68;79;86;90
0,1,14,C/40,1,physical_cluster,catboost,3.108491266751652,5.288316848587487,{},,4;10;17;22;23;28;29;36;39;44;56;62;69;71,2;7;8;13;16;24;26;30;33;41;43;45;53;59;66;68;79;86;90
0,1,14,C/40,1,physical_cluster,xgboost,4.092428107010691,6.401329108487667,{},,4;10;17;22;23;28;29;36;39;44;56;62;69;71,2;7;8;13;16;24;26;30;33;41;43;45;53;59;66;68;79;86;90
0,1,14,C/40,1,physical_cluster,extra_trees,2.213470950054942,3.3241260368479884,{},,4;10;17;22;23;28;29;36;39;44;56;62;69;71,2;7;8;13;16;24;26;30;33;41;43;45;53;59;66;68;79;86;90
0,1,14,0.05A,2,physical_cluster,ridge_physics,2.2600073563425163,3.231719031985208,"{""alpha"": 1.0}",1.8167370387486048,4;10;17;22;23;28;29;36;39;44;56;62;69;71,2;7;8;13;16;24;26;30;33;41;43;45;53;59;66;68;79;86;90
0,1,14,0.05A,2,physical_cluster,ridge_source,2.250879789653577,3.0779851606976583,"{""alpha"": 1.0}",1.4347032138279503,4;10;17;22;23;28;29;36;39;44;56;62;69;71,2;7;8;13;16;24;26;30;33;41;43;45;53;59;66;68;79;86;90
0,1,14,0.05A,2,physical_cluster,ridge_input,3.925545943410773,5.647850938502192,"{""alpha"": 1.0}",4.5563912732260565,4;10;17;22;23;28;29;36;39;44;56;62;69;71,2;7;8;13;16;24;26;30;33;41;43;45;53;59;66;68;79;86;90
0,1,14,0.05A,2,physical_cluster,krr_rbf,2.5067556280838814,3.246501838021124,"{""alpha"": 0.1, ""gamma"": 0.05}",3.9130912167685374,4;10;17;22;23;28;29;36;39;44;56;62;69;71,2;7;8;13;16;24;26;30;33;41;43;45;53;59;66;68;79;86;90
0,1,14,0.05A,2,physical_cluster,svr_rbf,1.9287974475350145,2.5380637247505526,"{""C"": 100.0, ""epsilon"": 0.2}",4.480056046371264,4;10;17;22;23;28;29;36;39;44;56;62;69;71,2;7;8;13;16;24;26;30;33;41;43;45;53;59;66;68;79;86;90
0,1,14,0.05A,2,physical_cluster,gp_rbf,2.730922961005195,3.4757729649294524,"{""alpha"": 1.0, ""length"": 3.0}",4.310383226082181,4;10;17;22;23;28;29;36;39;44;56;62;69;71,2;7;8;13;16;24;26;30;33;41;43;45;53;59;66;68;79;86;90
0,1,14,0.05A,2,physical_cluster,catboost,3.73350044811676,5.459382425799026,{},,4;10;17;22;23;28;29;36;39;44;56;62;69;71,2;7;8;13;16;24;26;30;33;41;43;45;53;59;66;68;79;86;90
0,1,14,0.05A,2,physical_cluster,xgboost,4.465153342799137,6.464456828279407,{},,4;10;17;22;23;28;29;36;39;44;56;62;69;71,2;7;8;13;16;24;26;30;33;41;43;45;53;59;66;68;79;86;90
0,1,14,0.05A,2,physical_cluster,extra_trees,2.953110228325789,3.763643664048245,{},,4;10;17;22;23;28;29;36;39;44;56;62;69;71,2;7;8;13;16;24;26;30;33;41;43;45;53;59;66;68;79;86;90
0,1,14,C/10,3,physical_cluster,ridge_physics,1.013185601485403,1.7270432663911168,"{""alpha"": 0.1}",1.1636574949537004,4;10;17;22;23;28;29;36;39;44;56;62;69;71,2;7;8;13;16;24;26;30;33;41;43;45;53;59;66;68;79;86;90
0,1,14,C/10,3,physical_cluster,ridge_source,0.987658048930921,1.8158506177277465,"{""alpha"": 0.1}",1.5511152403695243,4;10;17;22;23;28;29;36;39;44;56;62;69;71,2;7;8;13;16;24;26;30;33;41;43;45;53;59;66;68;79;86;90
0,1,14,C/10,3,physical_cluster,ridge_input,3.3503807469418176,4.965465982502505,"{""alpha"": 10.0}",4.030529056276594,4;10;17;22;23;28;29;36;39;44;56;62;69;71,2;7;8;13;16;24;26;30;33;41;43;45;53;59;66;68;79;86;90
0,1,14,C/10,3,physical_cluster,krr_rbf,1.3830843473735608,2.343846417689337,"{""alpha"": 0.1, ""gamma"": 0.05}",4.46084327357156,4;10;17;22;23;28;29;36;39;44;56;62;69;71,2;7;8;13;16;24;26;30;33;41;43;45;53;59;66;68;79;86;90
0,1,14,C/10,3,physical_cluster,svr_rbf,1.2040509413364355,2.085195379096412,"{""C"": 100.0, ""epsilon"": 1.0}",5.502806487351748,4;10;17;22;23;28;29;36;39;44;56;62;69;71,2;7;8;13;16;24;26;30;33;41;43;45;53;59;66;68;79;86;90
0,1,14,C/10,3,physical_cluster,gp_rbf,1.6253236223486012,2.6095342277858364,"{""alpha"": 1.0, ""length"": 3.0}",4.960595712806969,4;10;17;22;23;28;29;36;39;44;56;62;69;71,2;7;8;13;16;24;26;30;33;41;43;45;53;59;66;68;79;86;90
0,1,14,C/10,3,physical_cluster,catboost,3.3734669868154974,5.356060168536656,{},,4;10;17;22;23;28;29;36;39;44;56;62;69;71,2;7;8;13;16;24;26;30;33;41;43;45;53;59;66;68;79;86;90
0,1,14,C/10,3,physical_cluster,xgboost,4.182081925241571,6.443707268072251,{},,4;10;17;22;23;28;29;36;39;44;56;62;69;71,2;7;8;13;16;24;26;30;33;41;43;45;53;59;66;68;79;86;90
0,1,14,C/10,3,physical_cluster,extra_trees,1.9604225181756447,3.2397825965397997,{},,4;10;17;22;23;28;29;36;39;44;56;62;69;71,2;7;8;13;16;24;26;30;33;41;43;45;53;59;66;68;79;86;90
0,1,14,C/7,4,physical_cluster,ridge_physics,0.9266610396535772,1.6093031075222013,"{""alpha"": 0.1}",1.2499947888510567,4;10;17;22;23;28;29;36;39;44;56;62;69;71,2;7;8;13;16;24;26;30;33;41;43;45;53;59;66;68;79;86;90
0,1,14,C/7,4,physical_cluster,ridge_source,1.023868761564556,1.772868984152798,"{""alpha"": 0.1}",1.7666667529514857,4;10;17;22;23;28;29;36;39;44;56;62;69;71,2;7;8;13;16;24;26;30;33;41;43;45;53;59;66;68;79;86;90
0,1,14,C/7,4,physical_cluster,ridge_input,3.266270286158512,4.845267526139659,"{""alpha"": 10.0}",4.058414595467704,4;10;17;22;23;28;29;36;39;44;56;62;69;71,2;7;8;13;16;24;26;30;33;41;43;45;53;59;66;68;79;86;90
0,1,14,C/7,4,physical_cluster,krr_rbf,1.301799171849301,2.2439371589983903,"{""alpha"": 0.1, ""gamma"": 0.05}",4.702586982931409,4;10;17;22;23;28;29;36;39;44;56;62;69;71,2;7;8;13;16;24;26;30;33;41;43;45;53;59;66;68;79;86;90
0,1,14,C/7,4,physical_cluster,svr_rbf,1.1476753578057548,1.98761589703481,"{""C"": 100.0, ""epsilon"": 1.0}",5.784930459747274,4;10;17;22;23;28;29;36;39;44;56;62;69;71,2;7;8;13;16;24;26;30;33;41;43;45;53;59;66;68;79;86;90
0,1,14,C/7,4,physical_cluster,gp_rbf,1.536105542102686,2.5084683950412594,"{""alpha"": 1.0, ""length"": 3.0}",5.223632025281441,4;10;17;22;23;28;29;36;39;44;56;62;69;71,2;7;8;13;16;24;26;30;33;41;43;45;53;59;66;68;79;86;90
0,1,14,C/7,4,physical_cluster,catboost,3.3984386517453005,5.359866141282224,{},,4;10;17;22;23;28;29;36;39;44;56;62;69;71,2;7;8;13;16;24;26;30;33;41;43;45;53;59;66;68;79;86;90
0,1,14,C/7,4,physical_cluster,xgboost,4.230235049599095,6.47362138872175,{},,4;10;17;22;23;28;29;36;39;44;56;62;69;71,2;7;8;13;16;24;26;30;33;41;43;45;53;59;66;68;79;86;90
0,1,14,C/7,4,physical_cluster,extra_trees,1.9199310410530643,3.189208551336184,{},,4;10;17;22;23;28;29;36;39;44;56;62;69;71,2;7;8;13;16;24;26;30;33;41;43;45;53;59;66;68;79;86;90
0,1,14,C/5,5,physical_cluster,ridge_physics,0.8821961252312911,1.472888755634036,"{""alpha"": 0.1}",1.3538483210972376,4;10;17;22;23;28;29;36;39;44;56;62;69;71,2;7;8;13;16;24;26;30;33;41;43;45;53;59;66;68;79;86;90
0,1,14,C/5,5,physical_cluster,ridge_source,1.146076804713199,1.7968727204456822,"{""alpha"": 0.1}",2.1043658597128734,4;10;17;22;23;28;29;36;39;44;56;62;69;71,2;7;8;13;16;24;26;30;33;41;43;45;53;59;66;68;79;86;90
0,1,14,C/5,5,physical_cluster,ridge_input,3.2672536749588814,4.811289050318289,"{""alpha"": 10.0}",4.069483654839652,4;10;17;22;23;28;29;36;39;44;56;62;69;71,2;7;8;13;16;24;26;30;33;41;43;45;53;59;66;68;79;86;90
0,1,14,C/5,5,physical_cluster,krr_rbf,1.2891307630037006,2.208440519773782,"{""alpha"": 0.1, ""gamma"": 0.05}",4.91831248147147,4;10;17;22;23;28;29;36;39;44;56;62;69;71,2;7;8;13;16;24;26;30;33;41;43;45;53;59;66;68;79;86;90
0,1,14,C/5,5,physical_cluster,svr_rbf,1.1040527408898675,1.768347438801971,"{""C"": 100.0, ""epsilon"": 1.0}",6.070916337044345,4;10;17;22;23;28;29;36;39;44;56;62;69;71,2;7;8;13;16;24;26;30;33;41;43;45;53;59;66;68;79;86;90
0,1,14,C/5,5,physical_cluster,gp_rbf,1.522244032678372,2.481701952320323,"{""alpha"": 1.0, ""length"": 3.0}",5.440633363580557,4;10;17;22;23;28;29;36;39;44;56;62;69;71,2;7;8;13;16;24;26;30;33;41;43;45;53;59;66;68;79;86;90
0,1,14,C/5,5,physical_cluster,catboost,3.472732099454834,5.366630201813533,{},,4;10;17;22;23;28;29;36;39;44;56;62;69;71,2;7;8;13;16;24;26;30;33;41;43;45;53;59;66;68;79;86;90
0,1,14,C/5,5,physical_cluster,xgboost,4.265796460603413,6.495096194720232,{},,4;10;17;22;23;28;29;36;39;44;56;62;69;71,2;7;8;13;16;24;26;30;33;41;43;45;53;59;66;68;79;86;90
0,1,14,C/5,5,physical_cluster,extra_trees,1.934202022779556,3.164934850963684,{},,4;10;17;22;23;28;29;36;39;44;56;62;69;71,2;7;8;13;16;24;26;30;33;41;43;45;53;59;66;68;79;86;90
0,1,14,C/80,0,input_cluster,ridge_physics,2.339528535541735,3.2432251480201355,"{""alpha"": 10.0}",2.924277033124651,4;9;11;12;17;21;23;29;42;52;55;62;63;69,2;7;8;13;16;24;26;30;33;41;43;45;53;59;66;68;79;86;90
0,1,14,C/80,0,input_cluster,ridge_source,1.9587141338147616,2.682987349908773,"{""alpha"": 1.0}",2.408701879637582,4;9;11;12;17;21;23;29;42;52;55;62;63;69,2;7;8;13;16;24;26;30;33;41;43;45;53;59;66;68;79;86;90
0,1,14,C/80,0,input_cluster,ridge_input,3.7244443391498767,5.44931651473223,"{""alpha"": 10.0}",5.966667873518808,4;9;11;12;17;21;23;29;42;52;55;62;63;69,2;7;8;13;16;24;26;30;33;41;43;45;53;59;66;68;79;86;90
0,1,14,C/80,0,input_cluster,krr_rbf,2.4072675203022205,2.931892060636577,"{""alpha"": 0.1, ""gamma"": 0.05}",4.460982458932059,4;9;11;12;17;21;23;29;42;52;55;62;63;69,2;7;8;13;16;24;26;30;33;41;43;45;53;59;66;68;79;86;90
0,1,14,C/80,0,input_cluster,svr_rbf,2.4452749520017334,2.8655924113835622,"{""C"": 100.0, ""epsilon"": 1.0}",4.340340083157481,4;9;11;12;17;21;23;29;42;52;55;62;63;69,2;7;8;13;16;24;26;30;33;41;43;45;53;59;66;68;79;86;90
0,1,14,C/80,0,input_cluster,gp_rbf,2.512966975546797,3.0735202378496878,"{""alpha"": 1.0, ""length"": 3.0}",4.599622191147923,4;9;11;12;17;21;23;29;42;52;55;62;63;69,2;7;8;13;16;24;26;30;33;41;43;45;53;59;66;68;79;86;90
0,1,14,C/80,0,input_cluster,catboost,2.858477178563058,4.5389608547959455,{},,4;9;11;12;17;21;23;29;42;52;55;62;63;69,2;7;8;13;16;24;26;30;33;41;43;45;53;59;66;68;79;86;90
0,1,14,C/80,0,input_cluster,xgboost,4.076994243421052,6.105483032869484,{},,4;9;11;12;17;21;23;29;42;52;55;62;63;69,2;7;8;13;16;24;26;30;33;41;43;45;53;59;66;68;79;86;90
0,1,14,C/80,0,input_cluster,extra_trees,1.8857755789003865,2.4355478516153504,{},,4;9;11;12;17;21;23;29;42;52;55;62;63;69,2;7;8;13;16;24;26;30;33;41;43;45;53;59;66;68;79;86;90
0,1,14,C/40,1,input_cluster,ridge_physics,1.0806439048365544,1.769509321006621,"{""alpha"": 0.1}",2.192983797618321,4;9;11;12;17;21;23;29;42;52;55;62;63;69,2;7;8;13;16;24;26;30;33;41;43;45;53;59;66;68;79;86;90
0,1,14,C/40,1,input_cluster,ridge_source,1.4046980205335116,2.2018227456443475,"{""alpha"": 1.0}",1.9417326280048917,4;9;11;12;17;21;23;29;42;52;55;62;63;69,2;7;8;13;16;24;26;30;33;41;43;45;53;59;66;68;79;86;90
0,1,14,C/40,1,input_cluster,ridge_input,3.4767074584960938,5.091067892651546,"{""alpha"": 10.0}",5.858399936131069,4;9;11;12;17;21;23;29;42;52;55;62;63;69,2;7;8;13;16;24;26;30;33;41;43;45;53;59;66;68;79;86;90
0,1,14,C/40,1,input_cluster,krr_rbf,1.7654567517732318,2.39392495910028,"{""alpha"": 0.1, ""gamma"": 0.05}",4.17501814024789,4;9;11;12;17;21;23;29;42;52;55;62;63;69,2;7;8;13;16;24;26;30;33;41;43;45;53;59;66;68;79;86;90
0,1,14,C/40,1,input_cluster,svr_rbf,1.4417906858156442,1.980216339008857,"{""C"": 100.0, ""epsilon"": 0.2}",3.819620596744173,4;9;11;12;17;21;23;29;42;52;55;62;63;69,2;7;8;13;16;24;26;30;33;41;43;45;53;59;66;68;79;86;90
0,1,14,C/40,1,input_cluster,gp_rbf,1.8817687098994096,2.547786299413018,"{""alpha"": 1.0, ""length"": 3.0}",4.632102017149192,4;9;11;12;17;21;23;29;42;52;55;62;63;69,2;7;8;13;16;24;26;30;33;41;43;45;53;59;66;68;79;86;90
0,1,14,C/40,1,input_cluster,catboost,2.3676300168249664,4.222439613137675,{},,4;9;11;12;17;21;23;29;42;52;55;62;63;69,2;7;8;13;16;24;26;30;33;41;43;45;53;59;66;68;79;86;90
0,1,14,C/40,1,input_cluster,xgboost,3.634496588456003,5.78651730693071,{},,4;9;11;12;17;21;23;29;42;52;55;62;63;69,2;7;8;13;16;24;26;30;33;41;43;45;53;59;66;68;79;86;90
0,1,14,C/40,1,input_cluster,extra_trees,1.4232557794264948,1.9768049062246795,{},,4;9;11;12;17;21;23;29;42;52;55;62;63;69,2;7;8;13;16;24;26;30;33;41;43;45;53;59;66;68;79;86;90
0,1,14,0.05A,2,input_cluster,ridge_physics,2.536727905273437,3.4095192637162226,"{""alpha"": 10.0}",3.0007409368242537,4;9;11;12;17;21;23;29;42;52;55;62;63;69,2;7;8;13;16;24;26;30;33;41;43;45;53;59;66;68;79;86;90
0,1,14,0.05A,2,input_cluster,ridge_source,2.1547490170127466,2.8843921213106625,"{""alpha"": 1.0}",2.6004927839551653,4;9;11;12;17;21;23;29;42;52;55;62;63;69,2;7;8;13;16;24;26;30;33;41;43;45;53;59;66;68;79;86;90
0,1,14,0.05A,2,input_cluster,ridge_input,3.77216941431949,5.450653847679674,"{""alpha"": 10.0}",6.000105398041861,4;9;11;12;17;21;23;29;42;52;55;62;63;69,2;7;8;13;16;24;26;30;33;41;43;45;53;59;66;68;79;86;90
0,1,14,0.05A,2,input_cluster,krr_rbf,2.6297237998560856,3.137031771830452,"{""alpha"": 0.1, ""gamma"": 0.05}",4.577191489083426,4;9;11;12;17;21;23;29;42;52;55;62;63;69,2;7;8;13;16;24;26;30;33;41;43;45;53;59;66;68;79;86;90
0,1,14,0.05A,2,input_cluster,svr_rbf,2.5198833997430685,2.931467789352113,"{""C"": 100.0, ""epsilon"": 0.2}",4.483748250359311,4;9;11;12;17;21;23;29;42;52;55;62;63;69,2;7;8;13;16;24;26;30;33;41;43;45;53;59;66;68;79;86;90
0,1,14,0.05A,2,input_cluster,gp_rbf,2.749602543226649,3.2604123492748847,"{""alpha"": 1.0, ""length"": 3.0}",4.684230812231163,4;9;11;12;17;21;23;29;42;52;55;62;63;69,2;7;8;13;16;24;26;30;33;41;43;45;53;59;66;68;79;86;90
0,1,14,0.05A,2,input_cluster,catboost,3.0166695100111043,4.537326564067816,{},,4;9;11;12;17;21;23;29;42;52;55;62;63;69,2;7;8;13;16;24;26;30;33;41;43;45;53;59;66;68;79;86;90
0,1,14,0.05A,2,input_cluster,xgboost,4.1522277028937085,6.043322502848568,{},,4;9;11;12;17;21;23;29;42;52;55;62;63;69,2;7;8;13;16;24;26;30;33;41;43;45;53;59;66;68;79;86;90
0,1,14,0.05A,2,input_cluster,extra_trees,2.0176868341799654,2.599842765015756,{},,4;9;11;12;17;21;23;29;42;52;55;62;63;69,2;7;8;13;16;24;26;30;33;41;43;45;53;59;66;68;79;86;90
0,1,14,C/10,3,input_cluster,ridge_physics,0.9184490003083882,1.4279188516539674,"{""alpha"": 0.1}",1.70108962059021,4;9;11;12;17;21;23;29;42;52;55;62;63;69,2;7;8;13;16;24;26;30;33;41;43;45;53;59;66;68;79;86;90
0,1,14,C/10,3,input_cluster,ridge_source,1.027830023514597,1.8011933816550454,"{""alpha"": 1.0}",2.0276709965297157,4;9;11;12;17;21;23;29;42;52;55;62;63;69,2;7;8;13;16;24;26;30;33;41;43;45;53;59;66;68;79;86;90
0,1,14,C/10,3,input_cluster,ridge_input,3.136023672003495,4.682129288983378,"{""alpha"": 10.0}",5.160533053534372,4;9;11;12;17;21;23;29;42;52;55;62;63;69,2;7;8;13;16;24;26;30;33;41;43;45;53;59;66;68;79;86;90
0,1,14,C/10,3,input_cluster,krr_rbf,1.3560244911595394,2.100290810305089,"{""alpha"": 0.1, ""gamma"": 0.05}",4.767132946423122,4;9;11;12;17;21;23;29;42;52;55;62;63;69,2;7;8;13;16;24;26;30;33;41;43;45;53;59;66;68;79;86;90
0,1,14,C/10,3,input_cluster,svr_rbf,1.1261244939652888,1.6392510956397794,"{""C"": 100.0, ""epsilon"": 1.0}",4.618459979904949,4;9;11;12;17;21;23;29;42;52;55;62;63;69,2;7;8;13;16;24;26;30;33;41;43;45;53;59;66;68;79;86;90
0,1,14,C/10,3,input_cluster,gp_rbf,1.4913859886214296,2.2738276652521496,"{""alpha"": 1.0, ""length"": 3.0}",5.271733751546525,4;9;11;12;17;21;23;29;42;52;55;62;63;69,2;7;8;13;16;24;26;30;33;41;43;45;53;59;66;68;79;86;90
0,1,14,C/10,3,input_cluster,catboost,2.542353636572444,4.380591418285399,{},,4;9;11;12;17;21;23;29;42;52;55;62;63;69,2;7;8;13;16;24;26;30;33;41;43;45;53;59;66;68;79;86;90
0,1,14,C/10,3,input_cluster,xgboost,3.463376898514597,5.7481857150012265,{},,4;9;11;12;17;21;23;29;42;52;55;62;63;69,2;7;8;13;16;24;26;30;33;41;43;45;53;59;66;68;79;86;90
0,1,14,C/10,3,input_cluster,extra_trees,1.2989756225165277,1.8935127518214687,{},,4;9;11;12;17;21;23;29;42;52;55;62;63;69,2;7;8;13;16;24;26;30;33;41;43;45;53;59;66;68;79;86;90
0,1,14,C/7,4,input_cluster,ridge_physics,0.8784986797131991,1.3410398190775374,"{""alpha"": 0.1}",1.6810768672398158,4;9;11;12;17;21;23;29;42;52;55;62;63;69,2;7;8;13;16;24;26;30;33;41;43;45;53;59;66;68;79;86;90
0,1,14,C/7,4,input_cluster,ridge_source,1.1494241011770148,1.7691925644991804,"{""alpha"": 1.0}",2.212240695953369,4;9;11;12;17;21;23;29;42;52;55;62;63;69,2;7;8;13;16;24;26;30;33;41;43;45;53;59;66;68;79;86;90
0,1,14,C/7,4,input_cluster,ridge_input,3.075602882786801,4.571311911317074,"{""alpha"": 10.0}",5.126144409179688,4;9;11;12;17;21;23;29;42;52;55;62;63;69,2;7;8;13;16;24;26;30;33;41;43;45;53;59;66;68;79;86;90
0,1,14,C/7,4,input_cluster,krr_rbf,1.3236858970240544,2.0245412241653797,"{""alpha"": 0.1, ""gamma"": 0.05}",4.90497350692749,4;9;11;12;17;21;23;29;42;52;55;62;63;69,2;7;8;13;16;24;26;30;33;41;43;45;53;59;66;68;79;86;90
0,1,14,C/7,4,input_cluster,svr_rbf,1.1121577396854547,1.6097120698467573,"{""C"": 100.0, ""epsilon"": 1.0}",4.9065254818056525,4;9;11;12;17;21;23;29;42;52;55;62;63;69,2;7;8;13;16;24;26;30;33;41;43;45;53;59;66;68;79;86;90
0,1,14,C/7,4,input_cluster,gp_rbf,1.4393027763973594,2.195652020453281,"{""alpha"": 1.0, ""length"": 3.0}",5.414467014491157,4;9;11;12;17;21;23;29;42;52;55;62;63;69,2;7;8;13;16;24;26;30;33;41;43;45;53;59;66;68;79;86;90
0,1,14,C/7,4,input_cluster,catboost,2.599145403344064,4.377578217794009,{},,4;9;11;12;17;21;23;29;42;52;55;62;63;69,2;7;8;13;16;24;26;30;33;41;43;45;53;59;66;68;79;86;90
0,1,14,C/7,4,input_cluster,xgboost,3.451589483963816,5.739550889320547,{},,4;9;11;12;17;21;23;29;42;52;55;62;63;69,2;7;8;13;16;24;26;30;33;41;43;45;53;59;66;68;79;86;90
0,1,14,C/7,4,input_cluster,extra_trees,1.3409824167516882,1.922037450150079,{},,4;9;11;12;17;21;23;29;42;52;55;62;63;69,2;7;8;13;16;24;26;30;33;41;43;45;53;59;66;68;79;86;90
0,1,14,C/5,5,input_cluster,ridge_physics,0.8667064465974507,1.2540753567298557,"{""alpha"": 0.1}",1.7021501064300537,4;9;11;12;17;21;23;29;42;52;55;62;63;69,2;7;8;13;16;24;26;30;33;41;43;45;53;59;66;68;79;86;90
0,1,14,C/5,5,input_cluster,ridge_source,1.2370011179070723,1.7499963236773015,"{""alpha"": 0.1}",2.491753271647862,4;9;11;12;17;21;23;29;42;52;55;62;63;69,2;7;8;13;16;24;26;30;33;41;43;45;53;59;66;68;79;86;90
0,1,14,C/5,5,input_cluster,ridge_input,3.069093001516242,4.5342823686741305,"{""alpha"": 10.0}",5.083307606833322,4;9;11;12;17;21;23;29;42;52;55;62;63;69,2;7;8;13;16;24;26;30;33;41;43;45;53;59;66;68;79;86;90
0,1,14,C/5,5,input_cluster,krr_rbf,1.325580396150288,1.9727380630761928,"{""alpha"": 0.1, ""gamma"": 0.05}",5.165016106196812,4;9;11;12;17;21;23;29;42;52;55;62;63;69,2;7;8;13;16;24;26;30;33;41;43;45;53;59;66;68;79;86;90
0,1,14,C/5,5,input_cluster,svr_rbf,1.0902656622513247,1.5361499655138524,"{""C"": 100.0, ""epsilon"": 0.2}",5.115810010211358,4;9;11;12;17;21;23;29;42;52;55;62;63;69,2;7;8;13;16;24;26;30;33;41;43;45;53;59;66;68;79;86;90
0,1,14,C/5,5,input_cluster,gp_rbf,1.446361512161677,2.1595780497584607,"{""alpha"": 1.0, ""length"": 3.0}",5.705035106295148,4;9;11;12;17;21;23;29;42;52;55;62;63;69,2;7;8;13;16;24;26;30;33;41;43;45;53;59;66;68;79;86;90
0,1,14,C/5,5,input_cluster,catboost,2.6375506581646526,4.335087538587522,{},,4;9;11;12;17;21;23;29;42;52;55;62;63;69,2;7;8;13;16;24;26;30;33;41;43;45;53;59;66;68;79;86;90
0,1,14,C/5,5,input_cluster,xgboost,3.45697704114412,5.728887088303964,{},,4;9;11;12;17;21;23;29;42;52;55;62;63;69,2;7;8;13;16;24;26;30;33;41;43;45;53;59;66;68;79;86;90
0,1,14,C/5,5,input_cluster,extra_trees,1.3363618150151793,1.919179298946313,{},,4;9;11;12;17;21;23;29;42;52;55;62;63;69,2;7;8;13;16;24;26;30;33;41;43;45;53;59;66;68;79;86;90
0,2,14,C/80,0,random,ridge_physics,1.9089744969418172,2.729235657949022,"{""alpha"": 1.0}",1.3783790724618097,14;19;27;28;35;36;38;39;42;51;65;69;70;85,2;7;8;13;16;24;26;30;33;41;43;45;53;59;66;68;79;86;90
0,2,14,C/80,0,random,ridge_source,1.6564058002672697,2.422311688907162,"{""alpha"": 0.1}",1.7141329220363073,14;19;27;28;35;36;38;39;42;51;65;69;70;85,2;7;8;13;16;24;26;30;33;41;43;45;53;59;66;68;79;86;90
0,2,14,C/80,0,random,ridge_input,2.970452961168791,4.1646228897038124,"{""alpha"": 1.0}",3.4584733928952898,14;19;27;28;35;36;38;39;42;51;65;69;70;85,2;7;8;13;16;24;26;30;33;41;43;45;53;59;66;68;79;86;90
0,2,14,C/80,0,random,krr_rbf,1.9830796091180096,2.6545376149332727,"{""alpha"": 0.1, ""gamma"": 0.05}",3.422916046210698,14;19;27;28;35;36;38;39;42;51;65;69;70;85,2;7;8;13;16;24;26;30;33;41;43;45;53;59;66;68;79;86;90
0,2,14,C/80,0,random,svr_rbf,2.011270536750436,2.751167221171118,"{""C"": 100.0, ""epsilon"": 0.2}",5.259598626586017,14;19;27;28;35;36;38;39;42;51;65;69;70;85,2;7;8;13;16;24;26;30;33;41;43;45;53;59;66;68;79;86;90
0,2,14,C/80,0,random,gp_rbf,2.1811784685401663,2.978372169626513,"{""alpha"": 1.0, ""length"": 3.0}",3.4980580075407834,14;19;27;28;35;36;38;39;42;51;65;69;70;85,2;7;8;13;16;24;26;30;33;41;43;45;53;59;66;68;79;86;90
0,2,14,C/80,0,random,catboost,3.659251673501154,5.428904806050675,{},,14;19;27;28;35;36;38;39;42;51;65;69;70;85,2;7;8;13;16;24;26;30;33;41;43;45;53;59;66;68;79;86;90
0,2,14,C/80,0,random,xgboost,4.512729845548931,6.518828568751144,{},,14;19;27;28;35;36;38;39;42;51;65;69;70;85,2;7;8;13;16;24;26;30;33;41;43;45;53;59;66;68;79;86;90
0,2,14,C/80,0,random,extra_trees,3.5026331376757813,4.436553456986496,{},,14;19;27;28;35;36;38;39;42;51;65;69;70;85,2;7;8;13;16;24;26;30;33;41;43;45;53;59;66;68;79;86;90
0,2,14,C/40,1,random,ridge_physics,1.2984900223581417,2.2437291511072424,"{""alpha"": 1.0}",1.2786193234579903,14;19;27;28;35;36;38;39;42;51;65;69;70;85,2;7;8;13;16;24;26;30;33;41;43;45;53;59;66;68;79;86;90
0,2,14,C/40,1,random,ridge_source,1.1468393426192434,1.9636949982080023,"{""alpha"": 0.1}",1.534364070211138,14;19;27;28;35;36;38;39;42;51;65;69;70;85,2;7;8;13;16;24;26;30;33;41;43;45;53;59;66;68;79;86;90
0,2,14,C/40,1,random,ridge_input,2.49180081016139,3.7631123083273375,"{""alpha"": 1.0}",3.405816520963396,14;19;27;28;35;36;38;39;42;51;65;69;70;85,2;7;8;13;16;24;26;30;33;41;43;45;53;59;66;68;79;86;90
0,2,14,C/40,1,random,krr_rbf,1.4007130673057155,2.126144657028131,"{""alpha"": 0.1, ""gamma"": 0.05}",3.438550027353423,14;19;27;28;35;36;38;39;42;51;65;69;70;85,2;7;8;13;16;24;26;30;33;41;43;45;53;59;66;68;79;86;90
0,2,14,C/40,1,random,svr_rbf,1.3387750437759776,1.956306812039658,"{""C"": 100.0, ""epsilon"": 0.2}",5.473656089420168,14;19;27;28;35;36;38;39;42;51;65;69;70;85,2;7;8;13;16;24;26;30;33;41;43;45;53;59;66;68;79;86;90
0,2,14,C/40,1,random,gp_rbf,1.6089374428045138,2.437703330697479,"{""alpha"": 1.0, ""length"": 3.0}",3.507056110256124,14;19;27;28;35;36;38;39;42;51;65;69;70;85,2;7;8;13;16;24;26;30;33;41;43;45;53;59;66;68;79;86;90
0,2,14,C/40,1,random,catboost,3.089932661705503,4.949076065132537,{},,14;19;27;28;35;36;38;39;42;51;65;69;70;85,2;7;8;13;16;24;26;30;33;41;43;45;53;59;66;68;79;86;90
0,2,14,C/40,1,random,xgboost,4.162469562731292,6.238519058740157,{},,14;19;27;28;35;36;38;39;42;51;65;69;70;85,2;7;8;13;16;24;26;30;33;41;43;45;53;59;66;68;79;86;90
0,2,14,C/40,1,random,extra_trees,3.093681312913258,4.013364286132664,{},,14;19;27;28;35;36;38;39;42;51;65;69;70;85,2;7;8;13;16;24;26;30;33;41;43;45;53;59;66;68;79;86;90
0,2,14,0.05A,2,random,ridge_physics,2.171917563990543,2.966884365911197,"{""alpha"": 1.0}",1.6708627939224243,14;19;27;28;35;36;38;39;42;51;65;69;70;85,2;7;8;13;16;24;26;30;33;41;43;45;53;59;66;68;79;86;90
0,2,14,0.05A,2,random,ridge_source,2.2629872372275903,3.059966795080593,"{""alpha"": 1.0}",2.0275905302592685,14;19;27;28;35;36;38;39;42;51;65;69;70;85,2;7;8;13;16;24;26;30;33;41;43;45;53;59;66;68;79;86;90
0,2,14,0.05A,2,random,ridge_input,3.094528599789268,4.264408625064821,"{""alpha"": 1.0}",3.5101625408445085,14;19;27;28;35;36;38;39;42;51;65;69;70;85,2;7;8;13;16;24;26;30;33;41;43;45;53;59;66;68;79;86;90
0,2,14,0.05A,2,random,krr_rbf,2.181137888055099,2.8553956179226403,"{""alpha"": 0.1, ""gamma"": 0.05}",3.605979187147958,14;19;27;28;35;36;38;39;42;51;65;69;70;85,2;7;8;13;16;24;26;30;33;41;43;45;53;59;66;68;79;86;90
0,2,14,0.05A,2,random,svr_rbf,3.672627959752728,5.384405330576084,"{""C"": 10.0, ""epsilon"": 1.0}",5.382230633908094,14;19;27;28;35;36;38;39;42;51;65;69;70;85,2;7;8;13;16;24;26;30;33;41;43;45;53;59;66;68;79;86;90
0,2,14,0.05A,2,random,gp_rbf,2.420949934805516,3.157632697624004,"{""alpha"": 1.0, ""length"": 3.0}",3.661605498906841,14;19;27;28;35;36;38;39;42;51;65;69;70;85,2;7;8;13;16;24;26;30;33;41;43;45;53;59;66;68;79;86;90
0,2,14,0.05A,2,random,catboost,3.900273397741432,5.48344176665925,{},,14;19;27;28;35;36;38;39;42;51;65;69;70;85,2;7;8;13;16;24;26;30;33;41;43;45;53;59;66;68;79;86;90
0,2,14,0.05A,2,random,xgboost,4.601517125179893,6.484184516508366,{},,14;19;27;28;35;36;38;39;42;51;65;69;70;85,2;7;8;13;16;24;26;30;33;41;43;45;53;59;66;68;79;86;90
0,2,14,0.05A,2,random,extra_trees,3.5328435051014777,4.450850552918277,{},,14;19;27;28;35;36;38;39;42;51;65;69;70;85,2;7;8;13;16;24;26;30;33;41;43;45;53;59;66;68;79;86;90
0,2,14,C/10,3,random,ridge_physics,0.927274603592722,1.5114430276170794,"{""alpha"": 0.1}",1.6003899233681815,14;19;27;28;35;36;38;39;42;51;65;69;70;85,2;7;8;13;16;24;26;30;33;41;43;45;53;59;66;68;79;86;90
0,2,14,C/10,3,random,ridge_source,1.159157200863487,1.9749852107477035,"{""alpha"": 1.0}",1.965712649481637,14;19;27;28;35;36;38;39;42;51;65;69;70;85,2;7;8;13;16;24;26;30;33;41;43;45;53;59;66;68;79;86;90
0,2,14,C/10,3,random,ridge_input,2.230413738049959,3.3425025675866995,"{""alpha"": 1.0}",3.4997621263776506,14;19;27;28;35;36;38;39;42;51;65;69;70;85,2;7;8;13;16;24;26;30;33;41;43;45;53;59;66;68;79;86;90
0,2,14,C/10,3,random,krr_rbf,1.2604663246556331,1.906696065924561,"{""alpha"": 0.1, ""gamma"": 0.05}",3.809942756380354,14;19;27;28;35;36;38;39;42;51;65;69;70;85,2;7;8;13;16;24;26;30;33;41;43;45;53;59;66;68;79;86;90
0,2,14,C/10,3,random,svr_rbf,1.1026878156610205,1.6474545901722315,"{""C"": 100.0, ""epsilon"": 1.0}",6.111519525604817,14;19;27;28;35;36;38;39;42;51;65;69;70;85,2;7;8;13;16;24;26;30;33;41;43;45;53;59;66;68;79;86;90
0,2,14,C/10,3,random,gp_rbf,1.3223070887509265,2.1503451764878805,"{""alpha"": 1.0, ""length"": 3.0}",3.88576736692756,14;19;27;28;35;36;38;39;42;51;65;69;70;85,2;7;8;13;16;24;26;30;33;41;43;45;53;59;66;68;79;86;90
0,2,14,C/10,3,random,catboost,2.8495547298359254,4.713569338573742,{},,14;19;27;28;35;36;38;39;42;51;65;69;70;85,2;7;8;13;16;24;26;30;33;41;43;45;53;59;66;68;79;86;90
0,2,14,C/10,3,random,xgboost,4.0302196301912,6.059649259340533,{},,14;19;27;28;35;36;38;39;42;51;65;69;70;85,2;7;8;13;16;24;26;30;33;41;43;45;53;59;66;68;79;86;90
0,2,14,C/10,3,random,extra_trees,3.069318939619873,3.9949840872454834,{},,14;19;27;28;35;36;38;39;42;51;65;69;70;85,2;7;8;13;16;24;26;30;33;41;43;45;53;59;66;68;79;86;90
0,2,14,C/7,4,random,ridge_physics,0.9506595009251644,1.4669515881381368,"{""alpha"": 0.1}",1.663390840802874,14;19;27;28;35;36;38;39;42;51;65;69;70;85,2;7;8;13;16;24;26;30;33;41;43;45;53;59;66;68;79;86;90
0,2,14,C/7,4,random,ridge_source,1.101903011924342,1.9069791558000104,"{""alpha"": 1.0}",2.0993553570338657,14;19;27;28;35;36;38;39;42;51;65;69;70;85,2;7;8;13;16;24;26;30;33;41;43;45;53;59;66;68;79;86;90
0,2,14,C/7,4,random,ridge_input,2.1905581825657894,3.235989253124505,"{""alpha"": 1.0}",3.5223868233816966,14;19;27;28;35;36;38;39;42;51;65;69;70;85,2;7;8;13;16;24;26;30;33;41;43;45;53;59;66;68;79;86;90
0,2,14,C/7,4,random,krr_rbf,1.2571230436626233,1.88915233578998,"{""alpha"": 0.1, ""gamma"": 0.05}",3.9099079200199673,14;19;27;28;35;36;38;39;42;51;65;69;70;85,2;7;8;13;16;24;26;30;33;41;43;45;53;59;66;68;79;86;90
0,2,14,C/7,4,random,svr_rbf,1.1338469777640587,1.6263914421947552,"{""C"": 100.0, ""epsilon"": 1.0}",6.203232282845799,14;19;27;28;35;36;38;39;42;51;65;69;70;85,2;7;8;13;16;24;26;30;33;41;43;45;53;59;66;68;79;86;90
0,2,14,C/7,4,random,gp_rbf,1.3301236172707844,2.107633409215208,"{""alpha"": 1.0, ""length"": 3.0}",3.9854945737271024,14;19;27;28;35;36;38;39;42;51;65;69;70;85,2;7;8;13;16;24;26;30;33;41;43;45;53;59;66;68;79;86;90
0,2,14,C/7,4,random,catboost,2.8360307931996367,4.668099944377017,{},,14;19;27;28;35;36;38;39;42;51;65;69;70;85,2;7;8;13;16;24;26;30;33;41;43;45;53;59;66;68;79;86;90
0,2,14,C/7,4,random,xgboost,4.049922742341694,6.050927629081369,{},,14;19;27;28;35;36;38;39;42;51;65;69;70;85,2;7;8;13;16;24;26;30;33;41;43;45;53;59;66;68;79;86;90
0,2,14,C/7,4,random,extra_trees,3.1172885308338474,4.014013961140036,{},,14;19;27;28;35;36;38;39;42;51;65;69;70;85,2;7;8;13;16;24;26;30;33;41;43;45;53;59;66;68;79;86;90
0,2,14,C/5,5,random,ridge_physics,0.977490876850329,1.435493496091247,"{""alpha"": 0.1}",1.7349836145128523,14;19;27;28;35;36;38;39;42;51;65;69;70;85,2;7;8;13;16;24;26;30;33;41;43;45;53;59;66;68;79;86;90
0,2,14,C/5,5,random,ridge_source,1.143135472347862,1.8736848722759536,"{""alpha"": 1.0}",2.254488059452602,14;19;27;28;35;36;38;39;42;51;65;69;70;85,2;7;8;13;16;24;26;30;33;41;43;45;53;59;66;68;79;86;90
0,2,14,C/5,5,random,ridge_input,2.201303983989515,3.1725008910630166,"{""alpha"": 1.0}",3.5486880370548795,14;19;27;28;35;36;38;39;42;51;65;69;70;85,2;7;8;13;16;24;26;30;33;41;43;45;53;59;66;68;79;86;90
0,2,14,C/5,5,random,krr_rbf,1.2512733057925576,1.885399838183463,"{""alpha"": 0.1, ""gamma"": 0.05}",4.017864516803196,14;19;27;28;35;36;38;39;42;51;65;69;70;85,2;7;8;13;16;24;26;30;33;41;43;45;53;59;66;68;79;86;90
0,2,14,C/5,5,random,svr_rbf,1.1207093321071628,1.5593084840858598,"{""C"": 100.0, ""epsilon"": 1.0}",6.3255061305429,14;19;27;28;35;36;38;39;42;51;65;69;70;85,2;7;8;13;16;24;26;30;33;41;43;45;53;59;66;68;79;86;90
0,2,14,C/5,5,random,gp_rbf,1.357383367760996,2.0836143888049,"{""alpha"": 1.0, ""length"": 3.0}",4.093906941232759,14;19;27;28;35;36;38;39;42;51;65;69;70;85,2;7;8;13;16;24;26;30;33;41;43;45;53;59;66;68;79;86;90
0,2,14,C/5,5,random,catboost,2.9402888707898,4.69562617534475,{},,14;19;27;28;35;36;38;39;42;51;65;69;70;85,2;7;8;13;16;24;26;30;33;41;43;45;53;59;66;68;79;86;90
0,2,14,C/5,5,random,xgboost,4.079765319824219,6.073778952345395,{},,14;19;27;28;35;36;38;39;42;51;65;69;70;85,2;7;8;13;16;24;26;30;33;41;43;45;53;59;66;68;79;86;90
0,2,14,C/5,5,random,extra_trees,3.1589099173948894,4.046147259008013,{},,14;19;27;28;35;36;38;39;42;51;65;69;70;85,2;7;8;13;16;24;26;30;33;41;43;45;53;59;66;68;79;86;90
0,2,14,C/80,0,source_cluster,ridge_physics,1.704846833881579,2.5181717556010885,"{""alpha"": 1.0}",2.596002902303423,1;3;5;22;36;39;40;58;62;63;69;76;85;87,2;7;8;13;16;24;26;30;33;41;43;45;53;59;66;68;79;86;90
0,2,14,C/80,0,source_cluster,ridge_source,1.7822771574321543,2.4486789807363167,"{""alpha"": 0.1}",2.4050820895603726,1;3;5;22;36;39;40;58;62;63;69;76;85;87,2;7;8;13;16;24;26;30;33;41;43;45;53;59;66;68;79;86;90
0,2,14,C/80,0,source_cluster,ridge_input,3.690085561651933,5.398245989945285,"{""alpha"": 10.0}",5.738297547612872,1;3;5;22;36;39;40;58;62;63;69;76;85;87,2;7;8;13;16;24;26;30;33;41;43;45;53;59;66;68;79;86;90
0,2,14,C/80,0,source_cluster,krr_rbf,1.7126308240388568,2.3381854025339304,"{""alpha"": 0.1, ""gamma"": 0.05}",4.512665165322168,1;3;5;22;36;39;40;58;62;63;69;76;85;87,2;7;8;13;16;24;26;30;33;41;43;45;53;59;66;68;79;86;90
0,2,14,C/80,0,source_cluster,svr_rbf,1.4179248373966926,2.1176857636560924,"{""C"": 100.0, ""epsilon"": 0.2}",5.158672565001033,1;3;5;22;36;39;40;58;62;63;69;76;85;87,2;7;8;13;16;24;26;30;33;41;43;45;53;59;66;68;79;86;90
0,2,14,C/80,0,source_cluster,gp_rbf,1.896420787061662,2.593711906881666,"{""alpha"": 1.0, ""length"": 3.0}",4.796717456071809,1;3;5;22;36;39;40;58;62;63;69;76;85;87,2;7;8;13;16;24;26;30;33;41;43;45;53;59;66;68;79;86;90
0,2,14,C/80,0,source_cluster,catboost,3.1157431354810528,5.124314341658281,{},,1;3;5;22;36;39;40;58;62;63;69;76;85;87,2;7;8;13;16;24;26;30;33;41;43;45;53;59;66;68;79;86;90
0,2,14,C/80,0,source_cluster,xgboost,4.373839930484169,6.78585396678209,{},,1;3;5;22;36;39;40;58;62;63;69;76;85;87,2;7;8;13;16;24;26;30;33;41;43;45;53;59;66;68;79;86;90
0,2,14,C/80,0,source_cluster,extra_trees,2.617625704958921,3.3494740878141576,{},,1;3;5;22;36;39;40;58;62;63;69;76;85;87,2;7;8;13;16;24;26;30;33;41;43;45;53;59;66;68;79;86;90
0,2,14,C/40,1,source_cluster,ridge_physics,1.2288999055561267,2.1026119791898448,"{""alpha"": 1.0}",2.2395243985312328,1;3;5;22;36;39;40;58;62;63;69;76;85;87,2;7;8;13;16;24;26;30;33;41;43;45;53;59;66;68;79;86;90
0,2,14,C/40,1,source_cluster,ridge_source,1.2011839214124178,1.983687652160728,"{""alpha"": 0.1}",1.896991831915719,1;3;5;22;36;39;40;58;62;63;69;76;85;87,2;7;8;13;16;24;26;30;33;41;43;45;53;59;66;68;79;86;90
0,2,14,C/40,1,source_cluster,ridge_input,3.292896873072574,5.049284325748428,"{""alpha"": 10.0}",5.440909760338919,1;3;5;22;36;39;40;58;62;63;69;76;85;87,2;7;8;13;16;24;26;30;33;41;43;45;53;59;66;68;79;86;90
0,2,14,C/40,1,source_cluster,krr_rbf,1.3300447965923108,1.940060219765308,"{""alpha"": 0.1, ""gamma"": 0.05}",4.47094538807869,1;3;5;22;36;39;40;58;62;63;69;76;85;87,2;7;8;13;16;24;26;30;33;41;43;45;53;59;66;68;79;86;90
0,2,14,C/40,1,source_cluster,svr_rbf,1.0295466101284714,1.4819749901134545,"{""C"": 100.0, ""epsilon"": 0.2}",5.127330139327582,1;3;5;22;36;39;40;58;62;63;69;76;85;87,2;7;8;13;16;24;26;30;33;41;43;45;53;59;66;68;79;86;90
0,2,14,C/40,1,source_cluster,gp_rbf,1.4883412674664125,2.247934714683899,"{""alpha"": 1.0, ""length"": 3.0}",4.788922101543727,1;3;5;22;36;39;40;58;62;63;69;76;85;87,2;7;8;13;16;24;26;30;33;41;43;45;53;59;66;68;79;86;90
0,2,14,C/40,1,source_cluster,catboost,2.693332016438664,4.972938796574497,{},,1;3;5;22;36;39;40;58;62;63;69;76;85;87,2;7;8;13;16;24;26;30;33;41;43;45;53;59;66;68;79;86;90
0,2,14,C/40,1,source_cluster,xgboost,4.038087142141242,6.479304967101699,{},,1;3;5;22;36;39;40;58;62;63;69;76;85;87,2;7;8;13;16;24;26;30;33;41;43;45;53;59;66;68;79;86;90
0,2,14,C/40,1,source_cluster,extra_trees,2.197880713276396,3.044341761864416,{},,1;3;5;22;36;39;40;58;62;63;69;76;85;87,2;7;8;13;16;24;26;30;33;41;43;45;53;59;66;68;79;86;90
0,2,14,0.05A,2,source_cluster,ridge_physics,1.9583342702765212,2.7491947209981884,"{""alpha"": 1.0}",2.7421621084213257,1;3;5;22;36;39;40;58;62;63;69;76;85;87,2;7;8;13;16;24;26;30;33;41;43;45;53;59;66;68;79;86;90
0,2,14,0.05A,2,source_cluster,ridge_source,1.9511851260536597,2.644709059318806,"{""alpha"": 0.1}",2.4598497663225447,1;3;5;22;36;39;40;58;62;63;69;76;85;87,2;7;8;13;16;24;26;30;33;41;43;45;53;59;66;68;79;86;90
0,2,14,0.05A,2,source_cluster,ridge_input,3.791013617264597,5.403811065958184,"{""alpha"": 10.0}",5.793210830007281,1;3;5;22;36;39;40;58;62;63;69;76;85;87,2;7;8;13;16;24;26;30;33;41;43;45;53;59;66;68;79;86;90
0,2,14,0.05A,2,source_cluster,krr_rbf,1.8621810109991777,2.516967059670861,"{""alpha"": 0.1, ""gamma"": 0.05}",4.488273739814758,1;3;5;22;36;39;40;58;62;63;69;76;85;87,2;7;8;13;16;24;26;30;33;41;43;45;53;59;66;68;79;86;90
0,2,14,0.05A,2,source_cluster,svr_rbf,1.6405065974396476,2.3619281583478973,"{""C"": 100.0, ""epsilon"": 0.2}",5.371354742632909,1;3;5;22;36;39;40;58;62;63;69;76;85;87,2;7;8;13;16;24;26;30;33;41;43;45;53;59;66;68;79;86;90
0,2,14,0.05A,2,source_cluster,gp_rbf,2.0419531138696603,2.729080212808954,"{""alpha"": 1.0, ""length"": 3.0}",4.807752440990257,1;3;5;22;36;39;40;58;62;63;69;76;85;87,2;7;8;13;16;24;26;30;33;41;43;45;53;59;66;68;79;86;90
0,2,14,0.05A,2,source_cluster,catboost,3.205497504689752,5.033890748931371,{},,1;3;5;22;36;39;40;58;62;63;69;76;85;87,2;7;8;13;16;24;26;30;33;41;43;45;53;59;66;68;79;86;90
0,2,14,0.05A,2,source_cluster,xgboost,4.429114492315995,6.714284449225821,{},,1;3;5;22;36;39;40;58;62;63;69;76;85;87,2;7;8;13;16;24;26;30;33;41;43;45;53;59;66;68;79;86;90
0,2,14,0.05A,2,source_cluster,extra_trees,2.640693816636741,3.3465859069110606,{},,1;3;5;22;36;39;40;58;62;63;69;76;85;87,2;7;8;13;16;24;26;30;33;41;43;45;53;59;66;68;79;86;90
0,2,14,C/10,3,source_cluster,ridge_physics,0.8445177580180921,1.2657982407323445,"{""alpha"": 0.1}",1.803479024342128,1;3;5;22;36;39;40;58;62;63;69;76;85;87,2;7;8;13;16;24;26;30;33;41;43;45;53;59;66;68;79;86;90
0,2,14,C/10,3,source_cluster,ridge_source,1.0894980179636102,1.7134349867426937,"{""alpha"": 0.1}",1.8027886663164407,1;3;5;22;36;39;40;58;62;63;69;76;85;87,2;7;8;13;16;24;26;30;33;41;43;45;53;59;66;68;79;86;90
0,2,14,C/10,3,source_cluster,ridge_input,3.075384441174959,4.663717829144639,"{""alpha"": 10.0}",4.765741382326398,1;3;5;22;36;39;40;58;62;63;69;76;85;87,2;7;8;13;16;24;26;30;33;41;43;45;53;59;66;68;79;86;90
0,2,14,C/10,3,source_cluster,krr_rbf,1.0966339111328125,1.8482153799221184,"{""alpha"": 0.1, ""gamma"": 0.05}",5.216499839510236,1;3;5;22;36;39;40;58;62;63;69;76;85;87,2;7;8;13;16;24;26;30;33;41;43;45;53;59;66;68;79;86;90
0,2,14,C/10,3,source_cluster,svr_rbf,0.9396077558053996,1.3532179406044924,"{""C"": 100.0, ""epsilon"": 0.2}",5.984597376442605,1;3;5;22;36;39;40;58;62;63;69;76;85;87,2;7;8;13;16;24;26;30;33;41;43;45;53;59;66;68;79;86;90
0,2,14,C/10,3,source_cluster,gp_rbf,1.2852723272187556,2.180428318994265,"{""alpha"": 1.0, ""length"": 3.0}",5.62509414000187,1;3;5;22;36;39;40;58;62;63;69;76;85;87,2;7;8;13;16;24;26;30;33;41;43;45;53;59;66;68;79;86;90
0,2,14,C/10,3,source_cluster,catboost,3.0067781794333226,5.118361266173501,{},,1;3;5;22;36;39;40;58;62;63;69;76;85;87,2;7;8;13;16;24;26;30;33;41;43;45;53;59;66;68;79;86;90
0,2,14,C/10,3,source_cluster,xgboost,4.194418254651521,6.506156038705869,{},,1;3;5;22;36;39;40;58;62;63;69;76;85;87,2;7;8;13;16;24;26;30;33;41;43;45;53;59;66;68;79;86;90
0,2,14,C/10,3,source_cluster,extra_trees,2.022453957380808,3.0156849926860203,{},,1;3;5;22;36;39;40;58;62;63;69;76;85;87,2;7;8;13;16;24;26;30;33;41;43;45;53;59;66;68;79;86;90
0,2,14,C/7,4,source_cluster,ridge_physics,0.8298323781866777,1.2114026457983416,"{""alpha"": 0.1}",1.731560570853097,1;3;5;22;36;39;40;58;62;63;69;76;85;87,2;7;8;13;16;24;26;30;33;41;43;45;53;59;66;68;79;86;90
0,2,14,C/7,4,source_cluster,ridge_source,1.196727150364926,1.7296571044767055,"{""alpha"": 0.1}",2.026284830910819,1;3;5;22;36;39;40;58;62;63;69;76;85;87,2;7;8;13;16;24;26;30;33;41;43;45;53;59;66;68;79;86;90
0,2,14,C/7,4,source_cluster,ridge_input,3.0439930966025903,4.584182222574116,"{""alpha"": 10.0}",4.683771542140415,1;3;5;22;36;39;40;58;62;63;69;76;85;87,2;7;8;13;16;24;26;30;33;41;43;45;53;59;66;68;79;86;90
0,2,14,C/7,4,source_cluster,krr_rbf,1.0878870110762746,1.8312269494732851,"{""alpha"": 0.1, ""gamma"": 0.05}",5.394451533045087,1;3;5;22;36;39;40;58;62;63;69;76;85;87,2;7;8;13;16;24;26;30;33;41;43;45;53;59;66;68;79;86;90
0,2,14,C/7,4,source_cluster,svr_rbf,0.9292360056218352,1.3064257045111598,"{""C"": 100.0, ""epsilon"": 0.2}",6.229411951035394,1;3;5;22;36;39;40;58;62;63;69;76;85;87,2;7;8;13;16;24;26;30;33;41;43;45;53;59;66;68;79;86;90
0,2,14,C/7,4,source_cluster,gp_rbf,1.293146703977186,2.162595985533708,"{""alpha"": 1.0, ""length"": 3.0}",5.82197918787021,1;3;5;22;36;39;40;58;62;63;69;76;85;87,2;7;8;13;16;24;26;30;33;41;43;45;53;59;66;68;79;86;90
0,2,14,C/7,4,source_cluster,catboost,3.1032413624867523,5.155000549834091,{},,1;3;5;22;36;39;40;58;62;63;69;76;85;87,2;7;8;13;16;24;26;30;33;41;43;45;53;59;66;68;79;86;90
0,2,14,C/7,4,source_cluster,xgboost,4.21793646561472,6.485696486899141,{},,1;3;5;22;36;39;40;58;62;63;69;76;85;87,2;7;8;13;16;24;26;30;33;41;43;45;53;59;66;68;79;86;90
0,2,14,C/7,4,source_cluster,extra_trees,2.057255646638704,3.033772896945684,{},,1;3;5;22;36;39;40;58;62;63;69;76;85;87,2;7;8;13;16;24;26;30;33;41;43;45;53;59;66;68;79;86;90
0,2,14,C/5,5,source_cluster,ridge_physics,0.8123462074681332,1.155542994035674,"{""alpha"": 0.1}",1.7037075928279333,1;3;5;22;36;39;40;58;62;63;69;76;85;87,2;7;8;13;16;24;26;30;33;41;43;45;53;59;66;68;79;86;90
0,2,14,C/5,5,source_cluster,ridge_source,1.2929197612561678,1.785665439901345,"{""alpha"": 0.1}",2.2681307111467635,1;3;5;22;36;39;40;58;62;63;69;76;85;87,2;7;8;13;16;24;26;30;33;41;43;45;53;59;66;68;79;86;90
0,2,14,C/5,5,source_cluster,ridge_input,3.04286033228824,4.52248868237684,"{""alpha"": 10.0}",4.629364286150251,1;3;5;22;36;39;40;58;62;63;69;76;85;87,2;7;8;13;16;24;26;30;33;41;43;45;53;59;66;68;79;86;90
0,2,14,C/5,5,source_cluster,krr_rbf,1.1138357865182975,1.825671139186064,"{""alpha"": 0.1, ""gamma"": 0.05}",5.59808201449258,1;3;5;22;36;39;40;58;62;63;69;76;85;87,2;7;8;13;16;24;26;30;33;41;43;45;53;59;66;68;79;86;90
0,2,14,C/5,5,source_cluster,svr_rbf,0.9344218274141868,1.2671022488704065,"{""C"": 100.0, ""epsilon"": 0.2}",6.50423986323838,1;3;5;22;36;39;40;58;62;63;69;76;85;87,2;7;8;13;16;24;26;30;33;41;43;45;53;59;66;68;79;86;90
0,2,14,C/5,5,source_cluster,gp_rbf,1.327485518443601,2.158341560141034,"{""alpha"": 1.0, ""length"": 3.0}",6.044584873667134,1;3;5;22;36;39;40;58;62;63;69;76;85;87,2;7;8;13;16;24;26;30;33;41;43;45;53;59;66;68;79;86;90
0,2,14,C/5,5,source_cluster,catboost,3.1993967153761544,5.17142373303014,{},,1;3;5;22;36;39;40;58;62;63;69;76;85;87,2;7;8;13;16;24;26;30;33;41;43;45;53;59;66;68;79;86;90
0,2,14,C/5,5,source_cluster,xgboost,4.268344678376851,6.491110987242698,{},,1;3;5;22;36;39;40;58;62;63;69;76;85;87,2;7;8;13;16;24;26;30;33;41;43;45;53;59;66;68;79;86;90
0,2,14,C/5,5,source_cluster,extra_trees,2.0013514099742538,2.983926606549561,{},,1;3;5;22;36;39;40;58;62;63;69;76;85;87,2;7;8;13;16;24;26;30;33;41;43;45;53;59;66;68;79;86;90
0,2,14,C/80,0,physical_cluster,ridge_physics,1.7438683760793583,2.506363436963184,"{""alpha"": 0.1}",2.20743761743818,4;17;20;28;29;32;34;44;56;60;62;63;69;71,2;7;8;13;16;24;26;30;33;41;43;45;53;59;66;68;79;86;90
0,2,14,C/80,0,physical_cluster,ridge_source,2.150571722733347,2.8639295515542496,"{""alpha"": 1.0}",2.094856330326625,4;17;20;28;29;32;34;44;56;60;62;63;69;71,2;7;8;13;16;24;26;30;33;41;43;45;53;59;66;68;79;86;90
0,2,14,C/80,0,physical_cluster,ridge_input,3.856466192948191,5.74536886037942,"{""alpha"": 10.0}",5.119754655020578,4;17;20;28;29;32;34;44;56;60;62;63;69;71,2;7;8;13;16;24;26;30;33;41;43;45;53;59;66;68;79;86;90
0,2,14,C/80,0,physical_cluster,krr_rbf,1.971433539139597,2.789669109518819,"{""alpha"": 0.1, ""gamma"": 0.05}",4.687179957117353,4;17;20;28;29;32;34;44;56;60;62;63;69;71,2;7;8;13;16;24;26;30;33;41;43;45;53;59;66;68;79;86;90
0,2,14,C/80,0,physical_cluster,svr_rbf,1.6926145997665265,2.314294165161588,"{""C"": 100.0, ""epsilon"": 0.2}",5.895831809437719,4;17;20;28;29;32;34;44;56;60;62;63;69;71,2;7;8;13;16;24;26;30;33;41;43;45;53;59;66;68;79;86;90
0,2,14,C/80,0,physical_cluster,gp_rbf,2.1776436548054705,3.027144042334361,"{""alpha"": 1.0, ""length"": 3.0}",5.067413388001754,4;17;20;28;29;32;34;44;56;60;62;63;69;71,2;7;8;13;16;24;26;30;33;41;43;45;53;59;66;68;79;86;90
0,2,14,C/80,0,physical_cluster,catboost,3.603310504440098,5.71352935148947,{},,4;17;20;28;29;32;34;44;56;60;62;63;69;71,2;7;8;13;16;24;26;30;33;41;43;45;53;59;66;68;79;86;90
0,2,14,C/80,0,physical_cluster,xgboost,4.347998769659745,6.706864649236308,{},,4;17;20;28;29;32;34;44;56;60;62;63;69;71,2;7;8;13;16;24;26;30;33;41;43;45;53;59;66;68;79;86;90
0,2,14,C/80,0,physical_cluster,extra_trees,3.7312306961320094,4.816326214768726,{},,4;17;20;28;29;32;34;44;56;60;62;63;69;71,2;7;8;13;16;24;26;30;33;41;43;45;53;59;66;68;79;86;90
0,2,14,C/40,1,physical_cluster,ridge_physics,1.253394277472245,1.9975902815382804,"{""alpha"": 0.1}",1.6745903491973877,4;17;20;28;29;32;34;44;56;60;62;63;69;71,2;7;8;13;16;24;26;30;33;41;43;45;53;59;66;68;79;86;90
0,2,14,C/40,1,physical_cluster,ridge_source,1.3860658344469572,2.174195720161052,"{""alpha"": 0.1}",1.6914094516209193,4;17;20;28;29;32;34;44;56;60;62;63;69;71,2;7;8;13;16;24;26;30;33;41;43;45;53;59;66;68;79;86;90
0,2,14,C/40,1,physical_cluster,ridge_input,3.780357360839844,5.477531111737926,"{""alpha"": 10.0}",4.8814946583339145,4;17;20;28;29;32;34;44;56;60;62;63;69;71,2;7;8;13;16;24;26;30;33;41;43;45;53;59;66;68;79;86;90
0,2,14,C/40,1,physical_cluster,krr_rbf,1.5185530813116777,2.4075209780590274,"{""alpha"": 0.1, ""gamma"": 0.05}",4.54961222410202,4;17;20;28;29;32;34;44;56;60;62;63;69;71,2;7;8;13;16;24;26;30;33;41;43;45;53;59;66;68;79;86;90
0,2,14,C/40,1,physical_cluster,svr_rbf,1.2043047795724675,1.8921174253636155,"{""C"": 100.0, ""epsilon"": 0.2}",5.641564831861586,4;17;20;28;29;32;34;44;56;60;62;63;69;71,2;7;8;13;16;24;26;30;33;41;43;45;53;59;66;68;79;86;90
0,2,14,C/40,1,physical_cluster,gp_rbf,1.7271233736647942,2.659226325835208,"{""alpha"": 1.0, ""length"": 3.0}",4.975732918434892,4;17;20;28;29;32;34;44;56;60;62;63;69;71,2;7;8;13;16;24;26;30;33;41;43;45;53;59;66;68;79;86;90
0,2,14,C/40,1,physical_cluster,catboost,3.305956665227893,5.555892189187126,{},,4;17;20;28;29;32;34;44;56;60;62;63;69;71,2;7;8;13;16;24;26;30;33;41;43;45;53;59;66;68;79;86;90
0,2,14,C/40,1,physical_cluster,xgboost,3.991715682180304,6.516334764194204,{},,4;17;20;28;29;32;34;44;56;60;62;63;69;71,2;7;8;13;16;24;26;30;33;41;43;45;53;59;66;68;79;86;90
0,2,14,C/40,1,physical_cluster,extra_trees,2.883225243181213,4.11295062188041,{},,4;17;20;28;29;32;34;44;56;60;62;63;69;71,2;7;8;13;16;24;26;30;33;41;43;45;53;59;66;68;79;86;90
0,2,14,0.05A,2,physical_cluster,ridge_physics,1.999205338327508,2.76103133565093,"{""alpha"": 0.1}",2.41226863861084,4;17;20;28;29;32;34;44;56;60;62;63;69;71,2;7;8;13;16;24;26;30;33;41;43;45;53;59;66;68;79;86;90
0,2,14,0.05A,2,physical_cluster,ridge_source,2.333417390522204,3.041335541787942,"{""alpha"": 1.0}",2.081270217895508,4;17;20;28;29;32;34;44;56;60;62;63;69;71,2;7;8;13;16;24;26;30;33;41;43;45;53;59;66;68;79;86;90
0,2,14,0.05A,2,physical_cluster,ridge_input,3.969973513954564,5.7397991400879285,"{""alpha"": 10.0}",5.08828330039978,4;17;20;28;29;32;34;44;56;60;62;63;69;71,2;7;8;13;16;24;26;30;33;41;43;45;53;59;66;68;79;86;90
0,2,14,0.05A,2,physical_cluster,krr_rbf,2.2013750578227795,2.995503922064757,"{""alpha"": 0.1, ""gamma"": 0.05}",4.66363753591265,4;17;20;28;29;32;34;44;56;60;62;63;69;71,2;7;8;13;16;24;26;30;33;41;43;45;53;59;66;68;79;86;90
0,2,14,0.05A,2,physical_cluster,svr_rbf,1.97673736673152,2.568105861330203,"{""C"": 100.0, ""epsilon"": 0.2}",6.006429108484686,4;17;20;28;29;32;34;44;56;60;62;63;69;71,2;7;8;13;16;24;26;30;33;41;43;45;53;59;66;68;79;86;90
0,2,14,0.05A,2,physical_cluster,gp_rbf,2.40026374559792,3.207651858679247,"{""alpha"": 1.0, ""length"": 3.0}",5.039022567054724,4;17;20;28;29;32;34;44;56;60;62;63;69;71,2;7;8;13;16;24;26;30;33;41;43;45;53;59;66;68;79;86;90
0,2,14,0.05A,2,physical_cluster,catboost,3.7465533648412848,5.668375385267268,{},,4;17;20;28;29;32;34;44;56;60;62;63;69;71,2;7;8;13;16;24;26;30;33;41;43;45;53;59;66;68;79;86;90
0,2,14,0.05A,2,physical_cluster,xgboost,4.4958853470651725,6.625822556894791,{},,4;17;20;28;29;32;34;44;56;60;62;63;69;71,2;7;8;13;16;24;26;30;33;41;43;45;53;59;66;68;79;86;90
0,2,14,0.05A,2,physical_cluster,extra_trees,3.929007771349791,4.870834692788232,{},,4;17;20;28;29;32;34;44;56;60;62;63;69;71,2;7;8;13;16;24;26;30;33;41;43;45;53;59;66;68;79;86;90
0,2,14,C/10,3,physical_cluster,ridge_physics,0.9475977044356496,1.5940228193106627,"{""alpha"": 0.1}",1.685140882219587,4;17;20;28;29;32;34;44;56;60;62;63;69;71,2;7;8;13;16;24;26;30;33;41;43;45;53;59;66;68;79;86;90
0,2,14,C/10,3,physical_cluster,ridge_source,1.2477517378957648,1.9068926418583445,"{""alpha"": 1.0}",1.9601237773895264,4;17;20;28;29;32;34;44;56;60;62;63;69;71,2;7;8;13;16;24;26;30;33;41;43;45;53;59;66;68;79;86;90
0,2,14,C/10,3,physical_cluster,ridge_input,3.5406939857884456,5.0791936122799,"{""alpha"": 10.0}",4.276074307305472,4;17;20;28;29;32;34;44;56;60;62;63;69;71,2;7;8;13;16;24;26;30;33;41;43;45;53;59;66;68;79;86;90
0,2,14,C/10,3,physical_cluster,krr_rbf,1.3549447310598273,2.2309604636752813,"{""alpha"": 0.1, ""gamma"": 0.05}",5.056157316480364,4;17;20;28;29;32;34;44;56;60;62;63;69;71,2;7;8;13;16;24;26;30;33;41;43;45;53;59;66;68;79;86;90
0,2,14,C/10,3,physical_cluster,svr_rbf,1.097999411254276,1.872493281756694,"{""C"": 100.0, ""epsilon"": 1.0}",6.528658938736962,4;17;20;28;29;32;34;44;56;60;62;63;69;71,2;7;8;13;16;24;26;30;33;41;43;45;53;59;66;68;79;86;90
0,2,14,C/10,3,physical_cluster,gp_rbf,1.5558556318133463,2.4775718410349934,"{""alpha"": 1.0, ""length"": 3.0}",5.537267896239984,4;17;20;28;29;32;34;44;56;60;62;63;69;71,2;7;8;13;16;24;26;30;33;41;43;45;53;59;66;68;79;86;90
0,2,14,C/10,3,physical_cluster,catboost,3.726248048428716,5.71054990045349,{},,4;17;20;28;29;32;34;44;56;60;62;63;69;71,2;7;8;13;16;24;26;30;33;41;43;45;53;59;66;68;79;86;90
0,2,14,C/10,3,physical_cluster,xgboost,4.148859927528783,6.5744259091242325,{},,4;17;20;28;29;32;34;44;56;60;62;63;69;71,2;7;8;13;16;24;26;30;33;41;43;45;53;59;66;68;79;86;90
0,2,14,C/10,3,physical_cluster,extra_trees,2.475230157500819,3.863926474548673,{},,4;17;20;28;29;32;34;44;56;60;62;63;69;71,2;7;8;13;16;24;26;30;33;41;43;45;53;59;66;68;79;86;90
0,2,14,C/7,4,physical_cluster,ridge_physics,0.9188023617393092,1.4984233893364187,"{""alpha"": 0.1}",1.7279294558933802,4;17;20;28;29;32;34;44;56;60;62;63;69;71,2;7;8;13;16;24;26;30;33;41;43;45;53;59;66;68;79;86;90
0,2,14,C/7,4,physical_cluster,ridge_source,1.22943797864412,1.8459722906641565,"{""alpha"": 1.0}",2.101783956800188,4;17;20;28;29;32;34;44;56;60;62;63;69;71,2;7;8;13;16;24;26;30;33;41;43;45;53;59;66;68;79;86;90
0,2,14,C/7,4,physical_cluster,ridge_input,3.480431406121505,4.9725306193059104,"{""alpha"": 10.0}",4.291786875043597,4;17;20;28;29;32;34;44;56;60;62;63;69;71,2;7;8;13;16;24;26;30;33;41;43;45;53;59;66;68;79;86;90
0,2,14,C/7,4,physical_cluster,krr_rbf,1.2999018618935032,2.140877737032013,"{""alpha"": 0.1, ""gamma"": 0.05}",5.24144445998328,4;17;20;28;29;32;34;44;56;60;62;63;69;71,2;7;8;13;16;24;26;30;33;41;43;45;53;59;66;68;79;86;90
0,2,14,C/7,4,physical_cluster,svr_rbf,1.0029553683185122,1.7087507084469622,"{""C"": 100.0, ""epsilon"": 1.0}",6.71654071370493,4;17;20;28;29;32;34;44;56;60;62;63;69;71,2;7;8;13;16;24;26;30;33;41;43;45;53;59;66;68;79;86;90
0,2,14,C/7,4,physical_cluster,gp_rbf,1.4993378730248288,2.3873203569310077,"{""alpha"": 1.0, ""length"": 3.0}",5.744300038458275,4;17;20;28;29;32;34;44;56;60;62;63;69;71,2;7;8;13;16;24;26;30;33;41;43;45;53;59;66;68;79;86;90
0,2,14,C/7,4,physical_cluster,catboost,3.791750544400801,5.731670010526908,{},,4;17;20;28;29;32;34;44;56;60;62;63;69;71,2;7;8;13;16;24;26;30;33;41;43;45;53;59;66;68;79;86;90
0,2,14,C/7,4,physical_cluster,xgboost,4.185113204152961,6.571571545947359,{},,4;17;20;28;29;32;34;44;56;60;62;63;69;71,2;7;8;13;16;24;26;30;33;41;43;45;53;59;66;68;79;86;90
0,2,14,C/7,4,physical_cluster,extra_trees,2.409928361207322,3.804056930665487,{},,4;17;20;28;29;32;34;44;56;60;62;63;69;71,2;7;8;13;16;24;26;30;33;41;43;45;53;59;66;68;79;86;90
0,2,14,C/5,5,physical_cluster,ridge_physics,0.8814388074372944,1.3800007673006516,"{""alpha"": 0.1}",1.7966385909489222,4;17;20;28;29;32;34;44;56;60;62;63;69;71,2;7;8;13;16;24;26;30;33;41;43;45;53;59;66;68;79;86;90
0,2,14,C/5,5,physical_cluster,ridge_source,1.3301198858963816,1.826871712491703,"{""alpha"": 1.0}",2.421290602002825,4;17;20;28;29;32;34;44;56;60;62;63;69;71,2;7;8;13;16;24;26;30;33;41;43;45;53;59;66;68;79;86;90
0,2,14,C/5,5,physical_cluster,ridge_input,3.4762488917300574,4.931763985163122,"{""alpha"": 10.0}",4.283848592213222,4;17;20;28;29;32;34;44;56;60;62;63;69;71,2;7;8;13;16;24;26;30;33;41;43;45;53;59;66;68;79;86;90
0,2,14,C/5,5,physical_cluster,krr_rbf,1.306171216462788,2.1031524958704297,"{""alpha"": 0.1, ""gamma"": 0.05}",5.459006811891284,4;17;20;28;29;32;34;44;56;60;62;63;69;71,2;7;8;13;16;24;26;30;33;41;43;45;53;59;66;68;79;86;90
0,2,14,C/5,5,physical_cluster,svr_rbf,0.945958937381377,1.5595257673521477,"{""C"": 100.0, ""epsilon"": 0.2}",6.878660624497499,4;17;20;28;29;32;34;44;56;60;62;63;69;71,2;7;8;13;16;24;26;30;33;41;43;45;53;59;66;68;79;86;90
0,2,14,C/5,5,physical_cluster,gp_rbf,1.5046417511352417,2.3568597784583964,"{""alpha"": 1.0, ""length"": 3.0}",5.977632021111515,4;17;20;28;29;32;34;44;56;60;62;63;69;71,2;7;8;13;16;24;26;30;33;41;43;45;53;59;66;68;79;86;90
0,2,14,C/5,5,physical_cluster,catboost,3.925636289056488,5.775607883616416,{},,4;17;20;28;29;32;34;44;56;60;62;63;69;71,2;7;8;13;16;24;26;30;33;41;43;45;53;59;66;68;79;86;90
0,2,14,C/5,5,physical_cluster,xgboost,4.23157461065995,6.564747779080197,{},,4;17;20;28;29;32;34;44;56;60;62;63;69;71,2;7;8;13;16;24;26;30;33;41;43;45;53;59;66;68;79;86;90
0,2,14,C/5,5,physical_cluster,extra_trees,2.4144084707268494,3.758500871855549,{},,4;17;20;28;29;32;34;44;56;60;62;63;69;71,2;7;8;13;16;24;26;30;33;41;43;45;53;59;66;68;79;86;90
0,2,14,C/80,0,input_cluster,ridge_physics,2.17113575182463,2.6475436066464053,"{""alpha"": 0.1}",2.8654242924281528,4;6;9;11;12;17;29;42;52;55;62;69;72;89,2;7;8;13;16;24;26;30;33;41;43;45;53;59;66;68;79;86;90
0,2,14,C/80,0,input_cluster,ridge_source,2.222519723992599,2.85207412332461,"{""alpha"": 0.1}",2.9098689556121826,4;6;9;11;12;17;29;42;52;55;62;69;72;89,2;7;8;13;16;24;26;30;33;41;43;45;53;59;66;68;79;86;90
0,2,14,C/80,0,input_cluster,ridge_input,4.054860165244655,5.637818358880035,"{""alpha"": 10.0}",6.51429465838841,4;6;9;11;12;17;29;42;52;55;62;69;72;89,2;7;8;13;16;24;26;30;33;41;43;45;53;59;66;68;79;86;90
0,2,14,C/80,0,input_cluster,krr_rbf,2.2295841417814555,2.8566229603302737,"{""alpha"": 0.1, ""gamma"": 0.05}",4.897028854915074,4;6;9;11;12;17;29;42;52;55;62;69;72;89,2;7;8;13;16;24;26;30;33;41;43;45;53;59;66;68;79;86;90
0,2,14,C/80,0,input_cluster,svr_rbf,2.214942856891573,2.6964508497908657,"{""C"": 100.0, ""epsilon"": 0.2}",4.742636117538792,4;6;9;11;12;17;29;42;52;55;62;69;72;89,2;7;8;13;16;24;26;30;33;41;43;45;53;59;66;68;79;86;90
0,2,14,C/80,0,input_cluster,gp_rbf,2.32565981717064,2.9838230291399284,"{""alpha"": 1.0, ""length"": 3.0}",5.1735738507064015,4;6;9;11;12;17;29;42;52;55;62;69;72;89,2;7;8;13;16;24;26;30;33;41;43;45;53;59;66;68;79;86;90
0,2,14,C/80,0,input_cluster,catboost,4.108268730709466,5.495601801814954,{},,4;6;9;11;12;17;29;42;52;55;62;69;72;89,2;7;8;13;16;24;26;30;33;41;43;45;53;59;66;68;79;86;90
0,2,14,C/80,0,input_cluster,xgboost,5.1554726048519735,6.913879631805844,{},,4;6;9;11;12;17;29;42;52;55;62;69;72;89,2;7;8;13;16;24;26;30;33;41;43;45;53;59;66;68;79;86;90
0,2,14,C/80,0,input_cluster,extra_trees,2.405187499325979,3.112306254284614,{},,4;6;9;11;12;17;29;42;52;55;62;69;72;89,2;7;8;13;16;24;26;30;33;41;43;45;53;59;66;68;79;86;90
0,2,14,C/40,1,input_cluster,ridge_physics,1.616032650596217,1.9398368079721129,"{""alpha"": 0.1}",2.221072401319231,4;6;9;11;12;17;29;42;52;55;62;69;72;89,2;7;8;13;16;24;26;30;33;41;43;45;53;59;66;68;79;86;90
0,2,14,C/40,1,input_cluster,ridge_source,1.6627004523026316,2.2381130086090546,"{""alpha"": 0.1}",2.4025542736053467,4;6;9;11;12;17;29;42;52;55;62;69;72;89,2;7;8;13;16;24;26;30;33;41;43;45;53;59;66;68;79;86;90
0,2,14,C/40,1,input_cluster,ridge_input,3.6458431043122954,5.177148145948952,"{""alpha"": 10.0}",6.086401496614728,4;6;9;11;12;17;29;42;52;55;62;69;72;89,2;7;8;13;16;24;26;30;33;41;43;45;53;59;66;68;79;86;90
0,2,14,C/40,1,input_cluster,krr_rbf,1.6331076371042352,2.2402265094014524,"{""alpha"": 0.1, ""gamma"": 0.05}",4.668774434498379,4;6;9;11;12;17;29;42;52;55;62;69;72;89,2;7;8;13;16;24;26;30;33;41;43;45;53;59;66;68;79;86;90
0,2,14,C/40,1,input_cluster,svr_rbf,1.59730795552456,2.0182457791792108,"{""C"": 100.0, ""epsilon"": 1.0}",4.444087068954394,4;6;9;11;12;17;29;42;52;55;62;69;72;89,2;7;8;13;16;24;26;30;33;41;43;45;53;59;66;68;79;86;90
0,2,14,C/40,1,input_cluster,gp_rbf,1.731433876346821,2.397392025119665,"{""alpha"": 1.0, ""length"": 3.0}",5.135786043414122,4;6;9;11;12;17;29;42;52;55;62;69;72;89,2;7;8;13;16;24;26;30;33;41;43;45;53;59;66;68;79;86;90
0,2,14,C/40,1,input_cluster,catboost,3.470815966987444,4.906236687590407,{},,4;6;9;11;12;17;29;42;52;55;62;69;72;89,2;7;8;13;16;24;26;30;33;41;43;45;53;59;66;68;79;86;90
0,2,14,C/40,1,input_cluster,xgboost,4.198803148771587,6.30766623959404,{},,4;6;9;11;12;17;29;42;52;55;62;69;72;89,2;7;8;13;16;24;26;30;33;41;43;45;53;59;66;68;79;86;90
0,2,14,C/40,1,input_cluster,extra_trees,1.760455674192959,2.49572274650286,{},,4;6;9;11;12;17;29;42;52;55;62;69;72;89,2;7;8;13;16;24;26;30;33;41;43;45;53;59;66;68;79;86;90
0,2,14,0.05A,2,input_cluster,ridge_physics,2.3111588327508223,2.9425761421585204,"{""alpha"": 0.1}",3.037332092012678,4;6;9;11;12;17;29;42;52;55;62;69;72;89,2;7;8;13;16;24;26;30;33;41;43;45;53;59;66;68;79;86;90
0,2,14,0.05A,2,input_cluster,ridge_source,2.431080466822574,3.113023904146315,"{""alpha"": 0.1}",2.9692650181906566,4;6;9;11;12;17;29;42;52;55;62;69;72;89,2;7;8;13;16;24;26;30;33;41;43;45;53;59;66;68;79;86;90
0,2,14,0.05A,2,input_cluster,ridge_input,4.217104861610814,5.702566114904316,"{""alpha"": 10.0}",6.529719863619123,4;6;9;11;12;17;29;42;52;55;62;69;72;89,2;7;8;13;16;24;26;30;33;41;43;45;53;59;66;68;79;86;90
0,2,14,0.05A,2,input_cluster,krr_rbf,2.4115986071134867,3.135566270956004,"{""alpha"": 0.1, ""gamma"": 0.05}",5.015998091016497,4;6;9;11;12;17;29;42;52;55;62;69;72;89,2;7;8;13;16;24;26;30;33;41;43;45;53;59;66;68;79;86;90
0,2,14,0.05A,2,input_cluster,svr_rbf,2.38825776896333,2.930994560041372,"{""C"": 100.0, ""epsilon"": 0.2}",4.770198453970338,4;6;9;11;12;17;29;42;52;55;62;69;72;89,2;7;8;13;16;24;26;30;33;41;43;45;53;59;66;68;79;86;90
0,2,14,0.05A,2,input_cluster,gp_rbf,2.491875406591809,3.2433532548799358,"{""alpha"": 1.0, ""length"": 3.0}",5.237480712867059,4;6;9;11;12;17;29;42;52;55;62;69;72;89,2;7;8;13;16;24;26;30;33;41;43;45;53;59;66;68;79;86;90
0,2,14,0.05A,2,input_cluster,catboost,4.38619490327265,5.612416109982144,{},,4;6;9;11;12;17;29;42;52;55;62;69;72;89,2;7;8;13;16;24;26;30;33;41;43;45;53;59;66;68;79;86;90
0,2,14,0.05A,2,input_cluster,xgboost,5.546720002826891,7.093429060521196,{},,4;6;9;11;12;17;29;42;52;55;62;69;72;89,2;7;8;13;16;24;26;30;33;41;43;45;53;59;66;68;79;86;90
0,2,14,0.05A,2,input_cluster,extra_trees,2.667439679585604,3.38906026739518,{},,4;6;9;11;12;17;29;42;52;55;62;69;72;89,2;7;8;13;16;24;26;30;33;41;43;45;53;59;66;68;79;86;90
0,2,14,C/10,3,input_cluster,ridge_physics,1.0896313315943669,1.3873109302820834,"{""alpha"": 0.1}",1.8373616082327704,4;6;9;11;12;17;29;42;52;55;62;69;72;89,2;7;8;13;16;24;26;30;33;41;43;45;53;59;66;68;79;86;90
0,2,14,C/10,3,input_cluster,ridge_source,1.3583514564915706,1.8503302548414609,"{""alpha"": 0.1}",2.10696108000619,4;6;9;11;12;17;29;42;52;55;62;69;72;89,2;7;8;13;16;24;26;30;33;41;43;45;53;59;66;68;79;86;90
0,2,14,C/10,3,input_cluster,ridge_input,3.2909903275339225,4.6983332618529685,"{""alpha"": 10.0}",5.2059177330562045,4;6;9;11;12;17;29;42;52;55;62;69;72;89,2;7;8;13;16;24;26;30;33;41;43;45;53;59;66;68;79;86;90
0,2,14,C/10,3,input_cluster,krr_rbf,1.309196070620888,1.974846216685723,"{""alpha"": 0.1, ""gamma"": 0.05}",5.030818496431623,4;6;9;11;12;17;29;42;52;55;62;69;72;89,2;7;8;13;16;24;26;30;33;41;43;45;53;59;66;68;79;86;90
0,2,14,C/10,3,input_cluster,svr_rbf,1.4911936430497563,1.8522926324545856,"{""C"": 100.0, ""epsilon"": 1.0}",4.862430871818887,4;6;9;11;12;17;29;42;52;55;62;69;72;89,2;7;8;13;16;24;26;30;33;41;43;45;53;59;66;68;79;86;90
0,2,14,C/10,3,input_cluster,gp_rbf,1.3998957672717094,2.153392089604186,"{""alpha"": 1.0, ""length"": 3.0}",5.541472269275958,4;6;9;11;12;17;29;42;52;55;62;69;72;89,2;7;8;13;16;24;26;30;33;41;43;45;53;59;66;68;79;86;90
0,2,14,C/10,3,input_cluster,catboost,3.354723098187093,4.832780398910906,{},,4;6;9;11;12;17;29;42;52;55;62;69;72;89,2;7;8;13;16;24;26;30;33;41;43;45;53;59;66;68;79;86;90
0,2,14,C/10,3,input_cluster,xgboost,3.7625202379728617,6.14585945381744,{},,4;6;9;11;12;17;29;42;52;55;62;69;72;89,2;7;8;13;16;24;26;30;33;41;43;45;53;59;66;68;79;86;90
0,2,14,C/10,3,input_cluster,extra_trees,1.3520439162529228,2.182170389041437,{},,4;6;9;11;12;17;29;42;52;55;62;69;72;89,2;7;8;13;16;24;26;30;33;41;43;45;53;59;66;68;79;86;90
0,2,14,C/7,4,input_cluster,ridge_physics,1.047341597707648,1.338789001141624,"{""alpha"": 0.1}",1.8058436938694544,4;6;9;11;12;17;29;42;52;55;62;69;72;89,2;7;8;13;16;24;26;30;33;41;43;45;53;59;66;68;79;86;90
0,2,14,C/7,4,input_cluster,ridge_source,1.4900809840152138,1.864262262939226,"{""alpha"": 0.1}",2.2274508476257324,4;6;9;11;12;17;29;42;52;55;62;69;72;89,2;7;8;13;16;24;26;30;33;41;43;45;53;59;66;68;79;86;90
0,2,14,C/7,4,input_cluster,ridge_input,3.2262565211245886,4.5898024877809895,"{""alpha"": 10.0}",5.128332785197666,4;6;9;11;12;17;29;42;52;55;62;69;72;89,2;7;8;13;16;24;26;30;33;41;43;45;53;59;66;68;79;86;90
0,2,14,C/7,4,input_cluster,krr_rbf,1.276995207134046,1.9285214052275548,"{""alpha"": 0.1, ""gamma"": 0.05}",5.131175245557513,4;6;9;11;12;17;29;42;52;55;62;69;72;89,2;7;8;13;16;24;26;30;33;41;43;45;53;59;66;68;79;86;90
0,2,14,C/7,4,input_cluster,svr_rbf,1.4446287596392295,1.8129380823377776,"{""C"": 100.0, ""epsilon"": 1.0}",5.135688752683813,4;6;9;11;12;17;29;42;52;55;62;69;72;89,2;7;8;13;16;24;26;30;33;41;43;45;53;59;66;68;79;86;90
0,2,14,C/7,4,input_cluster,gp_rbf,1.371042699561213,2.1025451398002994,"{""alpha"": 1.0, ""length"": 3.0}",5.653751671162966,4;6;9;11;12;17;29;42;52;55;62;69;72;89,2;7;8;13;16;24;26;30;33;41;43;45;53;59;66;68;79;86;90
0,2,14,C/7,4,input_cluster,catboost,3.397381262612305,4.856189130041286,{},,4;6;9;11;12;17;29;42;52;55;62;69;72;89,2;7;8;13;16;24;26;30;33;41;43;45;53;59;66;68;79;86;90
0,2,14,C/7,4,input_cluster,xgboost,3.847610072085732,6.1849070809114055,{},,4;6;9;11;12;17;29;42;52;55;62;69;72;89,2;7;8;13;16;24;26;30;33;41;43;45;53;59;66;68;79;86;90
0,2,14,C/7,4,input_cluster,extra_trees,1.3744536025960306,2.171046482956174,{},,4;6;9;11;12;17;29;42;52;55;62;69;72;89,2;7;8;13;16;24;26;30;33;41;43;45;53;59;66;68;79;86;90
0,2,14,C/5,5,input_cluster,ridge_physics,0.9833747462222452,1.2383502061995078,"{""alpha"": 0.1}",1.813264676502773,4;6;9;11;12;17;29;42;52;55;62;69;72;89,2;7;8;13;16;24;26;30;33;41;43;45;53;59;66;68;79;86;90
0,2,14,C/5,5,input_cluster,ridge_source,1.6927988152754934,2.0568826385176058,"{""alpha"": 1.0}",2.4207726887294223,4;6;9;11;12;17;29;42;52;55;62;69;72;89,2;7;8;13;16;24;26;30;33;41;43;45;53;59;66;68;79;86;90
0,2,14,C/5,5,input_cluster,ridge_input,3.210630718030428,4.542558190782299,"{""alpha"": 10.0}",5.073717491967337,4;6;9;11;12;17;29;42;52;55;62;69;72;89,2;7;8;13;16;24;26;30;33;41;43;45;53;59;66;68;79;86;90
0,2,14,C/5,5,input_cluster,krr_rbf,1.3008406789679277,1.909406097351337,"{""alpha"": 0.1, ""gamma"": 0.05}",5.377090385981968,4;6;9;11;12;17;29;42;52;55;62;69;72;89,2;7;8;13;16;24;26;30;33;41;43;45;53;59;66;68;79;86;90
0,2,14,C/5,5,input_cluster,svr_rbf,1.4532226189938275,1.7167817115442103,"{""C"": 100.0, ""epsilon"": 1.0}",5.246528562884433,4;6;9;11;12;17;29;42;52;55;62;69;72;89,2;7;8;13;16;24;26;30;33;41;43;45;53;59;66;68;79;86;90
0,2,14,C/5,5,input_cluster,gp_rbf,1.389600633595725,2.095197110289089,"{""alpha"": 1.0, ""length"": 3.0}",5.9345629910812985,4;6;9;11;12;17;29;42;52;55;62;69;72;89,2;7;8;13;16;24;26;30;33;41;43;45;53;59;66;68;79;86;90
0,2,14,C/5,5,input_cluster,catboost,3.360240823129602,4.83519351407304,{},,4;6;9;11;12;17;29;42;52;55;62;69;72;89,2;7;8;13;16;24;26;30;33;41;43;45;53;59;66;68;79;86;90
0,2,14,C/5,5,input_cluster,xgboost,3.876442357113487,6.213216410877177,{},,4;6;9;11;12;17;29;42;52;55;62;69;72;89,2;7;8;13;16;24;26;30;33;41;43;45;53;59;66;68;79;86;90
0,2,14,C/5,5,input_cluster,extra_trees,1.373208768989211,2.1541610823986512,{},,4;6;9;11;12;17;29;42;52;55;62;69;72;89,2;7;8;13;16;24;26;30;33;41;43;45;53;59;66;68;79;86;90