fold,repeat,k,rate,rate_idx,policy,method,soh_mae_pp,soh_rmse_pp,selected_hyperparameters,labeled_loo_mae,label_ids,test_ids
0,0,4,C/80,0,random,ridge_physics,1.6991593210320723,2.5381194556593494,"{""alpha"": 1.0}",3.93794047832489,19;48;56;76,2;7;8;13;16;24;26;30;33;41;43;45;53;59;66;68;79;86;90
0,0,4,C/80,0,random,ridge_source,1.5656152022512335,2.251245536774951,"{""alpha"": 0.1}",2.600138902664185,19;48;56;76,2;7;8;13;16;24;26;30;33;41;43;45;53;59;66;68;79;86;90
0,0,4,C/80,0,random,ridge_input,5.284115038420024,8.290888532287473,"{""alpha"": 0.1}",7.617299199104309,19;48;56;76,2;7;8;13;16;24;26;30;33;41;43;45;53;59;66;68;79;86;90
0,0,4,C/80,0,random,krr_rbf,3.5131414313065377,5.886032362861762,"{""alpha"": 0.1, ""gamma"": 0.05}",5.089984178543091,19;48;56;76,2;7;8;13;16;24;26;30;33;41;43;45;53;59;66;68;79;86;90
0,0,4,C/80,0,random,svr_rbf,7.525157631067346,13.08281536148256,"{""C"": 10.0, ""epsilon"": 0.2}",7.27064869012619,19;48;56;76,2;7;8;13;16;24;26;30;33;41;43;45;53;59;66;68;79;86;90
0,0,4,C/80,0,random,gp_rbf,4.514282597446426,7.298042777383762,"{""alpha"": 1.0, ""length"": 3.0}",5.9540326925817215,19;48;56;76,2;7;8;13;16;24;26;30;33;41;43;45;53;59;66;68;79;86;90
0,0,4,C/80,0,random,catboost,6.796469975618259,9.75466637246913,{},,19;48;56;76,2;7;8;13;16;24;26;30;33;41;43;45;53;59;66;68;79;86;90
0,0,4,C/80,0,random,xgboost,8.115001477693257,10.826118341086982,{},,19;48;56;76,2;7;8;13;16;24;26;30;33;41;43;45;53;59;66;68;79;86;90
0,0,4,C/80,0,random,extra_trees,7.117559031436322,9.985431764536724,{},,19;48;56;76,2;7;8;13;16;24;26;30;33;41;43;45;53;59;66;68;79;86;90
0,0,4,C/40,1,random,ridge_physics,1.488440664190995,2.049729376915246,"{""alpha"": 0.1}",2.180901527404785,19;48;56;76,2;7;8;13;16;24;26;30;33;41;43;45;53;59;66;68;79;86;90
0,0,4,C/40,1,random,ridge_source,1.2604956375925165,2.05052620368269,"{""alpha"": 0.1}",2.3117799758911133,19;48;56;76,2;7;8;13;16;24;26;30;33;41;43;45;53;59;66;68;79;86;90
0,0,4,C/40,1,random,ridge_input,3.715354317112973,6.160218838412844,"{""alpha"": 0.1}",7.525002837181091,19;48;56;76,2;7;8;13;16;24;26;30;33;41;43;45;53;59;66;68;79;86;90
0,0,4,C/40,1,random,krr_rbf,3.651194923802426,6.413804186773636,"{""alpha"": 0.1, ""gamma"": 0.05}",4.377813100814819,19;48;56;76,2;7;8;13;16;24;26;30;33;41;43;45;53;59;66;68;79;86;90
0,0,4,C/40,1,random,svr_rbf,6.316344888482672,11.56435706224151,"{""C"": 100.0, ""epsilon"": 0.2}",6.597164970817616,19;48;56;76,2;7;8;13;16;24;26;30;33;41;43;45;53;59;66;68;79;86;90
0,0,4,C/40,1,random,gp_rbf,4.612799232378746,7.653094660963689,"{""alpha"": 1.0, ""length"": 3.0}",5.210298507020511,19;48;56;76,2;7;8;13;16;24;26;30;33;41;43;45;53;59;66;68;79;86;90
0,0,4,C/40,1,random,catboost,6.672093766495257,9.821008975292996,{},,19;48;56;76,2;7;8;13;16;24;26;30;33;41;43;45;53;59;66;68;79;86;90
0,0,4,C/40,1,random,xgboost,7.80826126901727,10.705896285648787,{},,19;48;56;76,2;7;8;13;16;24;26;30;33;41;43;45;53;59;66;68;79;86;90
0,0,4,C/40,1,random,extra_trees,6.97540985910516,9.960969391079937,{},,19;48;56;76,2;7;8;13;16;24;26;30;33;41;43;45;53;59;66;68;79;86;90
0,0,4,0.05A,2,random,ridge_physics,2.0177262958727384,2.8646485995438957,"{""alpha"": 1.0}",3.942933201789856,19;48;56;76,2;7;8;13;16;24;26;30;33;41;43;45;53;59;66;68;79;86;90
0,0,4,0.05A,2,random,ridge_source,1.877498425935444,2.599797810267825,"{""alpha"": 0.1}",2.6027236580848694,19;48;56;76,2;7;8;13;16;24;26;30;33;41;43;45;53;59;66;68;79;86;90
0,0,4,0.05A,2,random,ridge_input,5.397311963533101,8.120323203625613,"{""alpha"": 0.1}",7.181903600692749,19;48;56;76,2;7;8;13;16;24;26;30;33;41;43;45;53;59;66;68;79;86;90
0,0,4,0.05A,2,random,krr_rbf,3.7183014719109786,6.026896986931582,"{""alpha"": 0.1, ""gamma"": 0.05}",5.104885458946228,19;48;56;76,2;7;8;13;16;24;26;30;33;41;43;45;53;59;66;68;79;86;90
0,0,4,0.05A,2,random,svr_rbf,7.718987814839795,13.112570741462171,"{""C"": 10.0, ""epsilon"": 0.2}",7.054417980122507,19;48;56;76,2;7;8;13;16;24;26;30;33;41;43;45;53;59;66;68;79;86;90
0,0,4,0.05A,2,random,gp_rbf,4.637647960270283,7.433021562952869,"{""alpha"": 1.0, ""length"": 3.0}",5.974125393589831,19;48;56;76,2;7;8;13;16;24;26;30;33;41;43;45;53;59;66;68;79;86;90
0,0,4,0.05A,2,random,catboost,6.815043437808079,9.809107211983862,{},,19;48;56;76,2;7;8;13;16;24;26;30;33;41;43;45;53;59;66;68;79;86;90
0,0,4,0.05A,2,random,xgboost,8.149504410593133,10.886542271534722,{},,19;48;56;76,2;7;8;13;16;24;26;30;33;41;43;45;53;59;66;68;79;86;90
0,0,4,0.05A,2,random,extra_trees,7.128699453253491,10.06338977254438,{},,19;48;56;76,2;7;8;13;16;24;26;30;33;41;43;45;53;59;66;68;79;86;90
0,0,4,C/10,3,random,ridge_physics,1.2201000012849506,1.8613480044830368,"{""alpha"": 0.1}",1.1263034343719482,19;48;56;76,2;7;8;13;16;24;26;30;33;41;43;45;53;59;66;68;79;86;90
0,0,4,C/10,3,random,ridge_source,1.2479826274671053,2.1203585252343675,"{""alpha"": 0.1}",2.136728525161743,19;48;56;76,2;7;8;13;16;24;26;30;33;41;43;45;53;59;66;68;79;86;90
0,0,4,C/10,3,random,ridge_input,3.241571727551912,5.386774995262871,"{""alpha"": 0.1}",7.646449565887451,19;48;56;76,2;7;8;13;16;24;26;30;33;41;43;45;53;59;66;68;79;86;90
0,0,4,C/10,3,random,krr_rbf,4.007911280581825,7.014716578315944,"{""alpha"": 0.1, ""gamma"": 0.05}",4.165969133377075,19;48;56;76,2;7;8;13;16;24;26;30;33;41;43;45;53;59;66;68;79;86;90
0,0,4,C/10,3,random,svr_rbf,6.677703829155283,12.134950060162009,"{""C"": 100.0, ""epsilon"": 0.2}",5.581716418670059,19;48;56;76,2;7;8;13;16;24;26;30;33;41;43;45;53;59;66;68;79;86;90
0,0,4,C/10,3,random,gp_rbf,4.8226713403083465,8.1739091673405,"{""alpha"": 1.0, ""length"": 3.0}",5.089173344462017,19;48;56;76,2;7;8;13;16;24;26;30;33;41;43;45;53;59;66;68;79;86;90
0,0,4,C/10,3,random,catboost,6.67702630071491,9.958066750743724,{},,19;48;56;76,2;7;8;13;16;24;26;30;33;41;43;45;53;59;66;68;79;86;90
0,0,4,C/10,3,random,xgboost,7.770602176063939,10.744357581332304,{},,19;48;56;76,2;7;8;13;16;24;26;30;33;41;43;45;53;59;66;68;79;86;90
0,0,4,C/10,3,random,extra_trees,6.93281394556949,10.03239249539246,{},,19;48;56;76,2;7;8;13;16;24;26;30;33;41;43;45;53;59;66;68;79;86;90
0,0,4,C/7,4,random,ridge_physics,1.214903580515008,1.8543995446019867,"{""alpha"": 0.1}",1.2273653745651243,19;48;56;76,2;7;8;13;16;24;26;30;33;41;43;45;53;59;66;68;79;86;90
0,0,4,C/7,4,random,ridge_source,1.311588488127056,2.1603778602857444,"{""alpha"": 0.1}",2.141220211982727,19;48;56;76,2;7;8;13;16;24;26;30;33;41;43;45;53;59;66;68;79;86;90
0,0,4,C/7,4,random,ridge_input,3.290031633879009,5.451719058019297,"{""alpha"": 0.1}",7.684674501419067,19;48;56;76,2;7;8;13;16;24;26;30;33;41;43;45;53;59;66;68;79;86;90
0,0,4,C/7,4,random,krr_rbf,4.112617492675781,7.1505465667067805,"{""alpha"": 0.1, ""gamma"": 0.05}",4.155048489570618,19;48;56;76,2;7;8;13;16;24;26;30;33;41;43;45;53;59;66;68;79;86;90
0,0,4,C/7,4,random,svr_rbf,6.7654035791541975,12.223840773969902,"{""C"": 100.0, ""epsilon"": 0.2}",5.5342150836404285,19;48;56;76,2;7;8;13;16;24;26;30;33;41;43;45;53;59;66;68;79;86;90
0,0,4,C/7,4,random,gp_rbf,4.912761661121422,8.33073834826254,"{""alpha"": 1.0, ""length"": 3.0}",5.0802628067870295,19;48;56;76,2;7;8;13;16;24;26;30;33;41;43;45;53;59;66;68;79;86;90
0,0,4,C/7,4,random,catboost,6.667989274833372,9.988507007754553,{},,19;48;56;76,2;7;8;13;16;24;26;30;33;41;43;45;53;59;66;68;79;86;90
0,0,4,C/7,4,random,xgboost,7.7804818404348275,10.773020114223105,{},,19;48;56;76,2;7;8;13;16;24;26;30;33;41;43;45;53;59;66;68;79;86;90
0,0,4,C/7,4,random,extra_trees,6.929856335489369,10.056330758578463,{},,19;48;56;76,2;7;8;13;16;24;26;30;33;41;43;45;53;59;66;68;79;86;90
0,0,4,C/5,5,random,ridge_physics,1.193668566252056,1.8616657724437768,"{""alpha"": 0.1}",1.315886378288269,19;48;56;76,2;7;8;13;16;24;26;30;33;41;43;45;53;59;66;68;79;86;90
0,0,4,C/5,5,random,ridge_source,1.4184172780890214,2.2508807990302624,"{""alpha"": 0.1}",2.1339954137802124,19;48;56;76,2;7;8;13;16;24;26;30;33;41;43;45;53;59;66;68;79;86;90
0,0,4,C/5,5,random,ridge_input,3.294423555072985,5.437693690790164,"{""alpha"": 0.1}",7.695117473602295,19;48;56;76,2;7;8;13;16;24;26;30;33;41;43;45;53;59;66;68;79;86;90
0,0,4,C/5,5,random,krr_rbf,4.248798571134868,7.341515554361687,"{""alpha"": 0.1, ""gamma"": 0.05}",4.13176703453064,19;48;56;76,2;7;8;13;16;24;26;30;33;41;43;45;53;59;66;68;79;86;90
0,0,4,C/5,5,random,svr_rbf,6.870680106930015,12.35339422086614,"{""C"": 100.0, ""epsilon"": 0.2}",5.501710550190301,19;48;56;76,2;7;8;13;16;24;26;30;33;41;43;45;53;59;66;68;79;86;90
0,0,4,C/5,5,random,gp_rbf,5.0554634941182375,8.542535940908817,"{""alpha"": 1.0, ""length"": 3.0}",5.058373996003338,19;48;56;76,2;7;8;13;16;24;26;30;33;41;43;45;53;59;66;68;79;86;90
0,0,4,C/5,5,random,catboost,6.716623767879675,10.083652234263958,{},,19;48;56;76,2;7;8;13;16;24;26;30;33;41;43;45;53;59;66;68;79;86;90
0,0,4,C/5,5,random,xgboost,7.826267041658101,10.863253994406806,{},,19;48;56;76,2;7;8;13;16;24;26;30;33;41;43;45;53;59;66;68;79;86;90
0,0,4,C/5,5,random,extra_trees,6.967926984084278,10.144152931813467,{},,19;48;56;76,2;7;8;13;16;24;26;30;33;41;43;45;53;59;66;68;79;86;90
0,0,4,C/80,0,source_cluster,ridge_physics,2.605948598761308,3.611382849915714,"{""alpha"": 10.0}",8.910651206970215,3;58;62;78,2;7;8;13;16;24;26;30;33;41;43;45;53;59;66;68;79;86;90
0,0,4,C/80,0,source_cluster,ridge_source,2.118151212993421,2.8283826034802506,"{""alpha"": 1.0}",6.765978574752808,3;58;62;78,2;7;8;13;16;24;26;30;33;41;43;45;53;59;66;68;79;86;90
0,0,4,C/80,0,source_cluster,ridge_input,4.715581793534128,6.334576393396994,"{""alpha"": 10.0}",13.384703397750854,3;58;62;78,2;7;8;13;16;24;26;30;33;41;43;45;53;59;66;68;79;86;90
0,0,4,C/80,0,source_cluster,krr_rbf,3.352484050549959,3.79727951696077,"{""alpha"": 0.1, ""gamma"": 0.05}",16.898671865463257,3;58;62;78,2;7;8;13;16;24;26;30;33;41;43;45;53;59;66;68;79;86;90
0,0,4,C/80,0,source_cluster,svr_rbf,3.9188506420994575,4.380851869084792,"{""C"": 100.0, ""epsilon"": 0.2}",19.09110054723541,3;58;62;78,2;7;8;13;16;24;26;30;33;41;43;45;53;59;66;68;79;86;90
0,0,4,C/80,0,source_cluster,gp_rbf,3.0194282841936686,3.544857996162224,"{""alpha"": 1.0, ""length"": 3.0}",18.34576094297887,3;58;62;78,2;7;8;13;16;24;26;30;33;41;43;45;53;59;66;68;79;86;90
0,0,4,C/80,0,source_cluster,catboost,4.146091037130986,6.131761801119706,{},,3;58;62;78,2;7;8;13;16;24;26;30;33;41;43;45;53;59;66;68;79;86;90
0,0,4,C/80,0,source_cluster,xgboost,7.4586133454975325,10.566171990676247,{},,3;58;62;78,2;7;8;13;16;24;26;30;33;41;43;45;53;59;66;68;79;86;90
0,0,4,C/80,0,source_cluster,extra_trees,6.651247054652161,7.214748637056497,{},,3;58;62;78,2;7;8;13;16;24;26;30;33;41;43;45;53;59;66;68;79;86;90
0,0,4,C/40,1,source_cluster,ridge_physics,2.244268718518709,3.1798178853713464,"{""alpha"": 10.0}",7.827388525009155,3;58;62;78,2;7;8;13;16;24;26;30;33;41;43;45;53;59;66;68;79;86;90
0,0,4,C/40,1,source_cluster,ridge_source,1.8013988294099506,2.4032052337828964,"{""alpha"": 1.0}",5.659432053565979,3;58;62;78,2;7;8;13;16;24;26;30;33;41;43;45;53;59;66;68;79;86;90
0,0,4,C/40,1,source_cluster,ridge_input,4.215438441226357,5.802064924482004,"{""alpha"": 10.0}",12.19957983493805,3;58;62;78,2;7;8;13;16;24;26;30;33;41;43;45;53;59;66;68;79;86;90
0,0,4,C/40,1,source_cluster,krr_rbf,2.708206578304893,3.028879223520213,"{""alpha"": 0.1, ""gamma"": 0.05}",17.20118737220764,3;58;62;78,2;7;8;13;16;24;26;30;33;41;43;45;53;59;66;68;79;86;90
0,0,4,C/40,1,source_cluster,svr_rbf,3.194585982318781,3.5487000937501283,"{""C"": 100.0, ""epsilon"": 0.2}",19.17758860123129,3;58;62;78,2;7;8;13;16;24;26;30;33;41;43;45;53;59;66;68;79;86;90
0,0,4,C/40,1,source_cluster,gp_rbf,2.2824093764731663,2.875191513470827,"{""alpha"": 1.0, ""length"": 3.0}",18.647532952447804,3;58;62;78,2;7;8;13;16;24;26;30;33;41;43;45;53;59;66;68;79;86;90
0,0,4,C/40,1,source_cluster,catboost,4.687811460488015,6.442853283902398,{},,3;58;62;78,2;7;8;13;16;24;26;30;33;41;43;45;53;59;66;68;79;86;90
0,0,4,C/40,1,source_cluster,xgboost,7.6550140380859375,10.407336718656838,{},,3;58;62;78,2;7;8;13;16;24;26;30;33;41;43;45;53;59;66;68;79;86;90
0,0,4,C/40,1,source_cluster,extra_trees,6.266804725245422,6.87199015824014,{},,3;58;62;78,2;7;8;13;16;24;26;30;33;41;43;45;53;59;66;68;79;86;90
0,0,4,0.05A,2,source_cluster,ridge_physics,2.7977841025904606,3.760002763167877,"{""alpha"": 10.0}",8.743193745613098,3;58;62;78,2;7;8;13;16;24;26;30;33;41;43;45;53;59;66;68;79;86;90
0,0,4,0.05A,2,source_cluster,ridge_source,2.3052480597245064,3.0182060654883736,"{""alpha"": 1.0}",6.553930997848511,3;58;62;78,2;7;8;13;16;24;26;30;33;41;43;45;53;59;66;68;79;86;90
0,0,4,0.05A,2,source_cluster,ridge_input,4.867326836836965,6.427605802012971,"{""alpha"": 10.0}",13.305824398994446,3;58;62;78,2;7;8;13;16;24;26;30;33;41;43;45;53;59;66;68;79;86;90
0,0,4,0.05A,2,source_cluster,krr_rbf,3.463328311317845,4.045340414909629,"{""alpha"": 0.1, ""gamma"": 0.05}",16.83398985862732,3;58;62;78,2;7;8;13;16;24;26;30;33;41;43;45;53;59;66;68;79;86;90
0,0,4,0.05A,2,source_cluster,svr_rbf,4.123875560601522,4.648256304599383,"{""C"": 100.0, ""epsilon"": 0.2}",19.08979423886857,3;58;62;78,2;7;8;13;16;24;26;30;33;41;43;45;53;59;66;68;79;86;90
0,0,4,0.05A,2,source_cluster,gp_rbf,3.2525616302476856,3.782964539901021,"{""alpha"": 1.0, ""length"": 3.0}",18.270541491319584,3;58;62;78,2;7;8;13;16;24;26;30;33;41;43;45;53;59;66;68;79;86;90
0,0,4,0.05A,2,source_cluster,catboost,3.8241744879145383,5.832012529069619,{},,3;58;62;78,2;7;8;13;16;24;26;30;33;41;43;45;53;59;66;68;79;86;90
0,0,4,0.05A,2,source_cluster,xgboost,7.3971312673468335,10.547644963975271,{},,3;58;62;78,2;7;8;13;16;24;26;30;33;41;43;45;53;59;66;68;79;86;90
0,0,4,0.05A,2,source_cluster,extra_trees,6.521245444448369,7.068725838181485,{},,3;58;62;78,2;7;8;13;16;24;26;30;33;41;43;45;53;59;66;68;79;86;90
0,0,4,C/10,3,source_cluster,ridge_physics,1.5132193314401727,2.0206199470138646,"{""alpha"": 1.0}",6.683928728103638,3;58;62;78,2;7;8;13;16;24;26;30;33;41;43;45;53;59;66;68;79;86;90
0,0,4,C/10,3,source_cluster,ridge_source,1.7085454840409129,1.9963019004181135,"{""alpha"": 0.1}",3.624812602996826,3;58;62;78,2;7;8;13;16;24;26;30;33;41;43;45;53;59;66;68;79;86;90
0,0,4,C/10,3,source_cluster,ridge_input,3.807513588353207,5.1970727017161344,"{""alpha"": 10.0}",9.462504148483276,3;58;62;78,2;7;8;13;16;24;26;30;33;41;43;45;53;59;66;68;79;86;90
0,0,4,C/10,3,source_cluster,krr_rbf,2.2771473934775903,2.631579556592492,"{""alpha"": 0.1, ""gamma"": 0.05}",18.58786153793335,3;58;62;78,2;7;8;13;16;24;26;30;33;41;43;45;53;59;66;68;79;86;90
0,0,4,C/10,3,source_cluster,svr_rbf,2.647137524291908,3.0452603624875376,"{""C"": 100.0, ""epsilon"": 0.2}",20.365038311664733,3;58;62;78,2;7;8;13;16;24;26;30;33;41;43;45;53;59;66;68;79;86;90
0,0,4,C/10,3,source_cluster,gp_rbf,1.9921328247201369,2.596800310569125,"{""alpha"": 1.0, ""length"": 3.0}",20.094854618583,3;58;62;78,2;7;8;13;16;24;26;30;33;41;43;45;53;59;66;68;79;86;90
0,0,4,C/10,3,source_cluster,catboost,4.977259645276429,6.790857290383686,{},,3;58;62;78,2;7;8;13;16;24;26;30;33;41;43;45;53;59;66;68;79;86;90
0,0,4,C/10,3,source_cluster,xgboost,8.20993363229852,10.509963770740622,{},,3;58;62;78,2;7;8;13;16;24;26;30;33;41;43;45;53;59;66;68;79;86;90
0,0,4,C/10,3,source_cluster,extra_trees,6.184398987418729,7.103213743788644,{},,3;58;62;78,2;7;8;13;16;24;26;30;33;41;43;45;53;59;66;68;79;86;90
0,0,4,C/7,4,source_cluster,ridge_physics,1.4693756103515625,1.974832807537028,"{""alpha"": 1.0}",5.932600021362305,3;58;62;78,2;7;8;13;16;24;26;30;33;41;43;45;53;59;66;68;79;86;90
0,0,4,C/7,4,source_cluster,ridge_source,1.919108742161801,2.132087648627434,"{""alpha"": 0.1}",3.366888999938965,3;58;62;78,2;7;8;13;16;24;26;30;33;41;43;45;53;59;66;68;79;86;90
0,0,4,C/7,4,source_cluster,ridge_input,3.74861626876028,5.091312714431733,"{""alpha"": 10.0}",9.450830936431885,3;58;62;78,2;7;8;13;16;24;26;30;33;41;43;45;53;59;66;68;79;86;90
0,0,4,C/7,4,source_cluster,krr_rbf,2.2338104248046875,2.614014407396441,"{""alpha"": 0.1, ""gamma"": 0.05}",18.98792922496796,3;58;62;78,2;7;8;13;16;24;26;30;33;41;43;45;53;59;66;68;79;86;90
0,0,4,C/7,4,source_cluster,svr_rbf,2.5954025223207298,3.001096965055184,"{""C"": 100.0, ""epsilon"": 0.2}",20.72309416445141,3;58;62;78,2;7;8;13;16;24;26;30;33;41;43;45;53;59;66;68;79;86;90
0,0,4,C/7,4,source_cluster,gp_rbf,2.0296772441936834,2.615222938188047,"{""alpha"": 1.0, ""length"": 3.0}",20.509666186473368,3;58;62;78,2;7;8;13;16;24;26;30;33;41;43;45;53;59;66;68;79;86;90
0,0,4,C/7,4,source_cluster,catboost,5.02470204168593,6.8444014087397,{},,3;58;62;78,2;7;8;13;16;24;26;30;33;41;43;45;53;59;66;68;79;86;90
0,0,4,C/7,4,source_cluster,xgboost,8.383521632144326,10.5733949966278,{},,3;58;62;78,2;7;8;13;16;24;26;30;33;41;43;45;53;59;66;68;79;86;90
0,0,4,C/7,4,source_cluster,extra_trees,6.226468368580467,7.193347558140992,{},,3;58;62;78,2;7;8;13;16;24;26;30;33;41;43;45;53;59;66;68;79;86;90
0,0,4,C/5,5,source_cluster,ridge_physics,1.4180209511204769,1.9447651125291656,"{""alpha"": 1.0}",5.439178943634033,3;58;62;78,2;7;8;13;16;24;26;30;33;41;43;45;53;59;66;68;79;86;90
0,0,4,C/5,5,source_cluster,ridge_source,2.112481769762541,2.288920803141904,"{""alpha"": 0.1}",3.610837459564209,3;58;62;78,2;7;8;13;16;24;26;30;33;41;43;45;53;59;66;68;79;86;90
0,0,4,C/5,5,source_cluster,ridge_input,3.7257722553453942,5.0199522369935865,"{""alpha"": 10.0}",9.673231840133669,3;58;62;78,2;7;8;13;16;24;26;30;33;41;43;45;53;59;66;68;79;86;90
0,0,4,C/5,5,source_cluster,krr_rbf,2.200093319541529,2.598216786766657,"{""alpha"": 0.1, ""gamma"": 0.05}",19.43504786491394,3;58;62;78,2;7;8;13;16;24;26;30;33;41;43;45;53;59;66;68;79;86;90
0,0,4,C/5,5,source_cluster,svr_rbf,2.550556677154938,2.962064601292952,"{""C"": 100.0, ""epsilon"": 0.2}",21.139505519380947,3;58;62;78,2;7;8;13;16;24;26;30;33;41;43;45;53;59;66;68;79;86;90
0,0,4,C/5,5,source_cluster,gp_rbf,2.07581927361607,2.636612820987394,"{""alpha"": 1.0, ""length"": 3.0}",20.9773219638654,3;58;62;78,2;7;8;13;16;24;26;30;33;41;43;45;53;59;66;68;79;86;90
0,0,4,C/5,5,source_cluster,catboost,5.076673043254604,6.902370341675614,{},,3;58;62;78,2;7;8;13;16;24;26;30;33;41;43;45;53;59;66;68;79;86;90
0,0,4,C/5,5,source_cluster,xgboost,8.581132989180716,10.683461336857302,{},,3;58;62;78,2;7;8;13;16;24;26;30;33;41;43;45;53;59;66;68;79;86;90
0,0,4,C/5,5,source_cluster,extra_trees,6.284928619234182,7.29187627373688,{},,3;58;62;78,2;7;8;13;16;24;26;30;33;41;43;45;53;59;66;68;79;86;90
0,0,4,C/80,0,physical_cluster,ridge_physics,2.870624341462788,4.0611142213054725,"{""alpha"": 10.0}",6.395421862602234,0;21;56;62,2;7;8;13;16;24;26;30;33;41;43;45;53;59;66;68;79;86;90
0,0,4,C/80,0,physical_cluster,ridge_source,2.171952097039474,3.0495696614673653,"{""alpha"": 0.1}",3.621410012245178,0;21;56;62,2;7;8;13;16;24;26;30;33;41;43;45;53;59;66;68;79;86;90
0,0,4,C/80,0,physical_cluster,ridge_input,5.438668903551604,6.927382110948375,"{""alpha"": 10.0}",11.276198983192444,0;21;56;62,2;7;8;13;16;24;26;30;33;41;43;45;53;59;66;68;79;86;90
0,0,4,C/80,0,physical_cluster,krr_rbf,3.485797279759457,4.1700419282596615,"{""alpha"": 0.1, ""gamma"": 0.05}",15.30313029885292,0;21;56;62,2;7;8;13;16;24;26;30;33;41;43;45;53;59;66;68;79;86;90
0,0,4,C/80,0,physical_cluster,svr_rbf,3.2848253202295394,4.0546328269819565,"{""C"": 100.0, ""epsilon"": 0.2}",17.127243287553377,0;21;56;62,2;7;8;13;16;24;26;30;33;41;43;45;53;59;66;68;79;86;90
0,0,4,C/80,0,physical_cluster,gp_rbf,3.762663825617192,4.3964956082618,"{""alpha"": 1.0, ""length"": 3.0}",16.749864481216253,0;21;56;62,2;7;8;13;16;24;26;30;33;41;43;45;53;59;66;68;79;86;90
0,0,4,C/80,0,physical_cluster,catboost,3.866575485418976,5.869214623600984,{},,0;21;56;62,2;7;8;13;16;24;26;30;33;41;43;45;53;59;66;68;79;86;90
0,0,4,C/80,0,physical_cluster,xgboost,7.380482723838405,10.606278744576572,{},,0;21;56;62,2;7;8;13;16;24;26;30;33;41;43;45;53;59;66;68;79;86;90
0,0,4,C/80,0,physical_cluster,extra_trees,6.538668712816741,7.350084643389856,{},,0;21;56;62,2;7;8;13;16;24;26;30;33;41;43;45;53;59;66;68;79;86;90
0,0,4,C/40,1,physical_cluster,ridge_physics,1.5708690442537006,2.678557808176579,"{""alpha"": 1.0}",6.297544836997986,0;21;56;62,2;7;8;13;16;24;26;30;33;41;43;45;53;59;66;68;79;86;90
0,0,4,C/40,1,physical_cluster,ridge_source,1.3519913522820723,2.293551714446592,"{""alpha"": 0.1}",3.500354766845703,0;21;56;62,2;7;8;13;16;24;26;30;33;41;43;45;53;59;66;68;79;86;90
0,0,4,C/40,1,physical_cluster,ridge_input,4.891814382452714,6.500599076235981,"{""alpha"": 10.0}",10.879201173782349,0;21;56;62,2;7;8;13;16;24;26;30;33;41;43;45;53;59;66;68;79;86;90
0,0,4,C/40,1,physical_cluster,krr_rbf,3.017296640496505,3.654310153279517,"{""alpha"": 0.1, ""gamma"": 0.05}",15.917609810829164,0;21;56;62,2;7;8;13;16;24;26;30;33;41;43;45;53;59;66;68;79;86;90
0,0,4,C/40,1,physical_cluster,svr_rbf,2.851830840152021,3.5442987697089308,"{""C"": 100.0, ""epsilon"": 0.2}",17.658513489295373,0;21;56;62,2;7;8;13;16;24;26;30;33;41;43;45;53;59;66;68;79;86;90
0,0,4,C/40,1,physical_cluster,gp_rbf,3.4044210191028643,3.913379636744901,"{""alpha"": 1.0, ""length"": 3.0}",17.392072495452688,0;21;56;62,2;7;8;13;16;24;26;30;33;41;43;45;53;59;66;68;79;86;90
0,0,4,C/40,1,physical_cluster,catboost,4.229580369159929,6.033618595721119,{},,0;21;56;62,2;7;8;13;16;24;26;30;33;41;43;45;53;59;66;68;79;86;90
0,0,4,C/40,1,physical_cluster,xgboost,7.502960205078125,10.414047901419751,{},,0;21;56;62,2;7;8;13;16;24;26;30;33;41;43;45;53;59;66;68;79;86;90
0,0,4,C/40,1,physical_cluster,extra_trees,6.30430747082359,6.963921658327656,{},,0;21;56;62,2;7;8;13;16;24;26;30;33;41;43;45;53;59;66;68;79;86;90
0,0,4,0.05A,2,physical_cluster,ridge_physics,2.998457256116365,4.133380292108186,"{""alpha"": 10.0}",6.363603591918945,0;21;56;62,2;7;8;13;16;24;26;30;33;41;43;45;53;59;66;68;79;86;90
0,0,4,0.05A,2,physical_cluster,ridge_source,2.2610586065995064,3.1444803006134383,"{""alpha"": 0.1}",3.861171007156372,0;21;56;62,2;7;8;13;16;24;26;30;33;41;43;45;53;59;66;68;79;86;90
0,0,4,0.05A,2,physical_cluster,ridge_input,5.339767857601768,6.846475625601794,"{""alpha"": 10.0}",10.904663920402529,0;21;56;62,2;7;8;13;16;24;26;30;33;41;43;45;53;59;66;68;79;86;90
0,0,4,0.05A,2,physical_cluster,krr_rbf,3.595815558182566,4.230165978316597,"{""alpha"": 0.1, ""gamma"": 0.05}",15.183886170387268,0;21;56;62,2;7;8;13;16;24;26;30;33;41;43;45;53;59;66;68;79;86;90
0,0,4,0.05A,2,physical_cluster,svr_rbf,3.385811726007945,4.14496578117769,"{""C"": 100.0, ""epsilon"": 0.2}",17.026867945981436,0;21;56;62,2;7;8;13;16;24;26;30;33;41;43;45;53;59;66;68;79;86;90
0,0,4,0.05A,2,physical_cluster,gp_rbf,3.8723109992287625,4.444948430988197,"{""alpha"": 1.0, ""length"": 3.0}",16.609144774283493,0;21;56;62,2;7;8;13;16;24;26;30;33;41;43;45;53;59;66;68;79;86;90
0,0,4,0.05A,2,physical_cluster,catboost,3.788642876334253,5.807360174376359,{},,0;21;56;62,2;7;8;13;16;24;26;30;33;41;43;45;53;59;66;68;79;86;90
0,0,4,0.05A,2,physical_cluster,xgboost,7.365240799753289,10.563821115434228,{},,0;21;56;62,2;7;8;13;16;24;26;30;33;41;43;45;53;59;66;68;79;86;90
0,0,4,0.05A,2,physical_cluster,extra_trees,6.274268526779975,7.088947839431024,{},,0;21;56;62,2;7;8;13;16;24;26;30;33;41;43;45;53;59;66;68;79;86;90
0,0,4,C/10,3,physical_cluster,ridge_physics,1.1315460205078125,2.1885968483290097,"{""alpha"": 1.0}",4.144637107849121,0;21;56;62,2;7;8;13;16;24;26;30;33;41;43;45;53;59;66;68;79;86;90
0,0,4,C/10,3,physical_cluster,ridge_source,1.1884279753032485,1.7177039926215152,"{""alpha"": 0.1}",3.4127447605133057,0;21;56;62,2;7;8;13;16;24;26;30;33;41;43;45;53;59;66;68;79;86;90
0,0,4,C/10,3,physical_cluster,ridge_input,4.374929327713816,5.945584721715624,"{""alpha"": 10.0}",9.999375581741331,0;21;56;62,2;7;8;13;16;24;26;30;33;41;43;45;53;59;66;68;79;86;90
0,0,4,C/10,3,physical_cluster,krr_rbf,2.701711554276316,3.319135926214437,"{""alpha"": 0.1, ""gamma"": 0.05}",17.758513510227203,0;21;56;62,2;7;8;13;16;24;26;30;33;41;43;45;53;59;66;68;79;86;90
0,0,4,C/10,3,physical_cluster,svr_rbf,2.68264208073549,3.1888185874221104,"{""C"": 100.0, ""epsilon"": 0.2}",19.365997197542555,0;21;56;62,2;7;8;13;16;24;26;30;33;41;43;45;53;59;66;68;79;86;90
0,0,4,C/10,3,physical_cluster,gp_rbf,3.1105505176609376,3.618397242187832,"{""alpha"": 1.0, ""length"": 3.0}",19.285567397629425,0;21;56;62,2;7;8;13;16;24;26;30;33;41;43;45;53;59;66;68;79;86;90
0,0,4,C/10,3,physical_cluster,catboost,4.640877749518856,6.43089778418349,{},,0;21;56;62,2;7;8;13;16;24;26;30;33;41;43;45;53;59;66;68;79;86;90
0,0,4,C/10,3,physical_cluster,xgboost,7.974912944592927,10.446646258631798,{},,0;21;56;62,2;7;8;13;16;24;26;30;33;41;43;45;53;59;66;68;79;86;90
0,0,4,C/10,3,physical_cluster,extra_trees,6.329936067681562,6.930146652651708,{},,0;21;56;62,2;7;8;13;16;24;26;30;33;41;43;45;53;59;66;68;79;86;90
0,0,4,C/7,4,physical_cluster,ridge_physics,1.0604653609426398,2.1187666338501354,"{""alpha"": 1.0}",3.8914523124694815,0;21;56;62,2;7;8;13;16;24;26;30;33;41;43;45;53;59;66;68;79;86;90
0,0,4,C/7,4,physical_cluster,ridge_source,1.4332371761924343,1.7789150576933714,"{""alpha"": 0.1}",3.9484362602233887,0;21;56;62,2;7;8;13;16;24;26;30;33;41;43;45;53;59;66;68;79;86;90
0,0,4,C/7,4,physical_cluster,ridge_input,4.283978512412624,5.8279923504721225,"{""alpha"": 10.0}",10.179969429969788,0;21;56;62,2;7;8;13;16;24;26;30;33;41;43;45;53;59;66;68;79;86;90
0,0,4,C/7,4,physical_cluster,krr_rbf,2.697763543379934,3.2887770650446817,"{""alpha"": 0.1, ""gamma"": 0.05}",18.2526193857193,0;21;56;62,2;7;8;13;16;24;26;30;33;41;43;45;53;59;66;68;79;86;90
0,0,4,C/7,4,physical_cluster,svr_rbf,2.6649891798864256,3.154096092123311,"{""C"": 100.0, ""epsilon"": 0.2}",19.79197666187421,0;21;56;62,2;7;8;13;16;24;26;30;33;41;43;45;53;59;66;68;79;86;90
0,0,4,C/7,4,physical_cluster,gp_rbf,3.0888999690859285,3.600732081255774,"{""alpha"": 1.0, ""length"": 3.0}",19.823027402946803,0;21;56;62,2;7;8;13;16;24;26;30;33;41;43;45;53;59;66;68;79;86;90
0,0,4,C/7,4,physical_cluster,catboost,4.727970721805144,6.508773474927428,{},,0;21;56;62,2;7;8;13;16;24;26;30;33;41;43;45;53;59;66;68;79;86;90
0,0,4,C/7,4,physical_cluster,xgboost,8.145794115568462,10.501534240147183,{},,0;21;56;62,2;7;8;13;16;24;26;30;33;41;43;45;53;59;66;68;79;86;90
0,0,4,C/7,4,physical_cluster,extra_trees,6.324099081440977,6.963206317172257,{},,0;21;56;62,2;7;8;13;16;24;26;30;33;41;43;45;53;59;66;68;79;86;90
0,0,4,C/5,5,physical_cluster,ridge_physics,1.0676598799856083,2.0558904094095425,"{""alpha"": 1.0}",3.8682379722595215,0;21;56;62,2;7;8;13;16;24;26;30;33;41;43;45;53;59;66;68;79;86;90
0,0,4,C/5,5,physical_cluster,ridge_source,1.6868390535053457,1.9191747002389,"{""alpha"": 0.1}",4.4957475662231445,0;21;56;62,2;7;8;13;16;24;26;30;33;41;43;45;53;59;66;68;79;86;90
0,0,4,C/5,5,physical_cluster,ridge_input,4.2057655736019735,5.726111572853932,"{""alpha"": 10.0}",10.32821249961853,0;21;56;62,2;7;8;13;16;24;26;30;33;41;43;45;53;59;66;68;79;86;90
0,0,4,C/5,5,physical_cluster,krr_rbf,2.725438168174342,3.2705359716518387,"{""alpha"": 0.1, ""gamma"": 0.05}",18.75077199935913,0;21;56;62,2;7;8;13;16;24;26;30;33;41;43;45;53;59;66;68;79;86;90
0,0,4,C/5,5,physical_cluster,svr_rbf,2.675187079314463,3.1483150109049856,"{""C"": 100.0, ""epsilon"": 0.2}",20.228642175879862,0;21;56;62,2;7;8;13;16;24;26;30;33;41;43;45;53;59;66;68;79;86;90
0,0,4,C/5,5,physical_cluster,gp_rbf,3.068613167954605,3.5864063145158545,"{""alpha"": 1.0, ""length"": 3.0}",20.37641852943021,0;21;56;62,2;7;8;13;16;24;26;30;33;41;43;45;53;59;66;68;79;86;90
0,0,4,C/5,5,physical_cluster,catboost,4.846549803425488,6.6197369133549016,{},,0;21;56;62,2;7;8;13;16;24;26;30;33;41;43;45;53;59;66;68;79;86;90
0,0,4,C/5,5,physical_cluster,xgboost,8.381456475508841,10.61285978078151,{},,0;21;56;62,2;7;8;13;16;24;26;30;33;41;43;45;53;59;66;68;79;86;90
0,0,4,C/5,5,physical_cluster,extra_trees,6.314402286629926,7.016992348060335,{},,0;21;56;62,2;7;8;13;16;24;26;30;33;41;43;45;53;59;66;68;79;86;90
0,0,4,C/80,0,input_cluster,ridge_physics,2.827536331979852,3.682530961809453,"{""alpha"": 1.0}",4.655450105667114,5;19;62;84,2;7;8;13;16;24;26;30;33;41;43;45;53;59;66;68;79;86;90
0,0,4,C/80,0,input_cluster,ridge_source,2.447702508223684,3.135218576642255,"{""alpha"": 0.1}",3.888130843639374,5;19;62;84,2;7;8;13;16;24;26;30;33;41;43;45;53;59;66;68;79;86;90
0,0,4,C/80,0,input_cluster,ridge_input,5.64697988409745,7.75140429490902,"{""alpha"": 10.0}",7.433860421180725,5;19;62;84,2;7;8;13;16;24;26;30;33;41;43;45;53;59;66;68;79;86;90
0,0,4,C/80,0,input_cluster,krr_rbf,3.178537067614104,5.097723014525621,"{""alpha"": 0.1, ""gamma"": 0.05}",14.2455974817276,5;19;62;84,2;7;8;13;16;24;26;30;33;41;43;45;53;59;66;68;79;86;90
0,0,4,C/80,0,input_cluster,svr_rbf,4.890890014280027,9.182995239541844,"{""C"": 100.0, ""epsilon"": 0.2}",9.83217758744701,5;19;62;84,2;7;8;13;16;24;26;30;33;41;43;45;53;59;66;68;79;86;90
0,0,4,C/80,0,input_cluster,gp_rbf,3.6960690011985977,5.654777740698411,"{""alpha"": 1.0, ""length"": 3.0}",14.84621726695818,5;19;62;84,2;7;8;13;16;24;26;30;33;41;43;45;53;59;66;68;79;86;90
0,0,4,C/80,0,input_cluster,catboost,7.446721940480327,9.771990595600968,{},,5;19;62;84,2;7;8;13;16;24;26;30;33;41;43;45;53;59;66;68;79;86;90
0,0,4,C/80,0,input_cluster,xgboost,9.681386044150903,11.682185805678126,{},,5;19;62;84,2;7;8;13;16;24;26;30;33;41;43;45;53;59;66;68;79;86;90
0,0,4,C/80,0,input_cluster,extra_trees,5.287680861824437,7.517523257505177,{},,5;19;62;84,2;7;8;13;16;24;26;30;33;41;43;45;53;59;66;68;79;86;90
0,0,4,C/40,1,input_cluster,ridge_physics,2.550539518657484,3.3123272687391774,"{""alpha"": 1.0}",2.9888229370117188,5;19;62;84,2;7;8;13;16;24;26;30;33;41;43;45;53;59;66;68;79;86;90
0,0,4,C/40,1,input_cluster,ridge_source,1.9329360158819904,2.498502729017336,"{""alpha"": 0.1}",2.20454216003418,5;19;62;84,2;7;8;13;16;24;26;30;33;41;43;45;53;59;66;68;79;86;90
0,0,4,C/40,1,input_cluster,ridge_input,5.41624611302426,7.460951965686705,"{""alpha"": 10.0}",7.793639183044434,5;19;62;84,2;7;8;13;16;24;26;30;33;41;43;45;53;59;66;68;79;86;90
0,0,4,C/40,1,input_cluster,krr_rbf,2.958128678171258,4.826227486649494,"{""alpha"": 0.1, ""gamma"": 0.05}",14.284461617469788,5;19;62;84,2;7;8;13;16;24;26;30;33;41;43;45;53;59;66;68;79;86;90
0,0,4,C/40,1,input_cluster,svr_rbf,4.483878763524916,8.959801987076487,"{""C"": 100.0, ""epsilon"": 0.2}",9.696329967922026,5;19;62;84,2;7;8;13;16;24;26;30;33;41;43;45;53;59;66;68;79;86;90
0,0,4,C/40,1,input_cluster,gp_rbf,3.5115101977641703,5.378699291641054,"{""alpha"": 1.0, ""length"": 3.0}",14.962061892837966,5;19;62;84,2;7;8;13;16;24;26;30;33;41;43;45;53;59;66;68;79;86;90
0,0,4,C/40,1,input_cluster,catboost,7.651781726601587,9.875920255059537,{},,5;19;62;84,2;7;8;13;16;24;26;30;33;41;43;45;53;59;66;68;79;86;90
0,0,4,C/40,1,input_cluster,xgboost,9.814474808542352,11.771946978554922,{},,5;19;62;84,2;7;8;13;16;24;26;30;33;41;43;45;53;59;66;68;79;86;90
0,0,4,C/40,1,input_cluster,extra_trees,5.469532268925716,7.569117384821816,{},,5;19;62;84,2;7;8;13;16;24;26;30;33;41;43;45;53;59;66;68;79;86;90
0,0,4,0.05A,2,input_cluster,ridge_physics,2.844606901469984,3.7215424575779887,"{""alpha"": 1.0}",4.819938838481903,5;19;62;84,2;7;8;13;16;24;26;30;33;41;43;45;53;59;66;68;79;86;90
0,0,4,0.05A,2,input_cluster,ridge_source,2.498925058465255,3.207693304606903,"{""alpha"": 0.1}",4.052850842475891,5;19;62;84,2;7;8;13;16;24;26;30;33;41;43;45;53;59;66;68;79;86;90
0,0,4,0.05A,2,input_cluster,ridge_input,5.587929173519737,7.607316847739324,"{""alpha"": 10.0}",7.415431261062622,5;19;62;84,2;7;8;13;16;24;26;30;33;41;43;45;53;59;66;68;79;86;90
0,0,4,0.05A,2,input_cluster,krr_rbf,3.3262457596628288,5.0269244042636485,"{""alpha"": 0.1, ""gamma"": 0.05}",14.28200137615204,5;19;62;84,2;7;8;13;16;24;26;30;33;41;43;45;53;59;66;68;79;86;90
0,0,4,0.05A,2,input_cluster,svr_rbf,4.910304683715792,9.022049242989338,"{""C"": 100.0, ""epsilon"": 0.2}",9.949844220685591,5;19;62;84,2;7;8;13;16;24;26;30;33;41;43;45;53;59;66;68;79;86;90
0,0,4,0.05A,2,input_cluster,gp_rbf,3.8167707803647497,5.6138483184208505,"{""alpha"": 1.0, ""length"": 3.0}",14.86016645823456,5;19;62;84,2;7;8;13;16;24;26;30;33;41;43;45;53;59;66;68;79;86;90
0,0,4,0.05A,2,input_cluster,catboost,7.365166388682586,9.570948316605984,{},,5;19;62;84,2;7;8;13;16;24;26;30;33;41;43;45;53;59;66;68;79;86;90
0,0,4,0.05A,2,input_cluster,xgboost,9.648487291837991,11.516970203936484,{},,5;19;62;84,2;7;8;13;16;24;26;30;33;41;43;45;53;59;66;68;79;86;90
0,0,4,0.05A,2,input_cluster,extra_trees,5.087883685764513,7.233663502194916,{},,5;19;62;84,2;7;8;13;16;24;26;30;33;41;43;45;53;59;66;68;79;86;90
0,0,4,C/10,3,input_cluster,ridge_physics,1.577720240542763,2.290370452398048,"{""alpha"": 0.1}",1.096186876296997,5;19;62;84,2;7;8;13;16;24;26;30;33;41;43;45;53;59;66;68;79;86;90
0,0,4,C/10,3,input_cluster,ridge_source,1.342045834189967,1.7787819819082318,"{""alpha"": 0.1}",1.4001811742782593,5;19;62;84,2;7;8;13;16;24;26;30;33;41;43;45;53;59;66;68;79;86;90
0,0,4,C/10,3,input_cluster,ridge_input,3.549646076403166,5.132039144722264,"{""alpha"": 1.0}",6.09637463092804,5;19;62;84,2;7;8;13;16;24;26;30;33;41;43;45;53;59;66;68;79;86;90
0,0,4,C/10,3,input_cluster,krr_rbf,2.907463475277549,4.628108328317718,"{""alpha"": 0.1, ""gamma"": 0.05}",15.66446828842163,5;19;62;84,2;7;8;13;16;24;26;30;33;41;43;45;53;59;66;68;79;86;90
0,0,4,C/10,3,input_cluster,svr_rbf,4.637947321536196,9.282770016582582,"{""C"": 100.0, ""epsilon"": 0.2}",10.498641129922971,5;19;62;84,2;7;8;13;16;24;26;30;33;41;43;45;53;59;66;68;79;86;90
0,0,4,C/10,3,input_cluster,gp_rbf,3.480952299335992,5.148259374040934,"{""alpha"": 1.0, ""length"": 3.0}",16.475154265947513,5;19;62;84,2;7;8;13;16;24;26;30;33;41;43;45;53;59;66;68;79;86;90
0,0,4,C/10,3,input_cluster,catboost,8.36192810805929,10.5285072190741,{},,5;19;62;84,2;7;8;13;16;24;26;30;33;41;43;45;53;59;66;68;79;86;90
0,0,4,C/10,3,input_cluster,xgboost,10.406409012643914,12.353540760233292,{},,5;19;62;84,2;7;8;13;16;24;26;30;33;41;43;45;53;59;66;68;79;86;90
0,0,4,C/10,3,input_cluster,extra_trees,6.349529000332482,8.354185980530724,{},,5;19;62;84,2;7;8;13;16;24;26;30;33;41;43;45;53;59;66;68;79;86;90
0,0,4,C/7,4,input_cluster,ridge_physics,1.6401423404091282,2.309776025977121,"{""alpha"": 0.1}",0.5358942747116089,5;19;62;84,2;7;8;13;16;24;26;30;33;41;43;45;53;59;66;68;79;86;90
0,0,4,C/7,4,input_cluster,ridge_source,1.4401771143863076,1.7816234323607285,"{""alpha"": 0.1}",1.910770297050476,5;19;62;84,2;7;8;13;16;24;26;30;33;41;43;45;53;59;66;68;79;86;90
0,0,4,C/7,4,input_cluster,ridge_input,3.513490777266653,5.079462674475606,"{""alpha"": 1.0}",5.551270484924316,5;19;62;84,2;7;8;13;16;24;26;30;33;41;43;45;53;59;66;68;79;86;90
0,0,4,C/7,4,input_cluster,krr_rbf,2.916004783228824,4.558918539353801,"{""alpha"": 0.1, ""gamma"": 0.05}",16.16491711139679,5;19;62;84,2;7;8;13;16;24;26;30;33;41;43;45;53;59;66;68;79;86;90
0,0,4,C/7,4,input_cluster,svr_rbf,4.742957125158168,9.396478303002004,"{""C"": 100.0, ""epsilon"": 0.2}",10.777841430361446,5;19;62;84,2;7;8;13;16;24;26;30;33;41;43;45;53;59;66;68;79;86;90
0,0,4,C/7,4,input_cluster,gp_rbf,3.485823912421966,5.077225437665689,"{""alpha"": 1.0, ""length"": 3.0}",17.00895342038744,5;19;62;84,2;7;8;13;16;24;26;30;33;41;43;45;53;59;66;68;79;86;90
0,0,4,C/7,4,input_cluster,catboost,8.52584830077711,10.696588663972696,{},,5;19;62;84,2;7;8;13;16;24;26;30;33;41;43;45;53;59;66;68;79;86;90
0,0,4,C/7,4,input_cluster,xgboost,10.59047458046361,12.52616939010352,{},,5;19;62;84,2;7;8;13;16;24;26;30;33;41;43;45;53;59;66;68;79;86;90
0,0,4,C/7,4,input_cluster,extra_trees,6.581606509810999,8.567724064681032,{},,5;19;62;84,2;7;8;13;16;24;26;30;33;41;43;45;53;59;66;68;79;86;90
0,0,4,C/5,5,input_cluster,ridge_physics,1.728295978746916,2.338916020707603,"{""alpha"": 0.1}",0.7454648017883301,5;19;62;84,2;7;8;13;16;24;26;30;33;41;43;45;53;59;66;68;79;86;90
0,0,4,C/5,5,input_cluster,ridge_source,1.5294578953793174,1.8547435510716836,"{""alpha"": 0.1}",2.3972325325012207,5;19;62;84,2;7;8;13;16;24;26;30;33;41;43;45;53;59;66;68;79;86;90
0,0,4,C/5,5,input_cluster,ridge_input,3.507794028834293,5.039905489833232,"{""alpha"": 1.0}",5.109941244125366,5;19;62;84,2;7;8;13;16;24;26;30;33;41;43;45;53;59;66;68;79;86;90
0,0,4,C/5,5,input_cluster,krr_rbf,2.944567228618421,4.502673456128771,"{""alpha"": 0.1, ""gamma"": 0.05}",16.719786167144775,5;19;62;84,2;7;8;13;16;24;26;30;33;41;43;45;53;59;66;68;79;86;90
0,0,4,C/5,5,input_cluster,svr_rbf,4.884185842618248,9.530269692699427,"{""C"": 100.0, ""epsilon"": 0.2}",11.103364919773872,5;19;62;84,2;7;8;13;16;24;26;30;33;41;43;45;53;59;66;68;79;86;90
0,0,4,C/5,5,input_cluster,gp_rbf,3.514203531258828,5.027453093025992,"{""alpha"": 1.0, ""length"": 3.0}",17.59613206468029,5;19;62;84,2;7;8;13;16;24;26;30;33;41;43;45;53;59;66;68;79;86;90
0,0,4,C/5,5,input_cluster,catboost,8.675397050861914,10.854654322214325,{},,5;19;62;84,2;7;8;13;16;24;26;30;33;41;43;45;53;59;66;68;79;86;90
0,0,4,C/5,5,input_cluster,xgboost,10.806456716437088,12.731360430255776,{},,5;19;62;84,2;7;8;13;16;24;26;30;33;41;43;45;53;59;66;68;79;86;90
0,0,4,C/5,5,input_cluster,extra_trees,6.802194333076479,8.774883976403967,{},,5;19;62;84,2;7;8;13;16;24;26;30;33;41;43;45;53;59;66;68;79;86;90
0,1,4,C/80,0,random,ridge_physics,2.208358764648437,3.2579331734798878,"{""alpha"": 1.0}",2.325599730014801,19;29;47;56,2;7;8;13;16;24;26;30;33;41;43;45;53;59;66;68;79;86;90
0,1,4,C/80,0,random,ridge_source,1.9751554790296053,2.8003401673233626,"{""alpha"": 0.1}",1.5656248331069946,19;29;47;56,2;7;8;13;16;24;26;30;33;41;43;45;53;59;66;68;79;86;90
0,1,4,C/80,0,random,ridge_input,3.756274574681332,6.399717910564042,"{""alpha"": 0.1}",4.484992384910584,19;29;47;56,2;7;8;13;16;24;26;30;33;41;43;45;53;59;66;68;79;86;90
0,1,4,C/80,0,random,krr_rbf,2.2374604877672697,3.1463163706757333,"{""alpha"": 0.1, ""gamma"": 0.05}",7.500490784645081,19;29;47;56,2;7;8;13;16;24;26;30;33;41;43;45;53;59;66;68;79;86;90
0,1,4,C/80,0,random,svr_rbf,7.245338299705605,10.339785448562294,"{""C"": 1.0, ""epsilon"": 0.2}",11.250697747541802,19;29;47;56,2;7;8;13;16;24;26;30;33;41;43;45;53;59;66;68;79;86;90
0,1,4,C/80,0,random,gp_rbf,2.7284730328698887,3.893605534686562,"{""alpha"": 1.0, ""length"": 3.0}",8.187065894448292,19;29;47;56,2;7;8;13;16;24;26;30;33;41;43;45;53;59;66;68;79;86;90
0,1,4,C/80,0,random,catboost,5.247823720084753,7.387916785632089,{},,19;29;47;56,2;7;8;13;16;24;26;30;33;41;43;45;53;59;66;68;79;86;90
0,1,4,C/80,0,random,xgboost,7.182342127749794,9.863054054294984,{},,19;29;47;56,2;7;8;13;16;24;26;30;33;41;43;45;53;59;66;68;79;86;90
0,1,4,C/80,0,random,extra_trees,6.666988071642424,9.930176730472596,{},,19;29;47;56,2;7;8;13;16;24;26;30;33;41;43;45;53;59;66;68;79;86;90
0,1,4,C/40,1,random,ridge_physics,1.5597586380807975,2.7545405727106043,"{""alpha"": 0.1}",1.4260043501853945,19;29;47;56,2;7;8;13;16;24;26;30;33;41;43;45;53;59;66;68;79;86;90
0,1,4,C/40,1,random,ridge_source,1.4585723876953125,2.421576190019496,"{""alpha"": 0.1}",0.924993932247162,19;29;47;56,2;7;8;13;16;24;26;30;33;41;43;45;53;59;66;68;79;86;90
0,1,4,C/40,1,random,ridge_input,3.299725181178043,5.120220158523735,"{""alpha"": 1.0}",6.205405414104462,19;29;47;56,2;7;8;13;16;24;26;30;33;41;43;45;53;59;66;68;79;86;90
0,1,4,C/40,1,random,krr_rbf,1.7978905125668174,2.746751723668527,"{""alpha"": 0.1, ""gamma"": 0.05}",7.131857514381409,19;29;47;56,2;7;8;13;16;24;26;30;33;41;43;45;53;59;66;68;79;86;90
0,1,4,C/40,1,random,svr_rbf,7.019557250005242,10.190668577051223,"{""C"": 1.0, ""epsilon"": 0.2}",10.168363229109184,19;29;47;56,2;7;8;13;16;24;26;30;33;41;43;45;53;59;66;68;79;86;90
0,1,4,C/40,1,random,gp_rbf,2.2871670888761138,3.569781481488087,"{""alpha"": 1.0, ""length"": 3.0}",7.895318716474883,19;29;47;56,2;7;8;13;16;24;26;30;33;41;43;45;53;59;66;68;79;86;90
0,1,4,C/40,1,random,catboost,5.033082272571667,7.182220051278859,{},,19;29;47;56,2;7;8;13;16;24;26;30;33;41;43;45;53;59;66;68;79;86;90
0,1,4,C/40,1,random,xgboost,7.254244352641859,10.034689675520347,{},,19;29;47;56,2;7;8;13;16;24;26;30;33;41;43;45;53;59;66;68;79;86;90
0,1,4,C/40,1,random,extra_trees,6.372139058615032,9.754943761158469,{},,19;29;47;56,2;7;8;13;16;24;26;30;33;41;43;45;53;59;66;68;79;86;90
0,1,4,0.05A,2,random,ridge_physics,2.3692630968595805,3.498293867365354,"{""alpha"": 0.1}",2.0196750164031982,19;29;47;56,2;7;8;13;16;24;26;30;33;41;43;45;53;59;66;68;79;86;90
0,1,4,0.05A,2,random,ridge_source,2.247485110634252,3.0830052010213933,"{""alpha"": 0.1}",1.4842838048934937,19;29;47;56,2;7;8;13;16;24;26;30;33;41;43;45;53;59;66;68;79;86;90
0,1,4,0.05A,2,random,ridge_input,3.7716923763877466,6.145202383059265,"{""alpha"": 0.1}",3.1163278818130493,19;29;47;56,2;7;8;13;16;24;26;30;33;41;43;45;53;59;66;68;79;86;90
0,1,4,0.05A,2,random,krr_rbf,2.4887398167660364,3.4039662308949485,"{""alpha"": 0.1, ""gamma"": 0.05}",7.457773655653,19;29;47;56,2;7;8;13;16;24;26;30;33;41;43;45;53;59;66;68;79;86;90
0,1,4,0.05A,2,random,svr_rbf,7.334675297289897,10.386335249677051,"{""C"": 1.0, ""epsilon"": 0.2}",11.273549691511528,19;29;47;56,2;7;8;13;16;24;26;30;33;41;43;45;53;59;66;68;79;86;90
0,1,4,0.05A,2,random,gp_rbf,2.9805996793647807,4.128113414220946,"{""alpha"": 1.0, ""length"": 3.0}",8.128971423446039,19;29;47;56,2;7;8;13;16;24;26;30;33;41;43;45;53;59;66;68;79;86;90
0,1,4,0.05A,2,random,catboost,5.3278874120074615,7.476487457855826,{},,19;29;47;56,2;7;8;13;16;24;26;30;33;41;43;45;53;59;66;68;79;86;90
0,1,4,0.05A,2,random,xgboost,7.159780000385485,9.90697719769625,{},,19;29;47;56,2;7;8;13;16;24;26;30;33;41;43;45;53;59;66;68;79;86;90
0,1,4,0.05A,2,random,extra_trees,6.670919474802519,9.939060198961233,{},,19;29;47;56,2;7;8;13;16;24;26;30;33;41;43;45;53;59;66;68;79;86;90
0,1,4,C/10,3,random,ridge_physics,1.3426328960217928,2.419426942186655,"{""alpha"": 0.1}",1.2639825344085691,19;29;47;56,2;7;8;13;16;24;26;30;33;41;43;45;53;59;66;68;79;86;90
0,1,4,C/10,3,random,ridge_source,1.2568600303248356,2.162575313043327,"{""alpha"": 0.1}",0.780510425567627,19;29;47;56,2;7;8;13;16;24;26;30;33;41;43;45;53;59;66;68;79;86;90
0,1,4,C/10,3,random,ridge_input,2.96964504844264,4.786949815517056,"{""alpha"": 1.0}",6.708513498306274,19;29;47;56,2;7;8;13;16;24;26;30;33;41;43;45;53;59;66;68;79;86;90
0,1,4,C/10,3,random,krr_rbf,1.4475198043020148,2.4576493404295263,"{""alpha"": 0.1, ""gamma"": 0.05}",7.649114072322845,19;29;47;56,2;7;8;13;16;24;26;30;33;41;43;45;53;59;66;68;79;86;90
0,1,4,C/10,3,random,svr_rbf,7.114409400947829,10.187263223010708,"{""C"": 1.0, ""epsilon"": 0.2}",9.689431802107231,19;29;47;56,2;7;8;13;16;24;26;30;33;41;43;45;53;59;66;68;79;86;90
0,1,4,C/10,3,random,gp_rbf,2.034328318239016,3.3212907557992626,"{""alpha"": 1.0, ""length"": 3.0}",8.135460653209435,19;29;47;56,2;7;8;13;16;24;26;30;33;41;43;45;53;59;66;68;79;86;90
0,1,4,C/10,3,random,catboost,4.876361612872949,7.032790003008516,{},,19;29;47;56,2;7;8;13;16;24;26;30;33;41;43;45;53;59;66;68;79;86;90
0,1,4,C/10,3,random,xgboost,7.199358889931126,10.099963565674887,{},,19;29;47;56,2;7;8;13;16;24;26;30;33;41;43;45;53;59;66;68;79;86;90
0,1,4,C/10,3,random,extra_trees,6.250821561562387,9.661857413965764,{},,19;29;47;56,2;7;8;13;16;24;26;30;33;41;43;45;53;59;66;68;79;86;90
0,1,4,C/7,4,random,ridge_physics,1.2163081922029193,2.217203212215696,"{""alpha"": 0.1}",1.2920576333999634,19;29;47;56,2;7;8;13;16;24;26;30;33;41;43;45;53;59;66;68;79;86;90
0,1,4,C/7,4,random,ridge_source,1.2272796630859375,2.0110762652058747,"{""alpha"": 0.1}",0.8549302816390991,19;29;47;56,2;7;8;13;16;24;26;30;33;41;43;45;53;59;66;68;79;86;90
0,1,4,C/7,4,random,ridge_input,2.775074607447574,4.495298151403687,"{""alpha"": 1.0}",6.925797700881958,19;29;47;56,2;7;8;13;16;24;26;30;33;41;43;45;53;59;66;68;79;86;90
0,1,4,C/7,4,random,krr_rbf,1.3376308240388568,2.259469310180551,"{""alpha"": 0.1, ""gamma"": 0.05}",7.917246699333191,19;29;47;56,2;7;8;13;16;24;26;30;33;41;43;45;53;59;66;68;79;86;90
0,1,4,C/7,4,random,svr_rbf,7.157731110831669,10.216280113820368,"{""C"": 1.0, ""epsilon"": 0.2}",9.849616158048832,19;29;47;56,2;7;8;13;16;24;26;30;33;41;43;45;53;59;66;68;79;86;90
0,1,4,C/7,4,random,gp_rbf,1.901242999453336,3.110891194875719,"{""alpha"": 1.0, ""length"": 3.0}",8.39711243286006,19;29;47;56,2;7;8;13;16;24;26;30;33;41;43;45;53;59;66;68;79;86;90
0,1,4,C/7,4,random,catboost,4.852542665963078,6.914274072035461,{},,19;29;47;56,2;7;8;13;16;24;26;30;33;41;43;45;53;59;66;68;79;86;90
0,1,4,C/7,4,random,xgboost,7.128351713481703,10.079647011771664,{},,19;29;47;56,2;7;8;13;16;24;26;30;33;41;43;45;53;59;66;68;79;86;90
0,1,4,C/7,4,random,extra_trees,6.318456462809913,9.605712808349251,{},,19;29;47;56,2;7;8;13;16;24;26;30;33;41;43;45;53;59;66;68;79;86;90
0,1,4,C/5,5,random,ridge_physics,1.3700517353258634,2.354909165896707,"{""alpha"": 0.1}",1.3241432905197144,19;29;47;56,2;7;8;13;16;24;26;30;33;41;43;45;53;59;66;68;79;86;90
0,1,4,C/5,5,random,ridge_source,1.350428531044408,2.143007395812834,"{""alpha"": 0.1}",0.8663833141326904,19;29;47;56,2;7;8;13;16;24;26;30;33;41;43;45;53;59;66;68;79;86;90
0,1,4,C/5,5,random,ridge_input,2.885679144608347,4.665219383068375,"{""alpha"": 1.0}",6.890166759490967,19;29;47;56,2;7;8;13;16;24;26;30;33;41;43;45;53;59;66;68;79;86;90
0,1,4,C/5,5,random,krr_rbf,1.428837826377467,2.3889686378429182,"{""alpha"": 0.1, ""gamma"": 0.05}",7.881373405456543,19;29;47;56,2;7;8;13;16;24;26;30;33;41;43;45;53;59;66;68;79;86;90
0,1,4,C/5,5,random,svr_rbf,7.245784362399309,10.304113870090276,"{""C"": 1.0, ""epsilon"": 0.2}",9.706925499479496,19;29;47;56,2;7;8;13;16;24;26;30;33;41;43;45;53;59;66;68;79;86;90
0,1,4,C/5,5,random,gp_rbf,2.044010210388828,3.292003305558985,"{""alpha"": 1.0, ""length"": 3.0}",8.349968979522378,19;29;47;56,2;7;8;13;16;24;26;30;33;41;43;45;53;59;66;68;79;86;90
0,1,4,C/5,5,random,catboost,4.975323577591399,7.056449410940965,{},,19;29;47;56,2;7;8;13;16;24;26;30;33;41;43;45;53;59;66;68;79;86;90
0,1,4,C/5,5,random,xgboost,7.206045853464227,10.190659920406748,{},,19;29;47;56,2;7;8;13;16;24;26;30;33;41;43;45;53;59;66;68;79;86;90
0,1,4,C/5,5,random,extra_trees,6.408789363660311,9.713261440334048,{},,19;29;47;56,2;7;8;13;16;24;26;30;33;41;43;45;53;59;66;68;79;86;90
0,1,4,C/80,0,source_cluster,ridge_physics,2.605948598761308,3.611382849915714,"{""alpha"": 10.0}",8.910651206970215,3;58;62;78,2;7;8;13;16;24;26;30;33;41;43;45;53;59;66;68;79;86;90
0,1,4,C/80,0,source_cluster,ridge_source,2.118151212993421,2.8283826034802506,"{""alpha"": 1.0}",6.765978574752808,3;58;62;78,2;7;8;13;16;24;26;30;33;41;43;45;53;59;66;68;79;86;90
0,1,4,C/80,0,source_cluster,ridge_input,4.715581793534128,6.334576393396994,"{""alpha"": 10.0}",13.384703397750854,3;58;62;78,2;7;8;13;16;24;26;30;33;41;43;45;53;59;66;68;79;86;90
0,1,4,C/80,0,source_cluster,krr_rbf,3.352484050549959,3.79727951696077,"{""alpha"": 0.1, ""gamma"": 0.05}",16.898671865463257,3;58;62;78,2;7;8;13;16;24;26;30;33;41;43;45;53;59;66;68;79;86;90
0,1,4,C/80,0,source_cluster,svr_rbf,3.9188506420994575,4.380851869084792,"{""C"": 100.0, ""epsilon"": 0.2}",19.09110054723541,3;58;62;78,2;7;8;13;16;24;26;30;33;41;43;45;53;59;66;68;79;86;90
0,1,4,C/80,0,source_cluster,gp_rbf,3.0194282841936686,3.544857996162224,"{""alpha"": 1.0, ""length"": 3.0}",18.34576094297887,3;58;62;78,2;7;8;13;16;24;26;30;33;41;43;45;53;59;66;68;79;86;90
0,1,4,C/80,0,source_cluster,catboost,4.146091037130986,6.131761801119706,{},,3;58;62;78,2;7;8;13;16;24;26;30;33;41;43;45;53;59;66;68;79;86;90
0,1,4,C/80,0,source_cluster,xgboost,7.4586133454975325,10.566171990676247,{},,3;58;62;78,2;7;8;13;16;24;26;30;33;41;43;45;53;59;66;68;79;86;90
0,1,4,C/80,0,source_cluster,extra_trees,6.651247054652161,7.214748637056497,{},,3;58;62;78,2;7;8;13;16;24;26;30;33;41;43;45;53;59;66;68;79;86;90
0,1,4,C/40,1,source_cluster,ridge_physics,2.244268718518709,3.1798178853713464,"{""alpha"": 10.0}",7.827388525009155,3;58;62;78,2;7;8;13;16;24;26;30;33;41;43;45;53;59;66;68;79;86;90
0,1,4,C/40,1,source_cluster,ridge_source,1.8013988294099506,2.4032052337828964,"{""alpha"": 1.0}",5.659432053565979,3;58;62;78,2;7;8;13;16;24;26;30;33;41;43;45;53;59;66;68;79;86;90
0,1,4,C/40,1,source_cluster,ridge_input,4.215438441226357,5.802064924482004,"{""alpha"": 10.0}",12.19957983493805,3;58;62;78,2;7;8;13;16;24;26;30;33;41;43;45;53;59;66;68;79;86;90
0,1,4,C/40,1,source_cluster,krr_rbf,2.708206578304893,3.028879223520213,"{""alpha"": 0.1, ""gamma"": 0.05}",17.20118737220764,3;58;62;78,2;7;8;13;16;24;26;30;33;41;43;45;53;59;66;68;79;86;90
0,1,4,C/40,1,source_cluster,svr_rbf,3.194585982318781,3.5487000937501283,"{""C"": 100.0, ""epsilon"": 0.2}",19.17758860123129,3;58;62;78,2;7;8;13;16;24;26;30;33;41;43;45;53;59;66;68;79;86;90
0,1,4,C/40,1,source_cluster,gp_rbf,2.2824093764731663,2.875191513470827,"{""alpha"": 1.0, ""length"": 3.0}",18.647532952447804,3;58;62;78,2;7;8;13;16;24;26;30;33;41;43;45;53;59;66;68;79;86;90
0,1,4,C/40,1,source_cluster,catboost,4.687811460488015,6.442853283902398,{},,3;58;62;78,2;7;8;13;16;24;26;30;33;41;43;45;53;59;66;68;79;86;90
0,1,4,C/40,1,source_cluster,xgboost,7.6550140380859375,10.407336718656838,{},,3;58;62;78,2;7;8;13;16;24;26;30;33;41;43;45;53;59;66;68;79;86;90
0,1,4,C/40,1,source_cluster,extra_trees,6.266804725245422,6.87199015824014,{},,3;58;62;78,2;7;8;13;16;24;26;30;33;41;43;45;53;59;66;68;79;86;90
0,1,4,0.05A,2,source_cluster,ridge_physics,2.7977841025904606,3.760002763167877,"{""alpha"": 10.0}",8.743193745613098,3;58;62;78,2;7;8;13;16;24;26;30;33;41;43;45;53;59;66;68;79;86;90
0,1,4,0.05A,2,source_cluster,ridge_source,2.3052480597245064,3.0182060654883736,"{""alpha"": 1.0}",6.553930997848511,3;58;62;78,2;7;8;13;16;24;26;30;33;41;43;45;53;59;66;68;79;86;90
0,1,4,0.05A,2,source_cluster,ridge_input,4.867326836836965,6.427605802012971,"{""alpha"": 10.0}",13.305824398994446,3;58;62;78,2;7;8;13;16;24;26;30;33;41;43;45;53;59;66;68;79;86;90
0,1,4,0.05A,2,source_cluster,krr_rbf,3.463328311317845,4.045340414909629,"{""alpha"": 0.1, ""gamma"": 0.05}",16.83398985862732,3;58;62;78,2;7;8;13;16;24;26;30;33;41;43;45;53;59;66;68;79;86;90
0,1,4,0.05A,2,source_cluster,svr_rbf,4.123875560601522,4.648256304599383,"{""C"": 100.0, ""epsilon"": 0.2}",19.08979423886857,3;58;62;78,2;7;8;13;16;24;26;30;33;41;43;45;53;59;66;68;79;86;90
0,1,4,0.05A,2,source_cluster,gp_rbf,3.2525616302476856,3.782964539901021,"{""alpha"": 1.0, ""length"": 3.0}",18.270541491319584,3;58;62;78,2;7;8;13;16;24;26;30;33;41;43;45;53;59;66;68;79;86;90
0,1,4,0.05A,2,source_cluster,catboost,3.8241744879145383,5.832012529069619,{},,3;58;62;78,2;7;8;13;16;24;26;30;33;41;43;45;53;59;66;68;79;86;90
0,1,4,0.05A,2,source_cluster,xgboost,7.3971312673468335,10.547644963975271,{},,3;58;62;78,2;7;8;13;16;24;26;30;33;41;43;45;53;59;66;68;79;86;90
0,1,4,0.05A,2,source_cluster,extra_trees,6.521245444448369,7.068725838181485,{},,3;58;62;78,2;7;8;13;16;24;26;30;33;41;43;45;53;59;66;68;79;86;90
0,1,4,C/10,3,source_cluster,ridge_physics,1.5132193314401727,2.0206199470138646,"{""alpha"": 1.0}",6.683928728103638,3;58;62;78,2;7;8;13;16;24;26;30;33;41;43;45;53;59;66;68;79;86;90
0,1,4,C/10,3,source_cluster,ridge_source,1.7085454840409129,1.9963019004181135,"{""alpha"": 0.1}",3.624812602996826,3;58;62;78,2;7;8;13;16;24;26;30;33;41;43;45;53;59;66;68;79;86;90
0,1,4,C/10,3,source_cluster,ridge_input,3.807513588353207,5.1970727017161344,"{""alpha"": 10.0}",9.462504148483276,3;58;62;78,2;7;8;13;16;24;26;30;33;41;43;45;53;59;66;68;79;86;90
0,1,4,C/10,3,source_cluster,krr_rbf,2.2771473934775903,2.631579556592492,"{""alpha"": 0.1, ""gamma"": 0.05}",18.58786153793335,3;58;62;78,2;7;8;13;16;24;26;30;33;41;43;45;53;59;66;68;79;86;90
0,1,4,C/10,3,source_cluster,svr_rbf,2.647137524291908,3.0452603624875376,"{""C"": 100.0, ""epsilon"": 0.2}",20.365038311664733,3;58;62;78,2;7;8;13;16;24;26;30;33;41;43;45;53;59;66;68;79;86;90
0,1,4,C/10,3,source_cluster,gp_rbf,1.9921328247201369,2.596800310569125,"{""alpha"": 1.0, ""length"": 3.0}",20.094854618583,3;58;62;78,2;7;8;13;16;24;26;30;33;41;43;45;53;59;66;68;79;86;90
0,1,4,C/10,3,source_cluster,catboost,4.977259645276429,6.790857290383686,{},,3;58;62;78,2;7;8;13;16;24;26;30;33;41;43;45;53;59;66;68;79;86;90
0,1,4,C/10,3,source_cluster,xgboost,8.20993363229852,10.509963770740622,{},,3;58;62;78,2;7;8;13;16;24;26;30;33;41;43;45;53;59;66;68;79;86;90
0,1,4,C/10,3,source_cluster,extra_trees,6.184398987418729,7.103213743788644,{},,3;58;62;78,2;7;8;13;16;24;26;30;33;41;43;45;53;59;66;68;79;86;90
0,1,4,C/7,4,source_cluster,ridge_physics,1.4693756103515625,1.974832807537028,"{""alpha"": 1.0}",5.932600021362305,3;58;62;78,2;7;8;13;16;24;26;30;33;41;43;45;53;59;66;68;79;86;90
0,1,4,C/7,4,source_cluster,ridge_source,1.919108742161801,2.132087648627434,"{""alpha"": 0.1}",3.366888999938965,3;58;62;78,2;7;8;13;16;24;26;30;33;41;43;45;53;59;66;68;79;86;90
0,1,4,C/7,4,source_cluster,ridge_input,3.74861626876028,5.091312714431733,"{""alpha"": 10.0}",9.450830936431885,3;58;62;78,2;7;8;13;16;24;26;30;33;41;43;45;53;59;66;68;79;86;90
0,1,4,C/7,4,source_cluster,krr_rbf,2.2338104248046875,2.614014407396441,"{""alpha"": 0.1, ""gamma"": 0.05}",18.98792922496796,3;58;62;78,2;7;8;13;16;24;26;30;33;41;43;45;53;59;66;68;79;86;90
0,1,4,C/7,4,source_cluster,svr_rbf,2.5954025223207298,3.001096965055184,"{""C"": 100.0, ""epsilon"": 0.2}",20.72309416445141,3;58;62;78,2;7;8;13;16;24;26;30;33;41;43;45;53;59;66;68;79;86;90
0,1,4,C/7,4,source_cluster,gp_rbf,2.0296772441936834,2.615222938188047,"{""alpha"": 1.0, ""length"": 3.0}",20.509666186473368,3;58;62;78,2;7;8;13;16;24;26;30;33;41;43;45;53;59;66;68;79;86;90
0,1,4,C/7,4,source_cluster,catboost,5.02470204168593,6.8444014087397,{},,3;58;62;78,2;7;8;13;16;24;26;30;33;41;43;45;53;59;66;68;79;86;90
0,1,4,C/7,4,source_cluster,xgboost,8.383521632144326,10.5733949966278,{},,3;58;62;78,2;7;8;13;16;24;26;30;33;41;43;45;53;59;66;68;79;86;90
0,1,4,C/7,4,source_cluster,extra_trees,6.226468368580467,7.193347558140992,{},,3;58;62;78,2;7;8;13;16;24;26;30;33;41;43;45;53;59;66;68;79;86;90
0,1,4,C/5,5,source_cluster,ridge_physics,1.4180209511204769,1.9447651125291656,"{""alpha"": 1.0}",5.439178943634033,3;58;62;78,2;7;8;13;16;24;26;30;33;41;43;45;53;59;66;68;79;86;90
0,1,4,C/5,5,source_cluster,ridge_source,2.112481769762541,2.288920803141904,"{""alpha"": 0.1}",3.610837459564209,3;58;62;78,2;7;8;13;16;24;26;30;33;41;43;45;53;59;66;68;79;86;90
0,1,4,C/5,5,source_cluster,ridge_input,3.7257722553453942,5.0199522369935865,"{""alpha"": 10.0}",9.673231840133669,3;58;62;78,2;7;8;13;16;24;26;30;33;41;43;45;53;59;66;68;79;86;90
0,1,4,C/5,5,source_cluster,krr_rbf,2.200093319541529,2.598216786766657,"{""alpha"": 0.1, ""gamma"": 0.05}",19.43504786491394,3;58;62;78,2;7;8;13;16;24;26;30;33;41;43;45;53;59;66;68;79;86;90
0,1,4,C/5,5,source_cluster,svr_rbf,2.550556677154938,2.962064601292952,"{""C"": 100.0, ""epsilon"": 0.2}",21.139505519380947,3;58;62;78,2;7;8;13;16;24;26;30;33;41;43;45;53;59;66;68;79;86;90
0,1,4,C/5,5,source_cluster,gp_rbf,2.07581927361607,2.636612820987394,"{""alpha"": 1.0, ""length"": 3.0}",20.9773219638654,3;58;62;78,2;7;8;13;16;24;26;30;33;41;43;45;53;59;66;68;79;86;90
0,1,4,C/5,5,source_cluster,catboost,5.076673043254604,6.902370341675614,{},,3;58;62;78,2;7;8;13;16;24;26;30;33;41;43;45;53;59;66;68;79;86;90
0,1,4,C/5,5,source_cluster,xgboost,8.581132989180716,10.683461336857302,{},,3;58;62;78,2;7;8;13;16;24;26;30;33;41;43;45;53;59;66;68;79;86;90
0,1,4,C/5,5,source_cluster,extra_trees,6.284928619234182,7.29187627373688,{},,3;58;62;78,2;7;8;13;16;24;26;30;33;41;43;45;53;59;66;68;79;86;90
0,1,4,C/80,0,physical_cluster,ridge_physics,2.870624341462788,4.0611142213054725,"{""alpha"": 10.0}",6.395421862602234,0;21;56;62,2;7;8;13;16;24;26;30;33;41;43;45;53;59;66;68;79;86;90
0,1,4,C/80,0,physical_cluster,ridge_source,2.171952097039474,3.0495696614673653,"{""alpha"": 0.1}",3.621410012245178,0;21;56;62,2;7;8;13;16;24;26;30;33;41;43;45;53;59;66;68;79;86;90
0,1,4,C/80,0,physical_cluster,ridge_input,5.438668903551604,6.927382110948375,"{""alpha"": 10.0}",11.276198983192444,0;21;56;62,2;7;8;13;16;24;26;30;33;41;43;45;53;59;66;68;79;86;90
0,1,4,C/80,0,physical_cluster,krr_rbf,3.485797279759457,4.1700419282596615,"{""alpha"": 0.1, ""gamma"": 0.05}",15.30313029885292,0;21;56;62,2;7;8;13;16;24;26;30;33;41;43;45;53;59;66;68;79;86;90
0,1,4,C/80,0,physical_cluster,svr_rbf,3.2848253202295394,4.0546328269819565,"{""C"": 100.0, ""epsilon"": 0.2}",17.127243287553377,0;21;56;62,2;7;8;13;16;24;26;30;33;41;43;45;53;59;66;68;79;86;90
0,1,4,C/80,0,physical_cluster,gp_rbf,3.762663825617192,4.3964956082618,"{""alpha"": 1.0, ""length"": 3.0}",16.749864481216253,0;21;56;62,2;7;8;13;16;24;26;30;33;41;43;45;53;59;66;68;79;86;90
0,1,4,C/80,0,physical_cluster,catboost,3.866575485418976,5.869214623600984,{},,0;21;56;62,2;7;8;13;16;24;26;30;33;41;43;45;53;59;66;68;79;86;90
0,1,4,C/80,0,physical_cluster,xgboost,7.380482723838405,10.606278744576572,{},,0;21;56;62,2;7;8;13;16;24;26;30;33;41;43;45;53;59;66;68;79;86;90
0,1,4,C/80,0,physical_cluster,extra_trees,6.538668712816741,7.350084643389856,{},,0;21;56;62,2;7;8;13;16;24;26;30;33;41;43;45;53;59;66;68;79;86;90
0,1,4,C/40,1,physical_cluster,ridge_physics,1.5708690442537006,2.678557808176579,"{""alpha"": 1.0}",6.297544836997986,0;21;56;62,2;7;8;13;16;24;26;30;33;41;43;45;53;59;66;68;79;86;90
0,1,4,C/40,1,physical_cluster,ridge_source,1.3519913522820723,2.293551714446592,"{""alpha"": 0.1}",3.500354766845703,0;21;56;62,2;7;8;13;16;24;26;30;33;41;43;45;53;59;66;68;79;86;90
0,1,4,C/40,1,physical_cluster,ridge_input,4.891814382452714,6.500599076235981,"{""alpha"": 10.0}",10.879201173782349,0;21;56;62,2;7;8;13;16;24;26;30;33;41;43;45;53;59;66;68;79;86;90
0,1,4,C/40,1,physical_cluster,krr_rbf,3.017296640496505,3.654310153279517,"{""alpha"": 0.1, ""gamma"": 0.05}",15.917609810829164,0;21;56;62,2;7;8;13;16;24;26;30;33;41;43;45;53;59;66;68;79;86;90
0,1,4,C/40,1,physical_cluster,svr_rbf,2.851830840152021,3.5442987697089308,"{""C"": 100.0, ""epsilon"": 0.2}",17.658513489295373,0;21;56;62,2;7;8;13;16;24;26;30;33;41;43;45;53;59;66;68;79;86;90
0,1,4,C/40,1,physical_cluster,gp_rbf,3.4044210191028643,3.913379636744901,"{""alpha"": 1.0, ""length"": 3.0}",17.392072495452688,0;21;56;62,2;7;8;13;16;24;26;30;33;41;43;45;53;59;66;68;79;86;90
0,1,4,C/40,1,physical_cluster,catboost,4.229580369159929,6.033618595721119,{},,0;21;56;62,2;7;8;13;16;24;26;30;33;41;43;45;53;59;66;68;79;86;90
0,1,4,C/40,1,physical_cluster,xgboost,7.502960205078125,10.414047901419751,{},,0;21;56;62,2;7;8;13;16;24;26;30;33;41;43;45;53;59;66;68;79;86;90
0,1,4,C/40,1,physical_cluster,extra_trees,6.30430747082359,6.963921658327656,{},,0;21;56;62,2;7;8;13;16;24;26;30;33;41;43;45;53;59;66;68;79;86;90
0,1,4,0.05A,2,physical_cluster,ridge_physics,2.998457256116365,4.133380292108186,"{""alpha"": 10.0}",6.363603591918945,0;21;56;62,2;7;8;13;16;24;26;30;33;41;43;45;53;59;66;68;79;86;90
0,1,4,0.05A,2,physical_cluster,ridge_source,2.2610586065995064,3.1444803006134383,"{""alpha"": 0.1}",3.861171007156372,0;21;56;62,2;7;8;13;16;24;26;30;33;41;43;45;53;59;66;68;79;86;90
0,1,4,0.05A,2,physical_cluster,ridge_input,5.339767857601768,6.846475625601794,"{""alpha"": 10.0}",10.904663920402529,0;21;56;62,2;7;8;13;16;24;26;30;33;41;43;45;53;59;66;68;79;86;90
0,1,4,0.05A,2,physical_cluster,krr_rbf,3.595815558182566,4.230165978316597,"{""alpha"": 0.1, ""gamma"": 0.05}",15.183886170387268,0;21;56;62,2;7;8;13;16;24;26;30;33;41;43;45;53;59;66;68;79;86;90
0,1,4,0.05A,2,physical_cluster,svr_rbf,3.385811726007945,4.14496578117769,"{""C"": 100.0, ""epsilon"": 0.2}",17.026867945981436,0;21;56;62,2;7;8;13;16;24;26;30;33;41;43;45;53;59;66;68;79;86;90
0,1,4,0.05A,2,physical_cluster,gp_rbf,3.8723109992287625,4.444948430988197,"{""alpha"": 1.0, ""length"": 3.0}",16.609144774283493,0;21;56;62,2;7;8;13;16;24;26;30;33;41;43;45;53;59;66;68;79;86;90
0,1,4,0.05A,2,physical_cluster,catboost,3.788642876334253,5.807360174376359,{},,0;21;56;62,2;7;8;13;16;24;26;30;33;41;43;45;53;59;66;68;79;86;90
0,1,4,0.05A,2,physical_cluster,xgboost,7.365240799753289,10.563821115434228,{},,0;21;56;62,2;7;8;13;16;24;26;30;33;41;43;45;53;59;66;68;79;86;90
0,1,4,0.05A,2,physical_cluster,extra_trees,6.274268526779975,7.088947839431024,{},,0;21;56;62,2;7;8;13;16;24;26;30;33;41;43;45;53;59;66;68;79;86;90
0,1,4,C/10,3,physical_cluster,ridge_physics,1.1315460205078125,2.1885968483290097,"{""alpha"": 1.0}",4.144637107849121,0;21;56;62,2;7;8;13;16;24;26;30;33;41;43;45;53;59;66;68;79;86;90
0,1,4,C/10,3,physical_cluster,ridge_source,1.1884279753032485,1.7177039926215152,"{""alpha"": 0.1}",3.4127447605133057,0;21;56;62,2;7;8;13;16;24;26;30;33;41;43;45;53;59;66;68;79;86;90
0,1,4,C/10,3,physical_cluster,ridge_input,4.374929327713816,5.945584721715624,"{""alpha"": 10.0}",9.999375581741331,0;21;56;62,2;7;8;13;16;24;26;30;33;41;43;45;53;59;66;68;79;86;90
0,1,4,C/10,3,physical_cluster,krr_rbf,2.701711554276316,3.319135926214437,"{""alpha"": 0.1, ""gamma"": 0.05}",17.758513510227203,0;21;56;62,2;7;8;13;16;24;26;30;33;41;43;45;53;59;66;68;79;86;90
0,1,4,C/10,3,physical_cluster,svr_rbf,2.68264208073549,3.1888185874221104,"{""C"": 100.0, ""epsilon"": 0.2}",19.365997197542555,0;21;56;62,2;7;8;13;16;24;26;30;33;41;43;45;53;59;66;68;79;86;90
0,1,4,C/10,3,physical_cluster,gp_rbf,3.1105505176609376,3.618397242187832,"{""alpha"": 1.0, ""length"": 3.0}",19.285567397629425,0;21;56;62,2;7;8;13;16;24;26;30;33;41;43;45;53;59;66;68;79;86;90
0,1,4,C/10,3,physical_cluster,catboost,4.640877749518856,6.43089778418349,{},,0;21;56;62,2;7;8;13;16;24;26;30;33;41;43;45;53;59;66;68;79;86;90
0,1,4,C/10,3,physical_cluster,xgboost,7.974912944592927,10.446646258631798,{},,0;21;56;62,2;7;8;13;16;24;26;30;33;41;43;45;53;59;66;68;79;86;90
0,1,4,C/10,3,physical_cluster,extra_trees,6.329936067681562,6.930146652651708,{},,0;21;56;62,2;7;8;13;16;24;26;30;33;41;43;45;53;59;66;68;79;86;90
0,1,4,C/7,4,physical_cluster,ridge_physics,1.0604653609426398,2.1187666338501354,"{""alpha"": 1.0}",3.8914523124694815,0;21;56;62,2;7;8;13;16;24;26;30;33;41;43;45;53;59;66;68;79;86;90
0,1,4,C/7,4,physical_cluster,ridge_source,1.4332371761924343,1.7789150576933714,"{""alpha"": 0.1}",3.9484362602233887,0;21;56;62,2;7;8;13;16;24;26;30;33;41;43;45;53;59;66;68;79;86;90
0,1,4,C/7,4,physical_cluster,ridge_input,4.283978512412624,5.8279923504721225,"{""alpha"": 10.0}",10.179969429969788,0;21;56;62,2;7;8;13;16;24;26;30;33;41;43;45;53;59;66;68;79;86;90
0,1,4,C/7,4,physical_cluster,krr_rbf,2.697763543379934,3.2887770650446817,"{""alpha"": 0.1, ""gamma"": 0.05}",18.2526193857193,0;21;56;62,2;7;8;13;16;24;26;30;33;41;43;45;53;59;66;68;79;86;90
0,1,4,C/7,4,physical_cluster,svr_rbf,2.6649891798864256,3.154096092123311,"{""C"": 100.0, ""epsilon"": 0.2}",19.79197666187421,0;21;56;62,2;7;8;13;16;24;26;30;33;41;43;45;53;59;66;68;79;86;90
0,1,4,C/7,4,physical_cluster,gp_rbf,3.0888999690859285,3.600732081255774,"{""alpha"": 1.0, ""length"": 3.0}",19.823027402946803,0;21;56;62,2;7;8;13;16;24;26;30;33;41;43;45;53;59;66;68;79;86;90
0,1,4,C/7,4,physical_cluster,catboost,4.727970721805144,6.508773474927428,{},,0;21;56;62,2;7;8;13;16;24;26;30;33;41;43;45;53;59;66;68;79;86;90
0,1,4,C/7,4,physical_cluster,xgboost,8.145794115568462,10.501534240147183,{},,0;21;56;62,2;7;8;13;16;24;26;30;33;41;43;45;53;59;66;68;79;86;90
0,1,4,C/7,4,physical_cluster,extra_trees,6.324099081440977,6.963206317172257,{},,0;21;56;62,2;7;8;13;16;24;26;30;33;41;43;45;53;59;66;68;79;86;90
0,1,4,C/5,5,physical_cluster,ridge_physics,1.0676598799856083,2.0558904094095425,"{""alpha"": 1.0}",3.8682379722595215,0;21;56;62,2;7;8;13;16;24;26;30;33;41;43;45;53;59;66;68;79;86;90
0,1,4,C/5,5,physical_cluster,ridge_source,1.6868390535053457,1.9191747002389,"{""alpha"": 0.1}",4.4957475662231445,0;21;56;62,2;7;8;13;16;24;26;30;33;41;43;45;53;59;66;68;79;86;90
0,1,4,C/5,5,physical_cluster,ridge_input,4.2057655736019735,5.726111572853932,"{""alpha"": 10.0}",10.32821249961853,0;21;56;62,2;7;8;13;16;24;26;30;33;41;43;45;53;59;66;68;79;86;90
0,1,4,C/5,5,physical_cluster,krr_rbf,2.725438168174342,3.2705359716518387,"{""alpha"": 0.1, ""gamma"": 0.05}",18.75077199935913,0;21;56;62,2;7;8;13;16;24;26;30;33;41;43;45;53;59;66;68;79;86;90
0,1,4,C/5,5,physical_cluster,svr_rbf,2.675187079314463,3.1483150109049856,"{""C"": 100.0, ""epsilon"": 0.2}",20.228642175879862,0;21;56;62,2;7;8;13;16;24;26;30;33;41;43;45;53;59;66;68;79;86;90
0,1,4,C/5,5,physical_cluster,gp_rbf,3.068613167954605,3.5864063145158545,"{""alpha"": 1.0, ""length"": 3.0}",20.37641852943021,0;21;56;62,2;7;8;13;16;24;26;30;33;41;43;45;53;59;66;68;79;86;90
0,1,4,C/5,5,physical_cluster,catboost,4.846549803425488,6.6197369133549016,{},,0;21;56;62,2;7;8;13;16;24;26;30;33;41;43;45;53;59;66;68;79;86;90
0,1,4,C/5,5,physical_cluster,xgboost,8.381456475508841,10.61285978078151,{},,0;21;56;62,2;7;8;13;16;24;26;30;33;41;43;45;53;59;66;68;79;86;90
0,1,4,C/5,5,physical_cluster,extra_trees,6.314402286629926,7.016992348060335,{},,0;21;56;62,2;7;8;13;16;24;26;30;33;41;43;45;53;59;66;68;79;86;90
0,1,4,C/80,0,input_cluster,ridge_physics,2.827536331979852,3.682530961809453,"{""alpha"": 1.0}",4.655450105667114,5;19;62;84,2;7;8;13;16;24;26;30;33;41;43;45;53;59;66;68;79;86;90
0,1,4,C/80,0,input_cluster,ridge_source,2.447702508223684,3.135218576642255,"{""alpha"": 0.1}",3.888130843639374,5;19;62;84,2;7;8;13;16;24;26;30;33;41;43;45;53;59;66;68;79;86;90
0,1,4,C/80,0,input_cluster,ridge_input,5.64697988409745,7.75140429490902,"{""alpha"": 10.0}",7.433860421180725,5;19;62;84,2;7;8;13;16;24;26;30;33;41;43;45;53;59;66;68;79;86;90
0,1,4,C/80,0,input_cluster,krr_rbf,3.178537067614104,5.097723014525621,"{""alpha"": 0.1, ""gamma"": 0.05}",14.2455974817276,5;19;62;84,2;7;8;13;16;24;26;30;33;41;43;45;53;59;66;68;79;86;90
0,1,4,C/80,0,input_cluster,svr_rbf,4.890890014280027,9.182995239541844,"{""C"": 100.0, ""epsilon"": 0.2}",9.83217758744701,5;19;62;84,2;7;8;13;16;24;26;30;33;41;43;45;53;59;66;68;79;86;90
0,1,4,C/80,0,input_cluster,gp_rbf,3.6960690011985977,5.654777740698411,"{""alpha"": 1.0, ""length"": 3.0}",14.84621726695818,5;19;62;84,2;7;8;13;16;24;26;30;33;41;43;45;53;59;66;68;79;86;90
0,1,4,C/80,0,input_cluster,catboost,7.446721940480327,9.771990595600968,{},,5;19;62;84,2;7;8;13;16;24;26;30;33;41;43;45;53;59;66;68;79;86;90
0,1,4,C/80,0,input_cluster,xgboost,9.681386044150903,11.682185805678126,{},,5;19;62;84,2;7;8;13;16;24;26;30;33;41;43;45;53;59;66;68;79;86;90
0,1,4,C/80,0,input_cluster,extra_trees,5.287680861824437,7.517523257505177,{},,5;19;62;84,2;7;8;13;16;24;26;30;33;41;43;45;53;59;66;68;79;86;90
0,1,4,C/40,1,input_cluster,ridge_physics,2.550539518657484,3.3123272687391774,"{""alpha"": 1.0}",2.9888229370117188,5;19;62;84,2;7;8;13;16;24;26;30;33;41;43;45;53;59;66;68;79;86;90
0,1,4,C/40,1,input_cluster,ridge_source,1.9329360158819904,2.498502729017336,"{""alpha"": 0.1}",2.20454216003418,5;19;62;84,2;7;8;13;16;24;26;30;33;41;43;45;53;59;66;68;79;86;90
0,1,4,C/40,1,input_cluster,ridge_input,5.41624611302426,7.460951965686705,"{""alpha"": 10.0}",7.793639183044434,5;19;62;84,2;7;8;13;16;24;26;30;33;41;43;45;53;59;66;68;79;86;90
0,1,4,C/40,1,input_cluster,krr_rbf,2.958128678171258,4.826227486649494,"{""alpha"": 0.1, ""gamma"": 0.05}",14.284461617469788,5;19;62;84,2;7;8;13;16;24;26;30;33;41;43;45;53;59;66;68;79;86;90
0,1,4,C/40,1,input_cluster,svr_rbf,4.483878763524916,8.959801987076487,"{""C"": 100.0, ""epsilon"": 0.2}",9.696329967922026,5;19;62;84,2;7;8;13;16;24;26;30;33;41;43;45;53;59;66;68;79;86;90
0,1,4,C/40,1,input_cluster,gp_rbf,3.5115101977641703,5.378699291641054,"{""alpha"": 1.0, ""length"": 3.0}",14.962061892837966,5;19;62;84,2;7;8;13;16;24;26;30;33;41;43;45;53;59;66;68;79;86;90
0,1,4,C/40,1,input_cluster,catboost,7.651781726601587,9.875920255059537,{},,5;19;62;84,2;7;8;13;16;24;26;30;33;41;43;45;53;59;66;68;79;86;90
0,1,4,C/40,1,input_cluster,xgboost,9.814474808542352,11.771946978554922,{},,5;19;62;84,2;7;8;13;16;24;26;30;33;41;43;45;53;59;66;68;79;86;90
0,1,4,C/40,1,input_cluster,extra_trees,5.469532268925716,7.569117384821816,{},,5;19;62;84,2;7;8;13;16;24;26;30;33;41;43;45;53;59;66;68;79;86;90
0,1,4,0.05A,2,input_cluster,ridge_physics,2.844606901469984,3.7215424575779887,"{""alpha"": 1.0}",4.819938838481903,5;19;62;84,2;7;8;13;16;24;26;30;33;41;43;45;53;59;66;68;79;86;90
0,1,4,0.05A,2,input_cluster,ridge_source,2.498925058465255,3.207693304606903,"{""alpha"": 0.1}",4.052850842475891,5;19;62;84,2;7;8;13;16;24;26;30;33;41;43;45;53;59;66;68;79;86;90
0,1,4,0.05A,2,input_cluster,ridge_input,5.587929173519737,7.607316847739324,"{""alpha"": 10.0}",7.415431261062622,5;19;62;84,2;7;8;13;16;24;26;30;33;41;43;45;53;59;66;68;79;86;90
0,1,4,0.05A,2,input_cluster,krr_rbf,3.3262457596628288,5.0269244042636485,"{""alpha"": 0.1, ""gamma"": 0.05}",14.28200137615204,5;19;62;84,2;7;8;13;16;24;26;30;33;41;43;45;53;59;66;68;79;86;90
0,1,4,0.05A,2,input_cluster,svr_rbf,4.910304683715792,9.022049242989338,"{""C"": 100.0, ""epsilon"": 0.2}",9.949844220685591,5;19;62;84,2;7;8;13;16;24;26;30;33;41;43;45;53;59;66;68;79;86;90
0,1,4,0.05A,2,input_cluster,gp_rbf,3.8167707803647497,5.6138483184208505,"{""alpha"": 1.0, ""length"": 3.0}",14.86016645823456,5;19;62;84,2;7;8;13;16;24;26;30;33;41;43;45;53;59;66;68;79;86;90
0,1,4,0.05A,2,input_cluster,catboost,7.365166388682586,9.570948316605984,{},,5;19;62;84,2;7;8;13;16;24;26;30;33;41;43;45;53;59;66;68;79;86;90
0,1,4,0.05A,2,input_cluster,xgboost,9.648487291837991,11.516970203936484,{},,5;19;62;84,2;7;8;13;16;24;26;30;33;41;43;45;53;59;66;68;79;86;90
0,1,4,0.05A,2,input_cluster,extra_trees,5.087883685764513,7.233663502194916,{},,5;19;62;84,2;7;8;13;16;24;26;30;33;41;43;45;53;59;66;68;79;86;90
0,1,4,C/10,3,input_cluster,ridge_physics,1.577720240542763,2.290370452398048,"{""alpha"": 0.1}",1.096186876296997,5;19;62;84,2;7;8;13;16;24;26;30;33;41;43;45;53;59;66;68;79;86;90
0,1,4,C/10,3,input_cluster,ridge_source,1.342045834189967,1.7787819819082318,"{""alpha"": 0.1}",1.4001811742782593,5;19;62;84,2;7;8;13;16;24;26;30;33;41;43;45;53;59;66;68;79;86;90
0,1,4,C/10,3,input_cluster,ridge_input,3.549646076403166,5.132039144722264,"{""alpha"": 1.0}",6.09637463092804,5;19;62;84,2;7;8;13;16;24;26;30;33;41;43;45;53;59;66;68;79;86;90
0,1,4,C/10,3,input_cluster,krr_rbf,2.907463475277549,4.628108328317718,"{""alpha"": 0.1, ""gamma"": 0.05}",15.66446828842163,5;19;62;84,2;7;8;13;16;24;26;30;33;41;43;45;53;59;66;68;79;86;90
0,1,4,C/10,3,input_cluster,svr_rbf,4.637947321536196,9.282770016582582,"{""C"": 100.0, ""epsilon"": 0.2}",10.498641129922971,5;19;62;84,2;7;8;13;16;24;26;30;33;41;43;45;53;59;66;68;79;86;90
0,1,4,C/10,3,input_cluster,gp_rbf,3.480952299335992,5.148259374040934,"{""alpha"": 1.0, ""length"": 3.0}",16.475154265947513,5;19;62;84,2;7;8;13;16;24;26;30;33;41;43;45;53;59;66;68;79;86;90
0,1,4,C/10,3,input_cluster,catboost,8.36192810805929,10.5285072190741,{},,5;19;62;84,2;7;8;13;16;24;26;30;33;41;43;45;53;59;66;68;79;86;90
0,1,4,C/10,3,input_cluster,xgboost,10.406409012643914,12.353540760233292,{},,5;19;62;84,2;7;8;13;16;24;26;30;33;41;43;45;53;59;66;68;79;86;90
0,1,4,C/10,3,input_cluster,extra_trees,6.349529000332482,8.354185980530724,{},,5;19;62;84,2;7;8;13;16;24;26;30;33;41;43;45;53;59;66;68;79;86;90
0,1,4,C/7,4,input_cluster,ridge_physics,1.6401423404091282,2.309776025977121,"{""alpha"": 0.1}",0.5358942747116089,5;19;62;84,2;7;8;13;16;24;26;30;33;41;43;45;53;59;66;68;79;86;90
0,1,4,C/7,4,input_cluster,ridge_source,1.4401771143863076,1.7816234323607285,"{""alpha"": 0.1}",1.910770297050476,5;19;62;84,2;7;8;13;16;24;26;30;33;41;43;45;53;59;66;68;79;86;90
0,1,4,C/7,4,input_cluster,ridge_input,3.513490777266653,5.079462674475606,"{""alpha"": 1.0}",5.551270484924316,5;19;62;84,2;7;8;13;16;24;26;30;33;41;43;45;53;59;66;68;79;86;90
0,1,4,C/7,4,input_cluster,krr_rbf,2.916004783228824,4.558918539353801,"{""alpha"": 0.1, ""gamma"": 0.05}",16.16491711139679,5;19;62;84,2;7;8;13;16;24;26;30;33;41;43;45;53;59;66;68;79;86;90
0,1,4,C/7,4,input_cluster,svr_rbf,4.742957125158168,9.396478303002004,"{""C"": 100.0, ""epsilon"": 0.2}",10.777841430361446,5;19;62;84,2;7;8;13;16;24;26;30;33;41;43;45;53;59;66;68;79;86;90
0,1,4,C/7,4,input_cluster,gp_rbf,3.485823912421966,5.077225437665689,"{""alpha"": 1.0, ""length"": 3.0}",17.00895342038744,5;19;62;84,2;7;8;13;16;24;26;30;33;41;43;45;53;59;66;68;79;86;90
0,1,4,C/7,4,input_cluster,catboost,8.52584830077711,10.696588663972696,{},,5;19;62;84,2;7;8;13;16;24;26;30;33;41;43;45;53;59;66;68;79;86;90
0,1,4,C/7,4,input_cluster,xgboost,10.59047458046361,12.52616939010352,{},,5;19;62;84,2;7;8;13;16;24;26;30;33;41;43;45;53;59;66;68;79;86;90
0,1,4,C/7,4,input_cluster,extra_trees,6.581606509810999,8.567724064681032,{},,5;19;62;84,2;7;8;13;16;24;26;30;33;41;43;45;53;59;66;68;79;86;90
0,1,4,C/5,5,input_cluster,ridge_physics,1.728295978746916,2.338916020707603,"{""alpha"": 0.1}",0.7454648017883301,5;19;62;84,2;7;8;13;16;24;26;30;33;41;43;45;53;59;66;68;79;86;90
0,1,4,C/5,5,input_cluster,ridge_source,1.5294578953793174,1.8547435510716836,"{""alpha"": 0.1}",2.3972325325012207,5;19;62;84,2;7;8;13;16;24;26;30;33;41;43;45;53;59;66;68;79;86;90
0,1,4,C/5,5,input_cluster,ridge_input,3.507794028834293,5.039905489833232,"{""alpha"": 1.0}",5.109941244125366,5;19;62;84,2;7;8;13;16;24;26;30;33;41;43;45;53;59;66;68;79;86;90
0,1,4,C/5,5,input_cluster,krr_rbf,2.944567228618421,4.502673456128771,"{""alpha"": 0.1, ""gamma"": 0.05}",16.719786167144775,5;19;62;84,2;7;8;13;16;24;26;30;33;41;43;45;53;59;66;68;79;86;90
0,1,4,C/5,5,input_cluster,svr_rbf,4.884185842618248,9.530269692699427,"{""C"": 100.0, ""epsilon"": 0.2}",11.103364919773872,5;19;62;84,2;7;8;13;16;24;26;30;33;41;43;45;53;59;66;68;79;86;90
0,1,4,C/5,5,input_cluster,gp_rbf,3.514203531258828,5.027453093025992,"{""alpha"": 1.0, ""length"": 3.0}",17.59613206468029,5;19;62;84,2;7;8;13;16;24;26;30;33;41;43;45;53;59;66;68;79;86;90
0,1,4,C/5,5,input_cluster,catboost,8.675397050861914,10.854654322214325,{},,5;19;62;84,2;7;8;13;16;24;26;30;33;41;43;45;53;59;66;68;79;86;90
0,1,4,C/5,5,input_cluster,xgboost,10.806456716437088,12.731360430255776,{},,5;19;62;84,2;7;8;13;16;24;26;30;33;41;43;45;53;59;66;68;79;86;90
0,1,4,C/5,5,input_cluster,extra_trees,6.802194333076479,8.774883976403967,{},,5;19;62;84,2;7;8;13;16;24;26;30;33;41;43;45;53;59;66;68;79;86;90
0,2,4,C/80,0,random,ridge_physics,7.340912668328536,10.65583290462567,"{""alpha"": 100.0}",2.0347940325737,31;47;77;80,2;7;8;13;16;24;26;30;33;41;43;45;53;59;66;68;79;86;90
0,2,4,C/80,0,random,ridge_source,7.351905421206825,10.671752523373868,"{""alpha"": 100.0}",2.033322334289551,31;47;77;80,2;7;8;13;16;24;26;30;33;41;43;45;53;59;66;68;79;86;90
0,2,4,C/80,0,random,ridge_input,7.357902526855469,10.673488722244649,"{""alpha"": 100.0}",2.0527442693710327,31;47;77;80,2;7;8;13;16;24;26;30;33;41;43;45;53;59;66;68;79;86;90
0,2,4,C/80,0,random,krr_rbf,7.491573132966694,10.867505804332376,"{""alpha"": 1.0, ""gamma"": 0.05}",1.9070593118667605,31;47;77;80,2;7;8;13;16;24;26;30;33;41;43;45;53;59;66;68;79;86;90
0,2,4,C/80,0,random,svr_rbf,7.368498673442144,10.717266683082162,"{""C"": 1.0, ""epsilon"": 1.0}",2.488497861976054,31;47;77;80,2;7;8;13;16;24;26;30;33;41;43;45;53;59;66;68;79;86;90
0,2,4,C/80,0,random,gp_rbf,7.183156454270134,10.520824372451251,"{""alpha"": 1.0, ""length"": 3.0}",2.039337772407689,31;47;77;80,2;7;8;13;16;24;26;30;33;41;43;45;53;59;66;68;79;86;90
0,2,4,C/80,0,random,catboost,7.016365895494142,10.202686918577196,{},,31;47;77;80,2;7;8;13;16;24;26;30;33;41;43;45;53;59;66;68;79;86;90
0,2,4,C/80,0,random,xgboost,7.139692206131785,10.34780748219574,{},,31;47;77;80,2;7;8;13;16;24;26;30;33;41;43;45;53;59;66;68;79;86;90
0,2,4,C/80,0,random,extra_trees,7.094324423137462,10.442573454385668,{},,31;47;77;80,2;7;8;13;16;24;26;30;33;41;43;45;53;59;66;68;79;86;90
0,2,4,C/40,1,random,ridge_physics,3.872285140188117,5.586990969576664,"{""alpha"": 0.1}",1.4853376746177671,31;47;77;80,2;7;8;13;16;24;26;30;33;41;43;45;53;59;66;68;79;86;90
0,2,4,C/40,1,random,ridge_source,5.298775522332442,7.549494743835256,"{""alpha"": 0.1}",1.634884536266327,31;47;77;80,2;7;8;13;16;24;26;30;33;41;43;45;53;59;66;68;79;86;90
0,2,4,C/40,1,random,ridge_input,7.39598886590255,10.49739216115528,"{""alpha"": 100.0}",1.7754229307174685,31;47;77;80,2;7;8;13;16;24;26;30;33;41;43;45;53;59;66;68;79;86;90
0,2,4,C/40,1,random,krr_rbf,7.54618996068051,11.472963736803049,"{""alpha"": 1.0, ""gamma"": 0.5}",1.3794270753860474,31;47;77;80,2;7;8;13;16;24;26;30;33;41;43;45;53;59;66;68;79;86;90
0,2,4,C/40,1,random,svr_rbf,7.162411293122749,10.594644564882636,"{""C"": 1.0, ""epsilon"": 0.2}",1.5057021015485008,31;47;77;80,2;7;8;13;16;24;26;30;33;41;43;45;53;59;66;68;79;86;90
0,2,4,C/40,1,random,gp_rbf,7.395628121153478,11.37243698015128,"{""alpha"": 1.0, ""length"": 1.0}",1.4766981524021228,31;47;77;80,2;7;8;13;16;24;26;30;33;41;43;45;53;59;66;68;79;86;90
0,2,4,C/40,1,random,catboost,6.839293157080717,9.94261432088625,{},,31;47;77;80,2;7;8;13;16;24;26;30;33;41;43;45;53;59;66;68;79;86;90
0,2,4,C/40,1,random,xgboost,7.083935386256168,10.14346550516446,{},,31;47;77;80,2;7;8;13;16;24;26;30;33;41;43;45;53;59;66;68;79;86;90
0,2,4,C/40,1,random,extra_trees,6.5559211730957,9.832379847885594,{},,31;47;77;80,2;7;8;13;16;24;26;30;33;41;43;45;53;59;66;68;79;86;90
0,2,4,0.05A,2,random,ridge_physics,7.377955386513157,10.697075468797872,"{""alpha"": 100.0}",1.9830133318901064,31;47;77;80,2;7;8;13;16;24;26;30;33;41;43;45;53;59;66;68;79;86;90
0,2,4,0.05A,2,random,ridge_source,7.384533932334499,10.707078401012156,"{""alpha"": 100.0}",1.9813861846923828,31;47;77;80,2;7;8;13;16;24;26;30;33;41;43;45;53;59;66;68;79;86;90
0,2,4,0.05A,2,random,ridge_input,7.391966167249177,10.710901664538556,"{""alpha"": 100.0}",2.0001668334007263,31;47;77;80,2;7;8;13;16;24;26;30;33;41;43;45;53;59;66;68;79;86;90
0,2,4,0.05A,2,random,krr_rbf,7.596810993395354,10.932965992067563,"{""alpha"": 1.0, ""gamma"": 0.05}",1.8742001056671145,31;47;77;80,2;7;8;13;16;24;26;30;33;41;43;45;53;59;66;68;79;86;90
0,2,4,0.05A,2,random,svr_rbf,7.39003328782309,10.701023277268462,"{""C"": 1.0, ""epsilon"": 1.0}",2.4510031752003942,31;47;77;80,2;7;8;13;16;24;26;30;33;41;43;45;53;59;66;68;79;86;90
0,2,4,0.05A,2,random,gp_rbf,7.36263163067005,10.698487247689076,"{""alpha"": 1.0, ""length"": 3.0}",2.0008283004509866,31;47;77;80,2;7;8;13;16;24;26;30;33;41;43;45;53;59;66;68;79;86;90
0,2,4,0.05A,2,random,catboost,7.1970887142699365,10.332264157739145,{},,31;47;77;80,2;7;8;13;16;24;26;30;33;41;43;45;53;59;66;68;79;86;90
0,2,4,0.05A,2,random,xgboost,7.311682851690995,10.485789278332373,{},,31;47;77;80,2;7;8;13;16;24;26;30;33;41;43;45;53;59;66;68;79;86;90
0,2,4,0.05A,2,random,extra_trees,7.347937332956412,10.662978296135522,{},,31;47;77;80,2;7;8;13;16;24;26;30;33;41;43;45;53;59;66;68;79;86;90
0,2,4,C/10,3,random,ridge_physics,2.738248724686472,3.791236341632071,"{""alpha"": 0.1}",1.2494128942489624,31;47;77;80,2;7;8;13;16;24;26;30;33;41;43;45;53;59;66;68;79;86;90
0,2,4,C/10,3,random,ridge_source,4.627593592593544,6.356136724721279,"{""alpha"": 0.1}",1.5971893072128296,31;47;77;80,2;7;8;13;16;24;26;30;33;41;43;45;53;59;66;68;79;86;90
0,2,4,C/10,3,random,ridge_input,7.507803264417146,10.468720871865324,"{""alpha"": 100.0}",2.11916184425354,31;47;77;80,2;7;8;13;16;24;26;30;33;41;43;45;53;59;66;68;79;86;90
0,2,4,C/10,3,random,krr_rbf,7.405234085886102,11.64009627251568,"{""alpha"": 0.1, ""gamma"": 0.5}",1.5643386840820312,31;47;77;80,2;7;8;13;16;24;26;30;33;41;43;45;53;59;66;68;79;86;90
0,2,4,C/10,3,random,svr_rbf,7.064634041768259,10.531798378599934,"{""C"": 1.0, ""epsilon"": 0.2}",1.339857271104206,31;47;77;80,2;7;8;13;16;24;26;30;33;41;43;45;53;59;66;68;79;86;90
0,2,4,C/10,3,random,gp_rbf,7.522216531311701,11.733122497520425,"{""alpha"": 1.0, ""length"": 1.0}",1.3454445851798496,31;47;77;80,2;7;8;13;16;24;26;30;33;41;43;45;53;59;66;68;79;86;90
0,2,4,C/10,3,random,catboost,6.794378978677858,9.79730613706846,{},,31;47;77;80,2;7;8;13;16;24;26;30;33;41;43;45;53;59;66;68;79;86;90
0,2,4,C/10,3,random,xgboost,6.988304941277755,10.03067155681187,{},,31;47;77;80,2;7;8;13;16;24;26;30;33;41;43;45;53;59;66;68;79;86;90
0,2,4,C/10,3,random,extra_trees,6.342935622365849,9.464452674007331,{},,31;47;77;80,2;7;8;13;16;24;26;30;33;41;43;45;53;59;66;68;79;86;90
0,2,4,C/7,4,random,ridge_physics,2.573342574270148,3.527344174200606,"{""alpha"": 0.1}",1.2784550189971924,31;47;77;80,2;7;8;13;16;24;26;30;33;41;43;45;53;59;66;68;79;86;90
0,2,4,C/7,4,random,ridge_source,4.5474692896792765,6.183273296736003,"{""alpha"": 0.1}",1.6341816186904907,31;47;77;80,2;7;8;13;16;24;26;30;33;41;43;45;53;59;66;68;79;86;90
0,2,4,C/7,4,random,ridge_input,7.561678836220189,10.489825145111489,"{""alpha"": 100.0}",2.23667311668396,31;47;77;80,2;7;8;13;16;24;26;30;33;41;43;45;53;59;66;68;79;86;90
0,2,4,C/7,4,random,krr_rbf,7.48417141563014,11.81201235306536,"{""alpha"": 0.1, ""gamma"": 0.5}",1.6273223161697388,31;47;77;80,2;7;8;13;16;24;26;30;33;41;43;45;53;59;66;68;79;86;90
0,2,4,C/7,4,random,svr_rbf,7.085080839856187,10.547759619691366,"{""C"": 1.0, ""epsilon"": 0.2}",1.491339768391885,31;47;77;80,2;7;8;13;16;24;26;30;33;41;43;45;53;59;66;68;79;86;90
0,2,4,C/7,4,random,gp_rbf,7.603804542118592,11.91045917380995,"{""alpha"": 1.0, ""length"": 1.0}",1.3984822959804712,31;47;77;80,2;7;8;13;16;24;26;30;33;41;43;45;53;59;66;68;79;86;90
0,2,4,C/7,4,random,catboost,6.810311790206391,9.78447556409731,{},,31;47;77;80,2;7;8;13;16;24;26;30;33;41;43;45;53;59;66;68;79;86;90
0,2,4,C/7,4,random,xgboost,7.015022679379112,10.029774072221077,{},,31;47;77;80,2;7;8;13;16;24;26;30;33;41;43;45;53;59;66;68;79;86;90
0,2,4,C/7,4,random,extra_trees,6.338620416741626,9.427962581662582,{},,31;47;77;80,2;7;8;13;16;24;26;30;33;41;43;45;53;59;66;68;79;86;90
0,2,4,C/5,5,random,ridge_physics,2.451893455103824,3.3347007204566026,"{""alpha"": 0.1}",1.343265175819397,31;47;77;80,2;7;8;13;16;24;26;30;33;41;43;45;53;59;66;68;79;86;90
0,2,4,C/5,5,random,ridge_source,4.508648922568874,6.078240220177929,"{""alpha"": 0.1}",1.7015202045440674,31;47;77;80,2;7;8;13;16;24;26;30;33;41;43;45;53;59;66;68;79;86;90
0,2,4,C/5,5,random,ridge_input,7.65236382735403,10.56463665526634,"{""alpha"": 100.0}",2.338060975074768,31;47;77;80,2;7;8;13;16;24;26;30;33;41;43;45;53;59;66;68;79;86;90
0,2,4,C/5,5,random,krr_rbf,7.59015575208162,12.036310784912445,"{""alpha"": 0.1, ""gamma"": 0.5}",1.7190501689910889,31;47;77;80,2;7;8;13;16;24;26;30;33;41;43;45;53;59;66;68;79;86;90
0,2,4,C/5,5,random,svr_rbf,7.154556180079423,10.625870892613417,"{""C"": 1.0, ""epsilon"": 0.2}",1.6053194031625055,31;47;77;80,2;7;8;13;16;24;26;30;33;41;43;45;53;59;66;68;79;86;90
0,2,4,C/5,5,random,gp_rbf,7.71312901838176,12.141092180680664,"{""alpha"": 1.0, ""length"": 1.0}",1.478461518885752,31;47;77;80,2;7;8;13;16;24;26;30;33;41;43;45;53;59;66;68;79;86;90
0,2,4,C/5,5,random,catboost,6.866546176170243,9.826179235734983,{},,31;47;77;80,2;7;8;13;16;24;26;30;33;41;43;45;53;59;66;68;79;86;90
0,2,4,C/5,5,random,xgboost,7.080093785336143,10.082700301274617,{},,31;47;77;80,2;7;8;13;16;24;26;30;33;41;43;45;53;59;66;68;79;86;90
0,2,4,C/5,5,random,extra_trees,6.369283635992751,9.451738823366815,{},,31;47;77;80,2;7;8;13;16;24;26;30;33;41;43;45;53;59;66;68;79;86;90
0,2,4,C/80,0,source_cluster,ridge_physics,2.605948598761308,3.611382849915714,"{""alpha"": 10.0}",8.910651206970215,3;58;62;78,2;7;8;13;16;24;26;30;33;41;43;45;53;59;66;68;79;86;90
0,2,4,C/80,0,source_cluster,ridge_source,2.118151212993421,2.8283826034802506,"{""alpha"": 1.0}",6.765978574752808,3;58;62;78,2;7;8;13;16;24;26;30;33;41;43;45;53;59;66;68;79;86;90
0,2,4,C/80,0,source_cluster,ridge_input,4.715581793534128,6.334576393396994,"{""alpha"": 10.0}",13.384703397750854,3;58;62;78,2;7;8;13;16;24;26;30;33;41;43;45;53;59;66;68;79;86;90
0,2,4,C/80,0,source_cluster,krr_rbf,3.352484050549959,3.79727951696077,"{""alpha"": 0.1, ""gamma"": 0.05}",16.898671865463257,3;58;62;78,2;7;8;13;16;24;26;30;33;41;43;45;53;59;66;68;79;86;90
0,2,4,C/80,0,source_cluster,svr_rbf,3.9188506420994575,4.380851869084792,"{""C"": 100.0, ""epsilon"": 0.2}",19.09110054723541,3;58;62;78,2;7;8;13;16;24;26;30;33;41;43;45;53;59;66;68;79;86;90
0,2,4,C/80,0,source_cluster,gp_rbf,3.0194282841936686,3.544857996162224,"{""alpha"": 1.0, ""length"": 3.0}",18.34576094297887,3;58;62;78,2;7;8;13;16;24;26;30;33;41;43;45;53;59;66;68;79;86;90
0,2,4,C/80,0,source_cluster,catboost,4.146091037130986,6.131761801119706,{},,3;58;62;78,2;7;8;13;16;24;26;30;33;41;43;45;53;59;66;68;79;86;90
0,2,4,C/80,0,source_cluster,xgboost,7.4586133454975325,10.566171990676247,{},,3;58;62;78,2;7;8;13;16;24;26;30;33;41;43;45;53;59;66;68;79;86;90
0,2,4,C/80,0,source_cluster,extra_trees,6.651247054652161,7.214748637056497,{},,3;58;62;78,2;7;8;13;16;24;26;30;33;41;43;45;53;59;66;68;79;86;90
0,2,4,C/40,1,source_cluster,ridge_physics,2.244268718518709,3.1798178853713464,"{""alpha"": 10.0}",7.827388525009155,3;58;62;78,2;7;8;13;16;24;26;30;33;41;43;45;53;59;66;68;79;86;90
0,2,4,C/40,1,source_cluster,ridge_source,1.8013988294099506,2.4032052337828964,"{""alpha"": 1.0}",5.659432053565979,3;58;62;78,2;7;8;13;16;24;26;30;33;41;43;45;53;59;66;68;79;86;90
0,2,4,C/40,1,source_cluster,ridge_input,4.215438441226357,5.802064924482004,"{""alpha"": 10.0}",12.19957983493805,3;58;62;78,2;7;8;13;16;24;26;30;33;41;43;45;53;59;66;68;79;86;90
0,2,4,C/40,1,source_cluster,krr_rbf,2.708206578304893,3.028879223520213,"{""alpha"": 0.1, ""gamma"": 0.05}",17.20118737220764,3;58;62;78,2;7;8;13;16;24;26;30;33;41;43;45;53;59;66;68;79;86;90
0,2,4,C/40,1,source_cluster,svr_rbf,3.194585982318781,3.5487000937501283,"{""C"": 100.0, ""epsilon"": 0.2}",19.17758860123129,3;58;62;78,2;7;8;13;16;24;26;30;33;41;43;45;53;59;66;68;79;86;90
0,2,4,C/40,1,source_cluster,gp_rbf,2.2824093764731663,2.875191513470827,"{""alpha"": 1.0, ""length"": 3.0}",18.647532952447804,3;58;62;78,2;7;8;13;16;24;26;30;33;41;43;45;53;59;66;68;79;86;90
0,2,4,C/40,1,source_cluster,catboost,4.687811460488015,6.442853283902398,{},,3;58;62;78,2;7;8;13;16;24;26;30;33;41;43;45;53;59;66;68;79;86;90
0,2,4,C/40,1,source_cluster,xgboost,7.6550140380859375,10.407336718656838,{},,3;58;62;78,2;7;8;13;16;24;26;30;33;41;43;45;53;59;66;68;79;86;90
0,2,4,C/40,1,source_cluster,extra_trees,6.266804725245422,6.87199015824014,{},,3;58;62;78,2;7;8;13;16;24;26;30;33;41;43;45;53;59;66;68;79;86;90
0,2,4,0.05A,2,source_cluster,ridge_physics,2.7977841025904606,3.760002763167877,"{""alpha"": 10.0}",8.743193745613098,3;58;62;78,2;7;8;13;16;24;26;30;33;41;43;45;53;59;66;68;79;86;90
0,2,4,0.05A,2,source_cluster,ridge_source,2.3052480597245064,3.0182060654883736,"{""alpha"": 1.0}",6.553930997848511,3;58;62;78,2;7;8;13;16;24;26;30;33;41;43;45;53;59;66;68;79;86;90
0,2,4,0.05A,2,source_cluster,ridge_input,4.867326836836965,6.427605802012971,"{""alpha"": 10.0}",13.305824398994446,3;58;62;78,2;7;8;13;16;24;26;30;33;41;43;45;53;59;66;68;79;86;90
0,2,4,0.05A,2,source_cluster,krr_rbf,3.463328311317845,4.045340414909629,"{""alpha"": 0.1, ""gamma"": 0.05}",16.83398985862732,3;58;62;78,2;7;8;13;16;24;26;30;33;41;43;45;53;59;66;68;79;86;90
0,2,4,0.05A,2,source_cluster,svr_rbf,4.123875560601522,4.648256304599383,"{""C"": 100.0, ""epsilon"": 0.2}",19.08979423886857,3;58;62;78,2;7;8;13;16;24;26;30;33;41;43;45;53;59;66;68;79;86;90
0,2,4,0.05A,2,source_cluster,gp_rbf,3.2525616302476856,3.782964539901021,"{""alpha"": 1.0, ""length"": 3.0}",18.270541491319584,3;58;62;78,2;7;8;13;16;24;26;30;33;41;43;45;53;59;66;68;79;86;90
0,2,4,0.05A,2,source_cluster,catboost,3.8241744879145383,5.832012529069619,{},,3;58;62;78,2;7;8;13;16;24;26;30;33;41;43;45;53;59;66;68;79;86;90
0,2,4,0.05A,2,source_cluster,xgboost,7.3971312673468335,10.547644963975271,{},,3;58;62;78,2;7;8;13;16;24;26;30;33;41;43;45;53;59;66;68;79;86;90
0,2,4,0.05A,2,source_cluster,extra_trees,6.521245444448369,7.068725838181485,{},,3;58;62;78,2;7;8;13;16;24;26;30;33;41;43;45;53;59;66;68;79;86;90
0,2,4,C/10,3,source_cluster,ridge_physics,1.5132193314401727,2.0206199470138646,"{""alpha"": 1.0}",6.683928728103638,3;58;62;78,2;7;8;13;16;24;26;30;33;41;43;45;53;59;66;68;79;86;90
0,2,4,C/10,3,source_cluster,ridge_source,1.7085454840409129,1.9963019004181135,"{""alpha"": 0.1}",3.624812602996826,3;58;62;78,2;7;8;13;16;24;26;30;33;41;43;45;53;59;66;68;79;86;90
0,2,4,C/10,3,source_cluster,ridge_input,3.807513588353207,5.1970727017161344,"{""alpha"": 10.0}",9.462504148483276,3;58;62;78,2;7;8;13;16;24;26;30;33;41;43;45;53;59;66;68;79;86;90
0,2,4,C/10,3,source_cluster,krr_rbf,2.2771473934775903,2.631579556592492,"{""alpha"": 0.1, ""gamma"": 0.05}",18.58786153793335,3;58;62;78,2;7;8;13;16;24;26;30;33;41;43;45;53;59;66;68;79;86;90
0,2,4,C/10,3,source_cluster,svr_rbf,2.647137524291908,3.0452603624875376,"{""C"": 100.0, ""epsilon"": 0.2}",20.365038311664733,3;58;62;78,2;7;8;13;16;24;26;30;33;41;43;45;53;59;66;68;79;86;90
0,2,4,C/10,3,source_cluster,gp_rbf,1.9921328247201369,2.596800310569125,"{""alpha"": 1.0, ""length"": 3.0}",20.094854618583,3;58;62;78,2;7;8;13;16;24;26;30;33;41;43;45;53;59;66;68;79;86;90
0,2,4,C/10,3,source_cluster,catboost,4.977259645276429,6.790857290383686,{},,3;58;62;78,2;7;8;13;16;24;26;30;33;41;43;45;53;59;66;68;79;86;90
0,2,4,C/10,3,source_cluster,xgboost,8.20993363229852,10.509963770740622,{},,3;58;62;78,2;7;8;13;16;24;26;30;33;41;43;45;53;59;66;68;79;86;90
0,2,4,C/10,3,source_cluster,extra_trees,6.184398987418729,7.103213743788644,{},,3;58;62;78,2;7;8;13;16;24;26;30;33;41;43;45;53;59;66;68;79;86;90
0,2,4,C/7,4,source_cluster,ridge_physics,1.4693756103515625,1.974832807537028,"{""alpha"": 1.0}",5.932600021362305,3;58;62;78,2;7;8;13;16;24;26;30;33;41;43;45;53;59;66;68;79;86;90
0,2,4,C/7,4,source_cluster,ridge_source,1.919108742161801,2.132087648627434,"{""alpha"": 0.1}",3.366888999938965,3;58;62;78,2;7;8;13;16;24;26;30;33;41;43;45;53;59;66;68;79;86;90
0,2,4,C/7,4,source_cluster,ridge_input,3.74861626876028,5.091312714431733,"{""alpha"": 10.0}",9.450830936431885,3;58;62;78,2;7;8;13;16;24;26;30;33;41;43;45;53;59;66;68;79;86;90
0,2,4,C/7,4,source_cluster,krr_rbf,2.2338104248046875,2.614014407396441,"{""alpha"": 0.1, ""gamma"": 0.05}",18.98792922496796,3;58;62;78,2;7;8;13;16;24;26;30;33;41;43;45;53;59;66;68;79;86;90
0,2,4,C/7,4,source_cluster,svr_rbf,2.5954025223207298,3.001096965055184,"{""C"": 100.0, ""epsilon"": 0.2}",20.72309416445141,3;58;62;78,2;7;8;13;16;24;26;30;33;41;43;45;53;59;66;68;79;86;90
0,2,4,C/7,4,source_cluster,gp_rbf,2.0296772441936834,2.615222938188047,"{""alpha"": 1.0, ""length"": 3.0}",20.509666186473368,3;58;62;78,2;7;8;13;16;24;26;30;33;41;43;45;53;59;66;68;79;86;90
0,2,4,C/7,4,source_cluster,catboost,5.02470204168593,6.8444014087397,{},,3;58;62;78,2;7;8;13;16;24;26;30;33;41;43;45;53;59;66;68;79;86;90
0,2,4,C/7,4,source_cluster,xgboost,8.383521632144326,10.5733949966278,{},,3;58;62;78,2;7;8;13;16;24;26;30;33;41;43;45;53;59;66;68;79;86;90
0,2,4,C/7,4,source_cluster,extra_trees,6.226468368580467,7.193347558140992,{},,3;58;62;78,2;7;8;13;16;24;26;30;33;41;43;45;53;59;66;68;79;86;90
0,2,4,C/5,5,source_cluster,ridge_physics,1.4180209511204769,1.9447651125291656,"{""alpha"": 1.0}",5.439178943634033,3;58;62;78,2;7;8;13;16;24;26;30;33;41;43;45;53;59;66;68;79;86;90
0,2,4,C/5,5,source_cluster,ridge_source,2.112481769762541,2.288920803141904,"{""alpha"": 0.1}",3.610837459564209,3;58;62;78,2;7;8;13;16;24;26;30;33;41;43;45;53;59;66;68;79;86;90
0,2,4,C/5,5,source_cluster,ridge_input,3.7257722553453942,5.0199522369935865,"{""alpha"": 10.0}",9.673231840133669,3;58;62;78,2;7;8;13;16;24;26;30;33;41;43;45;53;59;66;68;79;86;90
0,2,4,C/5,5,source_cluster,krr_rbf,2.200093319541529,2.598216786766657,"{""alpha"": 0.1, ""gamma"": 0.05}",19.43504786491394,3;58;62;78,2;7;8;13;16;24;26;30;33;41;43;45;53;59;66;68;79;86;90
0,2,4,C/5,5,source_cluster,svr_rbf,2.550556677154938,2.962064601292952,"{""C"": 100.0, ""epsilon"": 0.2}",21.139505519380947,3;58;62;78,2;7;8;13;16;24;26;30;33;41;43;45;53;59;66;68;79;86;90
0,2,4,C/5,5,source_cluster,gp_rbf,2.07581927361607,2.636612820987394,"{""alpha"": 1.0, ""length"": 3.0}",20.9773219638654,3;58;62;78,2;7;8;13;16;24;26;30;33;41;43;45;53;59;66;68;79;86;90
0,2,4,C/5,5,source_cluster,catboost,5.076673043254604,6.902370341675614,{},,3;58;62;78,2;7;8;13;16;24;26;30;33;41;43;45;53;59;66;68;79;86;90
0,2,4,C/5,5,source_cluster,xgboost,8.581132989180716,10.683461336857302,{},,3;58;62;78,2;7;8;13;16;24;26;30;33;41;43;45;53;59;66;68;79;86;90
0,2,4,C/5,5,source_cluster,extra_trees,6.284928619234182,7.29187627373688,{},,3;58;62;78,2;7;8;13;16;24;26;30;33;41;43;45;53;59;66;68;79;86;90
0,2,4,C/80,0,physical_cluster,ridge_physics,2.870624341462788,4.0611142213054725,"{""alpha"": 10.0}",6.395421862602234,0;21;56;62,2;7;8;13;16;24;26;30;33;41;43;45;53;59;66;68;79;86;90
0,2,4,C/80,0,physical_cluster,ridge_source,2.171952097039474,3.0495696614673653,"{""alpha"": 0.1}",3.621410012245178,0;21;56;62,2;7;8;13;16;24;26;30;33;41;43;45;53;59;66;68;79;86;90
0,2,4,C/80,0,physical_cluster,ridge_input,5.438668903551604,6.927382110948375,"{""alpha"": 10.0}",11.276198983192444,0;21;56;62,2;7;8;13;16;24;26;30;33;41;43;45;53;59;66;68;79;86;90
0,2,4,C/80,0,physical_cluster,krr_rbf,3.485797279759457,4.1700419282596615,"{""alpha"": 0.1, ""gamma"": 0.05}",15.30313029885292,0;21;56;62,2;7;8;13;16;24;26;30;33;41;43;45;53;59;66;68;79;86;90
0,2,4,C/80,0,physical_cluster,svr_rbf,3.2848253202295394,4.0546328269819565,"{""C"": 100.0, ""epsilon"": 0.2}",17.127243287553377,0;21;56;62,2;7;8;13;16;24;26;30;33;41;43;45;53;59;66;68;79;86;90
0,2,4,C/80,0,physical_cluster,gp_rbf,3.762663825617192,4.3964956082618,"{""alpha"": 1.0, ""length"": 3.0}",16.749864481216253,0;21;56;62,2;7;8;13;16;24;26;30;33;41;43;45;53;59;66;68;79;86;90
0,2,4,C/80,0,physical_cluster,catboost,3.866575485418976,5.869214623600984,{},,0;21;56;62,2;7;8;13;16;24;26;30;33;41;43;45;53;59;66;68;79;86;90
0,2,4,C/80,0,physical_cluster,xgboost,7.380482723838405,10.606278744576572,{},,0;21;56;62,2;7;8;13;16;24;26;30;33;41;43;45;53;59;66;68;79;86;90
0,2,4,C/80,0,physical_cluster,extra_trees,6.538668712816741,7.350084643389856,{},,0;21;56;62,2;7;8;13;16;24;26;30;33;41;43;45;53;59;66;68;79;86;90
0,2,4,C/40,1,physical_cluster,ridge_physics,1.5708690442537006,2.678557808176579,"{""alpha"": 1.0}",6.297544836997986,0;21;56;62,2;7;8;13;16;24;26;30;33;41;43;45;53;59;66;68;79;86;90
0,2,4,C/40,1,physical_cluster,ridge_source,1.3519913522820723,2.293551714446592,"{""alpha"": 0.1}",3.500354766845703,0;21;56;62,2;7;8;13;16;24;26;30;33;41;43;45;53;59;66;68;79;86;90
0,2,4,C/40,1,physical_cluster,ridge_input,4.891814382452714,6.500599076235981,"{""alpha"": 10.0}",10.879201173782349,0;21;56;62,2;7;8;13;16;24;26;30;33;41;43;45;53;59;66;68;79;86;90
0,2,4,C/40,1,physical_cluster,krr_rbf,3.017296640496505,3.654310153279517,"{""alpha"": 0.1, ""gamma"": 0.05}",15.917609810829164,0;21;56;62,2;7;8;13;16;24;26;30;33;41;43;45;53;59;66;68;79;86;90
0,2,4,C/40,1,physical_cluster,svr_rbf,2.851830840152021,3.5442987697089308,"{""C"": 100.0, ""epsilon"": 0.2}",17.658513489295373,0;21;56;62,2;7;8;13;16;24;26;30;33;41;43;45;53;59;66;68;79;86;90
0,2,4,C/40,1,physical_cluster,gp_rbf,3.4044210191028643,3.913379636744901,"{""alpha"": 1.0, ""length"": 3.0}",17.392072495452688,0;21;56;62,2;7;8;13;16;24;26;30;33;41;43;45;53;59;66;68;79;86;90
0,2,4,C/40,1,physical_cluster,catboost,4.229580369159929,6.033618595721119,{},,0;21;56;62,2;7;8;13;16;24;26;30;33;41;43;45;53;59;66;68;79;86;90
0,2,4,C/40,1,physical_cluster,xgboost,7.502960205078125,10.414047901419751,{},,0;21;56;62,2;7;8;13;16;24;26;30;33;41;43;45;53;59;66;68;79;86;90
0,2,4,C/40,1,physical_cluster,extra_trees,6.30430747082359,6.963921658327656,{},,0;21;56;62,2;7;8;13;16;24;26;30;33;41;43;45;53;59;66;68;79;86;90
0,2,4,0.05A,2,physical_cluster,ridge_physics,2.998457256116365,4.133380292108186,"{""alpha"": 10.0}",6.363603591918945,0;21;56;62,2;7;8;13;16;24;26;30;33;41;43;45;53;59;66;68;79;86;90
0,2,4,0.05A,2,physical_cluster,ridge_source,2.2610586065995064,3.1444803006134383,"{""alpha"": 0.1}",3.861171007156372,0;21;56;62,2;7;8;13;16;24;26;30;33;41;43;45;53;59;66;68;79;86;90
0,2,4,0.05A,2,physical_cluster,ridge_input,5.339767857601768,6.846475625601794,"{""alpha"": 10.0}",10.904663920402529,0;21;56;62,2;7;8;13;16;24;26;30;33;41;43;45;53;59;66;68;79;86;90
0,2,4,0.05A,2,physical_cluster,krr_rbf,3.595815558182566,4.230165978316597,"{""alpha"": 0.1, ""gamma"": 0.05}",15.183886170387268,0;21;56;62,2;7;8;13;16;24;26;30;33;41;43;45;53;59;66;68;79;86;90
0,2,4,0.05A,2,physical_cluster,svr_rbf,3.385811726007945,4.14496578117769,"{""C"": 100.0, ""epsilon"": 0.2}",17.026867945981436,0;21;56;62,2;7;8;13;16;24;26;30;33;41;43;45;53;59;66;68;79;86;90
0,2,4,0.05A,2,physical_cluster,gp_rbf,3.8723109992287625,4.444948430988197,"{""alpha"": 1.0, ""length"": 3.0}",16.609144774283493,0;21;56;62,2;7;8;13;16;24;26;30;33;41;43;45;53;59;66;68;79;86;90
0,2,4,0.05A,2,physical_cluster,catboost,3.788642876334253,5.807360174376359,{},,0;21;56;62,2;7;8;13;16;24;26;30;33;41;43;45;53;59;66;68;79;86;90
0,2,4,0.05A,2,physical_cluster,xgboost,7.365240799753289,10.563821115434228,{},,0;21;56;62,2;7;8;13;16;24;26;30;33;41;43;45;53;59;66;68;79;86;90
0,2,4,0.05A,2,physical_cluster,extra_trees,6.274268526779975,7.088947839431024,{},,0;21;56;62,2;7;8;13;16;24;26;30;33;41;43;45;53;59;66;68;79;86;90
0,2,4,C/10,3,physical_cluster,ridge_physics,1.1315460205078125,2.1885968483290097,"{""alpha"": 1.0}",4.144637107849121,0;21;56;62,2;7;8;13;16;24;26;30;33;41;43;45;53;59;66;68;79;86;90
0,2,4,C/10,3,physical_cluster,ridge_source,1.1884279753032485,1.7177039926215152,"{""alpha"": 0.1}",3.4127447605133057,0;21;56;62,2;7;8;13;16;24;26;30;33;41;43;45;53;59;66;68;79;86;90
0,2,4,C/10,3,physical_cluster,ridge_input,4.374929327713816,5.945584721715624,"{""alpha"": 10.0}",9.999375581741331,0;21;56;62,2;7;8;13;16;24;26;30;33;41;43;45;53;59;66;68;79;86;90
0,2,4,C/10,3,physical_cluster,krr_rbf,2.701711554276316,3.319135926214437,"{""alpha"": 0.1, ""gamma"": 0.05}",17.758513510227203,0;21;56;62,2;7;8;13;16;24;26;30;33;41;43;45;53;59;66;68;79;86;90
0,2,4,C/10,3,physical_cluster,svr_rbf,2.68264208073549,3.1888185874221104,"{""C"": 100.0, ""epsilon"": 0.2}",19.365997197542555,0;21;56;62,2;7;8;13;16;24;26;30;33;41;43;45;53;59;66;68;79;86;90
0,2,4,C/10,3,physical_cluster,gp_rbf,3.1105505176609376,3.618397242187832,"{""alpha"": 1.0, ""length"": 3.0}",19.285567397629425,0;21;56;62,2;7;8;13;16;24;26;30;33;41;43;45;53;59;66;68;79;86;90
0,2,4,C/10,3,physical_cluster,catboost,4.640877749518856,6.43089778418349,{},,0;21;56;62,2;7;8;13;16;24;26;30;33;41;43;45;53;59;66;68;79;86;90
0,2,4,C/10,3,physical_cluster,xgboost,7.974912944592927,10.446646258631798,{},,0;21;56;62,2;7;8;13;16;24;26;30;33;41;43;45;53;59;66;68;79;86;90
0,2,4,C/10,3,physical_cluster,extra_trees,6.329936067681562,6.930146652651708,{},,0;21;56;62,2;7;8;13;16;24;26;30;33;41;43;45;53;59;66;68;79;86;90
0,2,4,C/7,4,physical_cluster,ridge_physics,1.0604653609426398,2.1187666338501354,"{""alpha"": 1.0}",3.8914523124694815,0;21;56;62,2;7;8;13;16;24;26;30;33;41;43;45;53;59;66;68;79;86;90
0,2,4,C/7,4,physical_cluster,ridge_source,1.4332371761924343,1.7789150576933714,"{""alpha"": 0.1}",3.9484362602233887,0;21;56;62,2;7;8;13;16;24;26;30;33;41;43;45;53;59;66;68;79;86;90
0,2,4,C/7,4,physical_cluster,ridge_input,4.283978512412624,5.8279923504721225,"{""alpha"": 10.0}",10.179969429969788,0;21;56;62,2;7;8;13;16;24;26;30;33;41;43;45;53;59;66;68;79;86;90
0,2,4,C/7,4,physical_cluster,krr_rbf,2.697763543379934,3.2887770650446817,"{""alpha"": 0.1, ""gamma"": 0.05}",18.2526193857193,0;21;56;62,2;7;8;13;16;24;26;30;33;41;43;45;53;59;66;68;79;86;90
0,2,4,C/7,4,physical_cluster,svr_rbf,2.6649891798864256,3.154096092123311,"{""C"": 100.0, ""epsilon"": 0.2}",19.79197666187421,0;21;56;62,2;7;8;13;16;24;26;30;33;41;43;45;53;59;66;68;79;86;90
0,2,4,C/7,4,physical_cluster,gp_rbf,3.0888999690859285,3.600732081255774,"{""alpha"": 1.0, ""length"": 3.0}",19.823027402946803,0;21;56;62,2;7;8;13;16;24;26;30;33;41;43;45;53;59;66;68;79;86;90
0,2,4,C/7,4,physical_cluster,catboost,4.727970721805144,6.508773474927428,{},,0;21;56;62,2;7;8;13;16;24;26;30;33;41;43;45;53;59;66;68;79;86;90
0,2,4,C/7,4,physical_cluster,xgboost,8.145794115568462,10.501534240147183,{},,0;21;56;62,2;7;8;13;16;24;26;30;33;41;43;45;53;59;66;68;79;86;90
0,2,4,C/7,4,physical_cluster,extra_trees,6.324099081440977,6.963206317172257,{},,0;21;56;62,2;7;8;13;16;24;26;30;33;41;43;45;53;59;66;68;79;86;90
0,2,4,C/5,5,physical_cluster,ridge_physics,1.0676598799856083,2.0558904094095425,"{""alpha"": 1.0}",3.8682379722595215,0;21;56;62,2;7;8;13;16;24;26;30;33;41;43;45;53;59;66;68;79;86;90
0,2,4,C/5,5,physical_cluster,ridge_source,1.6868390535053457,1.9191747002389,"{""alpha"": 0.1}",4.4957475662231445,0;21;56;62,2;7;8;13;16;24;26;30;33;41;43;45;53;59;66;68;79;86;90
0,2,4,C/5,5,physical_cluster,ridge_input,4.2057655736019735,5.726111572853932,"{""alpha"": 10.0}",10.32821249961853,0;21;56;62,2;7;8;13;16;24;26;30;33;41;43;45;53;59;66;68;79;86;90
0,2,4,C/5,5,physical_cluster,krr_rbf,2.725438168174342,3.2705359716518387,"{""alpha"": 0.1, ""gamma"": 0.05}",18.75077199935913,0;21;56;62,2;7;8;13;16;24;26;30;33;41;43;45;53;59;66;68;79;86;90
0,2,4,C/5,5,physical_cluster,svr_rbf,2.675187079314463,3.1483150109049856,"{""C"": 100.0, ""epsilon"": 0.2}",20.228642175879862,0;21;56;62,2;7;8;13;16;24;26;30;33;41;43;45;53;59;66;68;79;86;90
0,2,4,C/5,5,physical_cluster,gp_rbf,3.068613167954605,3.5864063145158545,"{""alpha"": 1.0, ""length"": 3.0}",20.37641852943021,0;21;56;62,2;7;8;13;16;24;26;30;33;41;43;45;53;59;66;68;79;86;90
0,2,4,C/5,5,physical_cluster,catboost,4.846549803425488,6.6197369133549016,{},,0;21;56;62,2;7;8;13;16;24;26;30;33;41;43;45;53;59;66;68;79;86;90
0,2,4,C/5,5,physical_cluster,xgboost,8.381456475508841,10.61285978078151,{},,0;21;56;62,2;7;8;13;16;24;26;30;33;41;43;45;53;59;66;68;79;86;90
0,2,4,C/5,5,physical_cluster,extra_trees,6.314402286629926,7.016992348060335,{},,0;21;56;62,2;7;8;13;16;24;26;30;33;41;43;45;53;59;66;68;79;86;90
0,2,4,C/80,0,input_cluster,ridge_physics,2.827536331979852,3.682530961809453,"{""alpha"": 1.0}",4.655450105667114,5;19;62;84,2;7;8;13;16;24;26;30;33;41;43;45;53;59;66;68;79;86;90
0,2,4,C/80,0,input_cluster,ridge_source,2.447702508223684,3.135218576642255,"{""alpha"": 0.1}",3.888130843639374,5;19;62;84,2;7;8;13;16;24;26;30;33;41;43;45;53;59;66;68;79;86;90
0,2,4,C/80,0,input_cluster,ridge_input,5.64697988409745,7.75140429490902,"{""alpha"": 10.0}",7.433860421180725,5;19;62;84,2;7;8;13;16;24;26;30;33;41;43;45;53;59;66;68;79;86;90
0,2,4,C/80,0,input_cluster,krr_rbf,3.178537067614104,5.097723014525621,"{""alpha"": 0.1, ""gamma"": 0.05}",14.2455974817276,5;19;62;84,2;7;8;13;16;24;26;30;33;41;43;45;53;59;66;68;79;86;90
0,2,4,C/80,0,input_cluster,svr_rbf,4.890890014280027,9.182995239541844,"{""C"": 100.0, ""epsilon"": 0.2}",9.83217758744701,5;19;62;84,2;7;8;13;16;24;26;30;33;41;43;45;53;59;66;68;79;86;90
0,2,4,C/80,0,input_cluster,gp_rbf,3.6960690011985977,5.654777740698411,"{""alpha"": 1.0, ""length"": 3.0}",14.84621726695818,5;19;62;84,2;7;8;13;16;24;26;30;33;41;43;45;53;59;66;68;79;86;90
0,2,4,C/80,0,input_cluster,catboost,7.446721940480327,9.771990595600968,{},,5;19;62;84,2;7;8;13;16;24;26;30;33;41;43;45;53;59;66;68;79;86;90
0,2,4,C/80,0,input_cluster,xgboost,9.681386044150903,11.682185805678126,{},,5;19;62;84,2;7;8;13;16;24;26;30;33;41;43;45;53;59;66;68;79;86;90
0,2,4,C/80,0,input_cluster,extra_trees,5.287680861824437,7.517523257505177,{},,5;19;62;84,2;7;8;13;16;24;26;30;33;41;43;45;53;59;66;68;79;86;90
0,2,4,C/40,1,input_cluster,ridge_physics,2.550539518657484,3.3123272687391774,"{""alpha"": 1.0}",2.9888229370117188,5;19;62;84,2;7;8;13;16;24;26;30;33;41;43;45;53;59;66;68;79;86;90
0,2,4,C/40,1,input_cluster,ridge_source,1.9329360158819904,2.498502729017336,"{""alpha"": 0.1}",2.20454216003418,5;19;62;84,2;7;8;13;16;24;26;30;33;41;43;45;53;59;66;68;79;86;90
0,2,4,C/40,1,input_cluster,ridge_input,5.41624611302426,7.460951965686705,"{""alpha"": 10.0}",7.793639183044434,5;19;62;84,2;7;8;13;16;24;26;30;33;41;43;45;53;59;66;68;79;86;90
0,2,4,C/40,1,input_cluster,krr_rbf,2.958128678171258,4.826227486649494,"{""alpha"": 0.1, ""gamma"": 0.05}",14.284461617469788,5;19;62;84,2;7;8;13;16;24;26;30;33;41;43;45;53;59;66;68;79;86;90
0,2,4,C/40,1,input_cluster,svr_rbf,4.483878763524916,8.959801987076487,"{""C"": 100.0, ""epsilon"": 0.2}",9.696329967922026,5;19;62;84,2;7;8;13;16;24;26;30;33;41;43;45;53;59;66;68;79;86;90
0,2,4,C/40,1,input_cluster,gp_rbf,3.5115101977641703,5.378699291641054,"{""alpha"": 1.0, ""length"": 3.0}",14.962061892837966,5;19;62;84,2;7;8;13;16;24;26;30;33;41;43;45;53;59;66;68;79;86;90
0,2,4,C/40,1,input_cluster,catboost,7.651781726601587,9.875920255059537,{},,5;19;62;84,2;7;8;13;16;24;26;30;33;41;43;45;53;59;66;68;79;86;90
0,2,4,C/40,1,input_cluster,xgboost,9.814474808542352,11.771946978554922,{},,5;19;62;84,2;7;8;13;16;24;26;30;33;41;43;45;53;59;66;68;79;86;90
0,2,4,C/40,1,input_cluster,extra_trees,5.469532268925716,7.569117384821816,{},,5;19;62;84,2;7;8;13;16;24;26;30;33;41;43;45;53;59;66;68;79;86;90
0,2,4,0.05A,2,input_cluster,ridge_physics,2.844606901469984,3.7215424575779887,"{""alpha"": 1.0}",4.819938838481903,5;19;62;84,2;7;8;13;16;24;26;30;33;41;43;45;53;59;66;68;79;86;90
0,2,4,0.05A,2,input_cluster,ridge_source,2.498925058465255,3.207693304606903,"{""alpha"": 0.1}",4.052850842475891,5;19;62;84,2;7;8;13;16;24;26;30;33;41;43;45;53;59;66;68;79;86;90
0,2,4,0.05A,2,input_cluster,ridge_input,5.587929173519737,7.607316847739324,"{""alpha"": 10.0}",7.415431261062622,5;19;62;84,2;7;8;13;16;24;26;30;33;41;43;45;53;59;66;68;79;86;90
0,2,4,0.05A,2,input_cluster,krr_rbf,3.3262457596628288,5.0269244042636485,"{""alpha"": 0.1, ""gamma"": 0.05}",14.28200137615204,5;19;62;84,2;7;8;13;16;24;26;30;33;41;43;45;53;59;66;68;79;86;90
0,2,4,0.05A,2,input_cluster,svr_rbf,4.910304683715792,9.022049242989338,"{""C"": 100.0, ""epsilon"": 0.2}",9.949844220685591,5;19;62;84,2;7;8;13;16;24;26;30;33;41;43;45;53;59;66;68;79;86;90
0,2,4,0.05A,2,input_cluster,gp_rbf,3.8167707803647497,5.6138483184208505,"{""alpha"": 1.0, ""length"": 3.0}",14.86016645823456,5;19;62;84,2;7;8;13;16;24;26;30;33;41;43;45;53;59;66;68;79;86;90
0,2,4,0.05A,2,input_cluster,catboost,7.365166388682586,9.570948316605984,{},,5;19;62;84,2;7;8;13;16;24;26;30;33;41;43;45;53;59;66;68;79;86;90
0,2,4,0.05A,2,input_cluster,xgboost,9.648487291837991,11.516970203936484,{},,5;19;62;84,2;7;8;13;16;24;26;30;33;41;43;45;53;59;66;68;79;86;90
0,2,4,0.05A,2,input_cluster,extra_trees,5.087883685764513,7.233663502194916,{},,5;19;62;84,2;7;8;13;16;24;26;30;33;41;43;45;53;59;66;68;79;86;90
0,2,4,C/10,3,input_cluster,ridge_physics,1.577720240542763,2.290370452398048,"{""alpha"": 0.1}",1.096186876296997,5;19;62;84,2;7;8;13;16;24;26;30;33;41;43;45;53;59;66;68;79;86;90
0,2,4,C/10,3,input_cluster,ridge_source,1.342045834189967,1.7787819819082318,"{""alpha"": 0.1}",1.4001811742782593,5;19;62;84,2;7;8;13;16;24;26;30;33;41;43;45;53;59;66;68;79;86;90
0,2,4,C/10,3,input_cluster,ridge_input,3.549646076403166,5.132039144722264,"{""alpha"": 1.0}",6.09637463092804,5;19;62;84,2;7;8;13;16;24;26;30;33;41;43;45;53;59;66;68;79;86;90
0,2,4,C/10,3,input_cluster,krr_rbf,2.907463475277549,4.628108328317718,"{""alpha"": 0.1, ""gamma"": 0.05}",15.66446828842163,5;19;62;84,2;7;8;13;16;24;26;30;33;41;43;45;53;59;66;68;79;86;90
0,2,4,C/10,3,input_cluster,svr_rbf,4.637947321536196,9.282770016582582,"{""C"": 100.0, ""epsilon"": 0.2}",10.498641129922971,5;19;62;84,2;7;8;13;16;24;26;30;33;41;43;45;53;59;66;68;79;86;90
0,2,4,C/10,3,input_cluster,gp_rbf,3.480952299335992,5.148259374040934,"{""alpha"": 1.0, ""length"": 3.0}",16.475154265947513,5;19;62;84,2;7;8;13;16;24;26;30;33;41;43;45;53;59;66;68;79;86;90
0,2,4,C/10,3,input_cluster,catboost,8.36192810805929,10.5285072190741,{},,5;19;62;84,2;7;8;13;16;24;26;30;33;41;43;45;53;59;66;68;79;86;90
0,2,4,C/10,3,input_cluster,xgboost,10.406409012643914,12.353540760233292,{},,5;19;62;84,2;7;8;13;16;24;26;30;33;41;43;45;53;59;66;68;79;86;90
0,2,4,C/10,3,input_cluster,extra_trees,6.349529000332482,8.354185980530724,{},,5;19;62;84,2;7;8;13;16;24;26;30;33;41;43;45;53;59;66;68;79;86;90
0,2,4,C/7,4,input_cluster,ridge_physics,1.6401423404091282,2.309776025977121,"{""alpha"": 0.1}",0.5358942747116089,5;19;62;84,2;7;8;13;16;24;26;30;33;41;43;45;53;59;66;68;79;86;90
0,2,4,C/7,4,input_cluster,ridge_source,1.4401771143863076,1.7816234323607285,"{""alpha"": 0.1}",1.910770297050476,5;19;62;84,2;7;8;13;16;24;26;30;33;41;43;45;53;59;66;68;79;86;90
0,2,4,C/7,4,input_cluster,ridge_input,3.513490777266653,5.079462674475606,"{""alpha"": 1.0}",5.551270484924316,5;19;62;84,2;7;8;13;16;24;26;30;33;41;43;45;53;59;66;68;79;86;90
0,2,4,C/7,4,input_cluster,krr_rbf,2.916004783228824,4.558918539353801,"{""alpha"": 0.1, ""gamma"": 0.05}",16.16491711139679,5;19;62;84,2;7;8;13;16;24;26;30;33;41;43;45;53;59;66;68;79;86;90
0,2,4,C/7,4,input_cluster,svr_rbf,4.742957125158168,9.396478303002004,"{""C"": 100.0, ""epsilon"": 0.2}",10.777841430361446,5;19;62;84,2;7;8;13;16;24;26;30;33;41;43;45;53;59;66;68;79;86;90
0,2,4,C/7,4,input_cluster,gp_rbf,3.485823912421966,5.077225437665689,"{""alpha"": 1.0, ""length"": 3.0}",17.00895342038744,5;19;62;84,2;7;8;13;16;24;26;30;33;41;43;45;53;59;66;68;79;86;90
0,2,4,C/7,4,input_cluster,catboost,8.52584830077711,10.696588663972696,{},,5;19;62;84,2;7;8;13;16;24;26;30;33;41;43;45;53;59;66;68;79;86;90
0,2,4,C/7,4,input_cluster,xgboost,10.59047458046361,12.52616939010352,{},,5;19;62;84,2;7;8;13;16;24;26;30;33;41;43;45;53;59;66;68;79;86;90
0,2,4,C/7,4,input_cluster,extra_trees,6.581606509810999,8.567724064681032,{},,5;19;62;84,2;7;8;13;16;24;26;30;33;41;43;45;53;59;66;68;79;86;90
0,2,4,C/5,5,input_cluster,ridge_physics,1.728295978746916,2.338916020707603,"{""alpha"": 0.1}",0.7454648017883301,5;19;62;84,2;7;8;13;16;24;26;30;33;41;43;45;53;59;66;68;79;86;90
0,2,4,C/5,5,input_cluster,ridge_source,1.5294578953793174,1.8547435510716836,"{""alpha"": 0.1}",2.3972325325012207,5;19;62;84,2;7;8;13;16;24;26;30;33;41;43;45;53;59;66;68;79;86;90
0,2,4,C/5,5,input_cluster,ridge_input,3.507794028834293,5.039905489833232,"{""alpha"": 1.0}",5.109941244125366,5;19;62;84,2;7;8;13;16;24;26;30;33;41;43;45;53;59;66;68;79;86;90
0,2,4,C/5,5,input_cluster,krr_rbf,2.944567228618421,4.502673456128771,"{""alpha"": 0.1, ""gamma"": 0.05}",16.719786167144775,5;19;62;84,2;7;8;13;16;24;26;30;33;41;43;45;53;59;66;68;79;86;90
0,2,4,C/5,5,input_cluster,svr_rbf,4.884185842618248,9.530269692699427,"{""C"": 100.0, ""epsilon"": 0.2}",11.103364919773872,5;19;62;84,2;7;8;13;16;24;26;30;33;41;43;45;53;59;66;68;79;86;90
0,2,4,C/5,5,input_cluster,gp_rbf,3.514203531258828,5.027453093025992,"{""alpha"": 1.0, ""length"": 3.0}",17.59613206468029,5;19;62;84,2;7;8;13;16;24;26;30;33;41;43;45;53;59;66;68;79;86;90
0,2,4,C/5,5,input_cluster,catboost,8.675397050861914,10.854654322214325,{},,5;19;62;84,2;7;8;13;16;24;26;30;33;41;43;45;53;59;66;68;79;86;90
0,2,4,C/5,5,input_cluster,xgboost,10.806456716437088,12.731360430255776,{},,5;19;62;84,2;7;8;13;16;24;26;30;33;41;43;45;53;59;66;68;79;86;90
0,2,4,C/5,5,input_cluster,extra_trees,6.802194333076479,8.774883976403967,{},,5;19;62;84,2;7;8;13;16;24;26;30;33;41;43;45;53;59;66;68;79;86;90