fold,repeat,k,rate,rate_idx,policy,method,soh_mae_pp,soh_rmse_pp,selected_hyperparameters,labeled_loo_mae,label_ids,test_ids
4,0,4,C/80,0,random,ridge_physics,3.3570480346679688,4.350780234617466,"{""alpha"": 1.0}",2.1321205496788025,16;53;57;82,9;12;21;25;36;37;39;44;46;47;58;64;65;67;70;72;83;87
4,0,4,C/80,0,random,ridge_source,3.030669742160373,3.9048362796675167,"{""alpha"": 0.1}",2.077007591724396,16;53;57;82,9;12;21;25;36;37;39;44;46;47;58;64;65;67;70;72;83;87
4,0,4,C/80,0,random,ridge_input,6.903412289089626,9.085195116787716,"{""alpha"": 0.1}",2.110486149787903,16;53;57;82,9;12;21;25;36;37;39;44;46;47;58;64;65;67;70;72;83;87
4,0,4,C/80,0,random,krr_rbf,5.7454346550835504,9.095088302166724,"{""alpha"": 0.1, ""gamma"": 0.5}",1.4626022279262545,16;53;57;82,9;12;21;25;36;37;39;44;46;47;58;64;65;67;70;72;83;87
4,0,4,C/80,0,random,svr_rbf,7.353386841319459,11.740905490725217,"{""C"": 10.0, ""epsilon"": 0.2}",1.545081741287463,16;53;57;82,9;12;21;25;36;37;39;44;46;47;58;64;65;67;70;72;83;87
4,0,4,C/80,0,random,gp_rbf,5.742219477296452,9.084969405567003,"{""alpha"": 1.0, ""length"": 1.0}",1.826157962813815,16;53;57;82,9;12;21;25;36;37;39;44;46;47;58;64;65;67;70;72;83;87
4,0,4,C/80,0,random,catboost,8.610638110828605,11.185577631656209,{},,16;53;57;82,9;12;21;25;36;37;39;44;46;47;58;64;65;67;70;72;83;87
4,0,4,C/80,0,random,xgboost,10.411600324842665,12.476233953962833,{},,16;53;57;82,9;12;21;25;36;37;39;44;46;47;58;64;65;67;70;72;83;87
4,0,4,C/80,0,random,extra_trees,5.551608414120144,8.953161705918586,{},,16;53;57;82,9;12;21;25;36;37;39;44;46;47;58;64;65;67;70;72;83;87
4,0,4,C/40,1,random,ridge_physics,2.1072184244791665,2.9994686478001595,"{""alpha"": 0.1}",1.1516599655151367,16;53;57;82,9;12;21;25;36;37;39;44;46;47;58;64;65;67;70;72;83;87
4,0,4,C/40,1,random,ridge_source,2.450631035698785,3.286455402703416,"{""alpha"": 0.1}",1.1466205716133118,16;53;57;82,9;12;21;25;36;37;39;44;46;47;58;64;65;67;70;72;83;87
4,0,4,C/40,1,random,ridge_input,4.886453840467665,7.001959214390704,"{""alpha"": 0.1}",1.46522057056427,16;53;57;82,9;12;21;25;36;37;39;44;46;47;58;64;65;67;70;72;83;87
4,0,4,C/40,1,random,krr_rbf,5.67829089694553,9.019118035573085,"{""alpha"": 0.1, ""gamma"": 0.5}",0.7764559388160706,16;53;57;82,9;12;21;25;36;37;39;44;46;47;58;64;65;67;70;72;83;87
4,0,4,C/40,1,random,svr_rbf,7.161778033595596,11.44481003217828,"{""C"": 10.0, ""epsilon"": 0.2}",0.5897803370748309,16;53;57;82,9;12;21;25;36;37;39;44;46;47;58;64;65;67;70;72;83;87
4,0,4,C/40,1,random,gp_rbf,5.775762916294713,9.052798447603996,"{""alpha"": 1.0, ""length"": 1.0}",1.598672422713716,16;53;57;82,9;12;21;25;36;37;39;44;46;47;58;64;65;67;70;72;83;87
4,0,4,C/40,1,random,catboost,8.408634224802418,10.792665667906002,{},,16;53;57;82,9;12;21;25;36;37;39;44;46;47;58;64;65;67;70;72;83;87
4,0,4,C/40,1,random,xgboost,10.266885121663412,12.141144449507117,{},,16;53;57;82,9;12;21;25;36;37;39;44;46;47;58;64;65;67;70;72;83;87
4,0,4,C/40,1,random,extra_trees,5.307287981775072,8.495946929871081,{},,16;53;57;82,9;12;21;25;36;37;39;44;46;47;58;64;65;67;70;72;83;87
4,0,4,0.05A,2,random,ridge_physics,3.805824703640408,4.985161057613127,"{""alpha"": 1.0}",2.2980358004570007,16;53;57;82,9;12;21;25;36;37;39;44;46;47;58;64;65;67;70;72;83;87
4,0,4,0.05A,2,random,ridge_source,3.5339452955457897,4.559724420483121,"{""alpha"": 0.1}",2.369084119796753,16;53;57;82,9;12;21;25;36;37;39;44;46;47;58;64;65;67;70;72;83;87
4,0,4,0.05A,2,random,ridge_input,7.829972585042317,10.06518804961805,"{""alpha"": 0.1}",2.3563369512557983,16;53;57;82,9;12;21;25;36;37;39;44;46;47;58;64;65;67;70;72;83;87
4,0,4,0.05A,2,random,krr_rbf,5.950780656602648,9.142883316912936,"{""alpha"": 0.1, ""gamma"": 0.5}",1.7968897968530655,16;53;57;82,9;12;21;25;36;37;39;44;46;47;58;64;65;67;70;72;83;87
4,0,4,0.05A,2,random,svr_rbf,7.631931337994375,11.79891226793468,"{""C"": 10.0, ""epsilon"": 0.2}",1.8925916145208523,16;53;57;82,9;12;21;25;36;37;39;44;46;47;58;64;65;67;70;72;83;87
4,0,4,0.05A,2,random,gp_rbf,5.913406774130125,9.111446310450251,"{""alpha"": 1.0, ""length"": 1.0}",1.873524927574228,16;53;57;82,9;12;21;25;36;37;39;44;46;47;58;64;65;67;70;72;83;87
4,0,4,0.05A,2,random,catboost,8.685153664576672,11.293647980020058,{},,16;53;57;82,9;12;21;25;36;37;39;44;46;47;58;64;65;67;70;72;83;87
4,0,4,0.05A,2,random,xgboost,10.340299818250868,12.474184879054372,{},,16;53;57;82,9;12;21;25;36;37;39;44;46;47;58;64;65;67;70;72;83;87
4,0,4,0.05A,2,random,extra_trees,5.932538241810269,9.222570310509496,{},,16;53;57;82,9;12;21;25;36;37;39;44;46;47;58;64;65;67;70;72;83;87
4,0,4,C/10,3,random,ridge_physics,2.047535366482205,2.808030683479954,"{""alpha"": 0.1}",0.4987115263938904,16;53;57;82,9;12;21;25;36;37;39;44;46;47;58;64;65;67;70;72;83;87
4,0,4,C/10,3,random,ridge_source,2.1849789089626737,3.072198128576888,"{""alpha"": 0.1}",0.7902114391326904,16;53;57;82,9;12;21;25;36;37;39;44;46;47;58;64;65;67;70;72;83;87
4,0,4,C/10,3,random,ridge_input,3.811329311794705,6.024801298740897,"{""alpha"": 0.1}",1.4833503365516665,16;53;57;82,9;12;21;25;36;37;39;44;46;47;58;64;65;67;70;72;83;87
4,0,4,C/10,3,random,krr_rbf,5.993129730224609,9.449383231065282,"{""alpha"": 0.1, ""gamma"": 0.5}",0.7928728461265564,16;53;57;82,9;12;21;25;36;37;39;44;46;47;58;64;65;67;70;72;83;87
4,0,4,C/10,3,random,svr_rbf,6.887670526318677,11.211141534947547,"{""C"": 10.0, ""epsilon"": 0.2}",0.3177079163184069,16;53;57;82,9;12;21;25;36;37;39;44;46;47;58;64;65;67;70;72;83;87
4,0,4,C/10,3,random,gp_rbf,6.186774937703059,9.517901472205006,"{""alpha"": 1.0, ""length"": 1.0}",1.6266966806885588,16;53;57;82,9;12;21;25;36;37;39;44;46;47;58;64;65;67;70;72;83;87
4,0,4,C/10,3,random,catboost,8.343732154137012,10.681600253363785,{},,16;53;57;82,9;12;21;25;36;37;39;44;46;47;58;64;65;67;70;72;83;87
4,0,4,C/10,3,random,xgboost,10.247706943088108,12.06230418938516,{},,16;53;57;82,9;12;21;25;36;37;39;44;46;47;58;64;65;67;70;72;83;87
4,0,4,C/10,3,random,extra_trees,5.259261788262261,8.352431669853528,{},,16;53;57;82,9;12;21;25;36;37;39;44;46;47;58;64;65;67;70;72;83;87
4,0,4,C/7,4,random,ridge_physics,2.088046603732639,2.8525594795752647,"{""alpha"": 0.1}",0.4580752849578857,16;53;57;82,9;12;21;25;36;37;39;44;46;47;58;64;65;67;70;72;83;87
4,0,4,C/7,4,random,ridge_source,2.210371653238932,3.114913149549166,"{""alpha"": 0.1}",0.7872980237007141,16;53;57;82,9;12;21;25;36;37;39;44;46;47;58;64;65;67;70;72;83;87
4,0,4,C/7,4,random,ridge_input,3.780479007297092,6.011169351164808,"{""alpha"": 0.1}",1.4774219393730164,16;53;57;82,9;12;21;25;36;37;39;44;46;47;58;64;65;67;70;72;83;87
4,0,4,C/7,4,random,krr_rbf,6.154452853732639,9.678952745750475,"{""alpha"": 0.1, ""gamma"": 0.5}",0.7885664701461792,16;53;57;82,9;12;21;25;36;37;39;44;46;47;58;64;65;67;70;72;83;87
4,0,4,C/7,4,random,svr_rbf,6.92519273524263,11.255353587402034,"{""C"": 10.0, ""epsilon"": 0.2}",0.2999304586118636,16;53;57;82,9;12;21;25;36;37;39;44;46;47;58;64;65;67;70;72;83;87
4,0,4,C/7,4,random,gp_rbf,6.358215839878595,9.75076867881012,"{""alpha"": 1.0, ""length"": 1.0}",1.6214723911014104,16;53;57;82,9;12;21;25;36;37;39;44;46;47;58;64;65;67;70;72;83;87
4,0,4,C/7,4,random,catboost,8.340875104545535,10.702909932499916,{},,16;53;57;82,9;12;21;25;36;37;39;44;46;47;58;64;65;67;70;72;83;87
4,0,4,C/7,4,random,xgboost,10.237020280626083,12.06966593196227,{},,16;53;57;82,9;12;21;25;36;37;39;44;46;47;58;64;65;67;70;72;83;87
4,0,4,C/7,4,random,extra_trees,5.280158140924242,8.386295174332025,{},,16;53;57;82,9;12;21;25;36;37;39;44;46;47;58;64;65;67;70;72;83;87
4,0,4,C/5,5,random,ridge_physics,2.144065433078342,2.9614434574850748,"{""alpha"": 0.1}",0.3650444746017456,16;53;57;82,9;12;21;25;36;37;39;44;46;47;58;64;65;67;70;72;83;87
4,0,4,C/5,5,random,ridge_source,2.3034820556640625,3.2395169968250586,"{""alpha"": 0.1}",0.7799506187438965,16;53;57;82,9;12;21;25;36;37;39;44;46;47;58;64;65;67;70;72;83;87
4,0,4,C/5,5,random,ridge_input,3.798530578613281,6.044773851361608,"{""alpha"": 0.1}",1.463438868522644,16;53;57;82,9;12;21;25;36;37;39;44;46;47;58;64;65;67;70;72;83;87
4,0,4,C/5,5,random,krr_rbf,6.332133399115668,9.918128161418128,"{""alpha"": 0.1, ""gamma"": 0.5}",0.7817941904067993,16;53;57;82,9;12;21;25;36;37;39;44;46;47;58;64;65;67;70;72;83;87
4,0,4,C/5,5,random,svr_rbf,6.975988105083664,11.31650629037484,"{""C"": 10.0, ""epsilon"": 0.2}",0.3616564466469815,16;53;57;82,9;12;21;25;36;37;39;44;46;47;58;64;65;67;70;72;83;87
4,0,4,C/5,5,random,gp_rbf,6.558417060001985,10.00038903857077,"{""alpha"": 1.0, ""length"": 1.0}",1.6069865232989955,16;53;57;82,9;12;21;25;36;37;39;44;46;47;58;64;65;67;70;72;83;87
4,0,4,C/5,5,random,catboost,8.40049340402032,10.785304791648617,{},,16;53;57;82,9;12;21;25;36;37;39;44;46;47;58;64;65;67;70;72;83;87
4,0,4,C/5,5,random,xgboost,10.282234191894531,12.134866123593842,{},,16;53;57;82,9;12;21;25;36;37;39;44;46;47;58;64;65;67;70;72;83;87
4,0,4,C/5,5,random,extra_trees,5.3783120844099255,8.488562156925076,{},,16;53;57;82,9;12;21;25;36;37;39;44;46;47;58;64;65;67;70;72;83;87
4,0,4,C/80,0,source_cluster,ridge_physics,2.1101663377549915,2.864984492595094,"{""alpha"": 1.0}",1.7794075012207031,40;57;68;69,9;12;21;25;36;37;39;44;46;47;58;64;65;67;70;72;83;87
4,0,4,C/80,0,source_cluster,ridge_source,2.289338005913629,3.0314819712237275,"{""alpha"": 0.1}",1.5063958168029783,40;57;68;69,9;12;21;25;36;37;39;44;46;47;58;64;65;67;70;72;83;87
4,0,4,C/80,0,source_cluster,ridge_input,5.951398637559679,7.637375339723308,"{""alpha"": 1.0}",6.028847336769104,40;57;68;69,9;12;21;25;36;37;39;44;46;47;58;64;65;67;70;72;83;87
4,0,4,C/80,0,source_cluster,krr_rbf,2.059803432888455,2.640851393631218,"{""alpha"": 0.1, ""gamma"": 0.05}",7.859739661216736,40;57;68;69,9;12;21;25;36;37;39;44;46;47;58;64;65;67;70;72;83;87
4,0,4,C/80,0,source_cluster,svr_rbf,2.011133289588732,2.659189286707605,"{""C"": 100.0, ""epsilon"": 1.0}",13.169536557150384,40;57;68;69,9;12;21;25;36;37;39;44;46;47;58;64;65;67;70;72;83;87
4,0,4,C/80,0,source_cluster,gp_rbf,2.178143018448847,2.888116239739631,"{""alpha"": 1.0, ""length"": 3.0}",8.962569641016419,40;57;68;69,9;12;21;25;36;37;39;44;46;47;58;64;65;67;70;72;83;87
4,0,4,C/80,0,source_cluster,catboost,4.344301134068557,5.637293338819157,{},,40;57;68;69,9;12;21;25;36;37;39;44;46;47;58;64;65;67;70;72;83;87
4,0,4,C/80,0,source_cluster,xgboost,4.245644039577908,6.192262615607094,{},,40;57;68;69,9;12;21;25;36;37;39;44;46;47;58;64;65;67;70;72;83;87
4,0,4,C/80,0,source_cluster,extra_trees,4.974533841345046,5.953569842458266,{},,40;57;68;69,9;12;21;25;36;37;39;44;46;47;58;64;65;67;70;72;83;87
4,0,4,C/40,1,source_cluster,ridge_physics,1.693025377061632,2.2575428701699067,"{""alpha"": 0.1}",1.4882099628448486,40;57;68;69,9;12;21;25;36;37;39;44;46;47;58;64;65;67;70;72;83;87
4,0,4,C/40,1,source_cluster,ridge_source,1.887728797064887,2.459338238540524,"{""alpha"": 0.1}",1.5135715007781982,40;57;68;69,9;12;21;25;36;37;39;44;46;47;58;64;65;67;70;72;83;87
4,0,4,C/40,1,source_cluster,ridge_input,6.111545138888889,7.820278174437418,"{""alpha"": 0.1}",5.994303226470947,40;57;68;69,9;12;21;25;36;37;39;44;46;47;58;64;65;67;70;72;83;87
4,0,4,C/40,1,source_cluster,krr_rbf,1.996511671278212,2.3610885744301475,"{""alpha"": 0.1, ""gamma"": 0.05}",8.554301381111145,40;57;68;69,9;12;21;25;36;37;39;44;46;47;58;64;65;67;70;72;83;87
4,0,4,C/40,1,source_cluster,svr_rbf,1.856614477639881,2.279569081922808,"{""C"": 100.0, ""epsilon"": 1.0}",13.80558651196447,40;57;68;69,9;12;21;25;36;37;39;44;46;47;58;64;65;67;70;72;83;87
4,0,4,C/40,1,source_cluster,gp_rbf,2.057652469848292,2.588425753380334,"{""alpha"": 1.0, ""length"": 3.0}",9.330276648717987,40;57;68;69,9;12;21;25;36;37;39;44;46;47;58;64;65;67;70;72;83;87
4,0,4,C/40,1,source_cluster,catboost,3.930669540594226,5.258564793255029,{},,40;57;68;69,9;12;21;25;36;37;39;44;46;47;58;64;65;67;70;72;83;87
4,0,4,C/40,1,source_cluster,xgboost,3.84721925523546,5.800616211899346,{},,40;57;68;69,9;12;21;25;36;37;39;44;46;47;58;64;65;67;70;72;83;87
4,0,4,C/40,1,source_cluster,extra_trees,5.396450424194336,6.184105241299126,{},,40;57;68;69,9;12;21;25;36;37;39;44;46;47;58;64;65;67;70;72;83;87
4,0,4,0.05A,2,source_cluster,ridge_physics,2.376376681857639,3.1439652986309747,"{""alpha"": 1.0}",2.0505080223083496,40;57;68;69,9;12;21;25;36;37;39;44;46;47;58;64;65;67;70;72;83;87
4,0,4,0.05A,2,source_cluster,ridge_source,2.6739234924316406,3.410484653937759,"{""alpha"": 0.1}",1.9422873258590696,40;57;68;69,9;12;21;25;36;37;39;44;46;47;58;64;65;67;70;72;83;87
4,0,4,0.05A,2,source_cluster,ridge_input,5.863940768771702,7.626259617156433,"{""alpha"": 1.0}",5.916635990142822,40;57;68;69,9;12;21;25;36;37;39;44;46;47;58;64;65;67;70;72;83;87
4,0,4,0.05A,2,source_cluster,krr_rbf,2.188465542263455,2.7459872512081938,"{""alpha"": 0.1, ""gamma"": 0.05}",7.145218849182129,40;57;68;69,9;12;21;25;36;37;39;44;46;47;58;64;65;67;70;72;83;87
4,0,4,0.05A,2,source_cluster,svr_rbf,2.0993253663670046,2.8882448216648564,"{""C"": 100.0, ""epsilon"": 1.0}",12.677172469892872,40;57;68;69,9;12;21;25;36;37;39;44;46;47;58;64;65;67;70;72;83;87
4,0,4,0.05A,2,source_cluster,gp_rbf,2.2466261263947547,2.9712234059570317,"{""alpha"": 1.0, ""length"": 3.0}",8.557607049989247,40;57;68;69,9;12;21;25;36;37;39;44;46;47;58;64;65;67;70;72;83;87
4,0,4,0.05A,2,source_cluster,catboost,4.510489727064362,5.754186435570472,{},,40;57;68;69,9;12;21;25;36;37;39;44;46;47;58;64;65;67;70;72;83;87
4,0,4,0.05A,2,source_cluster,xgboost,4.312049865722656,6.241168315124165,{},,40;57;68;69,9;12;21;25;36;37;39;44;46;47;58;64;65;67;70;72;83;87
4,0,4,0.05A,2,source_cluster,extra_trees,4.652999284532335,5.636517146102205,{},,40;57;68;69,9;12;21;25;36;37;39;44;46;47;58;64;65;67;70;72;83;87
4,0,4,C/10,3,source_cluster,ridge_physics,1.7114389207628038,2.1384577570331205,"{""alpha"": 0.1}",0.3219690322875976,40;57;68;69,9;12;21;25;36;37;39;44;46;47;58;64;65;67;70;72;83;87
4,0,4,C/10,3,source_cluster,ridge_source,1.970664554172092,2.383143906753527,"{""alpha"": 0.1}",2.968234896659851,40;57;68;69,9;12;21;25;36;37;39;44;46;47;58;64;65;67;70;72;83;87
4,0,4,C/10,3,source_cluster,ridge_input,5.182085673014323,6.669901931182348,"{""alpha"": 0.1}",5.967663288116455,40;57;68;69,9;12;21;25;36;37;39;44;46;47;58;64;65;67;70;72;83;87
4,0,4,C/10,3,source_cluster,krr_rbf,2.0074691772460938,2.4006728995221147,"{""alpha"": 0.1, ""gamma"": 0.05}",9.931093454360962,40;57;68;69,9;12;21;25;36;37;39;44;46;47;58;64;65;67;70;72;83;87
4,0,4,C/10,3,source_cluster,svr_rbf,1.8698555530637373,2.1670780005530883,"{""C"": 100.0, ""epsilon"": 1.0}",15.468717341724007,40;57;68;69,9;12;21;25;36;37;39;44;46;47;58;64;65;67;70;72;83;87
4,0,4,C/10,3,source_cluster,gp_rbf,2.0785602631575526,2.600255938168704,"{""alpha"": 1.0, ""length"": 3.0}",10.027169921137276,40;57;68;69,9;12;21;25;36;37;39;44;46;47;58;64;65;67;70;72;83;87
4,0,4,C/10,3,source_cluster,catboost,3.855645960865605,5.163876799719047,{},,40;57;68;69,9;12;21;25;36;37;39;44;46;47;58;64;65;67;70;72;83;87
4,0,4,C/10,3,source_cluster,xgboost,3.6782302856445312,5.619181936897526,{},,40;57;68;69,9;12;21;25;36;37;39;44;46;47;58;64;65;67;70;72;83;87
4,0,4,C/10,3,source_cluster,extra_trees,5.541476260291206,6.387390840851128,{},,40;57;68;69,9;12;21;25;36;37;39;44;46;47;58;64;65;67;70;72;83;87
4,0,4,C/7,4,source_cluster,ridge_physics,1.72347895304362,2.1281223914239824,"{""alpha"": 0.1}",0.4410567283630371,40;57;68;69,9;12;21;25;36;37;39;44;46;47;58;64;65;67;70;72;83;87
4,0,4,C/7,4,source_cluster,ridge_source,2.0787556966145835,2.486917563242053,"{""alpha"": 0.1}",3.5275678634643555,40;57;68;69,9;12;21;25;36;37;39;44;46;47;58;64;65;67;70;72;83;87
4,0,4,C/7,4,source_cluster,ridge_input,4.979946560329861,6.436421379596208,"{""alpha"": 0.1}",6.061292409896851,40;57;68;69,9;12;21;25;36;37;39;44;46;47;58;64;65;67;70;72;83;87
4,0,4,C/7,4,source_cluster,krr_rbf,2.017155541314019,2.426129758421708,"{""alpha"": 0.1, ""gamma"": 0.05}",10.119918942451475,40;57;68;69,9;12;21;25;36;37;39;44;46;47;58;64;65;67;70;72;83;87
4,0,4,C/7,4,source_cluster,svr_rbf,1.864939426482864,2.1593565323653,"{""C"": 100.0, ""epsilon"": 1.0}",15.873766757645871,40;57;68;69,9;12;21;25;36;37;39;44;46;47;58;64;65;67;70;72;83;87
4,0,4,C/7,4,source_cluster,gp_rbf,2.087580592538933,2.6043700682819813,"{""alpha"": 1.0, ""length"": 3.0}",10.190278377789245,40;57;68;69,9;12;21;25;36;37;39;44;46;47;58;64;65;67;70;72;83;87
4,0,4,C/7,4,source_cluster,catboost,3.887906558926765,5.184295087369936,{},,40;57;68;69,9;12;21;25;36;37;39;44;46;47;58;64;65;67;70;72;83;87
4,0,4,C/7,4,source_cluster,xgboost,3.6852616204155817,5.587536660810161,{},,40;57;68;69,9;12;21;25;36;37;39;44;46;47;58;64;65;67;70;72;83;87
4,0,4,C/7,4,source_cluster,extra_trees,5.5458675093121,6.390256433191761,{},,40;57;68;69,9;12;21;25;36;37;39;44;46;47;58;64;65;67;70;72;83;87
4,0,4,C/5,5,source_cluster,ridge_physics,1.7261924743652344,2.0996781912427163,"{""alpha"": 0.1}",0.7919132709503174,40;57;68;69,9;12;21;25;36;37;39;44;46;47;58;64;65;67;70;72;83;87
4,0,4,C/5,5,source_cluster,ridge_source,2.2239405314127603,2.6769320454000054,"{""alpha"": 0.1}",4.0198071002960205,40;57;68;69,9;12;21;25;36;37;39;44;46;47;58;64;65;67;70;72;83;87
4,0,4,C/5,5,source_cluster,ridge_input,4.921232435438368,6.376707898180913,"{""alpha"": 0.1}",5.978416800498962,40;57;68;69,9;12;21;25;36;37;39;44;46;47;58;64;65;67;70;72;83;87
4,0,4,C/5,5,source_cluster,krr_rbf,2.0328937106662326,2.452480904721108,"{""alpha"": 0.1, ""gamma"": 0.05}",10.083300471305847,40;57;68;69,9;12;21;25;36;37;39;44;46;47;58;64;65;67;70;72;83;87
4,0,4,C/5,5,source_cluster,svr_rbf,1.876013094257176,2.188493253493575,"{""C"": 100.0, ""epsilon"": 1.0}",16.129129302268808,40;57;68;69,9;12;21;25;36;37;39;44;46;47;58;64;65;67;70;72;83;87
4,0,4,C/5,5,source_cluster,gp_rbf,2.0994763869776616,2.587401007473658,"{""alpha"": 1.0, ""length"": 3.0}",10.33203001359125,40;57;68;69,9;12;21;25;36;37;39;44;46;47;58;64;65;67;70;72;83;87
4,0,4,C/5,5,source_cluster,catboost,3.893237608878066,5.212752069218821,{},,40;57;68;69,9;12;21;25;36;37;39;44;46;47;58;64;65;67;70;72;83;87
4,0,4,C/5,5,source_cluster,xgboost,3.704486846923828,5.586265309088034,{},,40;57;68;69,9;12;21;25;36;37;39;44;46;47;58;64;65;67;70;72;83;87
4,0,4,C/5,5,source_cluster,extra_trees,5.565281783209906,6.393646517564661,{},,40;57;68;69,9;12;21;25;36;37;39;44;46;47;58;64;65;67;70;72;83;87
4,0,4,C/80,0,physical_cluster,ridge_physics,2.369992997911241,3.274701797249952,"{""alpha"": 0.1}",1.660491108894348,7;29;57;62,9;12;21;25;36;37;39;44;46;47;58;64;65;67;70;72;83;87
4,0,4,C/80,0,physical_cluster,ridge_source,2.344292958577474,3.1517495787883525,"{""alpha"": 0.1}",0.7716810703277588,7;29;57;62,9;12;21;25;36;37;39;44;46;47;58;64;65;67;70;72;83;87
4,0,4,C/80,0,physical_cluster,ridge_input,5.291135152180989,6.190260813716307,"{""alpha"": 0.1}",4.027047216892242,7;29;57;62,9;12;21;25;36;37;39;44;46;47;58;64;65;67;70;72;83;87
4,0,4,C/80,0,physical_cluster,krr_rbf,2.8246756659613714,3.571697992337124,"{""alpha"": 0.1, ""gamma"": 0.05}",14.599512994289398,7;29;57;62,9;12;21;25;36;37;39;44;46;47;58;64;65;67;70;72;83;87
4,0,4,C/80,0,physical_cluster,svr_rbf,3.1191756577416303,3.752071456425244,"{""C"": 100.0, ""epsilon"": 1.0}",16.97109426989398,7;29;57;62,9;12;21;25;36;37;39;44;46;47;58;64;65;67;70;72;83;87
4,0,4,C/80,0,physical_cluster,gp_rbf,3.142326211713046,4.054820610048098,"{""alpha"": 1.0, ""length"": 3.0}",15.651259581964243,7;29;57;62,9;12;21;25;36;37;39;44;46;47;58;64;65;67;70;72;83;87
4,0,4,C/80,0,physical_cluster,catboost,4.066055268842223,5.60617333896823,{},,7;29;57;62,9;12;21;25;36;37;39;44;46;47;58;64;65;67;70;72;83;87
4,0,4,C/80,0,physical_cluster,xgboost,5.816753387451172,8.645249224459834,{},,7;29;57;62,9;12;21;25;36;37;39;44;46;47;58;64;65;67;70;72;83;87
4,0,4,C/80,0,physical_cluster,extra_trees,4.63919038242764,5.6756654617764175,{},,7;29;57;62,9;12;21;25;36;37;39;44;46;47;58;64;65;67;70;72;83;87
4,0,4,C/40,1,physical_cluster,ridge_physics,1.977488199869792,2.800251797919234,"{""alpha"": 0.1}",0.966099739074707,7;29;57;62,9;12;21;25;36;37;39;44;46;47;58;64;65;67;70;72;83;87
4,0,4,C/40,1,physical_cluster,ridge_source,1.839124467637804,2.5539297980467324,"{""alpha"": 0.1}",1.0485657453536987,7;29;57;62,9;12;21;25;36;37;39;44;46;47;58;64;65;67;70;72;83;87
4,0,4,C/40,1,physical_cluster,ridge_input,5.422951168484158,6.257335727437667,"{""alpha"": 0.1}",5.090775370597839,7;29;57;62,9;12;21;25;36;37;39;44;46;47;58;64;65;67;70;72;83;87
4,0,4,C/40,1,physical_cluster,krr_rbf,2.4911766052246094,3.19014128778301,"{""alpha"": 0.1, ""gamma"": 0.05}",15.563122630119324,7;29;57;62,9;12;21;25;36;37;39;44;46;47;58;64;65;67;70;72;83;87
4,0,4,C/40,1,physical_cluster,svr_rbf,2.7135610963053898,3.3451675643260868,"{""C"": 100.0, ""epsilon"": 1.0}",18.26253540648609,7;29;57;62,9;12;21;25;36;37;39;44;46;47;58;64;65;67;70;72;83;87
4,0,4,C/40,1,physical_cluster,gp_rbf,2.845616351051633,3.689153727539244,"{""alpha"": 1.0, ""length"": 3.0}",16.672576468570742,7;29;57;62,9;12;21;25;36;37;39;44;46;47;58;64;65;67;70;72;83;87
4,0,4,C/40,1,physical_cluster,catboost,3.685484601715856,5.210305906014308,{},,7;29;57;62,9;12;21;25;36;37;39;44;46;47;58;64;65;67;70;72;83;87
4,0,4,C/40,1,physical_cluster,xgboost,5.495282914903429,8.313834393463228,{},,7;29;57;62,9;12;21;25;36;37;39;44;46;47;58;64;65;67;70;72;83;87
4,0,4,C/40,1,physical_cluster,extra_trees,5.087130427360536,5.875039841263009,{},,7;29;57;62,9;12;21;25;36;37;39;44;46;47;58;64;65;67;70;72;83;87
4,0,4,0.05A,2,physical_cluster,ridge_physics,2.620875040690104,3.553770331437925,"{""alpha"": 1.0}",1.9569687843322756,7;29;57;62,9;12;21;25;36;37;39;44;46;47;58;64;65;67;70;72;83;87
4,0,4,0.05A,2,physical_cluster,ridge_source,2.428056081136068,3.286914547122608,"{""alpha"": 0.1}",1.3792579174041748,7;29;57;62,9;12;21;25;36;37;39;44;46;47;58;64;65;67;70;72;83;87
4,0,4,0.05A,2,physical_cluster,ridge_input,4.599753909640842,5.53561784092375,"{""alpha"": 0.1}",2.5879809856414795,7;29;57;62,9;12;21;25;36;37;39;44;46;47;58;64;65;67;70;72;83;87
4,0,4,0.05A,2,physical_cluster,krr_rbf,2.983733707004123,3.703958341150001,"{""alpha"": 0.1, ""gamma"": 0.05}",14.131492972373962,7;29;57;62,9;12;21;25;36;37;39;44;46;47;58;64;65;67;70;72;83;87
4,0,4,0.05A,2,physical_cluster,svr_rbf,3.240955496368888,3.908004649964112,"{""C"": 100.0, ""epsilon"": 1.0}",16.239153347270157,7;29;57;62,9;12;21;25;36;37;39;44;46;47;58;64;65;67;70;72;83;87
4,0,4,0.05A,2,physical_cluster,gp_rbf,3.273913092032287,4.164362491082739,"{""alpha"": 1.0, ""length"": 3.0}",15.171984889056864,7;29;57;62,9;12;21;25;36;37;39;44;46;47;58;64;65;67;70;72;83;87
4,0,4,0.05A,2,physical_cluster,catboost,4.098837654893111,5.666863173493218,{},,7;29;57;62,9;12;21;25;36;37;39;44;46;47;58;64;65;67;70;72;83;87
4,0,4,0.05A,2,physical_cluster,xgboost,5.989840613471137,8.648985587499432,{},,7;29;57;62,9;12;21;25;36;37;39;44;46;47;58;64;65;67;70;72;83;87
4,0,4,0.05A,2,physical_cluster,extra_trees,4.249428616629706,5.414121139466764,{},,7;29;57;62,9;12;21;25;36;37;39;44;46;47;58;64;65;67;70;72;83;87
4,0,4,C/10,3,physical_cluster,ridge_physics,1.9511087205674915,2.6346843411293404,"{""alpha"": 0.1}",1.2709815502166748,7;29;57;62,9;12;21;25;36;37;39;44;46;47;58;64;65;67;70;72;83;87
4,0,4,C/10,3,physical_cluster,ridge_source,1.7816234164767797,2.1840514868318643,"{""alpha"": 0.1}",3.9957735538482666,7;29;57;62,9;12;21;25;36;37;39;44;46;47;58;64;65;67;70;72;83;87
4,0,4,C/10,3,physical_cluster,ridge_input,5.688220553927952,6.655881952306113,"{""alpha"": 0.1}",6.682931482791901,7;29;57;62,9;12;21;25;36;37;39;44;46;47;58;64;65;67;70;72;83;87
4,0,4,C/10,3,physical_cluster,krr_rbf,2.3339915805392795,3.0599920486654937,"{""alpha"": 0.1, ""gamma"": 0.05}",17.64858341217041,7;29;57;62,9;12;21;25;36;37;39;44;46;47;58;64;65;67;70;72;83;87
4,0,4,C/10,3,physical_cluster,svr_rbf,2.486065427636219,3.038721158357024,"{""C"": 100.0, ""epsilon"": 1.0}",20.983769612972445,7;29;57;62,9;12;21;25;36;37;39;44;46;47;58;64;65;67;70;72;83;87
4,0,4,C/10,3,physical_cluster,gp_rbf,2.723115150958023,3.5713087960587973,"{""alpha"": 1.0, ""length"": 3.0}",18.87272882646024,7;29;57;62,9;12;21;25;36;37;39;44;46;47;58;64;65;67;70;72;83;87
4,0,4,C/10,3,physical_cluster,catboost,3.771199346502992,5.331262467300852,{},,7;29;57;62,9;12;21;25;36;37;39;44;46;47;58;64;65;67;70;72;83;87
4,0,4,C/10,3,physical_cluster,xgboost,5.647687276204427,8.293642419146744,{},,7;29;57;62,9;12;21;25;36;37;39;44;46;47;58;64;65;67;70;72;83;87
4,0,4,C/10,3,physical_cluster,extra_trees,5.491027757856582,6.202987214790364,{},,7;29;57;62,9;12;21;25;36;37;39;44;46;47;58;64;65;67;70;72;83;87
4,0,4,C/7,4,physical_cluster,ridge_physics,1.9170260959201388,2.52140587604991,"{""alpha"": 0.1}",0.3693432807922363,7;29;57;62,9;12;21;25;36;37;39;44;46;47;58;64;65;67;70;72;83;87
4,0,4,C/7,4,physical_cluster,ridge_source,1.9001943800184464,2.2441731059496703,"{""alpha"": 0.1}",4.4429099559783936,7;29;57;62,9;12;21;25;36;37;39;44;46;47;58;64;65;67;70;72;83;87
4,0,4,C/7,4,physical_cluster,ridge_input,5.107587602403429,6.098235868748608,"{""alpha"": 0.1}",5.386800050735474,7;29;57;62,9;12;21;25;36;37;39;44;46;47;58;64;65;67;70;72;83;87
4,0,4,C/7,4,physical_cluster,krr_rbf,2.3139254252115884,2.972432769842951,"{""alpha"": 0.1, ""gamma"": 0.05}",18.140349745750427,7;29;57;62,9;12;21;25;36;37;39;44;46;47;58;64;65;67;70;72;83;87
4,0,4,C/7,4,physical_cluster,svr_rbf,2.519431151891903,3.065444483604495,"{""C"": 100.0, ""epsilon"": 1.0}",21.183266927369367,7;29;57;62,9;12;21;25;36;37;39;44;46;47;58;64;65;67;70;72;83;87
4,0,4,C/7,4,physical_cluster,gp_rbf,2.6584504134947866,3.470871834151743,"{""alpha"": 1.0, ""length"": 3.0}",19.44695596737633,7;29;57;62,9;12;21;25;36;37;39;44;46;47;58;64;65;67;70;72;83;87
4,0,4,C/7,4,physical_cluster,catboost,3.7396656234632073,5.323631423765619,{},,7;29;57;62,9;12;21;25;36;37;39;44;46;47;58;64;65;67;70;72;83;87
4,0,4,C/7,4,physical_cluster,xgboost,5.7840453253852,8.362977150382745,{},,7;29;57;62,9;12;21;25;36;37;39;44;46;47;58;64;65;67;70;72;83;87
4,0,4,C/7,4,physical_cluster,extra_trees,5.579005659951104,6.296087420598977,{},,7;29;57;62,9;12;21;25;36;37;39;44;46;47;58;64;65;67;70;72;83;87
4,0,4,C/5,5,physical_cluster,ridge_physics,2.005509270562066,2.6611637851218246,"{""alpha"": 0.1}",1.576180100440979,7;29;57;62,9;12;21;25;36;37;39;44;46;47;58;64;65;67;70;72;83;87
4,0,4,C/5,5,physical_cluster,ridge_source,1.967741224500868,2.295415270867745,"{""alpha"": 0.1}",5.72543740272522,7;29;57;62,9;12;21;25;36;37;39;44;46;47;58;64;65;67;70;72;83;87
4,0,4,C/5,5,physical_cluster,ridge_input,2.673569997151693,3.507095653533041,"{""alpha"": 1.0}",6.405542969703674,7;29;57;62,9;12;21;25;36;37;39;44;46;47;58;64;65;67;70;72;83;87
4,0,4,C/5,5,physical_cluster,krr_rbf,2.394047631157769,3.092078524306836,"{""alpha"": 0.1, ""gamma"": 0.05}",18.620734810829163,7;29;57;62,9;12;21;25;36;37;39;44;46;47;58;64;65;67;70;72;83;87
4,0,4,C/5,5,physical_cluster,svr_rbf,2.557756858482107,3.103868543551251,"{""C"": 100.0, ""epsilon"": 1.0}",22.035989283740676,7;29;57;62,9;12;21;25;36;37;39;44;46;47;58;64;65;67;70;72;83;87
4,0,4,C/5,5,physical_cluster,gp_rbf,2.770349693860336,3.617832544383247,"{""alpha"": 1.0, ""length"": 3.0}",19.928404619931264,7;29;57;62,9;12;21;25;36;37;39;44;46;47;58;64;65;67;70;72;83;87
4,0,4,C/5,5,physical_cluster,catboost,4.123163989683625,5.679343591299267,{},,7;29;57;62,9;12;21;25;36;37;39;44;46;47;58;64;65;67;70;72;83;87
4,0,4,C/5,5,physical_cluster,xgboost,5.899460262722439,8.445362301484202,{},,7;29;57;62,9;12;21;25;36;37;39;44;46;47;58;64;65;67;70;72;83;87
4,0,4,C/5,5,physical_cluster,extra_trees,5.605364317364162,6.344435214999848,{},,7;29;57;62,9;12;21;25;36;37;39;44;46;47;58;64;65;67;70;72;83;87
4,0,4,C/80,0,input_cluster,ridge_physics,4.771134694417317,5.585831327332031,"{""alpha"": 10.0}",7.124270677566528,3;19;62;66,9;12;21;25;36;37;39;44;46;47;58;64;65;67;70;72;83;87
4,0,4,C/80,0,input_cluster,ridge_source,3.647954305013021,4.272381901697998,"{""alpha"": 1.0}",5.222599983215332,3;19;62;66,9;12;21;25;36;37;39;44;46;47;58;64;65;67;70;72;83;87
4,0,4,C/80,0,input_cluster,ridge_input,5.477669186062283,7.156377959558513,"{""alpha"": 10.0}",7.937386274337768,3;19;62;66,9;12;21;25;36;37;39;44;46;47;58;64;65;67;70;72;83;87
4,0,4,C/80,0,input_cluster,krr_rbf,2.509209950764974,3.756782330157212,"{""alpha"": 0.1, ""gamma"": 0.05}",13.268548905849457,3;19;62;66,9;12;21;25;36;37;39;44;46;47;58;64;65;67;70;72;83;87
4,0,4,C/80,0,input_cluster,svr_rbf,3.240196287121221,5.95504425913529,"{""C"": 100.0, ""epsilon"": 0.2}",8.161671459209458,3;19;62;66,9;12;21;25;36;37;39;44;46;47;58;64;65;67;70;72;83;87
4,0,4,C/80,0,input_cluster,gp_rbf,2.65335105943962,4.136571609526429,"{""alpha"": 1.0, ""length"": 3.0}",14.728067907762808,3;19;62;66,9;12;21;25;36;37;39;44;46;47;58;64;65;67;70;72;83;87
4,0,4,C/80,0,input_cluster,catboost,7.0554547413242,8.872057395770941,{},,3;19;62;66,9;12;21;25;36;37;39;44;46;47;58;64;65;67;70;72;83;87
4,0,4,C/80,0,input_cluster,xgboost,9.891162872314451,11.305987852569965,{},,3;19;62;66,9;12;21;25;36;37;39;44;46;47;58;64;65;67;70;72;83;87
4,0,4,C/80,0,input_cluster,extra_trees,3.8759134875403496,5.807729654072397,{},,3;19;62;66,9;12;21;25;36;37;39;44;46;47;58;64;65;67;70;72;83;87
4,0,4,C/40,1,input_cluster,ridge_physics,4.414447784423828,5.1194147007255335,"{""alpha"": 10.0}",7.448330879211426,3;19;62;66,9;12;21;25;36;37;39;44;46;47;58;64;65;67;70;72;83;87
4,0,4,C/40,1,input_cluster,ridge_source,3.2055265638563366,3.728976626670538,"{""alpha"": 1.0}",5.466675519943237,3;19;62;66,9;12;21;25;36;37;39;44;46;47;58;64;65;67;70;72;83;87
4,0,4,C/40,1,input_cluster,ridge_input,5.0411936442057295,6.74401823614729,"{""alpha"": 10.0}",7.00718092918396,3;19;62;66,9;12;21;25;36;37;39;44;46;47;58;64;65;67;70;72;83;87
4,0,4,C/40,1,input_cluster,krr_rbf,2.3456882900661893,3.556453348815113,"{""alpha"": 0.1, ""gamma"": 0.05}",14.06632536649704,3;19;62;66,9;12;21;25;36;37;39;44;46;47;58;64;65;67;70;72;83;87
4,0,4,C/40,1,input_cluster,svr_rbf,3.2211791000658385,6.826518076486262,"{""C"": 100.0, ""epsilon"": 0.2}",8.848918420759894,3;19;62;66,9;12;21;25;36;37;39;44;46;47;58;64;65;67;70;72;83;87
4,0,4,C/40,1,input_cluster,gp_rbf,2.401807746878705,3.825862759839483,"{""alpha"": 1.0, ""length"": 3.0}",15.476554347830396,3;19;62;66,9;12;21;25;36;37;39;44;46;47;58;64;65;67;70;72;83;87
4,0,4,C/40,1,input_cluster,catboost,7.143425866175635,8.848673674345486,{},,3;19;62;66,9;12;21;25;36;37;39;44;46;47;58;64;65;67;70;72;83;87
4,0,4,C/40,1,input_cluster,xgboost,9.945381588406033,11.254842548511387,{},,3;19;62;66,9;12;21;25;36;37;39;44;46;47;58;64;65;67;70;72;83;87
4,0,4,C/40,1,input_cluster,extra_trees,4.033945706155567,5.936236367827922,{},,3;19;62;66,9;12;21;25;36;37;39;44;46;47;58;64;65;67;70;72;83;87
4,0,4,0.05A,2,input_cluster,ridge_physics,4.700154622395833,5.515490583829439,"{""alpha"": 10.0}",7.110602617263794,3;19;62;66,9;12;21;25;36;37;39;44;46;47;58;64;65;67;70;72;83;87
4,0,4,0.05A,2,input_cluster,ridge_source,3.579332563612196,4.245662442271568,"{""alpha"": 1.0}",5.259689092636108,3;19;62;66,9;12;21;25;36;37;39;44;46;47;58;64;65;67;70;72;83;87
4,0,4,0.05A,2,input_cluster,ridge_input,5.473681131998698,7.074013373644767,"{""alpha"": 10.0}",7.973292589187622,3;19;62;66,9;12;21;25;36;37;39;44;46;47;58;64;65;67;70;72;83;87
4,0,4,0.05A,2,input_cluster,krr_rbf,2.480044470893012,3.706713142680403,"{""alpha"": 0.1, ""gamma"": 0.05}",13.27252233028412,3;19;62;66,9;12;21;25;36;37;39;44;46;47;58;64;65;67;70;72;83;87
4,0,4,0.05A,2,input_cluster,svr_rbf,3.3374293372734467,5.649269163080883,"{""C"": 100.0, ""epsilon"": 0.2}",8.106455223731666,3;19;62;66,9;12;21;25;36;37;39;44;46;47;58;64;65;67;70;72;83;87
4,0,4,0.05A,2,input_cluster,gp_rbf,2.6959079664132526,4.107508360613878,"{""alpha"": 1.0, ""length"": 3.0}",14.605672427682542,3;19;62;66,9;12;21;25;36;37;39;44;46;47;58;64;65;67;70;72;83;87
4,0,4,0.05A,2,input_cluster,catboost,6.975508362260916,8.73053982142102,{},,3;19;62;66,9;12;21;25;36;37;39;44;46;47;58;64;65;67;70;72;83;87
4,0,4,0.05A,2,input_cluster,xgboost,9.835899776882597,11.197410051920636,{},,3;19;62;66,9;12;21;25;36;37;39;44;46;47;58;64;65;67;70;72;83;87
4,0,4,0.05A,2,input_cluster,extra_trees,3.7565933201048103,5.649351332032186,{},,3;19;62;66,9;12;21;25;36;37;39;44;46;47;58;64;65;67;70;72;83;87
4,0,4,C/10,3,input_cluster,ridge_physics,2.1483226352267795,2.551106876106096,"{""alpha"": 1.0}",6.047691106796265,3;19;62;66,9;12;21;25;36;37;39;44;46;47;58;64;65;67;70;72;83;87
4,0,4,C/10,3,input_cluster,ridge_source,1.972000969780816,2.2894262423409213,"{""alpha"": 0.1}",3.98007869720459,3;19;62;66,9;12;21;25;36;37;39;44;46;47;58;64;65;67;70;72;83;87
4,0,4,C/10,3,input_cluster,ridge_input,4.6347940233018665,6.347112693623,"{""alpha"": 10.0}",7.171640396118164,3;19;62;66,9;12;21;25;36;37;39;44;46;47;58;64;65;67;70;72;83;87
4,0,4,C/10,3,input_cluster,krr_rbf,2.327448950873481,3.461083403408928,"{""alpha"": 0.1, ""gamma"": 0.05}",16.08299571275711,3;19;62;66,9;12;21;25;36;37;39;44;46;47;58;64;65;67;70;72;83;87
4,0,4,C/10,3,input_cluster,svr_rbf,3.3703634911117524,7.424043864218341,"{""C"": 100.0, ""epsilon"": 0.2}",10.42398976028485,3;19;62;66,9;12;21;25;36;37;39;44;46;47;58;64;65;67;70;72;83;87
4,0,4,C/10,3,input_cluster,gp_rbf,2.348188521427849,3.646853608626393,"{""alpha"": 1.0, ""length"": 3.0}",17.32777631033496,3;19;62;66,9;12;21;25;36;37;39;44;46;47;58;64;65;67;70;72;83;87
4,0,4,C/10,3,input_cluster,catboost,7.750054621057302,9.3875014370994,{},,3;19;62;66,9;12;21;25;36;37;39;44;46;47;58;64;65;67;70;72;83;87
4,0,4,C/10,3,input_cluster,xgboost,10.715265485975475,11.89803946781766,{},,3;19;62;66,9;12;21;25;36;37;39;44;46;47;58;64;65;67;70;72;83;87
4,0,4,C/10,3,input_cluster,extra_trees,4.560988889800175,6.5965683545307305,{},,3;19;62;66,9;12;21;25;36;37;39;44;46;47;58;64;65;67;70;72;83;87
4,0,4,C/7,4,input_cluster,ridge_physics,2.112912072075738,2.506413790676357,"{""alpha"": 1.0}",5.364636540412903,3;19;62;66,9;12;21;25;36;37;39;44;46;47;58;64;65;67;70;72;83;87
4,0,4,C/7,4,input_cluster,ridge_source,2.0243487887912326,2.32400329617996,"{""alpha"": 0.1}",3.2399522066116333,3;19;62;66,9;12;21;25;36;37;39;44;46;47;58;64;65;67;70;72;83;87
4,0,4,C/7,4,input_cluster,ridge_input,4.5899463229709205,6.271871943704335,"{""alpha"": 10.0}",7.397312879562378,3;19;62;66,9;12;21;25;36;37;39;44;46;47;58;64;65;67;70;72;83;87
4,0,4,C/7,4,input_cluster,krr_rbf,2.3176447550455728,3.407157201920251,"{""alpha"": 0.1, ""gamma"": 0.05}",16.623852014541626,3;19;62;66,9;12;21;25;36;37;39;44;46;47;58;64;65;67;70;72;83;87
4,0,4,C/7,4,input_cluster,svr_rbf,3.4037225175533754,7.511631121949863,"{""C"": 100.0, ""epsilon"": 0.2}",10.76275983786267,3;19;62;66,9;12;21;25;36;37;39;44;46;47;58;64;65;67;70;72;83;87
4,0,4,C/7,4,input_cluster,gp_rbf,2.3676292874744664,3.5886857346995606,"{""alpha"": 1.0, ""length"": 3.0}",17.821219961654897,3;19;62;66,9;12;21;25;36;37;39;44;46;47;58;64;65;67;70;72;83;87
4,0,4,C/7,4,input_cluster,catboost,7.98788682047775,9.591398733638949,{},,3;19;62;66,9;12;21;25;36;37;39;44;46;47;58;64;65;67;70;72;83;87
4,0,4,C/7,4,input_cluster,xgboost,10.935486263699,12.092397843893425,{},,3;19;62;66,9;12;21;25;36;37;39;44;46;47;58;64;65;67;70;72;83;87
4,0,4,C/7,4,input_cluster,extra_trees,4.695417635970643,6.749499884403518,{},,3;19;62;66,9;12;21;25;36;37;39;44;46;47;58;64;65;67;70;72;83;87
4,0,4,C/5,5,input_cluster,ridge_physics,2.082778082953559,2.4795000441927733,"{""alpha"": 1.0}",4.788867712020874,3;19;62;66,9;12;21;25;36;37;39;44;46;47;58;64;65;67;70;72;83;87
4,0,4,C/5,5,input_cluster,ridge_source,2.072681850857205,2.393543020934393,"{""alpha"": 0.1}",2.6359236240386963,3;19;62;66,9;12;21;25;36;37;39;44;46;47;58;64;65;67;70;72;83;87
4,0,4,C/5,5,input_cluster,ridge_input,4.572506374782986,6.23291501587547,"{""alpha"": 10.0}",7.6352152824401855,3;19;62;66,9;12;21;25;36;37;39;44;46;47;58;64;65;67;70;72;83;87
4,0,4,C/5,5,input_cluster,krr_rbf,2.3100641038682728,3.368779471895089,"{""alpha"": 0.1, ""gamma"": 0.05}",17.160817503929138,3;19;62;66,9;12;21;25;36;37;39;44;46;47;58;64;65;67;70;72;83;87
4,0,4,C/5,5,input_cluster,svr_rbf,3.438365337625539,7.620658494240545,"{""C"": 100.0, ""epsilon"": 0.2}",11.088464726189123,3;19;62;66,9;12;21;25;36;37;39;44;46;47;58;64;65;67;70;72;83;87
4,0,4,C/5,5,input_cluster,gp_rbf,2.390120306368249,3.548012137885864,"{""alpha"": 1.0, ""length"": 3.0}",18.34804410227031,3;19;62;66,9;12;21;25;36;37;39;44;46;47;58;64;65;67;70;72;83;87
4,0,4,C/5,5,input_cluster,catboost,8.170833773354175,9.7689094978281,{},,3;19;62;66,9;12;21;25;36;37;39;44;46;47;58;64;65;67;70;72;83;87
4,0,4,C/5,5,input_cluster,xgboost,11.191410912407768,12.328791055434866,{},,3;19;62;66,9;12;21;25;36;37;39;44;46;47;58;64;65;67;70;72;83;87
4,0,4,C/5,5,input_cluster,extra_trees,4.8402481940057545,6.929699845802295,{},,3;19;62;66,9;12;21;25;36;37;39;44;46;47;58;64;65;67;70;72;83;87
4,1,4,C/80,0,random,ridge_physics,2.8865398830837674,3.727429660545827,"{""alpha"": 1.0}",1.909485101699829,2;11;34;80,9;12;21;25;36;37;39;44;46;47;58;64;65;67;70;72;83;87
4,1,4,C/80,0,random,ridge_source,2.431190914577908,3.214918550004221,"{""alpha"": 0.1}",1.5879050493240356,2;11;34;80,9;12;21;25;36;37;39;44;46;47;58;64;65;67;70;72;83;87
4,1,4,C/80,0,random,ridge_input,3.940201653374566,5.138165996143779,"{""alpha"": 0.1}",2.4148523807525635,2;11;34;80,9;12;21;25;36;37;39;44;46;47;58;64;65;67;70;72;83;87
4,1,4,C/80,0,random,krr_rbf,3.005237579345703,4.56196033922533,"{""alpha"": 0.1, ""gamma"": 0.05}",3.768958330154419,2;11;34;80,9;12;21;25;36;37;39;44;46;47;58;64;65;67;70;72;83;87
4,1,4,C/80,0,random,svr_rbf,3.7657417941139286,7.251819678732561,"{""C"": 100.0, ""epsilon"": 0.2}",4.672546023412319,2;11;34;80,9;12;21;25;36;37;39;44;46;47;58;64;65;67;70;72;83;87
4,1,4,C/80,0,random,gp_rbf,3.203148407908498,4.7761724982718485,"{""alpha"": 1.0, ""length"": 3.0}",4.815887251951375,2;11;34;80,9;12;21;25;36;37;39;44;46;47;58;64;65;67;70;72;83;87
4,1,4,C/80,0,random,catboost,5.624866868258947,7.495163823659444,{},,2;11;34;80,9;12;21;25;36;37;39;44;46;47;58;64;65;67;70;72;83;87
4,1,4,C/80,0,random,xgboost,6.804141150580512,8.450731955513328,{},,2;11;34;80,9;12;21;25;36;37;39;44;46;47;58;64;65;67;70;72;83;87
4,1,4,C/80,0,random,extra_trees,3.1692637258105805,5.272785231164504,{},,2;11;34;80,9;12;21;25;36;37;39;44;46;47;58;64;65;67;70;72;83;87
4,1,4,C/40,1,random,ridge_physics,2.495713127983941,3.2245588087750865,"{""alpha"": 1.0}",2.0355019569396973,2;11;34;80,9;12;21;25;36;37;39;44;46;47;58;64;65;67;70;72;83;87
4,1,4,C/40,1,random,ridge_source,2.061406029595269,2.7121634270654806,"{""alpha"": 0.1}",1.70455801486969,2;11;34;80,9;12;21;25;36;37;39;44;46;47;58;64;65;67;70;72;83;87
4,1,4,C/40,1,random,ridge_input,4.013651106092665,5.377559493694344,"{""alpha"": 1.0}",2.4108986854553223,2;11;34;80,9;12;21;25;36;37;39;44;46;47;58;64;65;67;70;72;83;87
4,1,4,C/40,1,random,krr_rbf,2.5389404296875,4.106712281558999,"{""alpha"": 0.1, ""gamma"": 0.05}",3.841105580329895,2;11;34;80,9;12;21;25;36;37;39;44;46;47;58;64;65;67;70;72;83;87
4,1,4,C/40,1,random,svr_rbf,3.329112416265358,7.013740809869857,"{""C"": 100.0, ""epsilon"": 0.2}",4.751235545088559,2;11;34;80,9;12;21;25;36;37;39;44;46;47;58;64;65;67;70;72;83;87
4,1,4,C/40,1,random,gp_rbf,2.7217054609712545,4.309032895474988,"{""alpha"": 1.0, ""length"": 3.0}",4.927959470810788,2;11;34;80,9;12;21;25;36;37;39;44;46;47;58;64;65;67;70;72;83;87
4,1,4,C/40,1,random,catboost,5.124497892473273,7.093712117400684,{},,2;11;34;80,9;12;21;25;36;37;39;44;46;47;58;64;65;67;70;72;83;87
4,1,4,C/40,1,random,xgboost,6.348489973280165,8.035102596922473,{},,2;11;34;80,9;12;21;25;36;37;39;44;46;47;58;64;65;67;70;72;83;87
4,1,4,C/40,1,random,extra_trees,2.9580602645874023,5.036296714323632,{},,2;11;34;80,9;12;21;25;36;37;39;44;46;47;58;64;65;67;70;72;83;87
4,1,4,0.05A,2,random,ridge_physics,2.971421135796441,3.7605104332825583,"{""alpha"": 1.0}",2.2255043983459477,2;11;34;80,9;12;21;25;36;37;39;44;46;47;58;64;65;67;70;72;83;87
4,1,4,0.05A,2,random,ridge_source,2.53852293226454,3.2920886237382185,"{""alpha"": 0.1}",1.89082133769989,2;11;34;80,9;12;21;25;36;37;39;44;46;47;58;64;65;67;70;72;83;87
4,1,4,0.05A,2,random,ridge_input,4.361913469102648,5.7004462515525685,"{""alpha"": 1.0}",2.5422576665878296,2;11;34;80,9;12;21;25;36;37;39;44;46;47;58;64;65;67;70;72;83;87
4,1,4,0.05A,2,random,krr_rbf,3.0290260314941406,4.522184626631721,"{""alpha"": 0.1, ""gamma"": 0.05}",3.871304452419281,2;11;34;80,9;12;21;25;36;37;39;44;46;47;58;64;65;67;70;72;83;87
4,1,4,0.05A,2,random,svr_rbf,3.734624007450562,7.200771887925634,"{""C"": 100.0, ""epsilon"": 0.2}",4.778619564459264,2;11;34;80,9;12;21;25;36;37;39;44;46;47;58;64;65;67;70;72;83;87
4,1,4,0.05A,2,random,gp_rbf,3.2633134941909776,4.749319318049448,"{""alpha"": 1.0, ""length"": 3.0}",4.910919618894717,2;11;34;80,9;12;21;25;36;37;39;44;46;47;58;64;65;67;70;72;83;87
4,1,4,0.05A,2,random,catboost,5.715242985414124,7.492414986004255,{},,2;11;34;80,9;12;21;25;36;37;39;44;46;47;58;64;65;67;70;72;83;87
4,1,4,0.05A,2,random,xgboost,6.907353295220269,8.48384114243118,{},,2;11;34;80,9;12;21;25;36;37;39;44;46;47;58;64;65;67;70;72;83;87
4,1,4,0.05A,2,random,extra_trees,3.1397680971357564,5.202251652687308,{},,2;11;34;80,9;12;21;25;36;37;39;44;46;47;58;64;65;67;70;72;83;87
4,1,4,C/10,3,random,ridge_physics,2.311041937934028,2.9693332283290226,"{""alpha"": 1.0}",1.9732465744018557,2;11;34;80,9;12;21;25;36;37;39;44;46;47;58;64;65;67;70;72;83;87
4,1,4,C/10,3,random,ridge_source,1.9688258700900607,2.494345993948724,"{""alpha"": 0.1}",1.57362163066864,2;11;34;80,9;12;21;25;36;37;39;44;46;47;58;64;65;67;70;72;83;87
4,1,4,C/10,3,random,ridge_input,3.468492719862196,4.65632050297178,"{""alpha"": 0.1}",2.2818613052368164,2;11;34;80,9;12;21;25;36;37;39;44;46;47;58;64;65;67;70;72;83;87
4,1,4,C/10,3,random,krr_rbf,2.4575046963161893,3.828461064694733,"{""alpha"": 0.1, ""gamma"": 0.05}",3.940235257148743,2;11;34;80,9;12;21;25;36;37;39;44;46;47;58;64;65;67;70;72;83;87
4,1,4,C/10,3,random,svr_rbf,3.247590984642928,6.9248260529764565,"{""C"": 100.0, ""epsilon"": 0.2}",4.886023510610421,2;11;34;80,9;12;21;25;36;37;39;44;46;47;58;64;65;67;70;72;83;87
4,1,4,C/10,3,random,gp_rbf,2.5761099039362736,4.015833527284295,"{""alpha"": 1.0, ""length"": 3.0}",5.111581752179603,2;11;34;80,9;12;21;25;36;37;39;44;46;47;58;64;65;67;70;72;83;87
4,1,4,C/10,3,random,catboost,4.860862792836491,6.863772799533137,{},,2;11;34;80,9;12;21;25;36;37;39;44;46;47;58;64;65;67;70;72;83;87
4,1,4,C/10,3,random,xgboost,6.032344394259983,7.801331248945422,{},,2;11;34;80,9;12;21;25;36;37;39;44;46;47;58;64;65;67;70;72;83;87
4,1,4,C/10,3,random,extra_trees,2.859368477927314,4.958804993355964,{},,2;11;34;80,9;12;21;25;36;37;39;44;46;47;58;64;65;67;70;72;83;87
4,1,4,C/7,4,random,ridge_physics,2.302367740207248,2.9361614326819807,"{""alpha"": 1.0}",1.905873656272888,2;11;34;80,9;12;21;25;36;37;39;44;46;47;58;64;65;67;70;72;83;87
4,1,4,C/7,4,random,ridge_source,1.9645016988118489,2.476001902069073,"{""alpha"": 0.1}",1.5196800231933594,2;11;34;80,9;12;21;25;36;37;39;44;46;47;58;64;65;67;70;72;83;87
4,1,4,C/7,4,random,ridge_input,3.3824314541286893,4.558119735971492,"{""alpha"": 0.1}",2.1965906620025635,2;11;34;80,9;12;21;25;36;37;39;44;46;47;58;64;65;67;70;72;83;87
4,1,4,C/7,4,random,krr_rbf,2.470677693684896,3.766452211080026,"{""alpha"": 0.1, ""gamma"": 0.05}",4.023159146308899,2;11;34;80,9;12;21;25;36;37;39;44;46;47;58;64;65;67;70;72;83;87
4,1,4,C/7,4,random,svr_rbf,3.271740844178594,6.920574232364457,"{""C"": 100.0, ""epsilon"": 0.2}",4.933997178368317,2;11;34;80,9;12;21;25;36;37;39;44;46;47;58;64;65;67;70;72;83;87
4,1,4,C/7,4,random,gp_rbf,2.5890232611466266,3.949421292789642,"{""alpha"": 1.0, ""length"": 3.0}",5.225381338215152,2;11;34;80,9;12;21;25;36;37;39;44;46;47;58;64;65;67;70;72;83;87
4,1,4,C/7,4,random,catboost,4.860355748715505,6.849521269523825,{},,2;11;34;80,9;12;21;25;36;37;39;44;46;47;58;64;65;67;70;72;83;87
4,1,4,C/7,4,random,xgboost,6.023373497856988,7.79004497975731,{},,2;11;34;80,9;12;21;25;36;37;39;44;46;47;58;64;65;67;70;72;83;87
4,1,4,C/7,4,random,extra_trees,2.864820403522915,4.939542750761055,{},,2;11;34;80,9;12;21;25;36;37;39;44;46;47;58;64;65;67;70;72;83;87
4,1,4,C/5,5,random,ridge_physics,2.2944628397623696,2.9092563173692705,"{""alpha"": 1.0}",1.7774181365966797,2;11;34;80,9;12;21;25;36;37;39;44;46;47;58;64;65;67;70;72;83;87
4,1,4,C/5,5,random,ridge_source,1.9589932759602864,2.4608122610585084,"{""alpha"": 0.1}",1.4665162563323977,2;11;34;80,9;12;21;25;36;37;39;44;46;47;58;64;65;67;70;72;83;87
4,1,4,C/5,5,random,ridge_input,3.2560886806911893,4.439678298976445,"{""alpha"": 0.1}",2.019861936569214,2;11;34;80,9;12;21;25;36;37;39;44;46;47;58;64;65;67;70;72;83;87
4,1,4,C/5,5,random,krr_rbf,2.4882032606336804,3.7304704091282055,"{""alpha"": 0.1, ""gamma"": 0.05}",4.102725446224213,2;11;34;80,9;12;21;25;36;37;39;44;46;47;58;64;65;67;70;72;83;87
4,1,4,C/5,5,random,svr_rbf,3.307297986870595,6.945683226725659,"{""C"": 100.0, ""epsilon"": 0.2}",4.998255433641329,2;11;34;80,9;12;21;25;36;37;39;44;46;47;58;64;65;67;70;72;83;87
4,1,4,C/5,5,random,gp_rbf,2.60622048520344,3.9090012663148417,"{""alpha"": 1.0, ""length"": 3.0}",5.3399473071458265,2;11;34;80,9;12;21;25;36;37;39;44;46;47;58;64;65;67;70;72;83;87
4,1,4,C/5,5,random,catboost,4.887178113832984,6.868134059196644,{},,2;11;34;80,9;12;21;25;36;37;39;44;46;47;58;64;65;67;70;72;83;87
4,1,4,C/5,5,random,xgboost,6.041651831732856,7.813926794721967,{},,2;11;34;80,9;12;21;25;36;37;39;44;46;47;58;64;65;67;70;72;83;87
4,1,4,C/5,5,random,extra_trees,2.877942397859362,4.943872807980845,{},,2;11;34;80,9;12;21;25;36;37;39;44;46;47;58;64;65;67;70;72;83;87
4,1,4,C/80,0,source_cluster,ridge_physics,2.1101663377549915,2.864984492595094,"{""alpha"": 1.0}",1.7794075012207031,40;57;68;69,9;12;21;25;36;37;39;44;46;47;58;64;65;67;70;72;83;87
4,1,4,C/80,0,source_cluster,ridge_source,2.289338005913629,3.0314819712237275,"{""alpha"": 0.1}",1.5063958168029783,40;57;68;69,9;12;21;25;36;37;39;44;46;47;58;64;65;67;70;72;83;87
4,1,4,C/80,0,source_cluster,ridge_input,5.951398637559679,7.637375339723308,"{""alpha"": 1.0}",6.028847336769104,40;57;68;69,9;12;21;25;36;37;39;44;46;47;58;64;65;67;70;72;83;87
4,1,4,C/80,0,source_cluster,krr_rbf,2.059803432888455,2.640851393631218,"{""alpha"": 0.1, ""gamma"": 0.05}",7.859739661216736,40;57;68;69,9;12;21;25;36;37;39;44;46;47;58;64;65;67;70;72;83;87
4,1,4,C/80,0,source_cluster,svr_rbf,2.011133289588732,2.659189286707605,"{""C"": 100.0, ""epsilon"": 1.0}",13.169536557150384,40;57;68;69,9;12;21;25;36;37;39;44;46;47;58;64;65;67;70;72;83;87
4,1,4,C/80,0,source_cluster,gp_rbf,2.178143018448847,2.888116239739631,"{""alpha"": 1.0, ""length"": 3.0}",8.962569641016419,40;57;68;69,9;12;21;25;36;37;39;44;46;47;58;64;65;67;70;72;83;87
4,1,4,C/80,0,source_cluster,catboost,4.344301134068557,5.637293338819157,{},,40;57;68;69,9;12;21;25;36;37;39;44;46;47;58;64;65;67;70;72;83;87
4,1,4,C/80,0,source_cluster,xgboost,4.245644039577908,6.192262615607094,{},,40;57;68;69,9;12;21;25;36;37;39;44;46;47;58;64;65;67;70;72;83;87
4,1,4,C/80,0,source_cluster,extra_trees,4.974533841345046,5.953569842458266,{},,40;57;68;69,9;12;21;25;36;37;39;44;46;47;58;64;65;67;70;72;83;87
4,1,4,C/40,1,source_cluster,ridge_physics,1.693025377061632,2.2575428701699067,"{""alpha"": 0.1}",1.4882099628448486,40;57;68;69,9;12;21;25;36;37;39;44;46;47;58;64;65;67;70;72;83;87
4,1,4,C/40,1,source_cluster,ridge_source,1.887728797064887,2.459338238540524,"{""alpha"": 0.1}",1.5135715007781982,40;57;68;69,9;12;21;25;36;37;39;44;46;47;58;64;65;67;70;72;83;87
4,1,4,C/40,1,source_cluster,ridge_input,6.111545138888889,7.820278174437418,"{""alpha"": 0.1}",5.994303226470947,40;57;68;69,9;12;21;25;36;37;39;44;46;47;58;64;65;67;70;72;83;87
4,1,4,C/40,1,source_cluster,krr_rbf,1.996511671278212,2.3610885744301475,"{""alpha"": 0.1, ""gamma"": 0.05}",8.554301381111145,40;57;68;69,9;12;21;25;36;37;39;44;46;47;58;64;65;67;70;72;83;87
4,1,4,C/40,1,source_cluster,svr_rbf,1.856614477639881,2.279569081922808,"{""C"": 100.0, ""epsilon"": 1.0}",13.80558651196447,40;57;68;69,9;12;21;25;36;37;39;44;46;47;58;64;65;67;70;72;83;87
4,1,4,C/40,1,source_cluster,gp_rbf,2.057652469848292,2.588425753380334,"{""alpha"": 1.0, ""length"": 3.0}",9.330276648717987,40;57;68;69,9;12;21;25;36;37;39;44;46;47;58;64;65;67;70;72;83;87
4,1,4,C/40,1,source_cluster,catboost,3.930669540594226,5.258564793255029,{},,40;57;68;69,9;12;21;25;36;37;39;44;46;47;58;64;65;67;70;72;83;87
4,1,4,C/40,1,source_cluster,xgboost,3.84721925523546,5.800616211899346,{},,40;57;68;69,9;12;21;25;36;37;39;44;46;47;58;64;65;67;70;72;83;87
4,1,4,C/40,1,source_cluster,extra_trees,5.396450424194336,6.184105241299126,{},,40;57;68;69,9;12;21;25;36;37;39;44;46;47;58;64;65;67;70;72;83;87
4,1,4,0.05A,2,source_cluster,ridge_physics,2.376376681857639,3.1439652986309747,"{""alpha"": 1.0}",2.0505080223083496,40;57;68;69,9;12;21;25;36;37;39;44;46;47;58;64;65;67;70;72;83;87
4,1,4,0.05A,2,source_cluster,ridge_source,2.6739234924316406,3.410484653937759,"{""alpha"": 0.1}",1.9422873258590696,40;57;68;69,9;12;21;25;36;37;39;44;46;47;58;64;65;67;70;72;83;87
4,1,4,0.05A,2,source_cluster,ridge_input,5.863940768771702,7.626259617156433,"{""alpha"": 1.0}",5.916635990142822,40;57;68;69,9;12;21;25;36;37;39;44;46;47;58;64;65;67;70;72;83;87
4,1,4,0.05A,2,source_cluster,krr_rbf,2.188465542263455,2.7459872512081938,"{""alpha"": 0.1, ""gamma"": 0.05}",7.145218849182129,40;57;68;69,9;12;21;25;36;37;39;44;46;47;58;64;65;67;70;72;83;87
4,1,4,0.05A,2,source_cluster,svr_rbf,2.0993253663670046,2.8882448216648564,"{""C"": 100.0, ""epsilon"": 1.0}",12.677172469892872,40;57;68;69,9;12;21;25;36;37;39;44;46;47;58;64;65;67;70;72;83;87
4,1,4,0.05A,2,source_cluster,gp_rbf,2.2466261263947547,2.9712234059570317,"{""alpha"": 1.0, ""length"": 3.0}",8.557607049989247,40;57;68;69,9;12;21;25;36;37;39;44;46;47;58;64;65;67;70;72;83;87
4,1,4,0.05A,2,source_cluster,catboost,4.510489727064362,5.754186435570472,{},,40;57;68;69,9;12;21;25;36;37;39;44;46;47;58;64;65;67;70;72;83;87
4,1,4,0.05A,2,source_cluster,xgboost,4.312049865722656,6.241168315124165,{},,40;57;68;69,9;12;21;25;36;37;39;44;46;47;58;64;65;67;70;72;83;87
4,1,4,0.05A,2,source_cluster,extra_trees,4.652999284532335,5.636517146102205,{},,40;57;68;69,9;12;21;25;36;37;39;44;46;47;58;64;65;67;70;72;83;87
4,1,4,C/10,3,source_cluster,ridge_physics,1.7114389207628038,2.1384577570331205,"{""alpha"": 0.1}",0.3219690322875976,40;57;68;69,9;12;21;25;36;37;39;44;46;47;58;64;65;67;70;72;83;87
4,1,4,C/10,3,source_cluster,ridge_source,1.970664554172092,2.383143906753527,"{""alpha"": 0.1}",2.968234896659851,40;57;68;69,9;12;21;25;36;37;39;44;46;47;58;64;65;67;70;72;83;87
4,1,4,C/10,3,source_cluster,ridge_input,5.182085673014323,6.669901931182348,"{""alpha"": 0.1}",5.967663288116455,40;57;68;69,9;12;21;25;36;37;39;44;46;47;58;64;65;67;70;72;83;87
4,1,4,C/10,3,source_cluster,krr_rbf,2.0074691772460938,2.4006728995221147,"{""alpha"": 0.1, ""gamma"": 0.05}",9.931093454360962,40;57;68;69,9;12;21;25;36;37;39;44;46;47;58;64;65;67;70;72;83;87
4,1,4,C/10,3,source_cluster,svr_rbf,1.8698555530637373,2.1670780005530883,"{""C"": 100.0, ""epsilon"": 1.0}",15.468717341724007,40;57;68;69,9;12;21;25;36;37;39;44;46;47;58;64;65;67;70;72;83;87
4,1,4,C/10,3,source_cluster,gp_rbf,2.0785602631575526,2.600255938168704,"{""alpha"": 1.0, ""length"": 3.0}",10.027169921137276,40;57;68;69,9;12;21;25;36;37;39;44;46;47;58;64;65;67;70;72;83;87
4,1,4,C/10,3,source_cluster,catboost,3.855645960865605,5.163876799719047,{},,40;57;68;69,9;12;21;25;36;37;39;44;46;47;58;64;65;67;70;72;83;87
4,1,4,C/10,3,source_cluster,xgboost,3.6782302856445312,5.619181936897526,{},,40;57;68;69,9;12;21;25;36;37;39;44;46;47;58;64;65;67;70;72;83;87
4,1,4,C/10,3,source_cluster,extra_trees,5.541476260291206,6.387390840851128,{},,40;57;68;69,9;12;21;25;36;37;39;44;46;47;58;64;65;67;70;72;83;87
4,1,4,C/7,4,source_cluster,ridge_physics,1.72347895304362,2.1281223914239824,"{""alpha"": 0.1}",0.4410567283630371,40;57;68;69,9;12;21;25;36;37;39;44;46;47;58;64;65;67;70;72;83;87
4,1,4,C/7,4,source_cluster,ridge_source,2.0787556966145835,2.486917563242053,"{""alpha"": 0.1}",3.5275678634643555,40;57;68;69,9;12;21;25;36;37;39;44;46;47;58;64;65;67;70;72;83;87
4,1,4,C/7,4,source_cluster,ridge_input,4.979946560329861,6.436421379596208,"{""alpha"": 0.1}",6.061292409896851,40;57;68;69,9;12;21;25;36;37;39;44;46;47;58;64;65;67;70;72;83;87
4,1,4,C/7,4,source_cluster,krr_rbf,2.017155541314019,2.426129758421708,"{""alpha"": 0.1, ""gamma"": 0.05}",10.119918942451475,40;57;68;69,9;12;21;25;36;37;39;44;46;47;58;64;65;67;70;72;83;87
4,1,4,C/7,4,source_cluster,svr_rbf,1.864939426482864,2.1593565323653,"{""C"": 100.0, ""epsilon"": 1.0}",15.873766757645871,40;57;68;69,9;12;21;25;36;37;39;44;46;47;58;64;65;67;70;72;83;87
4,1,4,C/7,4,source_cluster,gp_rbf,2.087580592538933,2.6043700682819813,"{""alpha"": 1.0, ""length"": 3.0}",10.190278377789245,40;57;68;69,9;12;21;25;36;37;39;44;46;47;58;64;65;67;70;72;83;87
4,1,4,C/7,4,source_cluster,catboost,3.887906558926765,5.184295087369936,{},,40;57;68;69,9;12;21;25;36;37;39;44;46;47;58;64;65;67;70;72;83;87
4,1,4,C/7,4,source_cluster,xgboost,3.6852616204155817,5.587536660810161,{},,40;57;68;69,9;12;21;25;36;37;39;44;46;47;58;64;65;67;70;72;83;87
4,1,4,C/7,4,source_cluster,extra_trees,5.5458675093121,6.390256433191761,{},,40;57;68;69,9;12;21;25;36;37;39;44;46;47;58;64;65;67;70;72;83;87
4,1,4,C/5,5,source_cluster,ridge_physics,1.7261924743652344,2.0996781912427163,"{""alpha"": 0.1}",0.7919132709503174,40;57;68;69,9;12;21;25;36;37;39;44;46;47;58;64;65;67;70;72;83;87
4,1,4,C/5,5,source_cluster,ridge_source,2.2239405314127603,2.6769320454000054,"{""alpha"": 0.1}",4.0198071002960205,40;57;68;69,9;12;21;25;36;37;39;44;46;47;58;64;65;67;70;72;83;87
4,1,4,C/5,5,source_cluster,ridge_input,4.921232435438368,6.376707898180913,"{""alpha"": 0.1}",5.978416800498962,40;57;68;69,9;12;21;25;36;37;39;44;46;47;58;64;65;67;70;72;83;87
4,1,4,C/5,5,source_cluster,krr_rbf,2.0328937106662326,2.452480904721108,"{""alpha"": 0.1, ""gamma"": 0.05}",10.083300471305847,40;57;68;69,9;12;21;25;36;37;39;44;46;47;58;64;65;67;70;72;83;87
4,1,4,C/5,5,source_cluster,svr_rbf,1.876013094257176,2.188493253493575,"{""C"": 100.0, ""epsilon"": 1.0}",16.129129302268808,40;57;68;69,9;12;21;25;36;37;39;44;46;47;58;64;65;67;70;72;83;87
4,1,4,C/5,5,source_cluster,gp_rbf,2.0994763869776616,2.587401007473658,"{""alpha"": 1.0, ""length"": 3.0}",10.33203001359125,40;57;68;69,9;12;21;25;36;37;39;44;46;47;58;64;65;67;70;72;83;87
4,1,4,C/5,5,source_cluster,catboost,3.893237608878066,5.212752069218821,{},,40;57;68;69,9;12;21;25;36;37;39;44;46;47;58;64;65;67;70;72;83;87
4,1,4,C/5,5,source_cluster,xgboost,3.704486846923828,5.586265309088034,{},,40;57;68;69,9;12;21;25;36;37;39;44;46;47;58;64;65;67;70;72;83;87
4,1,4,C/5,5,source_cluster,extra_trees,5.565281783209906,6.393646517564661,{},,40;57;68;69,9;12;21;25;36;37;39;44;46;47;58;64;65;67;70;72;83;87
4,1,4,C/80,0,physical_cluster,ridge_physics,2.369992997911241,3.274701797249952,"{""alpha"": 0.1}",1.660491108894348,7;29;57;62,9;12;21;25;36;37;39;44;46;47;58;64;65;67;70;72;83;87
4,1,4,C/80,0,physical_cluster,ridge_source,2.344292958577474,3.1517495787883525,"{""alpha"": 0.1}",0.7716810703277588,7;29;57;62,9;12;21;25;36;37;39;44;46;47;58;64;65;67;70;72;83;87
4,1,4,C/80,0,physical_cluster,ridge_input,5.291135152180989,6.190260813716307,"{""alpha"": 0.1}",4.027047216892242,7;29;57;62,9;12;21;25;36;37;39;44;46;47;58;64;65;67;70;72;83;87
4,1,4,C/80,0,physical_cluster,krr_rbf,2.8246756659613714,3.571697992337124,"{""alpha"": 0.1, ""gamma"": 0.05}",14.599512994289398,7;29;57;62,9;12;21;25;36;37;39;44;46;47;58;64;65;67;70;72;83;87
4,1,4,C/80,0,physical_cluster,svr_rbf,3.1191756577416303,3.752071456425244,"{""C"": 100.0, ""epsilon"": 1.0}",16.97109426989398,7;29;57;62,9;12;21;25;36;37;39;44;46;47;58;64;65;67;70;72;83;87
4,1,4,C/80,0,physical_cluster,gp_rbf,3.142326211713046,4.054820610048098,"{""alpha"": 1.0, ""length"": 3.0}",15.651259581964243,7;29;57;62,9;12;21;25;36;37;39;44;46;47;58;64;65;67;70;72;83;87
4,1,4,C/80,0,physical_cluster,catboost,4.066055268842223,5.60617333896823,{},,7;29;57;62,9;12;21;25;36;37;39;44;46;47;58;64;65;67;70;72;83;87
4,1,4,C/80,0,physical_cluster,xgboost,5.816753387451172,8.645249224459834,{},,7;29;57;62,9;12;21;25;36;37;39;44;46;47;58;64;65;67;70;72;83;87
4,1,4,C/80,0,physical_cluster,extra_trees,4.63919038242764,5.6756654617764175,{},,7;29;57;62,9;12;21;25;36;37;39;44;46;47;58;64;65;67;70;72;83;87
4,1,4,C/40,1,physical_cluster,ridge_physics,1.977488199869792,2.800251797919234,"{""alpha"": 0.1}",0.966099739074707,7;29;57;62,9;12;21;25;36;37;39;44;46;47;58;64;65;67;70;72;83;87
4,1,4,C/40,1,physical_cluster,ridge_source,1.839124467637804,2.5539297980467324,"{""alpha"": 0.1}",1.0485657453536987,7;29;57;62,9;12;21;25;36;37;39;44;46;47;58;64;65;67;70;72;83;87
4,1,4,C/40,1,physical_cluster,ridge_input,5.422951168484158,6.257335727437667,"{""alpha"": 0.1}",5.090775370597839,7;29;57;62,9;12;21;25;36;37;39;44;46;47;58;64;65;67;70;72;83;87
4,1,4,C/40,1,physical_cluster,krr_rbf,2.4911766052246094,3.19014128778301,"{""alpha"": 0.1, ""gamma"": 0.05}",15.563122630119324,7;29;57;62,9;12;21;25;36;37;39;44;46;47;58;64;65;67;70;72;83;87
4,1,4,C/40,1,physical_cluster,svr_rbf,2.7135610963053898,3.3451675643260868,"{""C"": 100.0, ""epsilon"": 1.0}",18.26253540648609,7;29;57;62,9;12;21;25;36;37;39;44;46;47;58;64;65;67;70;72;83;87
4,1,4,C/40,1,physical_cluster,gp_rbf,2.845616351051633,3.689153727539244,"{""alpha"": 1.0, ""length"": 3.0}",16.672576468570742,7;29;57;62,9;12;21;25;36;37;39;44;46;47;58;64;65;67;70;72;83;87
4,1,4,C/40,1,physical_cluster,catboost,3.685484601715856,5.210305906014308,{},,7;29;57;62,9;12;21;25;36;37;39;44;46;47;58;64;65;67;70;72;83;87
4,1,4,C/40,1,physical_cluster,xgboost,5.495282914903429,8.313834393463228,{},,7;29;57;62,9;12;21;25;36;37;39;44;46;47;58;64;65;67;70;72;83;87
4,1,4,C/40,1,physical_cluster,extra_trees,5.087130427360536,5.875039841263009,{},,7;29;57;62,9;12;21;25;36;37;39;44;46;47;58;64;65;67;70;72;83;87
4,1,4,0.05A,2,physical_cluster,ridge_physics,2.620875040690104,3.553770331437925,"{""alpha"": 1.0}",1.9569687843322756,7;29;57;62,9;12;21;25;36;37;39;44;46;47;58;64;65;67;70;72;83;87
4,1,4,0.05A,2,physical_cluster,ridge_source,2.428056081136068,3.286914547122608,"{""alpha"": 0.1}",1.3792579174041748,7;29;57;62,9;12;21;25;36;37;39;44;46;47;58;64;65;67;70;72;83;87
4,1,4,0.05A,2,physical_cluster,ridge_input,4.599753909640842,5.53561784092375,"{""alpha"": 0.1}",2.5879809856414795,7;29;57;62,9;12;21;25;36;37;39;44;46;47;58;64;65;67;70;72;83;87
4,1,4,0.05A,2,physical_cluster,krr_rbf,2.983733707004123,3.703958341150001,"{""alpha"": 0.1, ""gamma"": 0.05}",14.131492972373962,7;29;57;62,9;12;21;25;36;37;39;44;46;47;58;64;65;67;70;72;83;87
4,1,4,0.05A,2,physical_cluster,svr_rbf,3.240955496368888,3.908004649964112,"{""C"": 100.0, ""epsilon"": 1.0}",16.239153347270157,7;29;57;62,9;12;21;25;36;37;39;44;46;47;58;64;65;67;70;72;83;87
4,1,4,0.05A,2,physical_cluster,gp_rbf,3.273913092032287,4.164362491082739,"{""alpha"": 1.0, ""length"": 3.0}",15.171984889056864,7;29;57;62,9;12;21;25;36;37;39;44;46;47;58;64;65;67;70;72;83;87
4,1,4,0.05A,2,physical_cluster,catboost,4.098837654893111,5.666863173493218,{},,7;29;57;62,9;12;21;25;36;37;39;44;46;47;58;64;65;67;70;72;83;87
4,1,4,0.05A,2,physical_cluster,xgboost,5.989840613471137,8.648985587499432,{},,7;29;57;62,9;12;21;25;36;37;39;44;46;47;58;64;65;67;70;72;83;87
4,1,4,0.05A,2,physical_cluster,extra_trees,4.249428616629706,5.414121139466764,{},,7;29;57;62,9;12;21;25;36;37;39;44;46;47;58;64;65;67;70;72;83;87
4,1,4,C/10,3,physical_cluster,ridge_physics,1.9511087205674915,2.6346843411293404,"{""alpha"": 0.1}",1.2709815502166748,7;29;57;62,9;12;21;25;36;37;39;44;46;47;58;64;65;67;70;72;83;87
4,1,4,C/10,3,physical_cluster,ridge_source,1.7816234164767797,2.1840514868318643,"{""alpha"": 0.1}",3.9957735538482666,7;29;57;62,9;12;21;25;36;37;39;44;46;47;58;64;65;67;70;72;83;87
4,1,4,C/10,3,physical_cluster,ridge_input,5.688220553927952,6.655881952306113,"{""alpha"": 0.1}",6.682931482791901,7;29;57;62,9;12;21;25;36;37;39;44;46;47;58;64;65;67;70;72;83;87
4,1,4,C/10,3,physical_cluster,krr_rbf,2.3339915805392795,3.0599920486654937,"{""alpha"": 0.1, ""gamma"": 0.05}",17.64858341217041,7;29;57;62,9;12;21;25;36;37;39;44;46;47;58;64;65;67;70;72;83;87
4,1,4,C/10,3,physical_cluster,svr_rbf,2.486065427636219,3.038721158357024,"{""C"": 100.0, ""epsilon"": 1.0}",20.983769612972445,7;29;57;62,9;12;21;25;36;37;39;44;46;47;58;64;65;67;70;72;83;87
4,1,4,C/10,3,physical_cluster,gp_rbf,2.723115150958023,3.5713087960587973,"{""alpha"": 1.0, ""length"": 3.0}",18.87272882646024,7;29;57;62,9;12;21;25;36;37;39;44;46;47;58;64;65;67;70;72;83;87
4,1,4,C/10,3,physical_cluster,catboost,3.771199346502992,5.331262467300852,{},,7;29;57;62,9;12;21;25;36;37;39;44;46;47;58;64;65;67;70;72;83;87
4,1,4,C/10,3,physical_cluster,xgboost,5.647687276204427,8.293642419146744,{},,7;29;57;62,9;12;21;25;36;37;39;44;46;47;58;64;65;67;70;72;83;87
4,1,4,C/10,3,physical_cluster,extra_trees,5.491027757856582,6.202987214790364,{},,7;29;57;62,9;12;21;25;36;37;39;44;46;47;58;64;65;67;70;72;83;87
4,1,4,C/7,4,physical_cluster,ridge_physics,1.9170260959201388,2.52140587604991,"{""alpha"": 0.1}",0.3693432807922363,7;29;57;62,9;12;21;25;36;37;39;44;46;47;58;64;65;67;70;72;83;87
4,1,4,C/7,4,physical_cluster,ridge_source,1.9001943800184464,2.2441731059496703,"{""alpha"": 0.1}",4.4429099559783936,7;29;57;62,9;12;21;25;36;37;39;44;46;47;58;64;65;67;70;72;83;87
4,1,4,C/7,4,physical_cluster,ridge_input,5.107587602403429,6.098235868748608,"{""alpha"": 0.1}",5.386800050735474,7;29;57;62,9;12;21;25;36;37;39;44;46;47;58;64;65;67;70;72;83;87
4,1,4,C/7,4,physical_cluster,krr_rbf,2.3139254252115884,2.972432769842951,"{""alpha"": 0.1, ""gamma"": 0.05}",18.140349745750427,7;29;57;62,9;12;21;25;36;37;39;44;46;47;58;64;65;67;70;72;83;87
4,1,4,C/7,4,physical_cluster,svr_rbf,2.519431151891903,3.065444483604495,"{""C"": 100.0, ""epsilon"": 1.0}",21.183266927369367,7;29;57;62,9;12;21;25;36;37;39;44;46;47;58;64;65;67;70;72;83;87
4,1,4,C/7,4,physical_cluster,gp_rbf,2.6584504134947866,3.470871834151743,"{""alpha"": 1.0, ""length"": 3.0}",19.44695596737633,7;29;57;62,9;12;21;25;36;37;39;44;46;47;58;64;65;67;70;72;83;87
4,1,4,C/7,4,physical_cluster,catboost,3.7396656234632073,5.323631423765619,{},,7;29;57;62,9;12;21;25;36;37;39;44;46;47;58;64;65;67;70;72;83;87
4,1,4,C/7,4,physical_cluster,xgboost,5.7840453253852,8.362977150382745,{},,7;29;57;62,9;12;21;25;36;37;39;44;46;47;58;64;65;67;70;72;83;87
4,1,4,C/7,4,physical_cluster,extra_trees,5.579005659951104,6.296087420598977,{},,7;29;57;62,9;12;21;25;36;37;39;44;46;47;58;64;65;67;70;72;83;87
4,1,4,C/5,5,physical_cluster,ridge_physics,2.005509270562066,2.6611637851218246,"{""alpha"": 0.1}",1.576180100440979,7;29;57;62,9;12;21;25;36;37;39;44;46;47;58;64;65;67;70;72;83;87
4,1,4,C/5,5,physical_cluster,ridge_source,1.967741224500868,2.295415270867745,"{""alpha"": 0.1}",5.72543740272522,7;29;57;62,9;12;21;25;36;37;39;44;46;47;58;64;65;67;70;72;83;87
4,1,4,C/5,5,physical_cluster,ridge_input,2.673569997151693,3.507095653533041,"{""alpha"": 1.0}",6.405542969703674,7;29;57;62,9;12;21;25;36;37;39;44;46;47;58;64;65;67;70;72;83;87
4,1,4,C/5,5,physical_cluster,krr_rbf,2.394047631157769,3.092078524306836,"{""alpha"": 0.1, ""gamma"": 0.05}",18.620734810829163,7;29;57;62,9;12;21;25;36;37;39;44;46;47;58;64;65;67;70;72;83;87
4,1,4,C/5,5,physical_cluster,svr_rbf,2.557756858482107,3.103868543551251,"{""C"": 100.0, ""epsilon"": 1.0}",22.035989283740676,7;29;57;62,9;12;21;25;36;37;39;44;46;47;58;64;65;67;70;72;83;87
4,1,4,C/5,5,physical_cluster,gp_rbf,2.770349693860336,3.617832544383247,"{""alpha"": 1.0, ""length"": 3.0}",19.928404619931264,7;29;57;62,9;12;21;25;36;37;39;44;46;47;58;64;65;67;70;72;83;87
4,1,4,C/5,5,physical_cluster,catboost,4.123163989683625,5.679343591299267,{},,7;29;57;62,9;12;21;25;36;37;39;44;46;47;58;64;65;67;70;72;83;87
4,1,4,C/5,5,physical_cluster,xgboost,5.899460262722439,8.445362301484202,{},,7;29;57;62,9;12;21;25;36;37;39;44;46;47;58;64;65;67;70;72;83;87
4,1,4,C/5,5,physical_cluster,extra_trees,5.605364317364162,6.344435214999848,{},,7;29;57;62,9;12;21;25;36;37;39;44;46;47;58;64;65;67;70;72;83;87
4,1,4,C/80,0,input_cluster,ridge_physics,4.740767161051433,5.541087197920612,"{""alpha"": 10.0}",6.768404960632324,3;19;45;62,9;12;21;25;36;37;39;44;46;47;58;64;65;67;70;72;83;87
4,1,4,C/80,0,input_cluster,ridge_source,3.812093522813585,4.424790073142018,"{""alpha"": 1.0}",5.141024231910706,3;19;45;62,9;12;21;25;36;37;39;44;46;47;58;64;65;67;70;72;83;87
4,1,4,C/80,0,input_cluster,ridge_input,5.143618689643012,6.829995690677757,"{""alpha"": 10.0}",8.294656991958618,3;19;45;62,9;12;21;25;36;37;39;44;46;47;58;64;65;67;70;72;83;87
4,1,4,C/80,0,input_cluster,krr_rbf,2.683396233452691,3.951162230318656,"{""alpha"": 0.1, ""gamma"": 0.05}",14.480333775281906,3;19;45;62,9;12;21;25;36;37;39;44;46;47;58;64;65;67;70;72;83;87
4,1,4,C/80,0,input_cluster,svr_rbf,3.6022743519672065,7.101142198111028,"{""C"": 100.0, ""epsilon"": 0.2}",10.254155564039,3;19;45;62,9;12;21;25;36;37;39;44;46;47;58;64;65;67;70;72;83;87
4,1,4,C/80,0,input_cluster,gp_rbf,2.7497959033976525,4.244650634838764,"{""alpha"": 1.0, ""length"": 3.0}",15.29604620386769,3;19;45;62,9;12;21;25;36;37;39;44;46;47;58;64;65;67;70;72;83;87
4,1,4,C/80,0,input_cluster,catboost,6.36747809352403,8.255697919143044,{},,3;19;45;62,9;12;21;25;36;37;39;44;46;47;58;64;65;67;70;72;83;87
4,1,4,C/80,0,input_cluster,xgboost,9.39262474907769,10.838919195750796,{},,3;19;45;62,9;12;21;25;36;37;39;44;46;47;58;64;65;67;70;72;83;87
4,1,4,C/80,0,input_cluster,extra_trees,4.914900106853909,6.458163610948381,{},,3;19;45;62,9;12;21;25;36;37;39;44;46;47;58;64;65;67;70;72;83;87
4,1,4,C/40,1,input_cluster,ridge_physics,4.27870856391059,4.978533098714259,"{""alpha"": 10.0}",7.0753703117370605,3;19;45;62,9;12;21;25;36;37;39;44;46;47;58;64;65;67;70;72;83;87
4,1,4,C/40,1,input_cluster,ridge_source,3.286730448404948,3.8099577304012464,"{""alpha"": 1.0}",5.04568612575531,3;19;45;62,9;12;21;25;36;37;39;44;46;47;58;64;65;67;70;72;83;87
4,1,4,C/40,1,input_cluster,ridge_input,4.63546880086263,6.344794207403406,"{""alpha"": 10.0}",7.447652339935303,3;19;45;62,9;12;21;25;36;37;39;44;46;47;58;64;65;67;70;72;83;87
4,1,4,C/40,1,input_cluster,krr_rbf,2.439034356011285,3.582888686272472,"{""alpha"": 0.1, ""gamma"": 0.05}",14.522898614406586,3;19;45;62,9;12;21;25;36;37;39;44;46;47;58;64;65;67;70;72;83;87
4,1,4,C/40,1,input_cluster,svr_rbf,3.1865339573953118,6.771980154455247,"{""C"": 100.0, ""epsilon"": 0.2}",9.823477465834408,3;19;45;62,9;12;21;25;36;37;39;44;46;47;58;64;65;67;70;72;83;87
4,1,4,C/40,1,input_cluster,gp_rbf,2.490865706384824,3.822041684250215,"{""alpha"": 1.0, ""length"": 3.0}",15.725684792845213,3;19;45;62,9;12;21;25;36;37;39;44;46;47;58;64;65;67;70;72;83;87
4,1,4,C/40,1,input_cluster,catboost,6.46179711018651,8.1865956277482,{},,3;19;45;62,9;12;21;25;36;37;39;44;46;47;58;64;65;67;70;72;83;87
4,1,4,C/40,1,input_cluster,xgboost,9.262689802381727,10.682461644527896,{},,3;19;45;62,9;12;21;25;36;37;39;44;46;47;58;64;65;67;70;72;83;87
4,1,4,C/40,1,input_cluster,extra_trees,4.9077934106191,6.5660140552344535,{},,3;19;45;62,9;12;21;25;36;37;39;44;46;47;58;64;65;67;70;72;83;87
4,1,4,0.05A,2,input_cluster,ridge_physics,4.789198981391059,5.590109012674674,"{""alpha"": 10.0}",6.721771240234375,3;19;45;62,9;12;21;25;36;37;39;44;46;47;58;64;65;67;70;72;83;87
4,1,4,0.05A,2,input_cluster,ridge_source,3.867587619357639,4.509137625042283,"{""alpha"": 1.0}",5.07857346534729,3;19;45;62,9;12;21;25;36;37;39;44;46;47;58;64;65;67;70;72;83;87
4,1,4,0.05A,2,input_cluster,ridge_input,5.249099307590061,6.837650940714059,"{""alpha"": 10.0}",8.243409872055054,3;19;45;62,9;12;21;25;36;37;39;44;46;47;58;64;65;67;70;72;83;87
4,1,4,0.05A,2,input_cluster,krr_rbf,2.7274691263834634,3.97629822615769,"{""alpha"": 0.1, ""gamma"": 0.05}",14.6816303730011,3;19;45;62,9;12;21;25;36;37;39;44;46;47;58;64;65;67;70;72;83;87
4,1,4,0.05A,2,input_cluster,svr_rbf,3.749828862132672,7.134777921172983,"{""C"": 100.0, ""epsilon"": 0.2}",10.453080648100658,3;19;45;62,9;12;21;25;36;37;39;44;46;47;58;64;65;67;70;72;83;87
4,1,4,0.05A,2,input_cluster,gp_rbf,2.8451336400221345,4.278854571068973,"{""alpha"": 1.0, ""length"": 3.0}",15.460213362601838,3;19;45;62,9;12;21;25;36;37;39;44;46;47;58;64;65;67;70;72;83;87
4,1,4,0.05A,2,input_cluster,catboost,6.389724376833602,8.247240580053369,{},,3;19;45;62,9;12;21;25;36;37;39;44;46;47;58;64;65;67;70;72;83;87
4,1,4,0.05A,2,input_cluster,xgboost,9.43260998196072,10.822262603150074,{},,3;19;45;62,9;12;21;25;36;37;39;44;46;47;58;64;65;67;70;72;83;87
4,1,4,0.05A,2,input_cluster,extra_trees,4.9635180552800495,6.407475988109784,{},,3;19;45;62,9;12;21;25;36;37;39;44;46;47;58;64;65;67;70;72;83;87
4,1,4,C/10,3,input_cluster,ridge_physics,2.220929887559679,2.6604376809646486,"{""alpha"": 1.0}",5.88021719455719,3;19;45;62,9;12;21;25;36;37;39;44;46;47;58;64;65;67;70;72;83;87
4,1,4,C/10,3,input_cluster,ridge_source,2.045269436306424,2.4152898900182307,"{""alpha"": 0.1}",3.813095808029175,3;19;45;62,9;12;21;25;36;37;39;44;46;47;58;64;65;67;70;72;83;87
4,1,4,C/10,3,input_cluster,ridge_input,4.19595464070638,5.86609220329061,"{""alpha"": 10.0}",7.384141445159912,3;19;45;62,9;12;21;25;36;37;39;44;46;47;58;64;65;67;70;72;83;87
4,1,4,C/10,3,input_cluster,krr_rbf,2.356156243218316,3.362025842559341,"{""alpha"": 0.1, ""gamma"": 0.05}",16.437260270118713,3;19;45;62,9;12;21;25;36;37;39;44;46;47;58;64;65;67;70;72;83;87
4,1,4,C/10,3,input_cluster,svr_rbf,3.210532297730344,7.009948787847797,"{""C"": 100.0, ""epsilon"": 0.2}",11.09690808853474,3;19;45;62,9;12;21;25;36;37;39;44;46;47;58;64;65;67;70;72;83;87
4,1,4,C/10,3,input_cluster,gp_rbf,2.334361145160572,3.560344244828555,"{""alpha"": 1.0, ""length"": 3.0}",17.611022519994993,3;19;45;62,9;12;21;25;36;37;39;44;46;47;58;64;65;67;70;72;83;87
4,1,4,C/10,3,input_cluster,catboost,6.942173438878928,8.596044315094465,{},,3;19;45;62,9;12;21;25;36;37;39;44;46;47;58;64;65;67;70;72;83;87
4,1,4,C/10,3,input_cluster,xgboost,9.902247958713108,11.165259755594656,{},,3;19;45;62,9;12;21;25;36;37;39;44;46;47;58;64;65;67;70;72;83;87
4,1,4,C/10,3,input_cluster,extra_trees,5.520295929908752,7.366149279116524,{},,3;19;45;62,9;12;21;25;36;37;39;44;46;47;58;64;65;67;70;72;83;87
4,1,4,C/7,4,input_cluster,ridge_physics,2.1767311096191406,2.6088232267093,"{""alpha"": 1.0}",5.226712346076965,3;19;45;62,9;12;21;25;36;37;39;44;46;47;58;64;65;67;70;72;83;87
4,1,4,C/7,4,input_cluster,ridge_source,2.094023810492621,2.431180969969429,"{""alpha"": 0.1}",3.0975444316864014,3;19;45;62,9;12;21;25;36;37;39;44;46;47;58;64;65;67;70;72;83;87
4,1,4,C/7,4,input_cluster,ridge_input,4.113068474663629,5.771382712909405,"{""alpha"": 10.0}",7.617657661437988,3;19;45;62,9;12;21;25;36;37;39;44;46;47;58;64;65;67;70;72;83;87
4,1,4,C/7,4,input_cluster,krr_rbf,2.3232366773817272,3.293836523496782,"{""alpha"": 0.1, ""gamma"": 0.05}",17.03367006778717,3;19;45;62,9;12;21;25;36;37;39;44;46;47;58;64;65;67;70;72;83;87
4,1,4,C/7,4,input_cluster,svr_rbf,3.2322979770224283,7.095746146666871,"{""C"": 100.0, ""epsilon"": 0.2}",11.454134403708377,3;19;45;62,9;12;21;25;36;37;39;44;46;47;58;64;65;67;70;72;83;87
4,1,4,C/7,4,input_cluster,gp_rbf,2.335355067636117,3.4935492826450685,"{""alpha"": 1.0, ""length"": 3.0}",18.127010693014217,3;19;45;62,9;12;21;25;36;37;39;44;46;47;58;64;65;67;70;72;83;87
4,1,4,C/7,4,input_cluster,catboost,7.092525306087542,8.732544116731198,{},,3;19;45;62,9;12;21;25;36;37;39;44;46;47;58;64;65;67;70;72;83;87
4,1,4,C/7,4,input_cluster,xgboost,10.09104029337565,11.321280340519529,{},,3;19;45;62,9;12;21;25;36;37;39;44;46;47;58;64;65;67;70;72;83;87
4,1,4,C/7,4,input_cluster,extra_trees,5.681467550330691,7.557652374568275,{},,3;19;45;62,9;12;21;25;36;37;39;44;46;47;58;64;65;67;70;72;83;87
4,1,4,C/5,5,input_cluster,ridge_physics,2.1419508192274304,2.580584206362333,"{""alpha"": 1.0}",4.671280145645142,3;19;45;62,9;12;21;25;36;37;39;44;46;47;58;64;65;67;70;72;83;87
4,1,4,C/5,5,input_cluster,ridge_source,2.1454065110948357,2.48464852165094,"{""alpha"": 0.1}",2.4756239652633667,3;19;45;62,9;12;21;25;36;37;39;44;46;47;58;64;65;67;70;72;83;87
4,1,4,C/5,5,input_cluster,ridge_input,4.054637061225043,5.713055139359328,"{""alpha"": 10.0}",7.86292576789856,3;19;45;62,9;12;21;25;36;37;39;44;46;47;58;64;65;67;70;72;83;87
4,1,4,C/5,5,input_cluster,krr_rbf,2.301028357611762,3.2477661158725657,"{""alpha"": 0.1, ""gamma"": 0.05}",17.62215220928192,3;19;45;62,9;12;21;25;36;37;39;44;46;47;58;64;65;67;70;72;83;87
4,1,4,C/5,5,input_cluster,svr_rbf,3.258520208704554,7.202401952846378,"{""C"": 100.0, ""epsilon"": 0.2}",11.810154319104084,3;19;45;62,9;12;21;25;36;37;39;44;46;47;58;64;65;67;70;72;83;87
4,1,4,C/5,5,input_cluster,gp_rbf,2.3528434500102366,3.4484911488540733,"{""alpha"": 1.0, ""length"": 3.0}",18.74980177172734,3;19;45;62,9;12;21;25;36;37;39;44;46;47;58;64;65;67;70;72;83;87
4,1,4,C/5,5,input_cluster,catboost,7.211619874332275,8.849033154616615,{},,3;19;45;62,9;12;21;25;36;37;39;44;46;47;58;64;65;67;70;72;83;87
4,1,4,C/5,5,input_cluster,xgboost,10.317312876383465,11.520918238815106,{},,3;19;45;62,9;12;21;25;36;37;39;44;46;47;58;64;65;67;70;72;83;87
4,1,4,C/5,5,input_cluster,extra_trees,5.858560497230954,7.778101899555557,{},,3;19;45;62,9;12;21;25;36;37;39;44;46;47;58;64;65;67;70;72;83;87
4,2,4,C/80,0,random,ridge_physics,2.626229180230035,3.978959797620772,"{""alpha"": 0.1}",4.710757076740265,19;30;49;84,9;12;21;25;36;37;39;44;46;47;58;64;65;67;70;72;83;87
4,2,4,C/80,0,random,ridge_source,2.329342736138238,3.145259982244721,"{""alpha"": 0.1}",4.543884456157684,19;30;49;84,9;12;21;25;36;37;39;44;46;47;58;64;65;67;70;72;83;87
4,2,4,C/80,0,random,ridge_input,3.7943293253580728,4.8368252794910775,"{""alpha"": 0.1}",3.7042309045791626,19;30;49;84,9;12;21;25;36;37;39;44;46;47;58;64;65;67;70;72;83;87
4,2,4,C/80,0,random,krr_rbf,3.465153588189019,5.77891274618846,"{""alpha"": 0.1, ""gamma"": 0.05}",5.773505926132202,19;30;49;84,9;12;21;25;36;37;39;44;46;47;58;64;65;67;70;72;83;87
4,2,4,C/80,0,random,svr_rbf,5.556938932606656,8.62472099059843,"{""C"": 1.0, ""epsilon"": 0.2}",9.503840097000149,19;30;49;84,9;12;21;25;36;37;39;44;46;47;58;64;65;67;70;72;83;87
4,2,4,C/80,0,random,gp_rbf,3.733650184242692,6.148391336464521,"{""alpha"": 1.0, ""length"": 3.0}",6.368766192978814,19;30;49;84,9;12;21;25;36;37;39;44;46;47;58;64;65;67;70;72;83;87
4,2,4,C/80,0,random,catboost,4.76696820315006,7.668879953509408,{},,19;30;49;84,9;12;21;25;36;37;39;44;46;47;58;64;65;67;70;72;83;87
4,2,4,C/80,0,random,xgboost,5.847183651394314,8.474828214095007,{},,19;30;49;84,9;12;21;25;36;37;39;44;46;47;58;64;65;67;70;72;83;87
4,2,4,C/80,0,random,extra_trees,6.789561745855542,9.930599019921122,{},,19;30;49;84,9;12;21;25;36;37;39;44;46;47;58;64;65;67;70;72;83;87
4,2,4,C/40,1,random,ridge_physics,2.0208583407931857,2.8645813045344384,"{""alpha"": 0.1}",2.7618430256843567,19;30;49;84,9;12;21;25;36;37;39;44;46;47;58;64;65;67;70;72;83;87
4,2,4,C/40,1,random,ridge_source,1.767851087782118,2.470137008102502,"{""alpha"": 0.1}",2.7862528562545776,19;30;49;84,9;12;21;25;36;37;39;44;46;47;58;64;65;67;70;72;83;87
4,2,4,C/40,1,random,ridge_input,3.5878109402126737,4.3791178897202,"{""alpha"": 0.1}",3.555046319961548,19;30;49;84,9;12;21;25;36;37;39;44;46;47;58;64;65;67;70;72;83;87
4,2,4,C/40,1,random,krr_rbf,3.0092171563042536,4.950836927800105,"{""alpha"": 0.1, ""gamma"": 0.05}",5.29737401008606,19;30;49;84,9;12;21;25;36;37;39;44;46;47;58;64;65;67;70;72;83;87
4,2,4,C/40,1,random,svr_rbf,5.107785456315423,8.30113441770096,"{""C"": 1.0, ""epsilon"": 0.2}",8.783665307571438,19;30;49;84,9;12;21;25;36;37;39;44;46;47;58;64;65;67;70;72;83;87
4,2,4,C/40,1,random,gp_rbf,3.2358299582904677,5.474398505200688,"{""alpha"": 1.0, ""length"": 3.0}",6.01174483618973,19;30;49;84,9;12;21;25;36;37;39;44;46;47;58;64;65;67;70;72;83;87
4,2,4,C/40,1,random,catboost,4.2866026035784826,7.091326801598486,{},,19;30;49;84,9;12;21;25;36;37;39;44;46;47;58;64;65;67;70;72;83;87
4,2,4,C/40,1,random,xgboost,5.267784542507595,7.9631545587556625,{},,19;30;49;84,9;12;21;25;36;37;39;44;46;47;58;64;65;67;70;72;83;87
4,2,4,C/40,1,random,extra_trees,6.329814105563688,9.373038211911572,{},,19;30;49;84,9;12;21;25;36;37;39;44;46;47;58;64;65;67;70;72;83;87
4,2,4,0.05A,2,random,ridge_physics,2.874111599392361,4.454124904849928,"{""alpha"": 0.1}",5.074150323867798,19;30;49;84,9;12;21;25;36;37;39;44;46;47;58;64;65;67;70;72;83;87
4,2,4,0.05A,2,random,ridge_source,2.6953883700900607,3.5315441152106453,"{""alpha"": 0.1}",4.8545002937316895,19;30;49;84,9;12;21;25;36;37;39;44;46;47;58;64;65;67;70;72;83;87
4,2,4,0.05A,2,random,ridge_input,3.761830223931207,4.956887802665021,"{""alpha"": 0.1}",3.5615808367729187,19;30;49;84,9;12;21;25;36;37;39;44;46;47;58;64;65;67;70;72;83;87
4,2,4,0.05A,2,random,krr_rbf,3.616407606336805,6.081408928686391,"{""alpha"": 0.1, ""gamma"": 0.05}",5.723685264587402,19;30;49;84,9;12;21;25;36;37;39;44;46;47;58;64;65;67;70;72;83;87
4,2,4,0.05A,2,random,svr_rbf,5.624335125190587,8.649838813861228,"{""C"": 1.0, ""epsilon"": 1.0}",9.354861180886884,19;30;49;84,9;12;21;25;36;37;39;44;46;47;58;64;65;67;70;72;83;87
4,2,4,0.05A,2,random,gp_rbf,3.8873513336848498,6.399554812593878,"{""alpha"": 1.0, ""length"": 3.0}",6.2592359047366894,19;30;49;84,9;12;21;25;36;37;39;44;46;47;58;64;65;67;70;72;83;87
4,2,4,0.05A,2,random,catboost,4.912937980372266,7.82975870720663,{},,19;30;49;84,9;12;21;25;36;37;39;44;46;47;58;64;65;67;70;72;83;87
4,2,4,0.05A,2,random,xgboost,5.95177247789171,8.57212196424842,{},,19;30;49;84,9;12;21;25;36;37;39;44;46;47;58;64;65;67;70;72;83;87
4,2,4,0.05A,2,random,extra_trees,6.88152469529046,9.99910922707162,{},,19;30;49;84,9;12;21;25;36;37;39;44;46;47;58;64;65;67;70;72;83;87
4,2,4,C/10,3,random,ridge_physics,1.974983639187283,2.4714039901707547,"{""alpha"": 0.1}",1.1027257442474363,19;30;49;84,9;12;21;25;36;37;39;44;46;47;58;64;65;67;70;72;83;87
4,2,4,C/10,3,random,ridge_source,1.870509677463108,2.348419217399216,"{""alpha"": 0.1}",1.6292496919631958,19;30;49;84,9;12;21;25;36;37;39;44;46;47;58;64;65;67;70;72;83;87
4,2,4,C/10,3,random,ridge_input,3.646093580457899,4.353874609533392,"{""alpha"": 0.1}",3.551991701126098,19;30;49;84,9;12;21;25;36;37;39;44;46;47;58;64;65;67;70;72;83;87
4,2,4,C/10,3,random,krr_rbf,2.943417443169488,4.632230759076035,"{""alpha"": 0.1, ""gamma"": 0.05}",4.773718237876892,19;30;49;84,9;12;21;25;36;37;39;44;46;47;58;64;65;67;70;72;83;87
4,2,4,C/10,3,random,svr_rbf,4.9547421914091725,8.242649462909675,"{""C"": 1.0, ""epsilon"": 0.2}",8.047823556472805,19;30;49;84,9;12;21;25;36;37;39;44;46;47;58;64;65;67;70;72;83;87
4,2,4,C/10,3,random,gp_rbf,3.170078631622476,5.282947934112069,"{""alpha"": 1.0, ""length"": 3.0}",5.57397979234804,19;30;49;84,9;12;21;25;36;37;39;44;46;47;58;64;65;67;70;72;83;87
4,2,4,C/10,3,random,catboost,4.182735640254478,6.844936070326581,{},,19;30;49;84,9;12;21;25;36;37;39;44;46;47;58;64;65;67;70;72;83;87
4,2,4,C/10,3,random,xgboost,5.086380428738064,7.779611370846523,{},,19;30;49;84,9;12;21;25;36;37;39;44;46;47;58;64;65;67;70;72;83;87
4,2,4,C/10,3,random,extra_trees,6.109257176187302,9.115794407235674,{},,19;30;49;84,9;12;21;25;36;37;39;44;46;47;58;64;65;67;70;72;83;87
4,2,4,C/7,4,random,ridge_physics,1.9985042148166232,2.4691393342665493,"{""alpha"": 0.1}",0.9010910987854004,19;30;49;84,9;12;21;25;36;37;39;44;46;47;58;64;65;67;70;72;83;87
4,2,4,C/7,4,random,ridge_source,1.916985829671224,2.3714764263986607,"{""alpha"": 0.1}",1.563198804855347,19;30;49;84,9;12;21;25;36;37;39;44;46;47;58;64;65;67;70;72;83;87
4,2,4,C/7,4,random,ridge_input,3.676250457763672,4.378017287080074,"{""alpha"": 0.1}",3.451557874679565,19;30;49;84,9;12;21;25;36;37;39;44;46;47;58;64;65;67;70;72;83;87
4,2,4,C/7,4,random,krr_rbf,2.990146213107639,4.655238997375951,"{""alpha"": 0.1, ""gamma"": 0.05}",4.716682314872742,19;30;49;84,9;12;21;25;36;37;39;44;46;47;58;64;65;67;70;72;83;87
4,2,4,C/7,4,random,svr_rbf,4.980958062584303,8.264296161032252,"{""C"": 1.0, ""epsilon"": 0.2}",8.007771142532375,19;30;49;84,9;12;21;25;36;37;39;44;46;47;58;64;65;67;70;72;83;87
4,2,4,C/7,4,random,gp_rbf,3.19980162816661,5.329339635915961,"{""alpha"": 1.0, ""length"": 3.0}",5.526957390805618,19;30;49;84,9;12;21;25;36;37;39;44;46;47;58;64;65;67;70;72;83;87
4,2,4,C/7,4,random,catboost,4.186934288581747,6.839401560249996,{},,19;30;49;84,9;12;21;25;36;37;39;44;46;47;58;64;65;67;70;72;83;87
4,2,4,C/7,4,random,xgboost,5.085569593641493,7.776544918940901,{},,19;30;49;84,9;12;21;25;36;37;39;44;46;47;58;64;65;67;70;72;83;87
4,2,4,C/7,4,random,extra_trees,6.070615344577366,9.104588336131766,{},,19;30;49;84,9;12;21;25;36;37;39;44;46;47;58;64;65;67;70;72;83;87
4,2,4,C/5,5,random,ridge_physics,2.0319146050347223,2.481517138342755,"{""alpha"": 0.1}",0.817733883857727,19;30;49;84,9;12;21;25;36;37;39;44;46;47;58;64;65;67;70;72;83;87
4,2,4,C/5,5,random,ridge_source,1.9723404778374567,2.4099029318625225,"{""alpha"": 0.1}",1.522801637649536,19;30;49;84,9;12;21;25;36;37;39;44;46;47;58;64;65;67;70;72;83;87
4,2,4,C/5,5,random,ridge_input,3.690795050726997,4.397648161375249,"{""alpha"": 0.1}",3.2648918628692627,19;30;49;84,9;12;21;25;36;37;39;44;46;47;58;64;65;67;70;72;83;87
4,2,4,C/5,5,random,krr_rbf,3.0474539862738714,4.698116907836363,"{""alpha"": 0.1, ""gamma"": 0.05}",4.691817879676819,19;30;49;84,9;12;21;25;36;37;39;44;46;47;58;64;65;67;70;72;83;87
4,2,4,C/5,5,random,svr_rbf,5.019877299509216,8.314771371939688,"{""C"": 1.0, ""epsilon"": 0.2}",8.022873529006985,19;30;49;84,9;12;21;25;36;37;39;44;46;47;58;64;65;67;70;72;83;87
4,2,4,C/5,5,random,gp_rbf,3.23606531556879,5.39645149481533,"{""alpha"": 1.0, ""length"": 3.0}",5.509955117308698,19;30;49;84,9;12;21;25;36;37;39;44;46;47;58;64;65;67;70;72;83;87
4,2,4,C/5,5,random,catboost,4.197038884532962,6.859554149258484,{},,19;30;49;84,9;12;21;25;36;37;39;44;46;47;58;64;65;67;70;72;83;87
4,2,4,C/5,5,random,xgboost,5.085265265570746,7.794644223282802,{},,19;30;49;84,9;12;21;25;36;37;39;44;46;47;58;64;65;67;70;72;83;87
4,2,4,C/5,5,random,extra_trees,6.039545096291441,9.1190877628597,{},,19;30;49;84,9;12;21;25;36;37;39;44;46;47;58;64;65;67;70;72;83;87
4,2,4,C/80,0,source_cluster,ridge_physics,2.1101663377549915,2.864984492595094,"{""alpha"": 1.0}",1.7794075012207031,40;57;68;69,9;12;21;25;36;37;39;44;46;47;58;64;65;67;70;72;83;87
4,2,4,C/80,0,source_cluster,ridge_source,2.289338005913629,3.0314819712237275,"{""alpha"": 0.1}",1.5063958168029783,40;57;68;69,9;12;21;25;36;37;39;44;46;47;58;64;65;67;70;72;83;87
4,2,4,C/80,0,source_cluster,ridge_input,5.951398637559679,7.637375339723308,"{""alpha"": 1.0}",6.028847336769104,40;57;68;69,9;12;21;25;36;37;39;44;46;47;58;64;65;67;70;72;83;87
4,2,4,C/80,0,source_cluster,krr_rbf,2.059803432888455,2.640851393631218,"{""alpha"": 0.1, ""gamma"": 0.05}",7.859739661216736,40;57;68;69,9;12;21;25;36;37;39;44;46;47;58;64;65;67;70;72;83;87
4,2,4,C/80,0,source_cluster,svr_rbf,2.011133289588732,2.659189286707605,"{""C"": 100.0, ""epsilon"": 1.0}",13.169536557150384,40;57;68;69,9;12;21;25;36;37;39;44;46;47;58;64;65;67;70;72;83;87
4,2,4,C/80,0,source_cluster,gp_rbf,2.178143018448847,2.888116239739631,"{""alpha"": 1.0, ""length"": 3.0}",8.962569641016419,40;57;68;69,9;12;21;25;36;37;39;44;46;47;58;64;65;67;70;72;83;87
4,2,4,C/80,0,source_cluster,catboost,4.344301134068557,5.637293338819157,{},,40;57;68;69,9;12;21;25;36;37;39;44;46;47;58;64;65;67;70;72;83;87
4,2,4,C/80,0,source_cluster,xgboost,4.245644039577908,6.192262615607094,{},,40;57;68;69,9;12;21;25;36;37;39;44;46;47;58;64;65;67;70;72;83;87
4,2,4,C/80,0,source_cluster,extra_trees,4.974533841345046,5.953569842458266,{},,40;57;68;69,9;12;21;25;36;37;39;44;46;47;58;64;65;67;70;72;83;87
4,2,4,C/40,1,source_cluster,ridge_physics,1.693025377061632,2.2575428701699067,"{""alpha"": 0.1}",1.4882099628448486,40;57;68;69,9;12;21;25;36;37;39;44;46;47;58;64;65;67;70;72;83;87
4,2,4,C/40,1,source_cluster,ridge_source,1.887728797064887,2.459338238540524,"{""alpha"": 0.1}",1.5135715007781982,40;57;68;69,9;12;21;25;36;37;39;44;46;47;58;64;65;67;70;72;83;87
4,2,4,C/40,1,source_cluster,ridge_input,6.111545138888889,7.820278174437418,"{""alpha"": 0.1}",5.994303226470947,40;57;68;69,9;12;21;25;36;37;39;44;46;47;58;64;65;67;70;72;83;87
4,2,4,C/40,1,source_cluster,krr_rbf,1.996511671278212,2.3610885744301475,"{""alpha"": 0.1, ""gamma"": 0.05}",8.554301381111145,40;57;68;69,9;12;21;25;36;37;39;44;46;47;58;64;65;67;70;72;83;87
4,2,4,C/40,1,source_cluster,svr_rbf,1.856614477639881,2.279569081922808,"{""C"": 100.0, ""epsilon"": 1.0}",13.80558651196447,40;57;68;69,9;12;21;25;36;37;39;44;46;47;58;64;65;67;70;72;83;87
4,2,4,C/40,1,source_cluster,gp_rbf,2.057652469848292,2.588425753380334,"{""alpha"": 1.0, ""length"": 3.0}",9.330276648717987,40;57;68;69,9;12;21;25;36;37;39;44;46;47;58;64;65;67;70;72;83;87
4,2,4,C/40,1,source_cluster,catboost,3.930669540594226,5.258564793255029,{},,40;57;68;69,9;12;21;25;36;37;39;44;46;47;58;64;65;67;70;72;83;87
4,2,4,C/40,1,source_cluster,xgboost,3.84721925523546,5.800616211899346,{},,40;57;68;69,9;12;21;25;36;37;39;44;46;47;58;64;65;67;70;72;83;87
4,2,4,C/40,1,source_cluster,extra_trees,5.396450424194336,6.184105241299126,{},,40;57;68;69,9;12;21;25;36;37;39;44;46;47;58;64;65;67;70;72;83;87
4,2,4,0.05A,2,source_cluster,ridge_physics,2.376376681857639,3.1439652986309747,"{""alpha"": 1.0}",2.0505080223083496,40;57;68;69,9;12;21;25;36;37;39;44;46;47;58;64;65;67;70;72;83;87
4,2,4,0.05A,2,source_cluster,ridge_source,2.6739234924316406,3.410484653937759,"{""alpha"": 0.1}",1.9422873258590696,40;57;68;69,9;12;21;25;36;37;39;44;46;47;58;64;65;67;70;72;83;87
4,2,4,0.05A,2,source_cluster,ridge_input,5.863940768771702,7.626259617156433,"{""alpha"": 1.0}",5.916635990142822,40;57;68;69,9;12;21;25;36;37;39;44;46;47;58;64;65;67;70;72;83;87
4,2,4,0.05A,2,source_cluster,krr_rbf,2.188465542263455,2.7459872512081938,"{""alpha"": 0.1, ""gamma"": 0.05}",7.145218849182129,40;57;68;69,9;12;21;25;36;37;39;44;46;47;58;64;65;67;70;72;83;87
4,2,4,0.05A,2,source_cluster,svr_rbf,2.0993253663670046,2.8882448216648564,"{""C"": 100.0, ""epsilon"": 1.0}",12.677172469892872,40;57;68;69,9;12;21;25;36;37;39;44;46;47;58;64;65;67;70;72;83;87
4,2,4,0.05A,2,source_cluster,gp_rbf,2.2466261263947547,2.9712234059570317,"{""alpha"": 1.0, ""length"": 3.0}",8.557607049989247,40;57;68;69,9;12;21;25;36;37;39;44;46;47;58;64;65;67;70;72;83;87
4,2,4,0.05A,2,source_cluster,catboost,4.510489727064362,5.754186435570472,{},,40;57;68;69,9;12;21;25;36;37;39;44;46;47;58;64;65;67;70;72;83;87
4,2,4,0.05A,2,source_cluster,xgboost,4.312049865722656,6.241168315124165,{},,40;57;68;69,9;12;21;25;36;37;39;44;46;47;58;64;65;67;70;72;83;87
4,2,4,0.05A,2,source_cluster,extra_trees,4.652999284532335,5.636517146102205,{},,40;57;68;69,9;12;21;25;36;37;39;44;46;47;58;64;65;67;70;72;83;87
4,2,4,C/10,3,source_cluster,ridge_physics,1.7114389207628038,2.1384577570331205,"{""alpha"": 0.1}",0.3219690322875976,40;57;68;69,9;12;21;25;36;37;39;44;46;47;58;64;65;67;70;72;83;87
4,2,4,C/10,3,source_cluster,ridge_source,1.970664554172092,2.383143906753527,"{""alpha"": 0.1}",2.968234896659851,40;57;68;69,9;12;21;25;36;37;39;44;46;47;58;64;65;67;70;72;83;87
4,2,4,C/10,3,source_cluster,ridge_input,5.182085673014323,6.669901931182348,"{""alpha"": 0.1}",5.967663288116455,40;57;68;69,9;12;21;25;36;37;39;44;46;47;58;64;65;67;70;72;83;87
4,2,4,C/10,3,source_cluster,krr_rbf,2.0074691772460938,2.4006728995221147,"{""alpha"": 0.1, ""gamma"": 0.05}",9.931093454360962,40;57;68;69,9;12;21;25;36;37;39;44;46;47;58;64;65;67;70;72;83;87
4,2,4,C/10,3,source_cluster,svr_rbf,1.8698555530637373,2.1670780005530883,"{""C"": 100.0, ""epsilon"": 1.0}",15.468717341724007,40;57;68;69,9;12;21;25;36;37;39;44;46;47;58;64;65;67;70;72;83;87
4,2,4,C/10,3,source_cluster,gp_rbf,2.0785602631575526,2.600255938168704,"{""alpha"": 1.0, ""length"": 3.0}",10.027169921137276,40;57;68;69,9;12;21;25;36;37;39;44;46;47;58;64;65;67;70;72;83;87
4,2,4,C/10,3,source_cluster,catboost,3.855645960865605,5.163876799719047,{},,40;57;68;69,9;12;21;25;36;37;39;44;46;47;58;64;65;67;70;72;83;87
4,2,4,C/10,3,source_cluster,xgboost,3.6782302856445312,5.619181936897526,{},,40;57;68;69,9;12;21;25;36;37;39;44;46;47;58;64;65;67;70;72;83;87
4,2,4,C/10,3,source_cluster,extra_trees,5.541476260291206,6.387390840851128,{},,40;57;68;69,9;12;21;25;36;37;39;44;46;47;58;64;65;67;70;72;83;87
4,2,4,C/7,4,source_cluster,ridge_physics,1.72347895304362,2.1281223914239824,"{""alpha"": 0.1}",0.4410567283630371,40;57;68;69,9;12;21;25;36;37;39;44;46;47;58;64;65;67;70;72;83;87
4,2,4,C/7,4,source_cluster,ridge_source,2.0787556966145835,2.486917563242053,"{""alpha"": 0.1}",3.5275678634643555,40;57;68;69,9;12;21;25;36;37;39;44;46;47;58;64;65;67;70;72;83;87
4,2,4,C/7,4,source_cluster,ridge_input,4.979946560329861,6.436421379596208,"{""alpha"": 0.1}",6.061292409896851,40;57;68;69,9;12;21;25;36;37;39;44;46;47;58;64;65;67;70;72;83;87
4,2,4,C/7,4,source_cluster,krr_rbf,2.017155541314019,2.426129758421708,"{""alpha"": 0.1, ""gamma"": 0.05}",10.119918942451475,40;57;68;69,9;12;21;25;36;37;39;44;46;47;58;64;65;67;70;72;83;87
4,2,4,C/7,4,source_cluster,svr_rbf,1.864939426482864,2.1593565323653,"{""C"": 100.0, ""epsilon"": 1.0}",15.873766757645871,40;57;68;69,9;12;21;25;36;37;39;44;46;47;58;64;65;67;70;72;83;87
4,2,4,C/7,4,source_cluster,gp_rbf,2.087580592538933,2.6043700682819813,"{""alpha"": 1.0, ""length"": 3.0}",10.190278377789245,40;57;68;69,9;12;21;25;36;37;39;44;46;47;58;64;65;67;70;72;83;87
4,2,4,C/7,4,source_cluster,catboost,3.887906558926765,5.184295087369936,{},,40;57;68;69,9;12;21;25;36;37;39;44;46;47;58;64;65;67;70;72;83;87
4,2,4,C/7,4,source_cluster,xgboost,3.6852616204155817,5.587536660810161,{},,40;57;68;69,9;12;21;25;36;37;39;44;46;47;58;64;65;67;70;72;83;87
4,2,4,C/7,4,source_cluster,extra_trees,5.5458675093121,6.390256433191761,{},,40;57;68;69,9;12;21;25;36;37;39;44;46;47;58;64;65;67;70;72;83;87
4,2,4,C/5,5,source_cluster,ridge_physics,1.7261924743652344,2.0996781912427163,"{""alpha"": 0.1}",0.7919132709503174,40;57;68;69,9;12;21;25;36;37;39;44;46;47;58;64;65;67;70;72;83;87
4,2,4,C/5,5,source_cluster,ridge_source,2.2239405314127603,2.6769320454000054,"{""alpha"": 0.1}",4.0198071002960205,40;57;68;69,9;12;21;25;36;37;39;44;46;47;58;64;65;67;70;72;83;87
4,2,4,C/5,5,source_cluster,ridge_input,4.921232435438368,6.376707898180913,"{""alpha"": 0.1}",5.978416800498962,40;57;68;69,9;12;21;25;36;37;39;44;46;47;58;64;65;67;70;72;83;87
4,2,4,C/5,5,source_cluster,krr_rbf,2.0328937106662326,2.452480904721108,"{""alpha"": 0.1, ""gamma"": 0.05}",10.083300471305847,40;57;68;69,9;12;21;25;36;37;39;44;46;47;58;64;65;67;70;72;83;87
4,2,4,C/5,5,source_cluster,svr_rbf,1.876013094257176,2.188493253493575,"{""C"": 100.0, ""epsilon"": 1.0}",16.129129302268808,40;57;68;69,9;12;21;25;36;37;39;44;46;47;58;64;65;67;70;72;83;87
4,2,4,C/5,5,source_cluster,gp_rbf,2.0994763869776616,2.587401007473658,"{""alpha"": 1.0, ""length"": 3.0}",10.33203001359125,40;57;68;69,9;12;21;25;36;37;39;44;46;47;58;64;65;67;70;72;83;87
4,2,4,C/5,5,source_cluster,catboost,3.893237608878066,5.212752069218821,{},,40;57;68;69,9;12;21;25;36;37;39;44;46;47;58;64;65;67;70;72;83;87
4,2,4,C/5,5,source_cluster,xgboost,3.704486846923828,5.586265309088034,{},,40;57;68;69,9;12;21;25;36;37;39;44;46;47;58;64;65;67;70;72;83;87
4,2,4,C/5,5,source_cluster,extra_trees,5.565281783209906,6.393646517564661,{},,40;57;68;69,9;12;21;25;36;37;39;44;46;47;58;64;65;67;70;72;83;87
4,2,4,C/80,0,physical_cluster,ridge_physics,2.369992997911241,3.274701797249952,"{""alpha"": 0.1}",1.660491108894348,7;29;57;62,9;12;21;25;36;37;39;44;46;47;58;64;65;67;70;72;83;87
4,2,4,C/80,0,physical_cluster,ridge_source,2.344292958577474,3.1517495787883525,"{""alpha"": 0.1}",0.7716810703277588,7;29;57;62,9;12;21;25;36;37;39;44;46;47;58;64;65;67;70;72;83;87
4,2,4,C/80,0,physical_cluster,ridge_input,5.291135152180989,6.190260813716307,"{""alpha"": 0.1}",4.027047216892242,7;29;57;62,9;12;21;25;36;37;39;44;46;47;58;64;65;67;70;72;83;87
4,2,4,C/80,0,physical_cluster,krr_rbf,2.8246756659613714,3.571697992337124,"{""alpha"": 0.1, ""gamma"": 0.05}",14.599512994289398,7;29;57;62,9;12;21;25;36;37;39;44;46;47;58;64;65;67;70;72;83;87
4,2,4,C/80,0,physical_cluster,svr_rbf,3.1191756577416303,3.752071456425244,"{""C"": 100.0, ""epsilon"": 1.0}",16.97109426989398,7;29;57;62,9;12;21;25;36;37;39;44;46;47;58;64;65;67;70;72;83;87
4,2,4,C/80,0,physical_cluster,gp_rbf,3.142326211713046,4.054820610048098,"{""alpha"": 1.0, ""length"": 3.0}",15.651259581964243,7;29;57;62,9;12;21;25;36;37;39;44;46;47;58;64;65;67;70;72;83;87
4,2,4,C/80,0,physical_cluster,catboost,4.066055268842223,5.60617333896823,{},,7;29;57;62,9;12;21;25;36;37;39;44;46;47;58;64;65;67;70;72;83;87
4,2,4,C/80,0,physical_cluster,xgboost,5.816753387451172,8.645249224459834,{},,7;29;57;62,9;12;21;25;36;37;39;44;46;47;58;64;65;67;70;72;83;87
4,2,4,C/80,0,physical_cluster,extra_trees,4.63919038242764,5.6756654617764175,{},,7;29;57;62,9;12;21;25;36;37;39;44;46;47;58;64;65;67;70;72;83;87
4,2,4,C/40,1,physical_cluster,ridge_physics,1.977488199869792,2.800251797919234,"{""alpha"": 0.1}",0.966099739074707,7;29;57;62,9;12;21;25;36;37;39;44;46;47;58;64;65;67;70;72;83;87
4,2,4,C/40,1,physical_cluster,ridge_source,1.839124467637804,2.5539297980467324,"{""alpha"": 0.1}",1.0485657453536987,7;29;57;62,9;12;21;25;36;37;39;44;46;47;58;64;65;67;70;72;83;87
4,2,4,C/40,1,physical_cluster,ridge_input,5.422951168484158,6.257335727437667,"{""alpha"": 0.1}",5.090775370597839,7;29;57;62,9;12;21;25;36;37;39;44;46;47;58;64;65;67;70;72;83;87
4,2,4,C/40,1,physical_cluster,krr_rbf,2.4911766052246094,3.19014128778301,"{""alpha"": 0.1, ""gamma"": 0.05}",15.563122630119324,7;29;57;62,9;12;21;25;36;37;39;44;46;47;58;64;65;67;70;72;83;87
4,2,4,C/40,1,physical_cluster,svr_rbf,2.7135610963053898,3.3451675643260868,"{""C"": 100.0, ""epsilon"": 1.0}",18.26253540648609,7;29;57;62,9;12;21;25;36;37;39;44;46;47;58;64;65;67;70;72;83;87
4,2,4,C/40,1,physical_cluster,gp_rbf,2.845616351051633,3.689153727539244,"{""alpha"": 1.0, ""length"": 3.0}",16.672576468570742,7;29;57;62,9;12;21;25;36;37;39;44;46;47;58;64;65;67;70;72;83;87
4,2,4,C/40,1,physical_cluster,catboost,3.685484601715856,5.210305906014308,{},,7;29;57;62,9;12;21;25;36;37;39;44;46;47;58;64;65;67;70;72;83;87
4,2,4,C/40,1,physical_cluster,xgboost,5.495282914903429,8.313834393463228,{},,7;29;57;62,9;12;21;25;36;37;39;44;46;47;58;64;65;67;70;72;83;87
4,2,4,C/40,1,physical_cluster,extra_trees,5.087130427360536,5.875039841263009,{},,7;29;57;62,9;12;21;25;36;37;39;44;46;47;58;64;65;67;70;72;83;87
4,2,4,0.05A,2,physical_cluster,ridge_physics,2.620875040690104,3.553770331437925,"{""alpha"": 1.0}",1.9569687843322756,7;29;57;62,9;12;21;25;36;37;39;44;46;47;58;64;65;67;70;72;83;87
4,2,4,0.05A,2,physical_cluster,ridge_source,2.428056081136068,3.286914547122608,"{""alpha"": 0.1}",1.3792579174041748,7;29;57;62,9;12;21;25;36;37;39;44;46;47;58;64;65;67;70;72;83;87
4,2,4,0.05A,2,physical_cluster,ridge_input,4.599753909640842,5.53561784092375,"{""alpha"": 0.1}",2.5879809856414795,7;29;57;62,9;12;21;25;36;37;39;44;46;47;58;64;65;67;70;72;83;87
4,2,4,0.05A,2,physical_cluster,krr_rbf,2.983733707004123,3.703958341150001,"{""alpha"": 0.1, ""gamma"": 0.05}",14.131492972373962,7;29;57;62,9;12;21;25;36;37;39;44;46;47;58;64;65;67;70;72;83;87
4,2,4,0.05A,2,physical_cluster,svr_rbf,3.240955496368888,3.908004649964112,"{""C"": 100.0, ""epsilon"": 1.0}",16.239153347270157,7;29;57;62,9;12;21;25;36;37;39;44;46;47;58;64;65;67;70;72;83;87
4,2,4,0.05A,2,physical_cluster,gp_rbf,3.273913092032287,4.164362491082739,"{""alpha"": 1.0, ""length"": 3.0}",15.171984889056864,7;29;57;62,9;12;21;25;36;37;39;44;46;47;58;64;65;67;70;72;83;87
4,2,4,0.05A,2,physical_cluster,catboost,4.098837654893111,5.666863173493218,{},,7;29;57;62,9;12;21;25;36;37;39;44;46;47;58;64;65;67;70;72;83;87
4,2,4,0.05A,2,physical_cluster,xgboost,5.989840613471137,8.648985587499432,{},,7;29;57;62,9;12;21;25;36;37;39;44;46;47;58;64;65;67;70;72;83;87
4,2,4,0.05A,2,physical_cluster,extra_trees,4.249428616629706,5.414121139466764,{},,7;29;57;62,9;12;21;25;36;37;39;44;46;47;58;64;65;67;70;72;83;87
4,2,4,C/10,3,physical_cluster,ridge_physics,1.9511087205674915,2.6346843411293404,"{""alpha"": 0.1}",1.2709815502166748,7;29;57;62,9;12;21;25;36;37;39;44;46;47;58;64;65;67;70;72;83;87
4,2,4,C/10,3,physical_cluster,ridge_source,1.7816234164767797,2.1840514868318643,"{""alpha"": 0.1}",3.9957735538482666,7;29;57;62,9;12;21;25;36;37;39;44;46;47;58;64;65;67;70;72;83;87
4,2,4,C/10,3,physical_cluster,ridge_input,5.688220553927952,6.655881952306113,"{""alpha"": 0.1}",6.682931482791901,7;29;57;62,9;12;21;25;36;37;39;44;46;47;58;64;65;67;70;72;83;87
4,2,4,C/10,3,physical_cluster,krr_rbf,2.3339915805392795,3.0599920486654937,"{""alpha"": 0.1, ""gamma"": 0.05}",17.64858341217041,7;29;57;62,9;12;21;25;36;37;39;44;46;47;58;64;65;67;70;72;83;87
4,2,4,C/10,3,physical_cluster,svr_rbf,2.486065427636219,3.038721158357024,"{""C"": 100.0, ""epsilon"": 1.0}",20.983769612972445,7;29;57;62,9;12;21;25;36;37;39;44;46;47;58;64;65;67;70;72;83;87
4,2,4,C/10,3,physical_cluster,gp_rbf,2.723115150958023,3.5713087960587973,"{""alpha"": 1.0, ""length"": 3.0}",18.87272882646024,7;29;57;62,9;12;21;25;36;37;39;44;46;47;58;64;65;67;70;72;83;87
4,2,4,C/10,3,physical_cluster,catboost,3.771199346502992,5.331262467300852,{},,7;29;57;62,9;12;21;25;36;37;39;44;46;47;58;64;65;67;70;72;83;87
4,2,4,C/10,3,physical_cluster,xgboost,5.647687276204427,8.293642419146744,{},,7;29;57;62,9;12;21;25;36;37;39;44;46;47;58;64;65;67;70;72;83;87
4,2,4,C/10,3,physical_cluster,extra_trees,5.491027757856582,6.202987214790364,{},,7;29;57;62,9;12;21;25;36;37;39;44;46;47;58;64;65;67;70;72;83;87
4,2,4,C/7,4,physical_cluster,ridge_physics,1.9170260959201388,2.52140587604991,"{""alpha"": 0.1}",0.3693432807922363,7;29;57;62,9;12;21;25;36;37;39;44;46;47;58;64;65;67;70;72;83;87
4,2,4,C/7,4,physical_cluster,ridge_source,1.9001943800184464,2.2441731059496703,"{""alpha"": 0.1}",4.4429099559783936,7;29;57;62,9;12;21;25;36;37;39;44;46;47;58;64;65;67;70;72;83;87
4,2,4,C/7,4,physical_cluster,ridge_input,5.107587602403429,6.098235868748608,"{""alpha"": 0.1}",5.386800050735474,7;29;57;62,9;12;21;25;36;37;39;44;46;47;58;64;65;67;70;72;83;87
4,2,4,C/7,4,physical_cluster,krr_rbf,2.3139254252115884,2.972432769842951,"{""alpha"": 0.1, ""gamma"": 0.05}",18.140349745750427,7;29;57;62,9;12;21;25;36;37;39;44;46;47;58;64;65;67;70;72;83;87
4,2,4,C/7,4,physical_cluster,svr_rbf,2.519431151891903,3.065444483604495,"{""C"": 100.0, ""epsilon"": 1.0}",21.183266927369367,7;29;57;62,9;12;21;25;36;37;39;44;46;47;58;64;65;67;70;72;83;87
4,2,4,C/7,4,physical_cluster,gp_rbf,2.6584504134947866,3.470871834151743,"{""alpha"": 1.0, ""length"": 3.0}",19.44695596737633,7;29;57;62,9;12;21;25;36;37;39;44;46;47;58;64;65;67;70;72;83;87
4,2,4,C/7,4,physical_cluster,catboost,3.7396656234632073,5.323631423765619,{},,7;29;57;62,9;12;21;25;36;37;39;44;46;47;58;64;65;67;70;72;83;87
4,2,4,C/7,4,physical_cluster,xgboost,5.7840453253852,8.362977150382745,{},,7;29;57;62,9;12;21;25;36;37;39;44;46;47;58;64;65;67;70;72;83;87
4,2,4,C/7,4,physical_cluster,extra_trees,5.579005659951104,6.296087420598977,{},,7;29;57;62,9;12;21;25;36;37;39;44;46;47;58;64;65;67;70;72;83;87
4,2,4,C/5,5,physical_cluster,ridge_physics,2.005509270562066,2.6611637851218246,"{""alpha"": 0.1}",1.576180100440979,7;29;57;62,9;12;21;25;36;37;39;44;46;47;58;64;65;67;70;72;83;87
4,2,4,C/5,5,physical_cluster,ridge_source,1.967741224500868,2.295415270867745,"{""alpha"": 0.1}",5.72543740272522,7;29;57;62,9;12;21;25;36;37;39;44;46;47;58;64;65;67;70;72;83;87
4,2,4,C/5,5,physical_cluster,ridge_input,2.673569997151693,3.507095653533041,"{""alpha"": 1.0}",6.405542969703674,7;29;57;62,9;12;21;25;36;37;39;44;46;47;58;64;65;67;70;72;83;87
4,2,4,C/5,5,physical_cluster,krr_rbf,2.394047631157769,3.092078524306836,"{""alpha"": 0.1, ""gamma"": 0.05}",18.620734810829163,7;29;57;62,9;12;21;25;36;37;39;44;46;47;58;64;65;67;70;72;83;87
4,2,4,C/5,5,physical_cluster,svr_rbf,2.557756858482107,3.103868543551251,"{""C"": 100.0, ""epsilon"": 1.0}",22.035989283740676,7;29;57;62,9;12;21;25;36;37;39;44;46;47;58;64;65;67;70;72;83;87
4,2,4,C/5,5,physical_cluster,gp_rbf,2.770349693860336,3.617832544383247,"{""alpha"": 1.0, ""length"": 3.0}",19.928404619931264,7;29;57;62,9;12;21;25;36;37;39;44;46;47;58;64;65;67;70;72;83;87
4,2,4,C/5,5,physical_cluster,catboost,4.123163989683625,5.679343591299267,{},,7;29;57;62,9;12;21;25;36;37;39;44;46;47;58;64;65;67;70;72;83;87
4,2,4,C/5,5,physical_cluster,xgboost,5.899460262722439,8.445362301484202,{},,7;29;57;62,9;12;21;25;36;37;39;44;46;47;58;64;65;67;70;72;83;87
4,2,4,C/5,5,physical_cluster,extra_trees,5.605364317364162,6.344435214999848,{},,7;29;57;62,9;12;21;25;36;37;39;44;46;47;58;64;65;67;70;72;83;87
4,2,4,C/80,0,input_cluster,ridge_physics,4.740767161051433,5.541087197920612,"{""alpha"": 10.0}",6.768404960632324,3;19;45;62,9;12;21;25;36;37;39;44;46;47;58;64;65;67;70;72;83;87
4,2,4,C/80,0,input_cluster,ridge_source,3.812093522813585,4.424790073142018,"{""alpha"": 1.0}",5.141024231910706,3;19;45;62,9;12;21;25;36;37;39;44;46;47;58;64;65;67;70;72;83;87
4,2,4,C/80,0,input_cluster,ridge_input,5.143618689643012,6.829995690677757,"{""alpha"": 10.0}",8.294656991958618,3;19;45;62,9;12;21;25;36;37;39;44;46;47;58;64;65;67;70;72;83;87
4,2,4,C/80,0,input_cluster,krr_rbf,2.683396233452691,3.951162230318656,"{""alpha"": 0.1, ""gamma"": 0.05}",14.480333775281906,3;19;45;62,9;12;21;25;36;37;39;44;46;47;58;64;65;67;70;72;83;87
4,2,4,C/80,0,input_cluster,svr_rbf,3.6022743519672065,7.101142198111028,"{""C"": 100.0, ""epsilon"": 0.2}",10.254155564039,3;19;45;62,9;12;21;25;36;37;39;44;46;47;58;64;65;67;70;72;83;87
4,2,4,C/80,0,input_cluster,gp_rbf,2.7497959033976525,4.244650634838764,"{""alpha"": 1.0, ""length"": 3.0}",15.29604620386769,3;19;45;62,9;12;21;25;36;37;39;44;46;47;58;64;65;67;70;72;83;87
4,2,4,C/80,0,input_cluster,catboost,6.36747809352403,8.255697919143044,{},,3;19;45;62,9;12;21;25;36;37;39;44;46;47;58;64;65;67;70;72;83;87
4,2,4,C/80,0,input_cluster,xgboost,9.39262474907769,10.838919195750796,{},,3;19;45;62,9;12;21;25;36;37;39;44;46;47;58;64;65;67;70;72;83;87
4,2,4,C/80,0,input_cluster,extra_trees,4.914900106853909,6.458163610948381,{},,3;19;45;62,9;12;21;25;36;37;39;44;46;47;58;64;65;67;70;72;83;87
4,2,4,C/40,1,input_cluster,ridge_physics,4.27870856391059,4.978533098714259,"{""alpha"": 10.0}",7.0753703117370605,3;19;45;62,9;12;21;25;36;37;39;44;46;47;58;64;65;67;70;72;83;87
4,2,4,C/40,1,input_cluster,ridge_source,3.286730448404948,3.8099577304012464,"{""alpha"": 1.0}",5.04568612575531,3;19;45;62,9;12;21;25;36;37;39;44;46;47;58;64;65;67;70;72;83;87
4,2,4,C/40,1,input_cluster,ridge_input,4.63546880086263,6.344794207403406,"{""alpha"": 10.0}",7.447652339935303,3;19;45;62,9;12;21;25;36;37;39;44;46;47;58;64;65;67;70;72;83;87
4,2,4,C/40,1,input_cluster,krr_rbf,2.439034356011285,3.582888686272472,"{""alpha"": 0.1, ""gamma"": 0.05}",14.522898614406586,3;19;45;62,9;12;21;25;36;37;39;44;46;47;58;64;65;67;70;72;83;87
4,2,4,C/40,1,input_cluster,svr_rbf,3.1865339573953118,6.771980154455247,"{""C"": 100.0, ""epsilon"": 0.2}",9.823477465834408,3;19;45;62,9;12;21;25;36;37;39;44;46;47;58;64;65;67;70;72;83;87
4,2,4,C/40,1,input_cluster,gp_rbf,2.490865706384824,3.822041684250215,"{""alpha"": 1.0, ""length"": 3.0}",15.725684792845213,3;19;45;62,9;12;21;25;36;37;39;44;46;47;58;64;65;67;70;72;83;87
4,2,4,C/40,1,input_cluster,catboost,6.46179711018651,8.1865956277482,{},,3;19;45;62,9;12;21;25;36;37;39;44;46;47;58;64;65;67;70;72;83;87
4,2,4,C/40,1,input_cluster,xgboost,9.262689802381727,10.682461644527896,{},,3;19;45;62,9;12;21;25;36;37;39;44;46;47;58;64;65;67;70;72;83;87
4,2,4,C/40,1,input_cluster,extra_trees,4.9077934106191,6.5660140552344535,{},,3;19;45;62,9;12;21;25;36;37;39;44;46;47;58;64;65;67;70;72;83;87
4,2,4,0.05A,2,input_cluster,ridge_physics,4.789198981391059,5.590109012674674,"{""alpha"": 10.0}",6.721771240234375,3;19;45;62,9;12;21;25;36;37;39;44;46;47;58;64;65;67;70;72;83;87
4,2,4,0.05A,2,input_cluster,ridge_source,3.867587619357639,4.509137625042283,"{""alpha"": 1.0}",5.07857346534729,3;19;45;62,9;12;21;25;36;37;39;44;46;47;58;64;65;67;70;72;83;87
4,2,4,0.05A,2,input_cluster,ridge_input,5.249099307590061,6.837650940714059,"{""alpha"": 10.0}",8.243409872055054,3;19;45;62,9;12;21;25;36;37;39;44;46;47;58;64;65;67;70;72;83;87
4,2,4,0.05A,2,input_cluster,krr_rbf,2.7274691263834634,3.97629822615769,"{""alpha"": 0.1, ""gamma"": 0.05}",14.6816303730011,3;19;45;62,9;12;21;25;36;37;39;44;46;47;58;64;65;67;70;72;83;87
4,2,4,0.05A,2,input_cluster,svr_rbf,3.749828862132672,7.134777921172983,"{""C"": 100.0, ""epsilon"": 0.2}",10.453080648100658,3;19;45;62,9;12;21;25;36;37;39;44;46;47;58;64;65;67;70;72;83;87
4,2,4,0.05A,2,input_cluster,gp_rbf,2.8451336400221345,4.278854571068973,"{""alpha"": 1.0, ""length"": 3.0}",15.460213362601838,3;19;45;62,9;12;21;25;36;37;39;44;46;47;58;64;65;67;70;72;83;87
4,2,4,0.05A,2,input_cluster,catboost,6.389724376833602,8.247240580053369,{},,3;19;45;62,9;12;21;25;36;37;39;44;46;47;58;64;65;67;70;72;83;87
4,2,4,0.05A,2,input_cluster,xgboost,9.43260998196072,10.822262603150074,{},,3;19;45;62,9;12;21;25;36;37;39;44;46;47;58;64;65;67;70;72;83;87
4,2,4,0.05A,2,input_cluster,extra_trees,4.9635180552800495,6.407475988109784,{},,3;19;45;62,9;12;21;25;36;37;39;44;46;47;58;64;65;67;70;72;83;87
4,2,4,C/10,3,input_cluster,ridge_physics,2.220929887559679,2.6604376809646486,"{""alpha"": 1.0}",5.88021719455719,3;19;45;62,9;12;21;25;36;37;39;44;46;47;58;64;65;67;70;72;83;87
4,2,4,C/10,3,input_cluster,ridge_source,2.045269436306424,2.4152898900182307,"{""alpha"": 0.1}",3.813095808029175,3;19;45;62,9;12;21;25;36;37;39;44;46;47;58;64;65;67;70;72;83;87
4,2,4,C/10,3,input_cluster,ridge_input,4.19595464070638,5.86609220329061,"{""alpha"": 10.0}",7.384141445159912,3;19;45;62,9;12;21;25;36;37;39;44;46;47;58;64;65;67;70;72;83;87
4,2,4,C/10,3,input_cluster,krr_rbf,2.356156243218316,3.362025842559341,"{""alpha"": 0.1, ""gamma"": 0.05}",16.437260270118713,3;19;45;62,9;12;21;25;36;37;39;44;46;47;58;64;65;67;70;72;83;87
4,2,4,C/10,3,input_cluster,svr_rbf,3.210532297730344,7.009948787847797,"{""C"": 100.0, ""epsilon"": 0.2}",11.09690808853474,3;19;45;62,9;12;21;25;36;37;39;44;46;47;58;64;65;67;70;72;83;87
4,2,4,C/10,3,input_cluster,gp_rbf,2.334361145160572,3.560344244828555,"{""alpha"": 1.0, ""length"": 3.0}",17.611022519994993,3;19;45;62,9;12;21;25;36;37;39;44;46;47;58;64;65;67;70;72;83;87
4,2,4,C/10,3,input_cluster,catboost,6.942173438878928,8.596044315094465,{},,3;19;45;62,9;12;21;25;36;37;39;44;46;47;58;64;65;67;70;72;83;87
4,2,4,C/10,3,input_cluster,xgboost,9.902247958713108,11.165259755594656,{},,3;19;45;62,9;12;21;25;36;37;39;44;46;47;58;64;65;67;70;72;83;87
4,2,4,C/10,3,input_cluster,extra_trees,5.520295929908752,7.366149279116524,{},,3;19;45;62,9;12;21;25;36;37;39;44;46;47;58;64;65;67;70;72;83;87
4,2,4,C/7,4,input_cluster,ridge_physics,2.1767311096191406,2.6088232267093,"{""alpha"": 1.0}",5.226712346076965,3;19;45;62,9;12;21;25;36;37;39;44;46;47;58;64;65;67;70;72;83;87
4,2,4,C/7,4,input_cluster,ridge_source,2.094023810492621,2.431180969969429,"{""alpha"": 0.1}",3.0975444316864014,3;19;45;62,9;12;21;25;36;37;39;44;46;47;58;64;65;67;70;72;83;87
4,2,4,C/7,4,input_cluster,ridge_input,4.113068474663629,5.771382712909405,"{""alpha"": 10.0}",7.617657661437988,3;19;45;62,9;12;21;25;36;37;39;44;46;47;58;64;65;67;70;72;83;87
4,2,4,C/7,4,input_cluster,krr_rbf,2.3232366773817272,3.293836523496782,"{""alpha"": 0.1, ""gamma"": 0.05}",17.03367006778717,3;19;45;62,9;12;21;25;36;37;39;44;46;47;58;64;65;67;70;72;83;87
4,2,4,C/7,4,input_cluster,svr_rbf,3.2322979770224283,7.095746146666871,"{""C"": 100.0, ""epsilon"": 0.2}",11.454134403708377,3;19;45;62,9;12;21;25;36;37;39;44;46;47;58;64;65;67;70;72;83;87
4,2,4,C/7,4,input_cluster,gp_rbf,2.335355067636117,3.4935492826450685,"{""alpha"": 1.0, ""length"": 3.0}",18.127010693014217,3;19;45;62,9;12;21;25;36;37;39;44;46;47;58;64;65;67;70;72;83;87
4,2,4,C/7,4,input_cluster,catboost,7.092525306087542,8.732544116731198,{},,3;19;45;62,9;12;21;25;36;37;39;44;46;47;58;64;65;67;70;72;83;87
4,2,4,C/7,4,input_cluster,xgboost,10.09104029337565,11.321280340519529,{},,3;19;45;62,9;12;21;25;36;37;39;44;46;47;58;64;65;67;70;72;83;87
4,2,4,C/7,4,input_cluster,extra_trees,5.681467550330691,7.557652374568275,{},,3;19;45;62,9;12;21;25;36;37;39;44;46;47;58;64;65;67;70;72;83;87
4,2,4,C/5,5,input_cluster,ridge_physics,2.1419508192274304,2.580584206362333,"{""alpha"": 1.0}",4.671280145645142,3;19;45;62,9;12;21;25;36;37;39;44;46;47;58;64;65;67;70;72;83;87
4,2,4,C/5,5,input_cluster,ridge_source,2.1454065110948357,2.48464852165094,"{""alpha"": 0.1}",2.4756239652633667,3;19;45;62,9;12;21;25;36;37;39;44;46;47;58;64;65;67;70;72;83;87
4,2,4,C/5,5,input_cluster,ridge_input,4.054637061225043,5.713055139359328,"{""alpha"": 10.0}",7.86292576789856,3;19;45;62,9;12;21;25;36;37;39;44;46;47;58;64;65;67;70;72;83;87
4,2,4,C/5,5,input_cluster,krr_rbf,2.301028357611762,3.2477661158725657,"{""alpha"": 0.1, ""gamma"": 0.05}",17.62215220928192,3;19;45;62,9;12;21;25;36;37;39;44;46;47;58;64;65;67;70;72;83;87
4,2,4,C/5,5,input_cluster,svr_rbf,3.258520208704554,7.202401952846378,"{""C"": 100.0, ""epsilon"": 0.2}",11.810154319104084,3;19;45;62,9;12;21;25;36;37;39;44;46;47;58;64;65;67;70;72;83;87
4,2,4,C/5,5,input_cluster,gp_rbf,2.3528434500102366,3.4484911488540733,"{""alpha"": 1.0, ""length"": 3.0}",18.74980177172734,3;19;45;62,9;12;21;25;36;37;39;44;46;47;58;64;65;67;70;72;83;87
4,2,4,C/5,5,input_cluster,catboost,7.211619874332275,8.849033154616615,{},,3;19;45;62,9;12;21;25;36;37;39;44;46;47;58;64;65;67;70;72;83;87
4,2,4,C/5,5,input_cluster,xgboost,10.317312876383465,11.520918238815106,{},,3;19;45;62,9;12;21;25;36;37;39;44;46;47;58;64;65;67;70;72;83;87
4,2,4,C/5,5,input_cluster,extra_trees,5.858560497230954,7.778101899555557,{},,3;19;45;62,9;12;21;25;36;37;39;44;46;47;58;64;65;67;70;72;83;87