fold,repeat,k,rate,rate_idx,policy,method,soh_mae_pp,soh_rmse_pp,selected_hyperparameters,labeled_loo_mae,label_ids,test_ids
3,0,14,C/80,0,random,ridge_physics,2.561018625895182,3.088810931150036,"{""alpha"": 0.1}",2.275531734739031,4;5;15;24;33;35;37;38;44;47;68;70;72;82,1;10;14;19;20;29;31;32;49;57;61;69;73;77;78;85;88;89
3,0,14,C/80,0,random,ridge_source,2.293657514784071,2.790826420146125,"{""alpha"": 0.1}",2.233438491821289,4;5;15;24;33;35;37;38;44;47;68;70;72;82,1;10;14;19;20;29;31;32;49;57;61;69;73;77;78;85;88;89
3,0,14,C/80,0,random,ridge_input,5.440497080485026,6.856383259436195,"{""alpha"": 0.1}",2.12166006224496,4;5;15;24;33;35;37;38;44;47;68;70;72;82,1;10;14;19;20;29;31;32;49;57;61;69;73;77;78;85;88;89
3,0,14,C/80,0,random,krr_rbf,4.031038920084636,5.860809869464337,"{""alpha"": 0.1, ""gamma"": 0.05}",1.9759351781436376,4;5;15;24;33;35;37;38;44;47;68;70;72;82,1;10;14;19;20;29;31;32;49;57;61;69;73;77;78;85;88;89
3,0,14,C/80,0,random,svr_rbf,6.044834864811836,10.324397942398512,"{""C"": 10.0, ""epsilon"": 0.2}",1.6860140370188337,4;5;15;24;33;35;37;38;44;47;68;70;72;82,1;10;14;19;20;29;31;32;49;57;61;69;73;77;78;85;88;89
3,0,14,C/80,0,random,gp_rbf,4.221177267485078,6.22257206807434,"{""alpha"": 1.0, ""length"": 3.0}",2.116039063655274,4;5;15;24;33;35;37;38;44;47;68;70;72;82,1;10;14;19;20;29;31;32;49;57;61;69;73;77;78;85;88;89
3,0,14,C/80,0,random,catboost,4.901187637408111,7.387473186483096,{},,4;5;15;24;33;35;37;38;44;47;68;70;72;82,1;10;14;19;20;29;31;32;49;57;61;69;73;77;78;85;88;89
3,0,14,C/80,0,random,xgboost,5.649403889973958,8.028660869495134,{},,4;5;15;24;33;35;37;38;44;47;68;70;72;82,1;10;14;19;20;29;31;32;49;57;61;69;73;77;78;85;88;89
3,0,14,C/80,0,random,extra_trees,3.972790115806793,6.182098518733421,{},,4;5;15;24;33;35;37;38;44;47;68;70;72;82,1;10;14;19;20;29;31;32;49;57;61;69;73;77;78;85;88;89
3,0,14,C/40,1,random,ridge_physics,1.7469495137532551,2.208740812424244,"{""alpha"": 0.1}",1.985446981021336,4;5;15;24;33;35;37;38;44;47;68;70;72;82,1;10;14;19;20;29;31;32;49;57;61;69;73;77;78;85;88;89
3,0,14,C/40,1,random,ridge_source,1.467382642957899,1.785230845942262,"{""alpha"": 0.1}",1.927389178957258,4;5;15;24;33;35;37;38;44;47;68;70;72;82,1;10;14;19;20;29;31;32;49;57;61;69;73;77;78;85;88;89
3,0,14,C/40,1,random,ridge_input,4.539429134792751,6.323761427540416,"{""alpha"": 0.1}",1.6926770891462053,4;5;15;24;33;35;37;38;44;47;68;70;72;82,1;10;14;19;20;29;31;32;49;57;61;69;73;77;78;85;88;89
3,0,14,C/40,1,random,krr_rbf,3.4091771443684897,5.672181708279823,"{""alpha"": 0.1, ""gamma"": 0.05}",1.6806347455297197,4;5;15;24;33;35;37;38;44;47;68;70;72;82,1;10;14;19;20;29;31;32;49;57;61;69;73;77;78;85;88;89
3,0,14,C/40,1,random,svr_rbf,5.685750650160183,10.492855080145484,"{""C"": 100.0, ""epsilon"": 0.2}",1.2411618590147735,4;5;15;24;33;35;37;38;44;47;68;70;72;82,1;10;14;19;20;29;31;32;49;57;61;69;73;77;78;85;88;89
3,0,14,C/40,1,random,gp_rbf,3.576462515706888,6.036391970687093,"{""alpha"": 1.0, ""length"": 3.0}",1.916576803023018,4;5;15;24;33;35;37;38;44;47;68;70;72;82,1;10;14;19;20;29;31;32;49;57;61;69;73;77;78;85;88;89
3,0,14,C/40,1,random,catboost,4.569045216958939,7.370037914127084,{},,4;5;15;24;33;35;37;38;44;47;68;70;72;82,1;10;14;19;20;29;31;32;49;57;61;69;73;77;78;85;88;89
3,0,14,C/40,1,random,xgboost,5.17505603366428,7.926098440032542,{},,4;5;15;24;33;35;37;38;44;47;68;70;72;82,1;10;14;19;20;29;31;32;49;57;61;69;73;77;78;85;88;89
3,0,14,C/40,1,random,extra_trees,3.6041540069786127,6.269847070125317,{},,4;5;15;24;33;35;37;38;44;47;68;70;72;82,1;10;14;19;20;29;31;32;49;57;61;69;73;77;78;85;88;89
3,0,14,0.05A,2,random,ridge_physics,2.850998772515191,3.5349061716677395,"{""alpha"": 0.1}",2.4142636231013705,4;5;15;24;33;35;37;38;44;47;68;70;72;82,1;10;14;19;20;29;31;32;49;57;61;69;73;77;78;85;88;89
3,0,14,0.05A,2,random,ridge_source,2.62772454155816,3.251888386665029,"{""alpha"": 0.1}",2.3614318881716048,4;5;15;24;33;35;37;38;44;47;68;70;72;82,1;10;14;19;20;29;31;32;49;57;61;69;73;77;78;85;88;89
3,0,14,0.05A,2,random,ridge_input,5.58503172132704,6.925606759029532,"{""alpha"": 0.1}",2.413225071770804,4;5;15;24;33;35;37;38;44;47;68;70;72;82,1;10;14;19;20;29;31;32;49;57;61;69;73;77;78;85;88;89
3,0,14,0.05A,2,random,krr_rbf,4.1198853386773004,5.788479635925029,"{""alpha"": 0.1, ""gamma"": 0.05}",2.106407335826329,4;5;15;24;33;35;37;38;44;47;68;70;72;82,1;10;14;19;20;29;31;32;49;57;61;69;73;77;78;85;88;89
3,0,14,0.05A,2,random,svr_rbf,6.318843910680517,10.195442078766662,"{""C"": 10.0, ""epsilon"": 0.2}",1.7991573476558609,4;5;15;24;33;35;37;38;44;47;68;70;72;82,1;10;14;19;20;29;31;32;49;57;61;69;73;77;78;85;88;89
3,0,14,0.05A,2,random,gp_rbf,4.308930469883062,6.157430080546848,"{""alpha"": 1.0, ""length"": 3.0}",2.2612747647013896,4;5;15;24;33;35;37;38;44;47;68;70;72;82,1;10;14;19;20;29;31;32;49;57;61;69;73;77;78;85;88;89
3,0,14,0.05A,2,random,catboost,5.026529266381249,7.21450831536097,{},,4;5;15;24;33;35;37;38;44;47;68;70;72;82,1;10;14;19;20;29;31;32;49;57;61;69;73;77;78;85;88;89
3,0,14,0.05A,2,random,xgboost,5.715073055691189,7.852506346495207,{},,4;5;15;24;33;35;37;38;44;47;68;70;72;82,1;10;14;19;20;29;31;32;49;57;61;69;73;77;78;85;88;89
3,0,14,0.05A,2,random,extra_trees,4.029739867934473,5.979372293750021,{},,4;5;15;24;33;35;37;38;44;47;68;70;72;82,1;10;14;19;20;29;31;32;49;57;61;69;73;77;78;85;88;89
3,0,14,C/10,3,random,ridge_physics,1.5531565348307292,2.074214282722788,"{""alpha"": 0.1}",1.8381404876708984,4;5;15;24;33;35;37;38;44;47;68;70;72;82,1;10;14;19;20;29;31;32;49;57;61;69;73;77;78;85;88;89
3,0,14,C/10,3,random,ridge_source,1.30542967054579,1.5707435235879663,"{""alpha"": 0.1}",1.7207623209272112,4;5;15;24;33;35;37;38;44;47;68;70;72;82,1;10;14;19;20;29;31;32;49;57;61;69;73;77;78;85;88;89
3,0,14,C/10,3,random,ridge_input,3.863206651475695,5.881143952377151,"{""alpha"": 0.1}",1.5923505851200648,4;5;15;24;33;35;37;38;44;47;68;70;72;82,1;10;14;19;20;29;31;32;49;57;61;69;73;77;78;85;88;89
3,0,14,C/10,3,random,krr_rbf,3.3247146606445312,5.884755011480796,"{""alpha"": 0.1, ""gamma"": 0.05}",1.5576979773385184,4;5;15;24;33;35;37;38;44;47;68;70;72;82,1;10;14;19;20;29;31;32;49;57;61;69;73;77;78;85;88;89
3,0,14,C/10,3,random,svr_rbf,5.722530946448651,10.744698429859229,"{""C"": 100.0, ""epsilon"": 0.2}",1.151606768907529,4;5;15;24;33;35;37;38;44;47;68;70;72;82,1;10;14;19;20;29;31;32;49;57;61;69;73;77;78;85;88;89
3,0,14,C/10,3,random,gp_rbf,3.5110094954610065,6.268944562943636,"{""alpha"": 1.0, ""length"": 3.0}",1.883237949236136,4;5;15;24;33;35;37;38;44;47;68;70;72;82,1;10;14;19;20;29;31;32;49;57;61;69;73;77;78;85;88;89
3,0,14,C/10,3,random,catboost,4.496026543631352,7.6231592281314144,{},,4;5;15;24;33;35;37;38;44;47;68;70;72;82,1;10;14;19;20;29;31;32;49;57;61;69;73;77;78;85;88;89
3,0,14,C/10,3,random,xgboost,5.12992689344618,8.1520926468996,{},,4;5;15;24;33;35;37;38;44;47;68;70;72;82,1;10;14;19;20;29;31;32;49;57;61;69;73;77;78;85;88;89
3,0,14,C/10,3,random,extra_trees,3.700796196902239,6.568933885259187,{},,4;5;15;24;33;35;37;38;44;47;68;70;72;82,1;10;14;19;20;29;31;32;49;57;61;69;73;77;78;85;88;89
3,0,14,C/7,4,random,ridge_physics,1.569665696885851,2.125952001084348,"{""alpha"": 0.1}",1.798850706645421,4;5;15;24;33;35;37;38;44;47;68;70;72;82,1;10;14;19;20;29;31;32;49;57;61;69;73;77;78;85;88;89
3,0,14,C/7,4,random,ridge_source,1.3659672207302518,1.689335217759886,"{""alpha"": 0.1}",1.7193632807050432,4;5;15;24;33;35;37;38;44;47;68;70;72;82,1;10;14;19;20;29;31;32;49;57;61;69;73;77;78;85;88;89
3,0,14,C/7,4,random,ridge_input,3.767989264594184,5.813580814597924,"{""alpha"": 0.1}",1.598038639341082,4;5;15;24;33;35;37;38;44;47;68;70;72;82,1;10;14;19;20;29;31;32;49;57;61;69;73;77;78;85;88;89
3,0,14,C/7,4,random,krr_rbf,3.4116202460394964,5.99354353910473,"{""alpha"": 0.1, ""gamma"": 0.05}",1.5743660756519862,4;5;15;24;33;35;37;38;44;47;68;70;72;82,1;10;14;19;20;29;31;32;49;57;61;69;73;77;78;85;88;89
3,0,14,C/7,4,random,svr_rbf,5.769832790093275,10.813208914376078,"{""C"": 100.0, ""epsilon"": 0.2}",1.1775003598914655,4;5;15;24;33;35;37;38;44;47;68;70;72;82,1;10;14;19;20;29;31;32;49;57;61;69;73;77;78;85;88;89
3,0,14,C/7,4,random,gp_rbf,3.6048552392636406,6.394191767686218,"{""alpha"": 1.0, ""length"": 3.0}",1.916078392429172,4;5;15;24;33;35;37;38;44;47;68;70;72;82,1;10;14;19;20;29;31;32;49;57;61;69;73;77;78;85;88;89
3,0,14,C/7,4,random,catboost,4.571760869534523,7.724869343589026,{},,4;5;15;24;33;35;37;38;44;47;68;70;72;82,1;10;14;19;20;29;31;32;49;57;61;69;73;77;78;85;88;89
3,0,14,C/7,4,random,xgboost,5.235453711615668,8.275363322514844,{},,4;5;15;24;33;35;37;38;44;47;68;70;72;82,1;10;14;19;20;29;31;32;49;57;61;69;73;77;78;85;88;89
3,0,14,C/7,4,random,extra_trees,3.826483606938961,6.659079459759833,{},,4;5;15;24;33;35;37;38;44;47;68;70;72;82,1;10;14;19;20;29;31;32;49;57;61;69;73;77;78;85;88;89
3,0,14,C/5,5,random,ridge_physics,1.638036939832899,2.1670734818860597,"{""alpha"": 0.1}",1.7177436351776123,4;5;15;24;33;35;37;38;44;47;68;70;72;82,1;10;14;19;20;29;31;32;49;57;61;69;73;77;78;85;88;89
3,0,14,C/5,5,random,ridge_source,1.5402865939670138,1.9041717450894804,"{""alpha"": 0.1}",1.7632502147129605,4;5;15;24;33;35;37;38;44;47;68;70;72;82,1;10;14;19;20;29;31;32;49;57;61;69;73;77;78;85;88;89
3,0,14,C/5,5,random,ridge_input,3.793008380466037,5.837175064211301,"{""alpha"": 0.1}",1.5784430163247245,4;5;15;24;33;35;37;38;44;47;68;70;72;82,1;10;14;19;20;29;31;32;49;57;61;69;73;77;78;85;88;89
3,0,14,C/5,5,random,krr_rbf,3.404629177517361,6.096096005857852,"{""alpha"": 0.1, ""gamma"": 0.05}",1.5900027411324638,4;5;15;24;33;35;37;38;44;47;68;70;72;82,1;10;14;19;20;29;31;32;49;57;61;69;73;77;78;85;88;89
3,0,14,C/5,5,random,svr_rbf,5.785098663507841,10.914215805051407,"{""C"": 100.0, ""epsilon"": 0.2}",1.2382959788106482,4;5;15;24;33;35;37;38;44;47;68;70;72;82,1;10;14;19;20;29;31;32;49;57;61;69;73;77;78;85;88;89
3,0,14,C/5,5,random,gp_rbf,3.6002012732780964,6.495550783229927,"{""alpha"": 1.0, ""length"": 3.0}",1.9470177430446456,4;5;15;24;33;35;37;38;44;47;68;70;72;82,1;10;14;19;20;29;31;32;49;57;61;69;73;77;78;85;88;89
3,0,14,C/5,5,random,catboost,4.583418472883256,7.787453724708537,{},,4;5;15;24;33;35;37;38;44;47;68;70;72;82,1;10;14;19;20;29;31;32;49;57;61;69;73;77;78;85;88;89
3,0,14,C/5,5,random,xgboost,5.244716644287109,8.339889278833423,{},,4;5;15;24;33;35;37;38;44;47;68;70;72;82,1;10;14;19;20;29;31;32;49;57;61;69;73;77;78;85;88;89
3,0,14,C/5,5,random,extra_trees,3.859574021586665,6.739560346429784,{},,4;5;15;24;33;35;37;38;44;47;68;70;72;82,1;10;14;19;20;29;31;32;49;57;61;69;73;77;78;85;88;89
3,0,14,C/80,0,source_cluster,ridge_physics,2.3204082912868924,2.8843972609432984,"{""alpha"": 1.0}",2.777036326272147,2;3;6;9;22;37;40;45;58;62;63;71;76;87,1;10;14;19;20;29;31;32;49;57;61;69;73;77;78;85;88;89
3,0,14,C/80,0,source_cluster,ridge_source,2.369469960530599,2.9052054416928867,"{""alpha"": 1.0}",2.707341296332223,2;3;6;9;22;37;40;45;58;62;63;71;76;87,1;10;14;19;20;29;31;32;49;57;61;69;73;77;78;85;88;89
3,0,14,C/80,0,source_cluster,ridge_input,4.418626573350695,5.839529595255327,"{""alpha"": 10.0}",6.0857303483145575,2;3;6;9;22;37;40;45;58;62;63;71;76;87,1;10;14;19;20;29;31;32;49;57;61;69;73;77;78;85;88;89
3,0,14,C/80,0,source_cluster,krr_rbf,2.393036312527127,2.9048806601499293,"{""alpha"": 0.1, ""gamma"": 0.05}",5.589644266026361,2;3;6;9;22;37;40;45;58;62;63;71;76;87,1;10;14;19;20;29;31;32;49;57;61;69;73;77;78;85;88;89
3,0,14,C/80,0,source_cluster,svr_rbf,3.7559056805204114,5.496159075155125,"{""C"": 10.0, ""epsilon"": 1.0}",6.435405120463758,2;3;6;9;22;37;40;45;58;62;63;71;76;87,1;10;14;19;20;29;31;32;49;57;61;69;73;77;78;85;88;89
3,0,14,C/80,0,source_cluster,gp_rbf,2.5345729850001524,3.0520518111162724,"{""alpha"": 1.0, ""length"": 3.0}",5.55400741598932,2;3;6;9;22;37;40;45;58;62;63;71;76;87,1;10;14;19;20;29;31;32;49;57;61;69;73;77;78;85;88;89
3,0,14,C/80,0,source_cluster,catboost,4.31319572879523,5.950397697829831,{},,2;3;6;9;22;37;40;45;58;62;63;71;76;87,1;10;14;19;20;29;31;32;49;57;61;69;73;77;78;85;88;89
3,0,14,C/80,0,source_cluster,xgboost,4.38640636867947,6.5744625194429975,{},,2;3;6;9;22;37;40;45;58;62;63;71;76;87,1;10;14;19;20;29;31;32;49;57;61;69;73;77;78;85;88;89
3,0,14,C/80,0,source_cluster,extra_trees,3.7066020006099074,4.552103804450421,{},,2;3;6;9;22;37;40;45;58;62;63;71;76;87,1;10;14;19;20;29;31;32;49;57;61;69;73;77;78;85;88;89
3,0,14,C/40,1,source_cluster,ridge_physics,1.6596327887641058,1.9693866974340095,"{""alpha"": 0.1}",2.448750138282776,2;3;6;9;22;37;40;45;58;62;63;71;76;87,1;10;14;19;20;29;31;32;49;57;61;69;73;77;78;85;88;89
3,0,14,C/40,1,source_cluster,ridge_source,1.701379564073351,2.009516978947872,"{""alpha"": 1.0}",2.3025556121553694,2;3;6;9;22;37;40;45;58;62;63;71;76;87,1;10;14;19;20;29;31;32;49;57;61;69;73;77;78;85;88;89
3,0,14,C/40,1,source_cluster,ridge_input,3.928632100423177,5.617971569581062,"{""alpha"": 10.0}",5.830121857779367,2;3;6;9;22;37;40;45;58;62;63;71;76;87,1;10;14;19;20;29;31;32;49;57;61;69;73;77;78;85;88;89
3,0,14,C/40,1,source_cluster,krr_rbf,1.7372088962131076,2.0741601756688888,"{""alpha"": 0.1, ""gamma"": 0.05}",5.615434169769287,2;3;6;9;22;37;40;45;58;62;63;71;76;87,1;10;14;19;20;29;31;32;49;57;61;69;73;77;78;85;88;89
3,0,14,C/40,1,source_cluster,svr_rbf,3.030647812640942,5.147316051175657,"{""C"": 10.0, ""epsilon"": 0.2}",6.273479532178877,2;3;6;9;22;37;40;45;58;62;63;71;76;87,1;10;14;19;20;29;31;32;49;57;61;69;73;77;78;85;88;89
3,0,14,C/40,1,source_cluster,gp_rbf,1.89946749627464,2.310965669686879,"{""alpha"": 1.0, ""length"": 3.0}",5.576174163088328,2;3;6;9;22;37;40;45;58;62;63;71;76;87,1;10;14;19;20;29;31;32;49;57;61;69;73;77;78;85;88;89
3,0,14,C/40,1,source_cluster,catboost,3.744760387900617,5.599382249748774,{},,2;3;6;9;22;37;40;45;58;62;63;71;76;87,1;10;14;19;20;29;31;32;49;57;61;69;73;77;78;85;88;89
3,0,14,C/40,1,source_cluster,xgboost,3.713199615478516,6.343182581288669,{},,2;3;6;9;22;37;40;45;58;62;63;71;76;87,1;10;14;19;20;29;31;32;49;57;61;69;73;77;78;85;88;89
3,0,14,C/40,1,source_cluster,extra_trees,3.071523721079347,4.074184820509402,{},,2;3;6;9;22;37;40;45;58;62;63;71;76;87,1;10;14;19;20;29;31;32;49;57;61;69;73;77;78;85;88;89
3,0,14,0.05A,2,source_cluster,ridge_physics,2.639511956108941,3.3100520988938253,"{""alpha"": 1.0}",2.867820041520255,2;3;6;9;22;37;40;45;58;62;63;71;76;87,1;10;14;19;20;29;31;32;49;57;61;69;73;77;78;85;88;89
3,0,14,0.05A,2,source_cluster,ridge_source,2.5787887573242188,3.263996495214774,"{""alpha"": 1.0}",2.7759779691696167,2;3;6;9;22;37;40;45;58;62;63;71;76;87,1;10;14;19;20;29;31;32;49;57;61;69;73;77;78;85;88;89
3,0,14,0.05A,2,source_cluster,ridge_input,4.521652221679688,5.830667479748019,"{""alpha"": 10.0}",6.069257838385446,2;3;6;9;22;37;40;45;58;62;63;71;76;87,1;10;14;19;20;29;31;32;49;57;61;69;73;77;78;85;88;89
3,0,14,0.05A,2,source_cluster,krr_rbf,2.7418878343370228,3.263753912348547,"{""alpha"": 0.1, ""gamma"": 0.05}",5.507078443254743,2;3;6;9;22;37;40;45;58;62;63;71;76;87,1;10;14;19;20;29;31;32;49;57;61;69;73;77;78;85;88;89
3,0,14,0.05A,2,source_cluster,svr_rbf,3.221211333811767,3.809873552918292,"{""C"": 100.0, ""epsilon"": 1.0}",6.402207097894537,2;3;6;9;22;37;40;45;58;62;63;71;76;87,1;10;14;19;20;29;31;32;49;57;61;69;73;77;78;85;88;89
3,0,14,0.05A,2,source_cluster,gp_rbf,2.7997149987366203,3.363619066290758,"{""alpha"": 1.0, ""length"": 3.0}",5.47646076967272,2;3;6;9;22;37;40;45;58;62;63;71;76;87,1;10;14;19;20;29;31;32;49;57;61;69;73;77;78;85;88;89
3,0,14,0.05A,2,source_cluster,catboost,4.494102789405428,5.983044608563212,{},,2;3;6;9;22;37;40;45;58;62;63;71;76;87,1;10;14;19;20;29;31;32;49;57;61;69;73;77;78;85;88;89
3,0,14,0.05A,2,source_cluster,xgboost,4.62063471476237,6.54717193131918,{},,2;3;6;9;22;37;40;45;58;62;63;71;76;87,1;10;14;19;20;29;31;32;49;57;61;69;73;77;78;85;88;89
3,0,14,0.05A,2,source_cluster,extra_trees,3.8975338457501127,4.690735757976301,{},,2;3;6;9;22;37;40;45;58;62;63;71;76;87,1;10;14;19;20;29;31;32;49;57;61;69;73;77;78;85;88;89
3,0,14,C/10,3,source_cluster,ridge_physics,1.127056121826172,1.4183763670621308,"{""alpha"": 0.1}",1.707953691482544,2;3;6;9;22;37;40;45;58;62;63;71;76;87,1;10;14;19;20;29;31;32;49;57;61;69;73;77;78;85;88;89
3,0,14,C/10,3,source_cluster,ridge_source,1.3613069322374132,1.75001079376437,"{""alpha"": 0.1}",1.975332192012242,2;3;6;9;22;37;40;45;58;62;63;71;76;87,1;10;14;19;20;29;31;32;49;57;61;69;73;77;78;85;88;89
3,0,14,C/10,3,source_cluster,ridge_input,3.427916208902994,5.287749211238124,"{""alpha"": 10.0}",4.96907673563276,2;3;6;9;22;37;40;45;58;62;63;71;76;87,1;10;14;19;20;29;31;32;49;57;61;69;73;77;78;85;88;89
3,0,14,C/10,3,source_cluster,krr_rbf,1.4798257615831163,1.7649968718877806,"{""alpha"": 0.1, ""gamma"": 0.05}",6.105566837957928,2;3;6;9;22;37;40;45;58;62;63;71;76;87,1;10;14;19;20;29;31;32;49;57;61;69;73;77;78;85;88;89
3,0,14,C/10,3,source_cluster,svr_rbf,1.499337504886976,2.225772447773977,"{""C"": 100.0, ""epsilon"": 1.0}",6.72622646434211,2;3;6;9;22;37;40;45;58;62;63;71;76;87,1;10;14;19;20;29;31;32;49;57;61;69;73;77;78;85;88;89
3,0,14,C/10,3,source_cluster,gp_rbf,1.6610823671189443,2.0919724826542048,"{""alpha"": 1.0, ""length"": 3.0}",6.051834429922402,2;3;6;9;22;37;40;45;58;62;63;71;76;87,1;10;14;19;20;29;31;32;49;57;61;69;73;77;78;85;88;89
3,0,14,C/10,3,source_cluster,catboost,3.619925669366567,5.72452188801398,{},,2;3;6;9;22;37;40;45;58;62;63;71;76;87,1;10;14;19;20;29;31;32;49;57;61;69;73;77;78;85;88;89
3,0,14,C/10,3,source_cluster,xgboost,3.450741661919488,6.406867773110674,{},,2;3;6;9;22;37;40;45;58;62;63;71;76;87,1;10;14;19;20;29;31;32;49;57;61;69;73;77;78;85;88;89
3,0,14,C/10,3,source_cluster,extra_trees,2.778768699762051,4.131949829901598,{},,2;3;6;9;22;37;40;45;58;62;63;71;76;87,1;10;14;19;20;29;31;32;49;57;61;69;73;77;78;85;88;89
3,0,14,C/7,4,source_cluster,ridge_physics,1.0795402526855469,1.4045409522168553,"{""alpha"": 0.1}",1.5442368984222412,2;3;6;9;22;37;40;45;58;62;63;71;76;87,1;10;14;19;20;29;31;32;49;57;61;69;73;77;78;85;88;89
3,0,14,C/7,4,source_cluster,ridge_source,1.4346093071831598,1.8265189310313144,"{""alpha"": 0.1}",2.130743537630354,2;3;6;9;22;37;40;45;58;62;63;71;76;87,1;10;14;19;20;29;31;32;49;57;61;69;73;77;78;85;88;89
3,0,14,C/7,4,source_cluster,ridge_input,3.472622341579861,5.257927461600343,"{""alpha"": 10.0}",4.7876700673784525,2;3;6;9;22;37;40;45;58;62;63;71;76;87,1;10;14;19;20;29;31;32;49;57;61;69;73;77;78;85;88;89
3,0,14,C/7,4,source_cluster,krr_rbf,1.4587826199001737,1.7701333717737011,"{""alpha"": 0.1, ""gamma"": 0.05}",6.190961209791047,2;3;6;9;22;37;40;45;58;62;63;71;76;87,1;10;14;19;20;29;31;32;49;57;61;69;73;77;78;85;88;89
3,0,14,C/7,4,source_cluster,svr_rbf,1.4502948964766025,2.1891105241714324,"{""C"": 100.0, ""epsilon"": 1.0}",6.849961549921532,2;3;6;9;22;37;40;45;58;62;63;71;76;87,1;10;14;19;20;29;31;32;49;57;61;69;73;77;78;85;88;89
3,0,14,C/7,4,source_cluster,gp_rbf,1.6361347387970366,2.1305107595715347,"{""alpha"": 1.0, ""length"": 3.0}",6.162011976040222,2;3;6;9;22;37;40;45;58;62;63;71;76;87,1;10;14;19;20;29;31;32;49;57;61;69;73;77;78;85;88;89
3,0,14,C/7,4,source_cluster,catboost,3.589055938021162,5.780852830625102,{},,2;3;6;9;22;37;40;45;58;62;63;71;76;87,1;10;14;19;20;29;31;32;49;57;61;69;73;77;78;85;88;89
3,0,14,C/7,4,source_cluster,xgboost,3.476036071777344,6.443899113876105,{},,2;3;6;9;22;37;40;45;58;62;63;71;76;87,1;10;14;19;20;29;31;32;49;57;61;69;73;77;78;85;88;89
3,0,14,C/7,4,source_cluster,extra_trees,2.7579853350460244,4.144465188092295,{},,2;3;6;9;22;37;40;45;58;62;63;71;76;87,1;10;14;19;20;29;31;32;49;57;61;69;73;77;78;85;88;89
3,0,14,C/5,5,source_cluster,ridge_physics,1.1526798672146268,1.4913571020353669,"{""alpha"": 0.1}",1.461052417755127,2;3;6;9;22;37;40;45;58;62;63;71;76;87,1;10;14;19;20;29;31;32;49;57;61;69;73;77;78;85;88;89
3,0,14,C/5,5,source_cluster,ridge_source,1.6105215284559462,2.033758549748508,"{""alpha"": 0.1}",2.2947462626865933,2;3;6;9;22;37;40;45;58;62;63;71;76;87,1;10;14;19;20;29;31;32;49;57;61;69;73;77;78;85;88;89
3,0,14,C/5,5,source_cluster,ridge_input,3.4454188876681857,5.207978440021086,"{""alpha"": 10.0}",4.631211587360927,2;3;6;9;22;37;40;45;58;62;63;71;76;87,1;10;14;19;20;29;31;32;49;57;61;69;73;77;78;85;88;89
3,0,14,C/5,5,source_cluster,krr_rbf,1.5190171135796442,1.8723641160389484,"{""alpha"": 0.1, ""gamma"": 0.05}",6.314850575157574,2;3;6;9;22;37;40;45;58;62;63;71;76;87,1;10;14;19;20;29;31;32;49;57;61;69;73;77;78;85;88;89
3,0,14,C/5,5,source_cluster,svr_rbf,1.5205715079110884,2.31732930838352,"{""C"": 100.0, ""epsilon"": 1.0}",6.997156241163409,2;3;6;9;22;37;40;45;58;62;63;71;76;87,1;10;14;19;20;29;31;32;49;57;61;69;73;77;78;85;88;89
3,0,14,C/5,5,source_cluster,gp_rbf,1.6947759410140673,2.2358226420658416,"{""alpha"": 1.0, ""length"": 3.0}",6.327247797327298,2;3;6;9;22;37;40;45;58;62;63;71;76;87,1;10;14;19;20;29;31;32;49;57;61;69;73;77;78;85;88;89
3,0,14,C/5,5,source_cluster,catboost,3.682691897828585,5.915609196538381,{},,2;3;6;9;22;37;40;45;58;62;63;71;76;87,1;10;14;19;20;29;31;32;49;57;61;69;73;77;78;85;88;89
3,0,14,C/5,5,source_cluster,xgboost,3.572980668809679,6.519951761599834,{},,2;3;6;9;22;37;40;45;58;62;63;71;76;87,1;10;14;19;20;29;31;32;49;57;61;69;73;77;78;85;88;89
3,0,14,C/5,5,source_cluster,extra_trees,2.818745607900872,4.229491400855569,{},,2;3;6;9;22;37;40;45;58;62;63;71;76;87,1;10;14;19;20;29;31;32;49;57;61;69;73;77;78;85;88;89
3,0,14,C/80,0,physical_cluster,ridge_physics,2.243114471435547,2.773361867655799,"{""alpha"": 1.0}",1.9620006425040108,0;4;5;11;22;23;30;36;44;45;50;62;63;66,1;10;14;19;20;29;31;32;49;57;61;69;73;77;78;85;88;89
3,0,14,C/80,0,physical_cluster,ridge_source,2.2508714463975696,2.764445368217019,"{""alpha"": 0.1}",1.7957628284181868,0;4;5;11;22;23;30;36;44;45;50;62;63;66,1;10;14;19;20;29;31;32;49;57;61;69;73;77;78;85;88;89
3,0,14,C/80,0,physical_cluster,ridge_input,3.803291320800781,4.938676958453192,"{""alpha"": 10.0}",5.366850086620876,0;4;5;11;22;23;30;36;44;45;50;62;63;66,1;10;14;19;20;29;31;32;49;57;61;69;73;77;78;85;88;89
3,0,14,C/80,0,physical_cluster,krr_rbf,2.3979776170518665,2.9302201887890957,"{""alpha"": 0.1, ""gamma"": 0.05}",4.568490718092237,0;4;5;11;22;23;30;36;44;45;50;62;63;66,1;10;14;19;20;29;31;32;49;57;61;69;73;77;78;85;88;89
3,0,14,C/80,0,physical_cluster,svr_rbf,2.9016982279416195,3.327961894319981,"{""C"": 100.0, ""epsilon"": 0.2}",4.438637649509513,0;4;5;11;22;23;30;36;44;45;50;62;63;66,1;10;14;19;20;29;31;32;49;57;61;69;73;77;78;85;88;89
3,0,14,C/80,0,physical_cluster,gp_rbf,2.5898762436108203,3.151795998389764,"{""alpha"": 1.0, ""length"": 3.0}",4.63066741770148,0;4;5;11;22;23;30;36;44;45;50;62;63;66,1;10;14;19;20;29;31;32;49;57;61;69;73;77;78;85;88;89
3,0,14,C/80,0,physical_cluster,catboost,4.026336679502966,5.668398216324174,{},,0;4;5;11;22;23;30;36;44;45;50;62;63;66,1;10;14;19;20;29;31;32;49;57;61;69;73;77;78;85;88;89
3,0,14,C/80,0,physical_cluster,xgboost,4.518703460693359,6.566466972972726,{},,0;4;5;11;22;23;30;36;44;45;50;62;63;66,1;10;14;19;20;29;31;32;49;57;61;69;73;77;78;85;88;89
3,0,14,C/80,0,physical_cluster,extra_trees,3.488096884098002,4.136367529685169,{},,0;4;5;11;22;23;30;36;44;45;50;62;63;66,1;10;14;19;20;29;31;32;49;57;61;69;73;77;78;85;88;89
3,0,14,C/40,1,physical_cluster,ridge_physics,1.4535450405544703,1.7908900256641789,"{""alpha"": 1.0}",1.5269361223493303,0;4;5;11;22;23;30;36;44;45;50;62;63;66,1;10;14;19;20;29;31;32;49;57;61;69;73;77;78;85;88;89
3,0,14,C/40,1,physical_cluster,ridge_source,1.4122886657714844,1.750541670181979,"{""alpha"": 0.1}",1.338560206549508,0;4;5;11;22;23;30;36;44;45;50;62;63;66,1;10;14;19;20;29;31;32;49;57;61;69;73;77;78;85;88;89
3,0,14,C/40,1,physical_cluster,ridge_input,3.215005238850912,4.6197087853129,"{""alpha"": 10.0}",5.337902273450579,0;4;5;11;22;23;30;36;44;45;50;62;63;66,1;10;14;19;20;29;31;32;49;57;61;69;73;77;78;85;88;89
3,0,14,C/40,1,physical_cluster,krr_rbf,1.6878284878200955,2.052795988874762,"{""alpha"": 0.1, ""gamma"": 0.05}",4.33096473983356,0;4;5;11;22;23;30;36;44;45;50;62;63;66,1;10;14;19;20;29;31;32;49;57;61;69;73;77;78;85;88;89
3,0,14,C/40,1,physical_cluster,svr_rbf,1.820554917195982,2.2645945134002803,"{""C"": 100.0, ""epsilon"": 1.0}",4.794144970668598,0;4;5;11;22;23;30;36;44;45;50;62;63;66,1;10;14;19;20;29;31;32;49;57;61;69;73;77;78;85;88;89
3,0,14,C/40,1,physical_cluster,gp_rbf,1.890547340287376,2.3650994087707806,"{""alpha"": 1.0, ""length"": 3.0}",4.370080348054744,0;4;5;11;22;23;30;36;44;45;50;62;63;66,1;10;14;19;20;29;31;32;49;57;61;69;73;77;78;85;88;89
3,0,14,C/40,1,physical_cluster,catboost,3.271629173945975,5.296500215142904,{},,0;4;5;11;22;23;30;36;44;45;50;62;63;66,1;10;14;19;20;29;31;32;49;57;61;69;73;77;78;85;88;89
3,0,14,C/40,1,physical_cluster,xgboost,3.6786736382378473,6.25258854649097,{},,0;4;5;11;22;23;30;36;44;45;50;62;63;66,1;10;14;19;20;29;31;32;49;57;61;69;73;77;78;85;88;89
3,0,14,C/40,1,physical_cluster,extra_trees,2.627413671092381,3.548569039065605,{},,0;4;5;11;22;23;30;36;44;45;50;62;63;66,1;10;14;19;20;29;31;32;49;57;61;69;73;77;78;85;88;89
3,0,14,0.05A,2,physical_cluster,ridge_physics,2.4938617282443576,3.147230914121176,"{""alpha"": 1.0}",2.15981674194336,0;4;5;11;22;23;30;36;44;45;50;62;63;66,1;10;14;19;20;29;31;32;49;57;61;69;73;77;78;85;88;89
3,0,14,0.05A,2,physical_cluster,ridge_source,2.4706738789876304,3.1230009649112813,"{""alpha"": 0.1}",1.962967804500035,0;4;5;11;22;23;30;36;44;45;50;62;63;66,1;10;14;19;20;29;31;32;49;57;61;69;73;77;78;85;88;89
3,0,14,0.05A,2,physical_cluster,ridge_input,3.907623714870877,4.930120140644891,"{""alpha"": 10.0}",5.49082955292293,0;4;5;11;22;23;30;36;44;45;50;62;63;66,1;10;14;19;20;29;31;32;49;57;61;69;73;77;78;85;88;89
3,0,14,0.05A,2,physical_cluster,krr_rbf,2.645597669813368,3.253280320663087,"{""alpha"": 0.1, ""gamma"": 0.05}",4.879791285310473,0;4;5;11;22;23;30;36;44;45;50;62;63;66,1;10;14;19;20;29;31;32;49;57;61;69;73;77;78;85;88;89
3,0,14,0.05A,2,physical_cluster,svr_rbf,2.959369831090685,3.480797589134118,"{""C"": 100.0, ""epsilon"": 0.2}",4.317981730253122,0;4;5;11;22;23;30;36;44;45;50;62;63;66,1;10;14;19;20;29;31;32;49;57;61;69;73;77;78;85;88;89
3,0,14,0.05A,2,physical_cluster,gp_rbf,2.757130286150037,3.419091870896778,"{""alpha"": 1.0, ""length"": 3.0}",4.927460805060565,0;4;5;11;22;23;30;36;44;45;50;62;63;66,1;10;14;19;20;29;31;32;49;57;61;69;73;77;78;85;88;89
3,0,14,0.05A,2,physical_cluster,catboost,4.191497162236764,5.715866339437958,{},,0;4;5;11;22;23;30;36;44;45;50;62;63;66,1;10;14;19;20;29;31;32;49;57;61;69;73;77;78;85;88;89
3,0,14,0.05A,2,physical_cluster,xgboost,4.843077765570746,6.613283556424446,{},,0;4;5;11;22;23;30;36;44;45;50;62;63;66,1;10;14;19;20;29;31;32;49;57;61;69;73;77;78;85;88;89
3,0,14,0.05A,2,physical_cluster,extra_trees,3.741180617557001,4.325622489703112,{},,0;4;5;11;22;23;30;36;44;45;50;62;63;66,1;10;14;19;20;29;31;32;49;57;61;69;73;77;78;85;88;89
3,0,14,C/10,3,physical_cluster,ridge_physics,1.2499177720811632,1.4603434556218875,"{""alpha"": 0.1}",1.1818009444645472,0;4;5;11;22;23;30;36;44;45;50;62;63;66,1;10;14;19;20;29;31;32;49;57;61;69;73;77;78;85;88;89
3,0,14,C/10,3,physical_cluster,ridge_source,1.4170252482096355,1.679043311079688,"{""alpha"": 0.1}",1.2484919684273856,0;4;5;11;22;23;30;36;44;45;50;62;63;66,1;10;14;19;20;29;31;32;49;57;61;69;73;77;78;85;88;89
3,0,14,C/10,3,physical_cluster,ridge_input,3.0175196329752603,4.439940427219367,"{""alpha"": 10.0}",4.671489613396781,0;4;5;11;22;23;30;36;44;45;50;62;63;66,1;10;14;19;20;29;31;32;49;57;61;69;73;77;78;85;88;89
3,0,14,C/10,3,physical_cluster,krr_rbf,1.565077887641059,1.8906366037904097,"{""alpha"": 0.1, ""gamma"": 0.05}",4.859222037451608,0;4;5;11;22;23;30;36;44;45;50;62;63;66,1;10;14;19;20;29;31;32;49;57;61;69;73;77;78;85;88;89
3,0,14,C/10,3,physical_cluster,svr_rbf,3.154329261476757,5.171174650739405,"{""C"": 10.0, ""epsilon"": 0.2}",5.419470393567552,0;4;5;11;22;23;30;36;44;45;50;62;63;66,1;10;14;19;20;29;31;32;49;57;61;69;73;77;78;85;88;89
3,0,14,C/10,3,physical_cluster,gp_rbf,1.7294010595687423,2.23505147975467,"{""alpha"": 1.0, ""length"": 3.0}",4.913622568297993,0;4;5;11;22;23;30;36;44;45;50;62;63;66,1;10;14;19;20;29;31;32;49;57;61;69;73;77;78;85;88;89
3,0,14,C/10,3,physical_cluster,catboost,3.052664884472506,5.435865030439172,{},,0;4;5;11;22;23;30;36;44;45;50;62;63;66,1;10;14;19;20;29;31;32;49;57;61;69;73;77;78;85;88;89
3,0,14,C/10,3,physical_cluster,xgboost,3.6189774407280817,6.300987980229508,{},,0;4;5;11;22;23;30;36;44;45;50;62;63;66,1;10;14;19;20;29;31;32;49;57;61;69;73;77;78;85;88;89
3,0,14,C/10,3,physical_cluster,extra_trees,2.5191237158371647,3.6012962038570104,{},,0;4;5;11;22;23;30;36;44;45;50;62;63;66,1;10;14;19;20;29;31;32;49;57;61;69;73;77;78;85;88;89
3,0,14,C/7,4,physical_cluster,ridge_physics,1.248115963406033,1.503648374659494,"{""alpha"": 0.1}",1.2806828022003174,0;4;5;11;22;23;30;36;44;45;50;62;63;66,1;10;14;19;20;29;31;32;49;57;61;69;73;77;78;85;88;89
3,0,14,C/7,4,physical_cluster,ridge_source,1.485497368706597,1.8058353101862687,"{""alpha"": 0.1}",1.4434143475123815,0;4;5;11;22;23;30;36;44;45;50;62;63;66,1;10;14;19;20;29;31;32;49;57;61;69;73;77;78;85;88;89
3,0,14,C/7,4,physical_cluster,ridge_input,3.085027906629774,4.464583681456339,"{""alpha"": 10.0}",4.568542310169765,0;4;5;11;22;23;30;36;44;45;50;62;63;66,1;10;14;19;20;29;31;32;49;57;61;69;73;77;78;85;88;89
3,0,14,C/7,4,physical_cluster,krr_rbf,1.58362791273329,1.953491921843612,"{""alpha"": 0.1, ""gamma"": 0.05}",5.007204566683088,0;4;5;11;22;23;30;36;44;45;50;62;63;66,1;10;14;19;20;29;31;32;49;57;61;69;73;77;78;85;88;89
3,0,14,C/7,4,physical_cluster,svr_rbf,3.224908724908278,5.36068808017699,"{""C"": 10.0, ""epsilon"": 0.2}",5.591620573388902,0;4;5;11;22;23;30;36;44;45;50;62;63;66,1;10;14;19;20;29;31;32;49;57;61;69;73;77;78;85;88;89
3,0,14,C/7,4,physical_cluster,gp_rbf,1.7283464186443638,2.304065403199829,"{""alpha"": 1.0, ""length"": 3.0}",5.081568374945195,0;4;5;11;22;23;30;36;44;45;50;62;63;66,1;10;14;19;20;29;31;32;49;57;61;69;73;77;78;85;88;89
3,0,14,C/7,4,physical_cluster,catboost,3.15356103079158,5.552770968044985,{},,0;4;5;11;22;23;30;36;44;45;50;62;63;66,1;10;14;19;20;29;31;32;49;57;61;69;73;77;78;85;88;89
3,0,14,C/7,4,physical_cluster,xgboost,3.743445078531901,6.372796709055684,{},,0;4;5;11;22;23;30;36;44;45;50;62;63;66,1;10;14;19;20;29;31;32;49;57;61;69;73;77;78;85;88;89
3,0,14,C/7,4,physical_cluster,extra_trees,2.5216662454037464,3.609305456106302,{},,0;4;5;11;22;23;30;36;44;45;50;62;63;66,1;10;14;19;20;29;31;32;49;57;61;69;73;77;78;85;88;89
3,0,14,C/5,5,physical_cluster,ridge_physics,1.321488274468316,1.5831566134538535,"{""alpha"": 0.1}",1.2943386350359236,0;4;5;11;22;23;30;36;44;45;50;62;63;66,1;10;14;19;20;29;31;32;49;57;61;69;73;77;78;85;88;89
3,0,14,C/5,5,physical_cluster,ridge_source,1.6523208618164062,2.030980946822814,"{""alpha"": 0.1}",1.632099151611328,0;4;5;11;22;23;30;36;44;45;50;62;63;66,1;10;14;19;20;29;31;32;49;57;61;69;73;77;78;85;88;89
3,0,14,C/5,5,physical_cluster,ridge_input,3.031769222683377,4.431682620107465,"{""alpha"": 10.0}",4.56670914377485,0;4;5;11;22;23;30;36;44;45;50;62;63;66,1;10;14;19;20;29;31;32;49;57;61;69;73;77;78;85;88;89
3,0,14,C/5,5,physical_cluster,krr_rbf,1.688376956515842,2.079248249385459,"{""alpha"": 0.1, ""gamma"": 0.05}",5.189075870173318,0;4;5;11;22;23;30;36;44;45;50;62;63;66,1;10;14;19;20;29;31;32;49;57;61;69;73;77;78;85;88;89
3,0,14,C/5,5,physical_cluster,svr_rbf,3.3450760797409,5.47599572545962,"{""C"": 10.0, ""epsilon"": 0.2}",5.795769631660095,0;4;5;11;22;23;30;36;44;45;50;62;63;66,1;10;14;19;20;29;31;32;49;57;61;69;73;77;78;85;88;89
3,0,14,C/5,5,physical_cluster,gp_rbf,1.8257369714936915,2.406102392656427,"{""alpha"": 1.0, ""length"": 3.0}",5.274523169813308,0;4;5;11;22;23;30;36;44;45;50;62;63;66,1;10;14;19;20;29;31;32;49;57;61;69;73;77;78;85;88;89
3,0,14,C/5,5,physical_cluster,catboost,3.227708867493372,5.679393599100876,{},,0;4;5;11;22;23;30;36;44;45;50;62;63;66,1;10;14;19;20;29;31;32;49;57;61;69;73;77;78;85;88;89
3,0,14,C/5,5,physical_cluster,xgboost,3.77454333835178,6.447176304555236,{},,0;4;5;11;22;23;30;36;44;45;50;62;63;66,1;10;14;19;20;29;31;32;49;57;61;69;73;77;78;85;88;89
3,0,14,C/5,5,physical_cluster,extra_trees,2.641637968468288,3.74211731987132,{},,0;4;5;11;22;23;30;36;44;45;50;62;63;66,1;10;14;19;20;29;31;32;49;57;61;69;73;77;78;85;88;89
3,0,14,C/80,0,input_cluster,ridge_physics,2.3419549730088978,2.9133512560727577,"{""alpha"": 1.0}",2.914647562163217,3;4;11;12;30;52;55;62;63;74;83;84;87;90,1;10;14;19;20;29;31;32;49;57;61;69;73;77;78;85;88;89
3,0,14,C/80,0,input_cluster,ridge_source,2.236133575439453,2.797575340505741,"{""alpha"": 0.1}",2.5600429603031705,3;4;11;12;30;52;55;62;63;74;83;84;87;90,1;10;14;19;20;29;31;32;49;57;61;69;73;77;78;85;88;89
3,0,14,C/80,0,input_cluster,ridge_input,3.343936496310764,4.6153908411391855,"{""alpha"": 10.0}",6.496009196553912,3;4;11;12;30;52;55;62;63;74;83;84;87;90,1;10;14;19;20;29;31;32;49;57;61;69;73;77;78;85;88;89
3,0,14,C/80,0,input_cluster,krr_rbf,2.3361790974934897,2.909523089664038,"{""alpha"": 0.1, ""gamma"": 0.05}",5.133002877235413,3;4;11;12;30;52;55;62;63;74;83;84;87;90,1;10;14;19;20;29;31;32;49;57;61;69;73;77;78;85;88;89
3,0,14,C/80,0,input_cluster,svr_rbf,2.8446865432421973,3.4849602256192527,"{""C"": 100.0, ""epsilon"": 1.0}",5.007561030060602,3;4;11;12;30;52;55;62;63;74;83;84;87;90,1;10;14;19;20;29;31;32;49;57;61;69;73;77;78;85;88;89
3,0,14,C/80,0,input_cluster,gp_rbf,2.45427939353462,2.976172609405068,"{""alpha"": 1.0, ""length"": 3.0}",5.0444267665013145,3;4;11;12;30;52;55;62;63;74;83;84;87;90,1;10;14;19;20;29;31;32;49;57;61;69;73;77;78;85;88;89
3,0,14,C/80,0,input_cluster,catboost,4.172169905287637,5.38197811317822,{},,3;4;11;12;30;52;55;62;63;74;83;84;87;90,1;10;14;19;20;29;31;32;49;57;61;69;73;77;78;85;88;89
3,0,14,C/80,0,input_cluster,xgboost,4.534328460693359,6.477595488441666,{},,3;4;11;12;30;52;55;62;63;74;83;84;87;90,1;10;14;19;20;29;31;32;49;57;61;69;73;77;78;85;88;89
3,0,14,C/80,0,input_cluster,extra_trees,2.9367826281905787,3.77805687992778,{},,3;4;11;12;30;52;55;62;63;74;83;84;87;90,1;10;14;19;20;29;31;32;49;57;61;69;73;77;78;85;88;89
3,0,14,C/40,1,input_cluster,ridge_physics,1.6061185201009114,1.9603771426448764,"{""alpha"": 1.0}",2.2626033510480608,3;4;11;12;30;52;55;62;63;74;83;84;87;90,1;10;14;19;20;29;31;32;49;57;61;69;73;77;78;85;88;89
3,0,14,C/40,1,input_cluster,ridge_source,1.4870770772298176,1.8398640788777003,"{""alpha"": 0.1}",1.95157219682421,3;4;11;12;30;52;55;62;63;74;83;84;87;90,1;10;14;19;20;29;31;32;49;57;61;69;73;77;78;85;88;89
3,0,14,C/40,1,input_cluster,ridge_input,2.902501000298394,4.212382179819204,"{""alpha"": 10.0}",6.253436633518764,3;4;11;12;30;52;55;62;63;74;83;84;87;90,1;10;14;19;20;29;31;32;49;57;61;69;73;77;78;85;88;89
3,0,14,C/40,1,input_cluster,krr_rbf,1.5798327128092449,1.9944639151644927,"{""alpha"": 0.1, ""gamma"": 0.05}",4.9654443349157065,3;4;11;12;30;52;55;62;63;74;83;84;87;90,1;10;14;19;20;29;31;32;49;57;61;69;73;77;78;85;88;89
3,0,14,C/40,1,input_cluster,svr_rbf,1.9076921928518664,2.352840478546467,"{""C"": 100.0, ""epsilon"": 1.0}",5.00858371949631,3;4;11;12;30;52;55;62;63;74;83;84;87;90,1;10;14;19;20;29;31;32;49;57;61;69;73;77;78;85;88;89
3,0,14,C/40,1,input_cluster,gp_rbf,1.6957669176993195,2.139874091323118,"{""alpha"": 1.0, ""length"": 3.0}",4.983534224281903,3;4;11;12;30;52;55;62;63;74;83;84;87;90,1;10;14;19;20;29;31;32;49;57;61;69;73;77;78;85;88;89
3,0,14,C/40,1,input_cluster,catboost,3.4511808304952742,4.854338746199822,{},,3;4;11;12;30;52;55;62;63;74;83;84;87;90,1;10;14;19;20;29;31;32;49;57;61;69;73;77;78;85;88;89
3,0,14,C/40,1,input_cluster,xgboost,3.810527801513672,6.095276212725675,{},,3;4;11;12;30;52;55;62;63;74;83;84;87;90,1;10;14;19;20;29;31;32;49;57;61;69;73;77;78;85;88;89
3,0,14,C/40,1,input_cluster,extra_trees,2.0541559720922398,2.972110196356684,{},,3;4;11;12;30;52;55;62;63;74;83;84;87;90,1;10;14;19;20;29;31;32;49;57;61;69;73;77;78;85;88;89
3,0,14,0.05A,2,input_cluster,ridge_physics,2.666192796495226,3.337861512681453,"{""alpha"": 1.0}",3.071460315159389,3;4;11;12;30;52;55;62;63;74;83;84;87;90,1;10;14;19;20;29;31;32;49;57;61;69;73;77;78;85;88;89
3,0,14,0.05A,2,input_cluster,ridge_source,2.6389011806911893,3.321951228876047,"{""alpha"": 1.0}",2.6041823284966603,3;4;11;12;30;52;55;62;63;74;83;84;87;90,1;10;14;19;20;29;31;32;49;57;61;69;73;77;78;85;88;89
3,0,14,0.05A,2,input_cluster,ridge_input,3.4542965359157987,4.708600417073794,"{""alpha"": 10.0}",6.413459130695888,3;4;11;12;30;52;55;62;63;74;83;84;87;90,1;10;14;19;20;29;31;32;49;57;61;69;73;77;78;85;88;89
3,0,14,0.05A,2,input_cluster,krr_rbf,2.635015699598524,3.2696693473206957,"{""alpha"": 0.1, ""gamma"": 0.05}",5.207137022699628,3;4;11;12;30;52;55;62;63;74;83;84;87;90,1;10;14;19;20;29;31;32;49;57;61;69;73;77;78;85;88;89
3,0,14,0.05A,2,input_cluster,svr_rbf,3.111851180160669,3.879178313904133,"{""C"": 100.0, ""epsilon"": 1.0}",5.107283983373234,3;4;11;12;30;52;55;62;63;74;83;84;87;90,1;10;14;19;20;29;31;32;49;57;61;69;73;77;78;85;88;89
3,0,14,0.05A,2,input_cluster,gp_rbf,2.721747084294867,3.3053357331257747,"{""alpha"": 1.0, ""length"": 3.0}",5.052824042825612,3;4;11;12;30;52;55;62;63;74;83;84;87;90,1;10;14;19;20;29;31;32;49;57;61;69;73;77;78;85;88;89
3,0,14,0.05A,2,input_cluster,catboost,4.417667013670828,5.550853766015711,{},,3;4;11;12;30;52;55;62;63;74;83;84;87;90,1;10;14;19;20;29;31;32;49;57;61;69;73;77;78;85;88;89
3,0,14,0.05A,2,input_cluster,xgboost,4.69292492336697,6.541243647902562,{},,3;4;11;12;30;52;55;62;63;74;83;84;87;90,1;10;14;19;20;29;31;32;49;57;61;69;73;77;78;85;88;89
3,0,14,0.05A,2,input_cluster,extra_trees,3.2061136162722548,4.107763971600113,{},,3;4;11;12;30;52;55;62;63;74;83;84;87;90,1;10;14;19;20;29;31;32;49;57;61;69;73;77;78;85;88;89
3,0,14,C/10,3,input_cluster,ridge_physics,1.1061969333224826,1.5591939345615784,"{""alpha"": 1.0}",1.57642320224217,3;4;11;12;30;52;55;62;63;74;83;84;87;90,1;10;14;19;20;29;31;32;49;57;61;69;73;77;78;85;88;89
3,0,14,C/10,3,input_cluster,ridge_source,1.3073166741265192,1.6735981666273725,"{""alpha"": 0.1}",1.732957226889474,3;4;11;12;30;52;55;62;63;74;83;84;87;90,1;10;14;19;20;29;31;32;49;57;61;69;73;77;78;85;88;89
3,0,14,C/10,3,input_cluster,ridge_input,2.7430318196614585,3.988144981507005,"{""alpha"": 10.0}",5.583764893668039,3;4;11;12;30;52;55;62;63;74;83;84;87;90,1;10;14;19;20;29;31;32;49;57;61;69;73;77;78;85;88;89
3,0,14,C/10,3,input_cluster,krr_rbf,1.4487762451171875,1.7424233753184903,"{""alpha"": 0.1, ""gamma"": 0.05}",5.343165993690491,3;4;11;12;30;52;55;62;63;74;83;84;87;90,1;10;14;19;20;29;31;32;49;57;61;69;73;77;78;85;88;89
3,0,14,C/10,3,input_cluster,svr_rbf,1.580679665465102,2.113797873269045,"{""C"": 100.0, ""epsilon"": 1.0}",5.509465655594263,3;4;11;12;30;52;55;62;63;74;83;84;87;90,1;10;14;19;20;29;31;32;49;57;61;69;73;77;78;85;88;89
3,0,14,C/10,3,input_cluster,gp_rbf,1.597440489776241,1.9699770008003876,"{""alpha"": 1.0, ""length"": 3.0}",5.378867394098863,3;4;11;12;30;52;55;62;63;74;83;84;87;90,1;10;14;19;20;29;31;32;49;57;61;69;73;77;78;85;88;89
3,0,14,C/10,3,input_cluster,catboost,3.088427986996805,4.791506073354157,{},,3;4;11;12;30;52;55;62;63;74;83;84;87;90,1;10;14;19;20;29;31;32;49;57;61;69;73;77;78;85;88;89
3,0,14,C/10,3,input_cluster,xgboost,3.719303978814019,6.130237235943431,{},,3;4;11;12;30;52;55;62;63;74;83;84;87;90,1;10;14;19;20;29;31;32;49;57;61;69;73;77;78;85;88;89
3,0,14,C/10,3,input_cluster,extra_trees,1.7491416440943557,3.002143432456486,{},,3;4;11;12;30;52;55;62;63;74;83;84;87;90,1;10;14;19;20;29;31;32;49;57;61;69;73;77;78;85;88;89
3,0,14,C/7,4,input_cluster,ridge_physics,1.0533616807725694,1.419554470103414,"{""alpha"": 0.1}",1.482107503073556,3;4;11;12;30;52;55;62;63;74;83;84;87;90,1;10;14;19;20;29;31;32;49;57;61;69;73;77;78;85;88;89
3,0,14,C/7,4,input_cluster,ridge_source,1.3307283189561632,1.7562581459172633,"{""alpha"": 1.0}",1.9001495156969344,3;4;11;12;30;52;55;62;63;74;83;84;87;90,1;10;14;19;20;29;31;32;49;57;61;69;73;77;78;85;88;89
3,0,14,C/7,4,input_cluster,ridge_input,2.832932790120443,4.002061539277147,"{""alpha"": 10.0}",5.479510647909982,3;4;11;12;30;52;55;62;63;74;83;84;87;90,1;10;14;19;20;29;31;32;49;57;61;69;73;77;78;85;88;89
3,0,14,C/7,4,input_cluster,krr_rbf,1.4616262647840712,1.7754179569189523,"{""alpha"": 0.1, ""gamma"": 0.05}",5.432023065430777,3;4;11;12;30;52;55;62;63;74;83;84;87;90,1;10;14;19;20;29;31;32;49;57;61;69;73;77;78;85;88;89
3,0,14,C/7,4,input_cluster,svr_rbf,1.5447482272979702,2.1809841904017224,"{""C"": 100.0, ""epsilon"": 1.0}",5.596783742961456,3;4;11;12;30;52;55;62;63;74;83;84;87;90,1;10;14;19;20;29;31;32;49;57;61;69;73;77;78;85;88;89
3,0,14,C/7,4,input_cluster,gp_rbf,1.606972936997496,2.030876482743434,"{""alpha"": 1.0, ""length"": 3.0}",5.4654292179700645,3;4;11;12;30;52;55;62;63;74;83;84;87;90,1;10;14;19;20;29;31;32;49;57;61;69;73;77;78;85;88;89
3,0,14,C/7,4,input_cluster,catboost,3.113361601102606,4.87259105970234,{},,3;4;11;12;30;52;55;62;63;74;83;84;87;90,1;10;14;19;20;29;31;32;49;57;61;69;73;77;78;85;88;89
3,0,14,C/7,4,input_cluster,xgboost,3.7607905069986978,6.168463799719437,{},,3;4;11;12;30;52;55;62;63;74;83;84;87;90,1;10;14;19;20;29;31;32;49;57;61;69;73;77;78;85;88;89
3,0,14,C/7,4,input_cluster,extra_trees,1.7540166704175333,3.0198783779429466,{},,3;4;11;12;30;52;55;62;63;74;83;84;87;90,1;10;14;19;20;29;31;32;49;57;61;69;73;77;78;85;88;89
3,0,14,C/5,5,input_cluster,ridge_physics,1.1326162550184462,1.5243812631597689,"{""alpha"": 0.1}",1.44423930985587,3;4;11;12;30;52;55;62;63;74;83;84;87;90,1;10;14;19;20;29;31;32;49;57;61;69;73;77;78;85;88;89
3,0,14,C/5,5,input_cluster,ridge_source,1.52589840359158,1.9616029972597155,"{""alpha"": 1.0}",1.995140893118722,3;4;11;12;30;52;55;62;63;74;83;84;87;90,1;10;14;19;20;29;31;32;49;57;61;69;73;77;78;85;88;89
3,0,14,C/5,5,input_cluster,ridge_input,2.8093172709147134,3.9922540714813737,"{""alpha"": 10.0}",5.432232345853533,3;4;11;12;30;52;55;62;63;74;83;84;87;90,1;10;14;19;20;29;31;32;49;57;61;69;73;77;78;85;88;89
3,0,14,C/5,5,input_cluster,krr_rbf,1.554091559516059,1.914913497133064,"{""alpha"": 0.1, ""gamma"": 0.05}",5.4749996321541925,3;4;11;12;30;52;55;62;63;74;83;84;87;90,1;10;14;19;20;29;31;32;49;57;61;69;73;77;78;85;88;89
3,0,14,C/5,5,input_cluster,svr_rbf,1.651046164646452,2.370398598573753,"{""C"": 100.0, ""epsilon"": 1.0}",5.419229788580621,3;4;11;12;30;52;55;62;63;74;83;84;87;90,1;10;14;19;20;29;31;32;49;57;61;69;73;77;78;85;88;89
3,0,14,C/5,5,input_cluster,gp_rbf,1.697128605323387,2.1679379686676827,"{""alpha"": 1.0, ""length"": 3.0}",5.580655185923768,3;4;11;12;30;52;55;62;63;74;83;84;87;90,1;10;14;19;20;29;31;32;49;57;61;69;73;77;78;85;88;89
3,0,14,C/5,5,input_cluster,catboost,3.232723132361248,5.016954217737752,{},,3;4;11;12;30;52;55;62;63;74;83;84;87;90,1;10;14;19;20;29;31;32;49;57;61;69;73;77;78;85;88;89
3,0,14,C/5,5,input_cluster,xgboost,3.8936598036024304,6.273901910236834,{},,3;4;11;12;30;52;55;62;63;74;83;84;87;90,1;10;14;19;20;29;31;32;49;57;61;69;73;77;78;85;88;89
3,0,14,C/5,5,input_cluster,extra_trees,1.8349939283176708,3.2307599535580667,{},,3;4;11;12;30;52;55;62;63;74;83;84;87;90,1;10;14;19;20;29;31;32;49;57;61;69;73;77;78;85;88;89
3,1,14,C/80,0,random,ridge_physics,2.391560872395833,3.0351206164350253,"{""alpha"": 1.0}",1.3116797038487025,0;2;12;35;38;39;45;46;51;58;68;72;84;90,1;10;14;19;20;29;31;32;49;57;61;69;73;77;78;85;88;89
3,1,14,C/80,0,random,ridge_source,2.2883839077419705,2.921032121986693,"{""alpha"": 0.1}",1.2258995941707067,0;2;12;35;38;39;45;46;51;58;68;72;84;90,1;10;14;19;20;29;31;32;49;57;61;69;73;77;78;85;88;89
3,1,14,C/80,0,random,ridge_input,3.898399353027344,4.519253028481317,"{""alpha"": 1.0}",3.961537139756339,0;2;12;35;38;39;45;46;51;58;68;72;84;90,1;10;14;19;20;29;31;32;49;57;61;69;73;77;78;85;88;89
3,1,14,C/80,0,random,krr_rbf,2.9833556281195746,3.9839757958811264,"{""alpha"": 0.1, ""gamma"": 0.05}",1.8457189117159165,0;2;12;35;38;39;45;46;51;58;68;72;84;90,1;10;14;19;20;29;31;32;49;57;61;69;73;77;78;85;88;89
3,1,14,C/80,0,random,svr_rbf,2.704070707284699,3.777888422755845,"{""C"": 100.0, ""epsilon"": 0.2}",2.1015955736788534,0;2;12;35;38;39;45;46;51;58;68;72;84;90,1;10;14;19;20;29;31;32;49;57;61;69;73;77;78;85;88;89
3,1,14,C/80,0,random,gp_rbf,3.241050985874058,4.564637915636015,"{""alpha"": 1.0, ""length"": 3.0}",2.15874108727965,0;2;12;35;38;39;45;46;51;58;68;72;84;90,1;10;14;19;20;29;31;32;49;57;61;69;73;77;78;85;88;89
3,1,14,C/80,0,random,catboost,4.320976263145262,5.683564601713562,{},,0;2;12;35;38;39;45;46;51;58;68;72;84;90,1;10;14;19;20;29;31;32;49;57;61;69;73;77;78;85;88;89
3,1,14,C/80,0,random,xgboost,5.108030954996745,6.863328167880257,{},,0;2;12;35;38;39;45;46;51;58;68;72;84;90,1;10;14;19;20;29;31;32;49;57;61;69;73;77;78;85;88;89
3,1,14,C/80,0,random,extra_trees,3.025681079935145,3.841191858536822,{},,0;2;12;35;38;39;45;46;51;58;68;72;84;90,1;10;14;19;20;29;31;32;49;57;61;69;73;77;78;85;88;89
3,1,14,C/40,1,random,ridge_physics,1.729241689046224,2.2563457496837964,"{""alpha"": 1.0}",1.1942266396113803,0;2;12;35;38;39;45;46;51;58;68;72;84;90,1;10;14;19;20;29;31;32;49;57;61;69;73;77;78;85;88;89
3,1,14,C/40,1,random,ridge_source,1.6175626118977864,2.0532393745839346,"{""alpha"": 0.1}",1.124270268848964,0;2;12;35;38;39;45;46;51;58;68;72;84;90,1;10;14;19;20;29;31;32;49;57;61;69;73;77;78;85;88;89
3,1,14,C/40,1,random,ridge_input,3.23294915093316,4.046649209668641,"{""alpha"": 1.0}",3.6069371700286874,0;2;12;35;38;39;45;46;51;58;68;72;84;90,1;10;14;19;20;29;31;32;49;57;61;69;73;77;78;85;88;89
3,1,14,C/40,1,random,krr_rbf,2.3916803995768228,3.466046110483504,"{""alpha"": 0.1, ""gamma"": 0.05}",1.715938721384321,0;2;12;35;38;39;45;46;51;58;68;72;84;90,1;10;14;19;20;29;31;32;49;57;61;69;73;77;78;85;88;89
3,1,14,C/40,1,random,svr_rbf,2.2441815354918475,3.1367202639277263,"{""C"": 100.0, ""epsilon"": 0.2}",1.7597940311223963,0;2;12;35;38;39;45;46;51;58;68;72;84;90,1;10;14;19;20;29;31;32;49;57;61;69;73;77;78;85;88;89
3,1,14,C/40,1,random,gp_rbf,2.704313120845656,4.168877216980619,"{""alpha"": 1.0, ""length"": 3.0}",1.8987217085993908,0;2;12;35;38;39;45;46;51;58;68;72;84;90,1;10;14;19;20;29;31;32;49;57;61;69;73;77;78;85;88;89
3,1,14,C/40,1,random,catboost,3.8905816905685975,5.38403369193036,{},,0;2;12;35;38;39;45;46;51;58;68;72;84;90,1;10;14;19;20;29;31;32;49;57;61;69;73;77;78;85;88;89
3,1,14,C/40,1,random,xgboost,4.763070848253038,6.665820302182915,{},,0;2;12;35;38;39;45;46;51;58;68;72;84;90,1;10;14;19;20;29;31;32;49;57;61;69;73;77;78;85;88;89
3,1,14,C/40,1,random,extra_trees,2.333592050517047,3.296225676106847,{},,0;2;12;35;38;39;45;46;51;58;68;72;84;90,1;10;14;19;20;29;31;32;49;57;61;69;73;77;78;85;88;89
3,1,14,0.05A,2,random,ridge_physics,2.7880660163031683,3.477753654403974,"{""alpha"": 1.0}",1.3629553147724696,0;2;12;35;38;39;45;46;51;58;68;72;84;90,1;10;14;19;20;29;31;32;49;57;61;69;73;77;78;85;88;89
3,1,14,0.05A,2,random,ridge_source,2.6639887491861978,3.3588708917708776,"{""alpha"": 0.1}",1.268004093851362,0;2;12;35;38;39;45;46;51;58;68;72;84;90,1;10;14;19;20;29;31;32;49;57;61;69;73;77;78;85;88;89
3,1,14,0.05A,2,random,ridge_input,4.136051601833767,4.752384564288999,"{""alpha"": 1.0}",3.9385037422180176,0;2;12;35;38;39;45;46;51;58;68;72;84;90,1;10;14;19;20;29;31;32;49;57;61;69;73;77;78;85;88;89
3,1,14,0.05A,2,random,krr_rbf,3.294741736518012,4.2412464270693695,"{""alpha"": 0.1, ""gamma"": 0.05}",1.8548323256628851,0;2;12;35;38;39;45;46;51;58;68;72;84;90,1;10;14;19;20;29;31;32;49;57;61;69;73;77;78;85;88;89
3,1,14,0.05A,2,random,svr_rbf,3.0735626528468174,4.204223038479752,"{""C"": 100.0, ""epsilon"": 0.2}",2.122644120758745,0;2;12;35;38;39;45;46;51;58;68;72;84;90,1;10;14;19;20;29;31;32;49;57;61;69;73;77;78;85;88;89
3,1,14,0.05A,2,random,gp_rbf,3.4929734287043845,4.753568382809498,"{""alpha"": 1.0, ""length"": 3.0}",2.1897643643513693,0;2;12;35;38;39;45;46;51;58;68;72;84;90,1;10;14;19;20;29;31;32;49;57;61;69;73;77;78;85;88;89
3,1,14,0.05A,2,random,catboost,4.513840753488735,5.776460328980429,{},,0;2;12;35;38;39;45;46;51;58;68;72;84;90,1;10;14;19;20;29;31;32;49;57;61;69;73;77;78;85;88;89
3,1,14,0.05A,2,random,xgboost,5.243194156222874,6.836453618993514,{},,0;2;12;35;38;39;45;46;51;58;68;72;84;90,1;10;14;19;20;29;31;32;49;57;61;69;73;77;78;85;88;89
3,1,14,0.05A,2,random,extra_trees,3.361258517459586,4.115603514234825,{},,0;2;12;35;38;39;45;46;51;58;68;72;84;90,1;10;14;19;20;29;31;32;49;57;61;69;73;77;78;85;88;89
3,1,14,C/10,3,random,ridge_physics,1.2915407816569011,1.938109263334959,"{""alpha"": 1.0}",1.334735325404576,0;2;12;35;38;39;45;46;51;58;68;72;84;90,1;10;14;19;20;29;31;32;49;57;61;69;73;77;78;85;88;89
3,1,14,C/10,3,random,ridge_source,1.342999776204427,1.7325466129791138,"{""alpha"": 0.1}",1.301107951572963,0;2;12;35;38;39;45;46;51;58;68;72;84;90,1;10;14;19;20;29;31;32;49;57;61;69;73;77;78;85;88;89
3,1,14,C/10,3,random,ridge_input,2.999150170220269,3.682086100037512,"{""alpha"": 1.0}",3.3702706609453474,0;2;12;35;38;39;45;46;51;58;68;72;84;90,1;10;14;19;20;29;31;32;49;57;61;69;73;77;78;85;88;89
3,1,14,C/10,3,random,krr_rbf,2.1191313001844616,3.651447810865163,"{""alpha"": 0.1, ""gamma"": 0.05}",1.956301484789167,0;2;12;35;38;39;45;46;51;58;68;72;84;90,1;10;14;19;20;29;31;32;49;57;61;69;73;77;78;85;88;89
3,1,14,C/10,3,random,svr_rbf,2.155987697941985,3.210368399371237,"{""C"": 100.0, ""epsilon"": 0.2}",1.9865520566598605,0;2;12;35;38;39;45;46;51;58;68;72;84;90,1;10;14;19;20;29;31;32;49;57;61;69;73;77;78;85;88;89
3,1,14,C/10,3,random,gp_rbf,2.4613264823130865,4.478579641953447,"{""alpha"": 1.0, ""length"": 3.0}",2.10843869654768,0;2;12;35;38;39;45;46;51;58;68;72;84;90,1;10;14;19;20;29;31;32;49;57;61;69;73;77;78;85;88;89
3,1,14,C/10,3,random,catboost,3.9019592893967103,5.682612845929614,{},,0;2;12;35;38;39;45;46;51;58;68;72;84;90,1;10;14;19;20;29;31;32;49;57;61;69;73;77;78;85;88;89
3,1,14,C/10,3,random,xgboost,4.719783359103733,6.9435539232475625,{},,0;2;12;35;38;39;45;46;51;58;68;72;84;90,1;10;14;19;20;29;31;32;49;57;61;69;73;77;78;85;88;89
3,1,14,C/10,3,random,extra_trees,1.9927465655185577,3.478354371503539,{},,0;2;12;35;38;39;45;46;51;58;68;72;84;90,1;10;14;19;20;29;31;32;49;57;61;69;73;77;78;85;88;89
3,1,14,C/7,4,random,ridge_physics,1.2848396301269531,1.9014638133656867,"{""alpha"": 1.0}",1.3545031206948417,0;2;12;35;38;39;45;46;51;58;68;72;84;90,1;10;14;19;20;29;31;32;49;57;61;69;73;77;78;85;88;89
3,1,14,C/7,4,random,ridge_source,1.3478435940212674,1.760860190292265,"{""alpha"": 0.1}",1.36951630456107,0;2;12;35;38;39;45;46;51;58;68;72;84;90,1;10;14;19;20;29;31;32;49;57;61;69;73;77;78;85;88;89
3,1,14,C/7,4,random,ridge_input,2.9450927310519748,3.565690470055888,"{""alpha"": 1.0}",3.4011061872754778,0;2;12;35;38;39;45;46;51;58;68;72;84;90,1;10;14;19;20;29;31;32;49;57;61;69;73;77;78;85;88;89
3,1,14,C/7,4,random,krr_rbf,2.1133961147732205,3.815052321149671,"{""alpha"": 0.1, ""gamma"": 0.05}",1.992706026349749,0;2;12;35;38;39;45;46;51;58;68;72;84;90,1;10;14;19;20;29;31;32;49;57;61;69;73;77;78;85;88;89
3,1,14,C/7,4,random,svr_rbf,2.196060641811893,3.323950279636078,"{""C"": 100.0, ""epsilon"": 0.2}",2.0432868190951945,0;2;12;35;38;39;45;46;51;58;68;72;84;90,1;10;14;19;20;29;31;32;49;57;61;69;73;77;78;85;88;89
3,1,14,C/7,4,random,gp_rbf,2.516800740146925,4.682244208550371,"{""alpha"": 1.0, ""length"": 3.0}",2.13681053174338,0;2;12;35;38;39;45;46;51;58;68;72;84;90,1;10;14;19;20;29;31;32;49;57;61;69;73;77;78;85;88;89
3,1,14,C/7,4,random,catboost,3.993269527821101,5.858370905738156,{},,0;2;12;35;38;39;45;46;51;58;68;72;84;90,1;10;14;19;20;29;31;32;49;57;61;69;73;77;78;85;88;89
3,1,14,C/7,4,random,xgboost,4.829087999131945,7.128952525360988,{},,0;2;12;35;38;39;45;46;51;58;68;72;84;90,1;10;14;19;20;29;31;32;49;57;61;69;73;77;78;85;88;89
3,1,14,C/7,4,random,extra_trees,1.99541851176156,3.649824175276215,{},,0;2;12;35;38;39;45;46;51;58;68;72;84;90,1;10;14;19;20;29;31;32;49;57;61;69;73;77;78;85;88;89
3,1,14,C/5,5,random,ridge_physics,1.383216010199653,2.0457632632095457,"{""alpha"": 1.0}",1.3516182218279158,0;2;12;35;38;39;45;46;51;58;68;72;84;90,1;10;14;19;20;29;31;32;49;57;61;69;73;77;78;85;88;89
3,1,14,C/5,5,random,ridge_source,1.4991378784179688,1.9363620376004973,"{""alpha"": 0.1}",1.4398250579833984,0;2;12;35;38;39;45;46;51;58;68;72;84;90,1;10;14;19;20;29;31;32;49;57;61;69;73;77;78;85;88;89
3,1,14,C/5,5,random,ridge_input,2.974792056613498,3.616113974573084,"{""alpha"": 1.0}",3.4609525884900774,0;2;12;35;38;39;45;46;51;58;68;72;84;90,1;10;14;19;20;29;31;32;49;57;61;69;73;77;78;85;88;89
3,1,14,C/5,5,random,krr_rbf,2.1858952840169272,3.9920811771093416,"{""alpha"": 0.1, ""gamma"": 0.05}",2.011721304484776,0;2;12;35;38;39;45;46;51;58;68;72;84;90,1;10;14;19;20;29;31;32;49;57;61;69;73;77;78;85;88;89
3,1,14,C/5,5,random,svr_rbf,2.2592876190396165,3.488033018037892,"{""C"": 100.0, ""epsilon"": 0.2}",2.1508850063782643,0;2;12;35;38;39;45;46;51;58;68;72;84;90,1;10;14;19;20;29;31;32;49;57;61;69;73;77;78;85;88;89
3,1,14,C/5,5,random,gp_rbf,2.543153054133828,4.871509479517387,"{""alpha"": 1.0, ""length"": 3.0}",2.183258320176891,0;2;12;35;38;39;45;46;51;58;68;72;84;90,1;10;14;19;20;29;31;32;49;57;61;69;73;77;78;85;88;89
3,1,14,C/5,5,random,catboost,4.021106714163832,5.98462935541402,{},,0;2;12;35;38;39;45;46;51;58;68;72;84;90,1;10;14;19;20;29;31;32;49;57;61;69;73;77;78;85;88;89
3,1,14,C/5,5,random,xgboost,4.860517289903429,7.246146767992751,{},,0;2;12;35;38;39;45;46;51;58;68;72;84;90,1;10;14;19;20;29;31;32;49;57;61;69;73;77;78;85;88;89
3,1,14,C/5,5,random,extra_trees,2.164334610833063,3.757604309915979,{},,0;2;12;35;38;39;45;46;51;58;68;72;84;90,1;10;14;19;20;29;31;32;49;57;61;69;73;77;78;85;88;89
3,1,14,C/80,0,source_cluster,ridge_physics,2.2142872280544705,2.7775214076510046,"{""alpha"": 1.0}",2.903293149811881,2;3;6;9;22;36;44;58;62;63;66;71;75;87,1;10;14;19;20;29;31;32;49;57;61;69;73;77;78;85;88;89
3,1,14,C/80,0,source_cluster,ridge_source,2.152218288845486,2.6857833673067577,"{""alpha"": 0.1}",2.6223002672195435,2;3;6;9;22;36;44;58;62;63;66;71;75;87,1;10;14;19;20;29;31;32;49;57;61;69;73;77;78;85;88;89
3,1,14,C/80,0,source_cluster,ridge_input,4.439259847005208,5.762036720970695,"{""alpha"": 10.0}",5.934139047350202,2;3;6;9;22;36;44;58;62;63;66;71;75;87,1;10;14;19;20;29;31;32;49;57;61;69;73;77;78;85;88;89
3,1,14,C/80,0,source_cluster,krr_rbf,2.298131306966146,2.863044041229289,"{""alpha"": 0.1, ""gamma"": 0.05}",5.501909349645887,2;3;6;9;22;36;44;58;62;63;66;71;75;87,1;10;14;19;20;29;31;32;49;57;61;69;73;77;78;85;88;89
3,1,14,C/80,0,source_cluster,svr_rbf,3.7265011086746886,5.421808124856231,"{""C"": 10.0, ""epsilon"": 1.0}",6.152759231855842,2;3;6;9;22;36;44;58;62;63;66;71;75;87,1;10;14;19;20;29;31;32;49;57;61;69;73;77;78;85;88;89
3,1,14,C/80,0,source_cluster,gp_rbf,2.4520962235674904,3.0167244233405635,"{""alpha"": 1.0, ""length"": 3.0}",5.429276188738287,2;3;6;9;22;36;44;58;62;63;66;71;75;87,1;10;14;19;20;29;31;32;49;57;61;69;73;77;78;85;88;89
3,1,14,C/80,0,source_cluster,catboost,4.049244613167948,5.7436278787614805,{},,2;3;6;9;22;36;44;58;62;63;66;71;75;87,1;10;14;19;20;29;31;32;49;57;61;69;73;77;78;85;88;89
3,1,14,C/80,0,source_cluster,xgboost,4.358738793267144,6.589229091263227,{},,2;3;6;9;22;36;44;58;62;63;66;71;75;87,1;10;14;19;20;29;31;32;49;57;61;69;73;77;78;85;88;89
3,1,14,C/80,0,source_cluster,extra_trees,3.3552066546773167,4.337698173245705,{},,2;3;6;9;22;36;44;58;62;63;66;71;75;87,1;10;14;19;20;29;31;32;49;57;61;69;73;77;78;85;88;89
3,1,14,C/40,1,source_cluster,ridge_physics,1.4910350375705297,1.8232182691631984,"{""alpha"": 1.0}",2.7197706358773366,2;3;6;9;22;36;44;58;62;63;66;71;75;87,1;10;14;19;20;29;31;32;49;57;61;69;73;77;78;85;88;89
3,1,14,C/40,1,source_cluster,ridge_source,1.4241854349772136,1.74689098065379,"{""alpha"": 0.1}",2.292344229561942,2;3;6;9;22;36;44;58;62;63;66;71;75;87,1;10;14;19;20;29;31;32;49;57;61;69;73;77;78;85;88;89
3,1,14,C/40,1,source_cluster,ridge_input,3.931151919894748,5.492810025049249,"{""alpha"": 10.0}",5.804675034114292,2;3;6;9;22;36;44;58;62;63;66;71;75;87,1;10;14;19;20;29;31;32;49;57;61;69;73;77;78;85;88;89
3,1,14,C/40,1,source_cluster,krr_rbf,1.6454777187771268,2.0505282619428984,"{""alpha"": 0.1, ""gamma"": 0.05}",5.58846317338092,2;3;6;9;22;36;44;58;62;63;66;71;75;87,1;10;14;19;20;29;31;32;49;57;61;69;73;77;78;85;88;89
3,1,14,C/40,1,source_cluster,svr_rbf,2.9589623426995044,4.905243273962894,"{""C"": 10.0, ""epsilon"": 1.0}",6.342683260874312,2;3;6;9;22;36;44;58;62;63;66;71;75;87,1;10;14;19;20;29;31;32;49;57;61;69;73;77;78;85;88;89
3,1,14,C/40,1,source_cluster,gp_rbf,1.821205329676979,2.2848657266658017,"{""alpha"": 1.0, ""length"": 3.0}",5.511198731102321,2;3;6;9;22;36;44;58;62;63;66;71;75;87,1;10;14;19;20;29;31;32;49;57;61;69;73;77;78;85;88;89
3,1,14,C/40,1,source_cluster,catboost,3.47850135077904,5.42690107928491,{},,2;3;6;9;22;36;44;58;62;63;66;71;75;87,1;10;14;19;20;29;31;32;49;57;61;69;73;77;78;85;88;89
3,1,14,C/40,1,source_cluster,xgboost,3.8209126790364585,6.296166020033119,{},,2;3;6;9;22;36;44;58;62;63;66;71;75;87,1;10;14;19;20;29;31;32;49;57;61;69;73;77;78;85;88;89
3,1,14,C/40,1,source_cluster,extra_trees,2.8011787326878346,3.9624720196129535,{},,2;3;6;9;22;36;44;58;62;63;66;71;75;87,1;10;14;19;20;29;31;32;49;57;61;69;73;77;78;85;88;89
3,1,14,0.05A,2,source_cluster,ridge_physics,2.552471160888672,3.214390395758841,"{""alpha"": 1.0}",2.9279815469469344,2;3;6;9;22;36;44;58;62;63;66;71;75;87,1;10;14;19;20;29;31;32;49;57;61;69;73;77;78;85;88;89
3,1,14,0.05A,2,source_cluster,ridge_source,2.475844489203559,3.07968459576769,"{""alpha"": 0.1}",2.6865650756018504,2;3;6;9;22;36;44;58;62;63;66;71;75;87,1;10;14;19;20;29;31;32;49;57;61;69;73;77;78;85;88;89
3,1,14,0.05A,2,source_cluster,ridge_input,4.539237976074219,5.76312023761062,"{""alpha"": 10.0}",5.906433429036822,2;3;6;9;22;36;44;58;62;63;66;71;75;87,1;10;14;19;20;29;31;32;49;57;61;69;73;77;78;85;88;89
3,1,14,0.05A,2,source_cluster,krr_rbf,2.6502257453070746,3.202049096139189,"{""alpha"": 0.1, ""gamma"": 0.05}",5.436243150915418,2;3;6;9;22;36;44;58;62;63;66;71;75;87,1;10;14;19;20;29;31;32;49;57;61;69;73;77;78;85;88;89
3,1,14,0.05A,2,source_cluster,svr_rbf,3.738234397051452,5.190037824509367,"{""C"": 10.0, ""epsilon"": 0.2}",6.073881527658117,2;3;6;9;22;36;44;58;62;63;66;71;75;87,1;10;14;19;20;29;31;32;49;57;61;69;73;77;78;85;88;89
3,1,14,0.05A,2,source_cluster,gp_rbf,2.7217072704046226,3.3116358639666807,"{""alpha"": 1.0, ""length"": 3.0}",5.365400015173142,2;3;6;9;22;36;44;58;62;63;66;71;75;87,1;10;14;19;20;29;31;32;49;57;61;69;73;77;78;85;88;89
3,1,14,0.05A,2,source_cluster,catboost,4.255645847338181,5.803024980595369,{},,2;3;6;9;22;36;44;58;62;63;66;71;75;87,1;10;14;19;20;29;31;32;49;57;61;69;73;77;78;85;88;89
3,1,14,0.05A,2,source_cluster,xgboost,4.571706983778212,6.624914396991081,{},,2;3;6;9;22;36;44;58;62;63;66;71;75;87,1;10;14;19;20;29;31;32;49;57;61;69;73;77;78;85;88;89
3,1,14,0.05A,2,source_cluster,extra_trees,3.505623823858444,4.395577843541459,{},,2;3;6;9;22;36;44;58;62;63;66;71;75;87,1;10;14;19;20;29;31;32;49;57;61;69;73;77;78;85;88;89
3,1,14,C/10,3,source_cluster,ridge_physics,1.1782379150390625,1.435196324968049,"{""alpha"": 0.1}",1.9466126646314348,2;3;6;9;22;36;44;58;62;63;66;71;75;87,1;10;14;19;20;29;31;32;49;57;61;69;73;77;78;85;88;89
3,1,14,C/10,3,source_cluster,ridge_source,1.3828743828667536,1.725270971018144,"{""alpha"": 0.1}",2.0611438751220703,2;3;6;9;22;36;44;58;62;63;66;71;75;87,1;10;14;19;20;29;31;32;49;57;61;69;73;77;78;85;88;89
3,1,14,C/10,3,source_cluster,ridge_input,3.487078772650825,5.1532656147388645,"{""alpha"": 10.0}",5.0260030542101175,2;3;6;9;22;36;44;58;62;63;66;71;75;87,1;10;14;19;20;29;31;32;49;57;61;69;73;77;78;85;88;89
3,1,14,C/10,3,source_cluster,krr_rbf,1.5465253194173176,1.812165135336483,"{""alpha"": 0.1, ""gamma"": 0.05}",6.134403739656721,2;3;6;9;22;36;44;58;62;63;66;71;75;87,1;10;14;19;20;29;31;32;49;57;61;69;73;77;78;85;88;89
3,1,14,C/10,3,source_cluster,svr_rbf,3.069230623550224,4.966138386209309,"{""C"": 10.0, ""epsilon"": 0.2}",6.828275664226046,2;3;6;9;22;36;44;58;62;63;66;71;75;87,1;10;14;19;20;29;31;32;49;57;61;69;73;77;78;85;88;89
3,1,14,C/10,3,source_cluster,gp_rbf,1.7223065243422946,2.1167347258973472,"{""alpha"": 1.0, ""length"": 3.0}",6.060124905720172,2;3;6;9;22;36;44;58;62;63;66;71;75;87,1;10;14;19;20;29;31;32;49;57;61;69;73;77;78;85;88;89
3,1,14,C/10,3,source_cluster,catboost,3.263759803880188,5.49312055784228,{},,2;3;6;9;22;36;44;58;62;63;66;71;75;87,1;10;14;19;20;29;31;32;49;57;61;69;73;77;78;85;88;89
3,1,14,C/10,3,source_cluster,xgboost,3.667390611436632,6.322641270969232,{},,2;3;6;9;22;36;44;58;62;63;66;71;75;87,1;10;14;19;20;29;31;32;49;57;61;69;73;77;78;85;88;89
3,1,14,C/10,3,source_cluster,extra_trees,2.7743244758547934,4.034846296045466,{},,2;3;6;9;22;36;44;58;62;63;66;71;75;87,1;10;14;19;20;29;31;32;49;57;61;69;73;77;78;85;88;89
3,1,14,C/7,4,source_cluster,ridge_physics,1.1992098490397136,1.4649823684107142,"{""alpha"": 0.1}",1.766308273587908,2;3;6;9;22;36;44;58;62;63;66;71;75;87,1;10;14;19;20;29;31;32;49;57;61;69;73;77;78;85;88;89
3,1,14,C/7,4,source_cluster,ridge_source,1.464100307888455,1.836641669040229,"{""alpha"": 0.1}",2.220199380602156,2;3;6;9;22;36;44;58;62;63;66;71;75;87,1;10;14;19;20;29;31;32;49;57;61;69;73;77;78;85;88;89
3,1,14,C/7,4,source_cluster,ridge_input,3.55513170030382,5.132492041571976,"{""alpha"": 10.0}",4.851909807750157,2;3;6;9;22;36;44;58;62;63;66;71;75;87,1;10;14;19;20;29;31;32;49;57;61;69;73;77;78;85;88;89
3,1,14,C/7,4,source_cluster,krr_rbf,1.5564774407280817,1.8310738453083597,"{""alpha"": 0.1, ""gamma"": 0.05}",6.208364691053118,2;3;6;9;22;36;44;58;62;63;66;71;75;87,1;10;14;19;20;29;31;32;49;57;61;69;73;77;78;85;88;89
3,1,14,C/7,4,source_cluster,svr_rbf,3.147685322551795,5.123270287659984,"{""C"": 10.0, ""epsilon"": 0.2}",6.9322382916638805,2;3;6;9;22;36;44;58;62;63;66;71;75;87,1;10;14;19;20;29;31;32;49;57;61;69;73;77;78;85;88;89
3,1,14,C/7,4,source_cluster,gp_rbf,1.7286514217498876,2.165847600022796,"{""alpha"": 1.0, ""length"": 3.0}",6.196592756507347,2;3;6;9;22;36;44;58;62;63;66;71;75;87,1;10;14;19;20;29;31;32;49;57;61;69;73;77;78;85;88;89
3,1,14,C/7,4,source_cluster,catboost,3.282033195893566,5.560268928496899,{},,2;3;6;9;22;36;44;58;62;63;66;71;75;87,1;10;14;19;20;29;31;32;49;57;61;69;73;77;78;85;88;89
3,1,14,C/7,4,source_cluster,xgboost,3.699765947129992,6.361533029467946,{},,2;3;6;9;22;36;44;58;62;63;66;71;75;87,1;10;14;19;20;29;31;32;49;57;61;69;73;77;78;85;88;89
3,1,14,C/7,4,source_cluster,extra_trees,2.788436732487701,4.053442351340819,{},,2;3;6;9;22;36;44;58;62;63;66;71;75;87,1;10;14;19;20;29;31;32;49;57;61;69;73;77;78;85;88;89
3,1,14,C/5,5,source_cluster,ridge_physics,1.3165278964572482,1.5736935333861848,"{""alpha"": 0.1}",1.595047542027065,2;3;6;9;22;36;44;58;62;63;66;71;75;87,1;10;14;19;20;29;31;32;49;57;61;69;73;77;78;85;88;89
3,1,14,C/5,5,source_cluster,ridge_source,1.6477254231770833,2.0676783880038223,"{""alpha"": 0.1}",2.3947296823774065,2;3;6;9;22;36;44;58;62;63;66;71;75;87,1;10;14;19;20;29;31;32;49;57;61;69;73;77;78;85;88;89
3,1,14,C/5,5,source_cluster,ridge_input,3.5407112969292536,5.087336326301888,"{""alpha"": 10.0}",4.706754990986416,2;3;6;9;22;36;44;58;62;63;66;71;75;87,1;10;14;19;20;29;31;32;49;57;61;69;73;77;78;85;88;89
3,1,14,C/5,5,source_cluster,krr_rbf,1.6291029188368056,1.943471599157149,"{""alpha"": 0.1, ""gamma"": 0.05}",6.331027524811881,2;3;6;9;22;36;44;58;62;63;66;71;75;87,1;10;14;19;20;29;31;32;49;57;61;69;73;77;78;85;88;89
3,1,14,C/5,5,source_cluster,svr_rbf,3.2927021424745053,5.305940214421078,"{""C"": 10.0, ""epsilon"": 0.2}",7.089798978639694,2;3;6;9;22;36;44;58;62;63;66;71;75;87,1;10;14;19;20;29;31;32;49;57;61;69;73;77;78;85;88;89
3,1,14,C/5,5,source_cluster,gp_rbf,1.7999533548419804,2.2803124541424293,"{""alpha"": 1.0, ""length"": 3.0}",6.356666318863344,2;3;6;9;22;36;44;58;62;63;66;71;75;87,1;10;14;19;20;29;31;32;49;57;61;69;73;77;78;85;88;89
3,1,14,C/5,5,source_cluster,catboost,3.3954546760026534,5.687821012524269,{},,2;3;6;9;22;36;44;58;62;63;66;71;75;87,1;10;14;19;20;29;31;32;49;57;61;69;73;77;78;85;88;89
3,1,14,C/5,5,source_cluster,xgboost,3.798670450846354,6.441611870840034,{},,2;3;6;9;22;36;44;58;62;63;66;71;75;87,1;10;14;19;20;29;31;32;49;57;61;69;73;77;78;85;88;89
3,1,14,C/5,5,source_cluster,extra_trees,2.886258600023057,4.172838679442111,{},,2;3;6;9;22;36;44;58;62;63;66;71;75;87,1;10;14;19;20;29;31;32;49;57;61;69;73;77;78;85;88;89
3,1,14,C/80,0,physical_cluster,ridge_physics,2.2616038852267795,2.750049523759089,"{""alpha"": 1.0}",2.53895846435002,0;4;11;23;30;44;45;48;50;62;63;66;74;83,1;10;14;19;20;29;31;32;49;57;61;69;73;77;78;85;88;89
3,1,14,C/80,0,physical_cluster,ridge_source,2.2141850789388022,2.679390511543129,"{""alpha"": 0.1}",2.3826654808861867,0;4;11;23;30;44;45;48;50;62;63;66;74;83,1;10;14;19;20;29;31;32;49;57;61;69;73;77;78;85;88;89
3,1,14,C/80,0,physical_cluster,ridge_input,3.5768937004937067,4.867252976422246,"{""alpha"": 10.0}",6.003365567752293,0;4;11;23;30;44;45;48;50;62;63;66;74;83,1;10;14;19;20;29;31;32;49;57;61;69;73;77;78;85;88;89
3,1,14,C/80,0,physical_cluster,krr_rbf,2.514706081814236,3.044541417710509,"{""alpha"": 0.1, ""gamma"": 0.05}",5.054714117731367,0;4;11;23;30;44;45;48;50;62;63;66;74;83,1;10;14;19;20;29;31;32;49;57;61;69;73;77;78;85;88;89
3,1,14,C/80,0,physical_cluster,svr_rbf,3.024011991995773,3.4689820674644647,"{""C"": 100.0, ""epsilon"": 1.0}",5.512807319333982,0;4;11;23;30;44;45;48;50;62;63;66;74;83,1;10;14;19;20;29;31;32;49;57;61;69;73;77;78;85;88;89
3,1,14,C/80,0,physical_cluster,gp_rbf,2.682060384093128,3.196242045289522,"{""alpha"": 1.0, ""length"": 3.0}",5.021158711306845,0;4;11;23;30;44;45;48;50;62;63;66;74;83,1;10;14;19;20;29;31;32;49;57;61;69;73;77;78;85;88;89
3,1,14,C/80,0,physical_cluster,catboost,4.290700328059423,6.037448005253828,{},,0;4;11;23;30;44;45;48;50;62;63;66;74;83,1;10;14;19;20;29;31;32;49;57;61;69;73;77;78;85;88;89
3,1,14,C/80,0,physical_cluster,xgboost,4.746958414713542,6.9740451265058985,{},,0;4;11;23;30;44;45;48;50;62;63;66;74;83,1;10;14;19;20;29;31;32;49;57;61;69;73;77;78;85;88;89
3,1,14,C/80,0,physical_cluster,extra_trees,3.9162593461512674,4.860952265509257,{},,0;4;11;23;30;44;45;48;50;62;63;66;74;83,1;10;14;19;20;29;31;32;49;57;61;69;73;77;78;85;88;89
3,1,14,C/40,1,physical_cluster,ridge_physics,1.491604699028863,1.804102727497762,"{""alpha"": 1.0}",1.9617457389831543,0;4;11;23;30;44;45;48;50;62;63;66;74;83,1;10;14;19;20;29;31;32;49;57;61;69;73;77;78;85;88;89
3,1,14,C/40,1,physical_cluster,ridge_source,1.3773392571343317,1.7003176699442453,"{""alpha"": 0.1}",1.7586821147373743,0;4;11;23;30;44;45;48;50;62;63;66;74;83,1;10;14;19;20;29;31;32;49;57;61;69;73;77;78;85;88;89
3,1,14,C/40,1,physical_cluster,ridge_input,3.1666882832845054,4.6498579223864445,"{""alpha"": 10.0}",5.499061482293265,0;4;11;23;30;44;45;48;50;62;63;66;74;83,1;10;14;19;20;29;31;32;49;57;61;69;73;77;78;85;88;89
3,1,14,C/40,1,physical_cluster,krr_rbf,1.7795126173231337,2.150614618438202,"{""alpha"": 0.1, ""gamma"": 0.05}",4.788146998201098,0;4;11;23;30;44;45;48;50;62;63;66;74;83,1;10;14;19;20;29;31;32;49;57;61;69;73;77;78;85;88;89
3,1,14,C/40,1,physical_cluster,svr_rbf,3.4345607400772784,5.691634638453253,"{""C"": 10.0, ""epsilon"": 1.0}",5.420460711809757,0;4;11;23;30;44;45;48;50;62;63;66;74;83,1;10;14;19;20;29;31;32;49;57;61;69;73;77;78;85;88;89
3,1,14,C/40,1,physical_cluster,gp_rbf,1.9604628530640091,2.3872636076241016,"{""alpha"": 1.0, ""length"": 3.0}",4.67410415118183,0;4;11;23;30;44;45;48;50;62;63;66;74;83,1;10;14;19;20;29;31;32;49;57;61;69;73;77;78;85;88;89
3,1,14,C/40,1,physical_cluster,catboost,3.517386494411251,5.689096151681208,{},,0;4;11;23;30;44;45;48;50;62;63;66;74;83,1;10;14;19;20;29;31;32;49;57;61;69;73;77;78;85;88;89
3,1,14,C/40,1,physical_cluster,xgboost,4.024183485243055,6.72352821326902,{},,0;4;11;23;30;44;45;48;50;62;63;66;74;83,1;10;14;19;20;29;31;32;49;57;61;69;73;77;78;85;88;89
3,1,14,C/40,1,physical_cluster,extra_trees,3.164209054302705,4.318155622254894,{},,0;4;11;23;30;44;45;48;50;62;63;66;74;83,1;10;14;19;20;29;31;32;49;57;61;69;73;77;78;85;88;89
3,1,14,0.05A,2,physical_cluster,ridge_physics,2.522629631890191,3.1327126991611363,"{""alpha"": 1.0}",2.795710699898856,0;4;11;23;30;44;45;48;50;62;63;66;74;83,1;10;14;19;20;29;31;32;49;57;61;69;73;77;78;85;88;89
3,1,14,0.05A,2,physical_cluster,ridge_source,2.4300299750434027,3.046242310923756,"{""alpha"": 0.1}",2.538141063281468,0;4;11;23;30;44;45;48;50;62;63;66;74;83,1;10;14;19;20;29;31;32;49;57;61;69;73;77;78;85;88;89
3,1,14,0.05A,2,physical_cluster,ridge_input,3.604666815863715,4.843392567424151,"{""alpha"": 10.0}",6.161854250090463,0;4;11;23;30;44;45;48;50;62;63;66;74;83,1;10;14;19;20;29;31;32;49;57;61;69;73;77;78;85;88;89
3,1,14,0.05A,2,physical_cluster,krr_rbf,2.7271851433648004,3.357368079635225,"{""alpha"": 0.1, ""gamma"": 0.05}",5.312487823622567,0;4;11;23;30;44;45;48;50;62;63;66;74;83,1;10;14;19;20;29;31;32;49;57;61;69;73;77;78;85;88;89
3,1,14,0.05A,2,physical_cluster,svr_rbf,4.617861883769799,6.607239109809095,"{""C"": 10.0, ""epsilon"": 0.2}",5.621925847782262,0;4;11;23;30;44;45;48;50;62;63;66;74;83,1;10;14;19;20;29;31;32;49;57;61;69;73;77;78;85;88;89
3,1,14,0.05A,2,physical_cluster,gp_rbf,2.8243626910818844,3.4616043399956045,"{""alpha"": 1.0, ""length"": 3.0}",5.258209494760303,0;4;11;23;30;44;45;48;50;62;63;66;74;83,1;10;14;19;20;29;31;32;49;57;61;69;73;77;78;85;88;89
3,1,14,0.05A,2,physical_cluster,catboost,4.5546944796393625,6.126167420955949,{},,0;4;11;23;30;44;45;48;50;62;63;66;74;83,1;10;14;19;20;29;31;32;49;57;61;69;73;77;78;85;88;89
3,1,14,0.05A,2,physical_cluster,xgboost,5.082173241509332,7.02148616489497,{},,0;4;11;23;30;44;45;48;50;62;63;66;74;83,1;10;14;19;20;29;31;32;49;57;61;69;73;77;78;85;88;89
3,1,14,0.05A,2,physical_cluster,extra_trees,4.166099519477318,4.993972317345803,{},,0;4;11;23;30;44;45;48;50;62;63;66;74;83,1;10;14;19;20;29;31;32;49;57;61;69;73;77;78;85;88;89
3,1,14,C/10,3,physical_cluster,ridge_physics,1.2336086697048612,1.5625669476990056,"{""alpha"": 1.0}",1.3672519751957484,0;4;11;23;30;44;45;48;50;62;63;66;74;83,1;10;14;19;20;29;31;32;49;57;61;69;73;77;78;85;88;89
3,1,14,C/10,3,physical_cluster,ridge_source,1.371848636203342,1.6780897628181357,"{""alpha"": 0.1}",1.4254251207624162,0;4;11;23;30;44;45;48;50;62;63;66;74;83,1;10;14;19;20;29;31;32;49;57;61;69;73;77;78;85;88;89
3,1,14,C/10,3,physical_cluster,ridge_input,2.8257569207085504,4.47598410690658,"{""alpha"": 10.0}",4.779472657612392,0;4;11;23;30;44;45;48;50;62;63;66;74;83,1;10;14;19;20;29;31;32;49;57;61;69;73;77;78;85;88;89
3,1,14,C/10,3,physical_cluster,krr_rbf,1.6728566487630208,1.9724503956642867,"{""alpha"": 0.1, ""gamma"": 0.05}",5.267949410847256,0;4;11;23;30;44;45;48;50;62;63;66;74;83,1;10;14;19;20;29;31;32;49;57;61;69;73;77;78;85;88;89
3,1,14,C/10,3,physical_cluster,svr_rbf,3.136043923201284,5.729144681483042,"{""C"": 10.0, ""epsilon"": 1.0}",5.8525545982595775,0;4;11;23;30;44;45;48;50;62;63;66;74;83,1;10;14;19;20;29;31;32;49;57;61;69;73;77;78;85;88;89
3,1,14,C/10,3,physical_cluster,gp_rbf,1.8099283811259803,2.2368970610495817,"{""alpha"": 1.0, ""length"": 3.0}",5.171795537675026,0;4;11;23;30;44;45;48;50;62;63;66;74;83,1;10;14;19;20;29;31;32;49;57;61;69;73;77;78;85;88;89
3,1,14,C/10,3,physical_cluster,catboost,3.343913299000447,5.812440049621361,{},,0;4;11;23;30;44;45;48;50;62;63;66;74;83,1;10;14;19;20;29;31;32;49;57;61;69;73;77;78;85;88;89
3,1,14,C/10,3,physical_cluster,xgboost,3.999316745334201,6.790997193412379,{},,0;4;11;23;30;44;45;48;50;62;63;66;74;83,1;10;14;19;20;29;31;32;49;57;61;69;73;77;78;85;88;89
3,1,14,C/10,3,physical_cluster,extra_trees,3.055629028201736,4.321973543884199,{},,0;4;11;23;30;44;45;48;50;62;63;66;74;83,1;10;14;19;20;29;31;32;49;57;61;69;73;77;78;85;88;89
3,1,14,C/7,4,physical_cluster,ridge_physics,1.2518747117784288,1.6011167962865145,"{""alpha"": 1.0}",1.5085695811680384,0;4;11;23;30;44;45;48;50;62;63;66;74;83,1;10;14;19;20;29;31;32;49;57;61;69;73;77;78;85;88;89
3,1,14,C/7,4,physical_cluster,ridge_source,1.4552569919162326,1.8015798404029264,"{""alpha"": 0.1}",1.5996534483773368,0;4;11;23;30;44;45;48;50;62;63;66;74;83,1;10;14;19;20;29;31;32;49;57;61;69;73;77;78;85;88;89
3,1,14,C/7,4,physical_cluster,ridge_input,2.896632300482856,4.497171879106276,"{""alpha"": 10.0}",4.661419289452689,0;4;11;23;30;44;45;48;50;62;63;66;74;83,1;10;14;19;20;29;31;32;49;57;61;69;73;77;78;85;88;89
3,1,14,C/7,4,physical_cluster,krr_rbf,1.6833381652832031,2.015366224354635,"{""alpha"": 0.1, ""gamma"": 0.05}",5.371870219707489,0;4;11;23;30;44;45;48;50;62;63;66;74;83,1;10;14;19;20;29;31;32;49;57;61;69;73;77;78;85;88;89
3,1,14,C/7,4,physical_cluster,svr_rbf,3.170445365751182,5.734245317373445,"{""C"": 10.0, ""epsilon"": 1.0}",5.990805905188716,0;4;11;23;30;44;45;48;50;62;63;66;74;83,1;10;14;19;20;29;31;32;49;57;61;69;73;77;78;85;88;89
3,1,14,C/7,4,physical_cluster,gp_rbf,1.8124629435417152,2.2880471945043337,"{""alpha"": 1.0, ""length"": 3.0}",5.281307602259011,0;4;11;23;30;44;45;48;50;62;63;66;74;83,1;10;14;19;20;29;31;32;49;57;61;69;73;77;78;85;88;89
3,1,14,C/7,4,physical_cluster,catboost,3.395832908995261,5.881100468264715,{},,0;4;11;23;30;44;45;48;50;62;63;66;74;83,1;10;14;19;20;29;31;32;49;57;61;69;73;77;78;85;88;89
3,1,14,C/7,4,physical_cluster,xgboost,4.037734561496311,6.817080889480718,{},,0;4;11;23;30;44;45;48;50;62;63;66;74;83,1;10;14;19;20;29;31;32;49;57;61;69;73;77;78;85;88;89
3,1,14,C/7,4,physical_cluster,extra_trees,3.0332460411831184,4.324089017550649,{},,0;4;11;23;30;44;45;48;50;62;63;66;74;83,1;10;14;19;20;29;31;32;49;57;61;69;73;77;78;85;88;89
3,1,14,C/5,5,physical_cluster,ridge_physics,1.3067330254448786,1.603248783611413,"{""alpha"": 0.1}",1.6000755173819403,0;4;11;23;30;44;45;48;50;62;63;66;74;83,1;10;14;19;20;29;31;32;49;57;61;69;73;77;78;85;88;89
3,1,14,C/5,5,physical_cluster,ridge_source,1.6295026143391926,2.0383177645722217,"{""alpha"": 0.1}",1.7315292698996407,0;4;11;23;30;44;45;48;50;62;63;66;74;83,1;10;14;19;20;29;31;32;49;57;61;69;73;77;78;85;88;89
3,1,14,C/5,5,physical_cluster,ridge_input,2.8760893079969616,4.496666253430917,"{""alpha"": 10.0}",4.655772720064435,0;4;11;23;30;44;45;48;50;62;63;66;74;83,1;10;14;19;20;29;31;32;49;57;61;69;73;77;78;85;88;89
3,1,14,C/5,5,physical_cluster,krr_rbf,1.7811703152126737,2.1489766715337373,"{""alpha"": 0.1, ""gamma"": 0.05}",5.438788192612784,0;4;11;23;30;44;45;48;50;62;63;66;74;83,1;10;14;19;20;29;31;32;49;57;61;69;73;77;78;85;88;89
3,1,14,C/5,5,physical_cluster,svr_rbf,3.35242567321262,5.898121464063015,"{""C"": 10.0, ""epsilon"": 1.0}",6.091842136463092,0;4;11;23;30;44;45;48;50;62;63;66;74;83,1;10;14;19;20;29;31;32;49;57;61;69;73;77;78;85;88;89
3,1,14,C/5,5,physical_cluster,gp_rbf,1.9039406253782285,2.4029010817987206,"{""alpha"": 1.0, ""length"": 3.0}",5.419468217678585,0;4;11;23;30;44;45;48;50;62;63;66;74;83,1;10;14;19;20;29;31;32;49;57;61;69;73;77;78;85;88;89
3,1,14,C/5,5,physical_cluster,catboost,3.5057788989305547,5.986507430876137,{},,0;4;11;23;30;44;45;48;50;62;63;66;74;83,1;10;14;19;20;29;31;32;49;57;61;69;73;77;78;85;88;89
3,1,14,C/5,5,physical_cluster,xgboost,4.1659189860026045,6.89983906833708,{},,0;4;11;23;30;44;45;48;50;62;63;66;74;83,1;10;14;19;20;29;31;32;49;57;61;69;73;77;78;85;88;89
3,1,14,C/5,5,physical_cluster,extra_trees,3.0878275357142115,4.391942702319337,{},,0;4;11;23;30;44;45;48;50;62;63;66;74;83,1;10;14;19;20;29;31;32;49;57;61;69;73;77;78;85;88;89
3,1,14,C/80,0,input_cluster,ridge_physics,2.325261010064019,2.8911190376392613,"{""alpha"": 1.0}",2.726626481328692,3;4;7;11;12;13;17;52;55;62;63;72;83;84,1;10;14;19;20;29;31;32;49;57;61;69;73;77;78;85;88;89
3,1,14,C/80,0,input_cluster,ridge_source,2.2262081570095487,2.779466987590022,"{""alpha"": 0.1}",2.49778425693512,3;4;7;11;12;13;17;52;55;62;63;72;83;84,1;10;14;19;20;29;31;32;49;57;61;69;73;77;78;85;88;89
3,1,14,C/80,0,input_cluster,ridge_input,3.765045166015625,4.9178233660902215,"{""alpha"": 10.0}",6.46296569279262,3;4;7;11;12;13;17;52;55;62;63;72;83;84,1;10;14;19;20;29;31;32;49;57;61;69;73;77;78;85;88;89
3,1,14,C/80,0,input_cluster,krr_rbf,2.316933949788412,2.8651400259567192,"{""alpha"": 0.1, ""gamma"": 0.05}",4.8919689144407,3;4;7;11;12;13;17;52;55;62;63;72;83;84,1;10;14;19;20;29;31;32;49;57;61;69;73;77;78;85;88;89
3,1,14,C/80,0,input_cluster,svr_rbf,2.7224177855063507,3.3260182482251865,"{""C"": 100.0, ""epsilon"": 0.2}",4.50112149426383,3;4;7;11;12;13;17;52;55;62;63;72;83;84,1;10;14;19;20;29;31;32;49;57;61;69;73;77;78;85;88;89
3,1,14,C/80,0,input_cluster,gp_rbf,2.434432731068056,2.9719296907136146,"{""alpha"": 1.0, ""length"": 3.0}",4.831377983486148,3;4;7;11;12;13;17;52;55;62;63;72;83;84,1;10;14;19;20;29;31;32;49;57;61;69;73;77;78;85;88;89
3,1,14,C/80,0,input_cluster,catboost,4.313020642559232,5.478974258874295,{},,3;4;7;11;12;13;17;52;55;62;63;72;83;84,1;10;14;19;20;29;31;32;49;57;61;69;73;77;78;85;88;89
3,1,14,C/80,0,input_cluster,xgboost,4.419250912136501,6.517214018457012,{},,3;4;7;11;12;13;17;52;55;62;63;72;83;84,1;10;14;19;20;29;31;32;49;57;61;69;73;77;78;85;88;89
3,1,14,C/80,0,input_cluster,extra_trees,2.7284271479346764,3.56488312607209,{},,3;4;7;11;12;13;17;52;55;62;63;72;83;84,1;10;14;19;20;29;31;32;49;57;61;69;73;77;78;85;88;89
3,1,14,C/40,1,input_cluster,ridge_physics,1.5360921223958333,1.9004699972745789,"{""alpha"": 1.0}",2.049530795642308,3;4;7;11;12;13;17;52;55;62;63;72;83;84,1;10;14;19;20;29;31;32;49;57;61;69;73;77;78;85;88;89
3,1,14,C/40,1,input_cluster,ridge_source,1.471507602267795,1.796027310158941,"{""alpha"": 0.1}",1.921348316328866,3;4;7;11;12;13;17;52;55;62;63;72;83;84,1;10;14;19;20;29;31;32;49;57;61;69;73;77;78;85;88;89
3,1,14,C/40,1,input_cluster,ridge_input,3.259238772922092,4.510869444746119,"{""alpha"": 10.0}",6.14306252343314,3;4;7;11;12;13;17;52;55;62;63;72;83;84,1;10;14;19;20;29;31;32;49;57;61;69;73;77;78;85;88;89
3,1,14,C/40,1,input_cluster,krr_rbf,1.5841055976019964,1.935972719782868,"{""alpha"": 0.1, ""gamma"": 0.05}",4.663325241633824,3;4;7;11;12;13;17;52;55;62;63;72;83;84,1;10;14;19;20;29;31;32;49;57;61;69;73;77;78;85;88;89
3,1,14,C/40,1,input_cluster,svr_rbf,1.812802547572752,2.1935092135001018,"{""C"": 100.0, ""epsilon"": 0.2}",4.465599837451232,3;4;7;11;12;13;17;52;55;62;63;72;83;84,1;10;14;19;20;29;31;32;49;57;61;69;73;77;78;85;88;89
3,1,14,C/40,1,input_cluster,gp_rbf,1.702600363895686,2.133629500611024,"{""alpha"": 1.0, ""length"": 3.0}",4.734734704486577,3;4;7;11;12;13;17;52;55;62;63;72;83;84,1;10;14;19;20;29;31;32;49;57;61;69;73;77;78;85;88;89
3,1,14,C/40,1,input_cluster,catboost,3.6278902575069303,4.997201281257861,{},,3;4;7;11;12;13;17;52;55;62;63;72;83;84,1;10;14;19;20;29;31;32;49;57;61;69;73;77;78;85;88;89
3,1,14,C/40,1,input_cluster,xgboost,3.8926128811306415,6.207252055992424,{},,3;4;7;11;12;13;17;52;55;62;63;72;83;84,1;10;14;19;20;29;31;32;49;57;61;69;73;77;78;85;88;89
3,1,14,C/40,1,input_cluster,extra_trees,1.9627806075666323,2.635665138491491,{},,3;4;7;11;12;13;17;52;55;62;63;72;83;84,1;10;14;19;20;29;31;32;49;57;61;69;73;77;78;85;88;89
3,1,14,0.05A,2,input_cluster,ridge_physics,2.6391177707248263,3.316734832529885,"{""alpha"": 1.0}",2.8579313925334384,3;4;7;11;12;13;17;52;55;62;63;72;83;84,1;10;14;19;20;29;31;32;49;57;61;69;73;77;78;85;88;89
3,1,14,0.05A,2,input_cluster,ridge_source,2.61855697631836,3.2967059001497345,"{""alpha"": 1.0}",2.525005613054548,3;4;7;11;12;13;17;52;55;62;63;72;83;84,1;10;14;19;20;29;31;32;49;57;61;69;73;77;78;85;88;89
3,1,14,0.05A,2,input_cluster,ridge_input,3.859550052218967,4.984270805486433,"{""alpha"": 10.0}",6.4030396938323975,3;4;7;11;12;13;17;52;55;62;63;72;83;84,1;10;14;19;20;29;31;32;49;57;61;69;73;77;78;85;88;89
3,1,14,0.05A,2,input_cluster,krr_rbf,2.620880126953125,3.2375850327343896,"{""alpha"": 0.1, ""gamma"": 0.05}",4.956920964377267,3;4;7;11;12;13;17;52;55;62;63;72;83;84,1;10;14;19;20;29;31;32;49;57;61;69;73;77;78;85;88;89
3,1,14,0.05A,2,input_cluster,svr_rbf,3.0226309830057523,3.7268588294888567,"{""C"": 100.0, ""epsilon"": 0.2}",4.448939161847969,3;4;7;11;12;13;17;52;55;62;63;72;83;84,1;10;14;19;20;29;31;32;49;57;61;69;73;77;78;85;88;89
3,1,14,0.05A,2,input_cluster,gp_rbf,2.7052901441069213,3.313185761123076,"{""alpha"": 1.0, ""length"": 3.0}",4.823727472047052,3;4;7;11;12;13;17;52;55;62;63;72;83;84,1;10;14;19;20;29;31;32;49;57;61;69;73;77;78;85;88;89
3,1,14,0.05A,2,input_cluster,catboost,4.499882741319241,5.604133406250483,{},,3;4;7;11;12;13;17;52;55;62;63;72;83;84,1;10;14;19;20;29;31;32;49;57;61;69;73;77;78;85;88;89
3,1,14,0.05A,2,input_cluster,xgboost,4.608676486545139,6.538262458398057,{},,3;4;7;11;12;13;17;52;55;62;63;72;83;84,1;10;14;19;20;29;31;32;49;57;61;69;73;77;78;85;88;89
3,1,14,0.05A,2,input_cluster,extra_trees,3.036432176822078,3.922463856168643,{},,3;4;7;11;12;13;17;52;55;62;63;72;83;84,1;10;14;19;20;29;31;32;49;57;61;69;73;77;78;85;88;89
3,1,14,C/10,3,input_cluster,ridge_physics,1.0003717210557723,1.2858772640878755,"{""alpha"": 0.1}",1.564819097518921,3;4;7;11;12;13;17;52;55;62;63;72;83;84,1;10;14;19;20;29;31;32;49;57;61;69;73;77;78;85;88;89
3,1,14,C/10,3,input_cluster,ridge_source,1.2464544508192277,1.603767780181958,"{""alpha"": 0.1}",1.649653366633824,3;4;7;11;12;13;17;52;55;62;63;72;83;84,1;10;14;19;20;29;31;32;49;57;61;69;73;77;78;85;88;89
3,1,14,C/10,3,input_cluster,ridge_input,3.112330118815104,4.294658488611434,"{""alpha"": 10.0}",5.2371960026877264,3;4;7;11;12;13;17;52;55;62;63;72;83;84,1;10;14;19;20;29;31;32;49;57;61;69;73;77;78;85;88;89
3,1,14,C/10,3,input_cluster,krr_rbf,1.35057618882921,1.6705789272525375,"{""alpha"": 0.1, ""gamma"": 0.05}",5.103175163269043,3;4;7;11;12;13;17;52;55;62;63;72;83;84,1;10;14;19;20;29;31;32;49;57;61;69;73;77;78;85;88;89
3,1,14,C/10,3,input_cluster,svr_rbf,1.457990633499472,2.0147034961628485,"{""C"": 100.0, ""epsilon"": 0.2}",4.810143285413082,3;4;7;11;12;13;17;52;55;62;63;72;83;84,1;10;14;19;20;29;31;32;49;57;61;69;73;77;78;85;88;89
3,1,14,C/10,3,input_cluster,gp_rbf,1.4939961505381802,1.9553706818593928,"{""alpha"": 1.0, ""length"": 3.0}",5.233065441795892,3;4;7;11;12;13;17;52;55;62;63;72;83;84,1;10;14;19;20;29;31;32;49;57;61;69;73;77;78;85;88;89
3,1,14,C/10,3,input_cluster,catboost,3.171366152908637,4.939876830158404,{},,3;4;7;11;12;13;17;52;55;62;63;72;83;84,1;10;14;19;20;29;31;32;49;57;61;69;73;77;78;85;88;89
3,1,14,C/10,3,input_cluster,xgboost,3.7944878472222223,6.223650480637068,{},,3;4;7;11;12;13;17;52;55;62;63;72;83;84,1;10;14;19;20;29;31;32;49;57;61;69;73;77;78;85;88;89
3,1,14,C/10,3,input_cluster,extra_trees,1.6964135105016984,2.594934942096826,{},,3;4;7;11;12;13;17;52;55;62;63;72;83;84,1;10;14;19;20;29;31;32;49;57;61;69;73;77;78;85;88;89
3,1,14,C/7,4,input_cluster,ridge_physics,1.000464545355903,1.3269943478724953,"{""alpha"": 0.1}",1.6368256977626257,3;4;7;11;12;13;17;52;55;62;63;72;83;84,1;10;14;19;20;29;31;32;49;57;61;69;73;77;78;85;88;89
3,1,14,C/7,4,input_cluster,ridge_source,1.2586360507541232,1.7108406337177473,"{""alpha"": 1.0}",1.8631106104169568,3;4;7;11;12;13;17;52;55;62;63;72;83;84,1;10;14;19;20;29;31;32;49;57;61;69;73;77;78;85;88;89
3,1,14,C/7,4,input_cluster,ridge_input,3.1996053059895835,4.318035020966935,"{""alpha"": 10.0}",5.105367081505912,3;4;7;11;12;13;17;52;55;62;63;72;83;84,1;10;14;19;20;29;31;32;49;57;61;69;73;77;78;85;88;89
3,1,14,C/7,4,input_cluster,krr_rbf,1.34451166788737,1.7320011814218488,"{""alpha"": 0.1, ""gamma"": 0.05}",5.263298204966953,3;4;7;11;12;13;17;52;55;62;63;72;83;84,1;10;14;19;20;29;31;32;49;57;61;69;73;77;78;85;88;89
3,1,14,C/7,4,input_cluster,svr_rbf,1.4386035992873434,2.055397217943052,"{""C"": 100.0, ""epsilon"": 0.2}",5.02159286182333,3;4;7;11;12;13;17;52;55;62;63;72;83;84,1;10;14;19;20;29;31;32;49;57;61;69;73;77;78;85;88;89
3,1,14,C/7,4,input_cluster,gp_rbf,1.4835846498875895,2.0390341431794483,"{""alpha"": 1.0, ""length"": 3.0}",5.412235074446569,3;4;7;11;12;13;17;52;55;62;63;72;83;84,1;10;14;19;20;29;31;32;49;57;61;69;73;77;78;85;88;89
3,1,14,C/7,4,input_cluster,catboost,3.176004765453306,5.017040041842537,{},,3;4;7;11;12;13;17;52;55;62;63;72;83;84,1;10;14;19;20;29;31;32;49;57;61;69;73;77;78;85;88;89
3,1,14,C/7,4,input_cluster,xgboost,3.8894661797417536,6.3034054296787865,{},,3;4;7;11;12;13;17;52;55;62;63;72;83;84,1;10;14;19;20;29;31;32;49;57;61;69;73;77;78;85;88;89
3,1,14,C/7,4,input_cluster,extra_trees,1.6633403150587485,2.606164903629362,{},,3;4;7;11;12;13;17;52;55;62;63;72;83;84,1;10;14;19;20;29;31;32;49;57;61;69;73;77;78;85;88;89
3,1,14,C/5,5,input_cluster,ridge_physics,1.0896377563476562,1.4270253159149962,"{""alpha"": 0.1}",1.628669193812779,3;4;7;11;12;13;17;52;55;62;63;72;83;84,1;10;14;19;20;29;31;32;49;57;61;69;73;77;78;85;88;89
3,1,14,C/5,5,input_cluster,ridge_source,1.4558499654134114,1.9125111427858508,"{""alpha"": 1.0}",1.994993107659476,3;4;7;11;12;13;17;52;55;62;63;72;83;84,1;10;14;19;20;29;31;32;49;57;61;69;73;77;78;85;88;89
3,1,14,C/5,5,input_cluster,ridge_input,3.1724455091688366,4.303946718307458,"{""alpha"": 10.0}",5.048051765986851,3;4;7;11;12;13;17;52;55;62;63;72;83;84,1;10;14;19;20;29;31;32;49;57;61;69;73;77;78;85;88;89
3,1,14,C/5,5,input_cluster,krr_rbf,1.44143549601237,1.8687956653662543,"{""alpha"": 0.1, ""gamma"": 0.05}",5.441833598273141,3;4;7;11;12;13;17;52;55;62;63;72;83;84,1;10;14;19;20;29;31;32;49;57;61;69;73;77;78;85;88;89
3,1,14,C/5,5,input_cluster,svr_rbf,1.6088741871906285,2.1643182316441814,"{""C"": 100.0, ""epsilon"": 1.0}",5.052589187728159,3;4;7;11;12;13;17;52;55;62;63;72;83;84,1;10;14;19;20;29;31;32;49;57;61;69;73;77;78;85;88;89
3,1,14,C/5,5,input_cluster,gp_rbf,1.577816689902198,2.1715684620739326,"{""alpha"": 1.0, ""length"": 3.0}",5.604324578345202,3;4;7;11;12;13;17;52;55;62;63;72;83;84,1;10;14;19;20;29;31;32;49;57;61;69;73;77;78;85;88;89
3,1,14,C/5,5,input_cluster,catboost,3.311591545958409,5.143887441783267,{},,3;4;7;11;12;13;17;52;55;62;63;72;83;84,1;10;14;19;20;29;31;32;49;57;61;69;73;77;78;85;88;89
3,1,14,C/5,5,input_cluster,xgboost,3.946577284071181,6.39085830093003,{},,3;4;7;11;12;13;17;52;55;62;63;72;83;84,1;10;14;19;20;29;31;32;49;57;61;69;73;77;78;85;88;89
3,1,14,C/5,5,input_cluster,extra_trees,1.716293401740217,2.728933925103132,{},,3;4;7;11;12;13;17;52;55;62;63;72;83;84,1;10;14;19;20;29;31;32;49;57;61;69;73;77;78;85;88;89
3,2,14,C/80,0,random,ridge_physics,2.1584264967176647,2.6900052891975426,"{""alpha"": 0.1}",2.3659413882664277,4;5;11;15;23;36;37;39;45;55;70;72;76;84,1;10;14;19;20;29;31;32;49;57;61;69;73;77;78;85;88;89
3,2,14,C/80,0,random,ridge_source,2.200544145372179,2.667123755111501,"{""alpha"": 0.1}",2.4716698612485613,4;5;11;15;23;36;37;39;45;55;70;72;76;84,1;10;14;19;20;29;31;32;49;57;61;69;73;77;78;85;88;89
3,2,14,C/80,0,random,ridge_input,3.4986178080240884,4.780135248986785,"{""alpha"": 10.0}",4.169904061726162,4;5;11;15;23;36;37;39;45;55;70;72;76;84,1;10;14;19;20;29;31;32;49;57;61;69;73;77;78;85;88;89
3,2,14,C/80,0,random,krr_rbf,2.418249342176649,3.240546956040274,"{""alpha"": 0.1, ""gamma"": 0.05}",3.873781272343227,4;5;11;15;23;36;37;39;45;55;70;72;76;84,1;10;14;19;20;29;31;32;49;57;61;69;73;77;78;85;88;89
3,2,14,C/80,0,random,svr_rbf,2.897677662499579,3.3832646904801744,"{""C"": 100.0, ""epsilon"": 1.0}",5.77649916042936,4;5;11;15;23;36;37;39;45;55;70;72;76;84,1;10;14;19;20;29;31;32;49;57;61;69;73;77;78;85;88;89
3,2,14,C/80,0,random,gp_rbf,2.7649398009969754,3.710601982186623,"{""alpha"": 1.0, ""length"": 3.0}",3.991637308501794,4;5;11;15;23;36;37;39;45;55;70;72;76;84,1;10;14;19;20;29;31;32;49;57;61;69;73;77;78;85;88;89
3,2,14,C/80,0,random,catboost,4.396445141894096,6.050586032904329,{},,4;5;11;15;23;36;37;39;45;55;70;72;76;84,1;10;14;19;20;29;31;32;49;57;61;69;73;77;78;85;88;89
3,2,14,C/80,0,random,xgboost,5.066127777099609,7.136001276908528,{},,4;5;11;15;23;36;37;39;45;55;70;72;76;84,1;10;14;19;20;29;31;32;49;57;61;69;73;77;78;85;88;89
3,2,14,C/80,0,random,extra_trees,4.057500731131387,5.3142608256894,{},,4;5;11;15;23;36;37;39;45;55;70;72;76;84,1;10;14;19;20;29;31;32;49;57;61;69;73;77;78;85;88;89
3,2,14,C/40,1,random,ridge_physics,1.3795683119032118,1.7293929629135778,"{""alpha"": 0.1}",1.64629065990448,4;5;11;15;23;36;37;39;45;55;70;72;76;84,1;10;14;19;20;29;31;32;49;57;61;69;73;77;78;85;88;89
3,2,14,C/40,1,random,ridge_source,1.370830535888672,1.7154168724443446,"{""alpha"": 0.1}",1.8174051897866383,4;5;11;15;23;36;37;39;45;55;70;72;76;84,1;10;14;19;20;29;31;32;49;57;61;69;73;77;78;85;88;89
3,2,14,C/40,1,random,ridge_input,2.82551023695204,4.355687734494233,"{""alpha"": 10.0}",3.786005871636527,4;5;11;15;23;36;37;39;45;55;70;72;76;84,1;10;14;19;20;29;31;32;49;57;61;69;73;77;78;85;88;89
3,2,14,C/40,1,random,krr_rbf,1.7945980495876737,2.6962325453311102,"{""alpha"": 0.1, ""gamma"": 0.05}",3.125420459679195,4;5;11;15;23;36;37;39;45;55;70;72;76;84,1;10;14;19;20;29;31;32;49;57;61;69;73;77;78;85;88;89
3,2,14,C/40,1,random,svr_rbf,1.7969272372652456,2.3814470469770748,"{""C"": 100.0, ""epsilon"": 1.0}",4.573291049990096,4;5;11;15;23;36;37;39;45;55;70;72;76;84,1;10;14;19;20;29;31;32;49;57;61;69;73;77;78;85;88;89
3,2,14,C/40,1,random,gp_rbf,2.1640327847435654,3.306631364284818,"{""alpha"": 1.0, ""length"": 3.0}",3.265807544096043,4;5;11;15;23;36;37;39;45;55;70;72;76;84,1;10;14;19;20;29;31;32;49;57;61;69;73;77;78;85;88;89
3,2,14,C/40,1,random,catboost,3.840730084069001,5.862256369341703,{},,4;5;11;15;23;36;37;39;45;55;70;72;76;84,1;10;14;19;20;29;31;32;49;57;61;69;73;77;78;85;88;89
3,2,14,C/40,1,random,xgboost,4.439039018419054,7.001360026208292,{},,4;5;11;15;23;36;37;39;45;55;70;72;76;84,1;10;14;19;20;29;31;32;49;57;61;69;73;77;78;85;88;89
3,2,14,C/40,1,random,extra_trees,3.299027943245319,4.935171219213331,{},,4;5;11;15;23;36;37;39;45;55;70;72;76;84,1;10;14;19;20;29;31;32;49;57;61;69;73;77;78;85;88;89
3,2,14,0.05A,2,random,ridge_physics,2.409859551323785,3.070899932161744,"{""alpha"": 0.1}",2.6029289790562222,4;5;11;15;23;36;37;39;45;55;70;72;76;84,1;10;14;19;20;29;31;32;49;57;61;69;73;77;78;85;88;89
3,2,14,0.05A,2,random,ridge_source,2.423076629638672,3.0389280924062776,"{""alpha"": 0.1}",2.576262525149754,4;5;11;15;23;36;37;39;45;55;70;72;76;84,1;10;14;19;20;29;31;32;49;57;61;69;73;77;78;85;88;89
3,2,14,0.05A,2,random,ridge_input,3.6255035400390634,4.790164895081976,"{""alpha"": 10.0}",4.376258509499686,4;5;11;15;23;36;37;39;45;55;70;72;76;84,1;10;14;19;20;29;31;32;49;57;61;69;73;77;78;85;88;89
3,2,14,0.05A,2,random,krr_rbf,2.6780272589789496,3.5108965270287995,"{""alpha"": 0.1, ""gamma"": 0.05}",4.04498336144856,4;5;11;15;23;36;37;39;45;55;70;72;76;84,1;10;14;19;20;29;31;32;49;57;61;69;73;77;78;85;88;89
3,2,14,0.05A,2,random,svr_rbf,3.4644401363656163,4.052539663009393,"{""C"": 100.0, ""epsilon"": 1.0}",5.917873515366934,4;5;11;15;23;36;37;39;45;55;70;72;76;84,1;10;14;19;20;29;31;32;49;57;61;69;73;77;78;85;88;89
3,2,14,0.05A,2,random,gp_rbf,2.944859303746062,3.911357364778233,"{""alpha"": 1.0, ""length"": 3.0}",4.156534244927897,4;5;11;15;23;36;37;39;45;55;70;72;76;84,1;10;14;19;20;29;31;32;49;57;61;69;73;77;78;85;88;89
3,2,14,0.05A,2,random,catboost,4.604030666910904,6.076869979351564,{},,4;5;11;15;23;36;37;39;45;55;70;72;76;84,1;10;14;19;20;29;31;32;49;57;61;69;73;77;78;85;88;89
3,2,14,0.05A,2,random,xgboost,5.2468545701768665,7.082305086765845,{},,4;5;11;15;23;36;37;39;45;55;70;72;76;84,1;10;14;19;20;29;31;32;49;57;61;69;73;77;78;85;88;89
3,2,14,0.05A,2,random,extra_trees,4.251199092890218,5.353783306962692,{},,4;5;11;15;23;36;37;39;45;55;70;72;76;84,1;10;14;19;20;29;31;32;49;57;61;69;73;77;78;85;88;89
3,2,14,C/10,3,random,ridge_physics,1.0876456366644964,1.5912371929937377,"{""alpha"": 0.1}",1.3576648746218,4;5;11;15;23;36;37;39;45;55;70;72;76;84,1;10;14;19;20;29;31;32;49;57;61;69;73;77;78;85;88;89
3,2,14,C/10,3,random,ridge_source,1.0609792073567708,1.5906552898476995,"{""alpha"": 0.1}",1.5407697813851493,4;5;11;15;23;36;37;39;45;55;70;72;76;84,1;10;14;19;20;29;31;32;49;57;61;69;73;77;78;85;88;89
3,2,14,C/10,3,random,ridge_input,2.832606421576606,4.230372838940589,"{""alpha"": 10.0}",3.6862295355115617,4;5;11;15;23;36;37;39;45;55;70;72;76;84,1;10;14;19;20;29;31;32;49;57;61;69;73;77;78;85;88;89
3,2,14,C/10,3,random,krr_rbf,1.669899410671658,2.9405798676086805,"{""alpha"": 0.1, ""gamma"": 0.05}",2.7455712727137973,4;5;11;15;23;36;37;39;45;55;70;72;76;84,1;10;14;19;20;29;31;32;49;57;61;69;73;77;78;85;88;89
3,2,14,C/10,3,random,svr_rbf,3.3029951523079126,5.792652145035725,"{""C"": 10.0, ""epsilon"": 0.2}",4.177275311820898,4;5;11;15;23;36;37;39;45;55;70;72;76;84,1;10;14;19;20;29;31;32;49;57;61;69;73;77;78;85;88;89
3,2,14,C/10,3,random,gp_rbf,2.02325028729067,3.598225057489816,"{""alpha"": 1.0, ""length"": 3.0}",2.924061776850733,4;5;11;15;23;36;37;39;45;55;70;72;76;84,1;10;14;19;20;29;31;32;49;57;61;69;73;77;78;85;88;89
3,2,14,C/10,3,random,catboost,3.686442130426947,6.07469955098475,{},,4;5;11;15;23;36;37;39;45;55;70;72;76;84,1;10;14;19;20;29;31;32;49;57;61;69;73;77;78;85;88;89
3,2,14,C/10,3,random,xgboost,4.416188557942708,7.220294357665764,{},,4;5;11;15;23;36;37;39;45;55;70;72;76;84,1;10;14;19;20;29;31;32;49;57;61;69;73;77;78;85;88;89
3,2,14,C/10,3,random,extra_trees,3.216906118657856,4.986328924907076,{},,4;5;11;15;23;36;37;39;45;55;70;72;76;84,1;10;14;19;20;29;31;32;49;57;61;69;73;77;78;85;88;89
3,2,14,C/7,4,random,ridge_physics,1.155682881673177,1.7066139085437355,"{""alpha"": 0.1}",1.3984572887420654,4;5;11;15;23;36;37;39;45;55;70;72;76;84,1;10;14;19;20;29;31;32;49;57;61;69;73;77;78;85;88;89
3,2,14,C/7,4,random,ridge_source,1.1222279866536458,1.7307043371556312,"{""alpha"": 0.1}",1.5320308549063546,4;5;11;15;23;36;37;39;45;55;70;72;76;84,1;10;14;19;20;29;31;32;49;57;61;69;73;77;78;85;88;89
3,2,14,C/7,4,random,ridge_input,2.9228155348036022,4.272337401215106,"{""alpha"": 10.0}",3.7268538815634593,4;5;11;15;23;36;37;39;45;55;70;72;76;84,1;10;14;19;20;29;31;32;49;57;61;69;73;77;78;85;88;89
3,2,14,C/7,4,random,krr_rbf,1.6871893141004777,3.1118118210520005,"{""alpha"": 0.1, ""gamma"": 0.05}",2.7286247525896346,4;5;11;15;23;36;37;39;45;55;70;72;76;84,1;10;14;19;20;29;31;32;49;57;61;69;73;77;78;85;88;89
3,2,14,C/7,4,random,svr_rbf,3.406658502959182,5.918615941872049,"{""C"": 10.0, ""epsilon"": 0.2}",4.052266015647488,4;5;11;15;23;36;37;39;45;55;70;72;76;84,1;10;14;19;20;29;31;32;49;57;61;69;73;77;78;85;88;89
3,2,14,C/7,4,random,gp_rbf,2.093004378777048,3.7762301747046254,"{""alpha"": 1.0, ""length"": 3.0}",2.9261253886740697,4;5;11;15;23;36;37;39;45;55;70;72;76;84,1;10;14;19;20;29;31;32;49;57;61;69;73;77;78;85;88;89
3,2,14,C/7,4,random,catboost,3.791891276092731,6.217811317044017,{},,4;5;11;15;23;36;37;39;45;55;70;72;76;84,1;10;14;19;20;29;31;32;49;57;61;69;73;77;78;85;88;89
3,2,14,C/7,4,random,xgboost,4.522858089870876,7.354451691935558,{},,4;5;11;15;23;36;37;39;45;55;70;72;76;84,1;10;14;19;20;29;31;32;49;57;61;69;73;77;78;85;88;89
3,2,14,C/7,4,random,extra_trees,3.218228121062436,5.047489650177025,{},,4;5;11;15;23;36;37;39;45;55;70;72;76;84,1;10;14;19;20;29;31;32;49;57;61;69;73;77;78;85;88;89
3,2,14,C/5,5,random,ridge_physics,1.1621487935384114,1.7814885631824042,"{""alpha"": 0.1}",1.4869664737156458,4;5;11;15;23;36;37;39;45;55;70;72;76;84,1;10;14;19;20;29;31;32;49;57;61;69;73;77;78;85;88;89
3,2,14,C/5,5,random,ridge_source,1.1713761223687067,1.878128208063577,"{""alpha"": 0.1}",1.536498819078718,4;5;11;15;23;36;37;39;45;55;70;72;76;84,1;10;14;19;20;29;31;32;49;57;61;69;73;77;78;85;88;89
3,2,14,C/5,5,random,ridge_input,2.8917032877604165,4.251409269818055,"{""alpha"": 10.0}",3.7861477647508894,4;5;11;15;23;36;37;39;45;55;70;72;76;84,1;10;14;19;20;29;31;32;49;57;61;69;73;77;78;85;88;89
3,2,14,C/5,5,random,krr_rbf,1.8043632507324217,3.3075638962639333,"{""alpha"": 0.1, ""gamma"": 0.05}",2.7447432449885776,4;5;11;15;23;36;37;39;45;55;70;72;76;84,1;10;14;19;20;29;31;32;49;57;61;69;73;77;78;85;88;89
3,2,14,C/5,5,random,svr_rbf,3.552981163615881,6.160776846580193,"{""C"": 10.0, ""epsilon"": 0.2}",4.008444936549045,4;5;11;15;23;36;37;39;45;55;70;72;76;84,1;10;14;19;20;29;31;32;49;57;61;69;73;77;78;85;88;89
3,2,14,C/5,5,random,gp_rbf,2.1425748067919312,3.958812602450224,"{""alpha"": 1.0, ""length"": 3.0}",2.948169052372759,4;5;11;15;23;36;37;39;45;55;70;72;76;84,1;10;14;19;20;29;31;32;49;57;61;69;73;77;78;85;88;89
3,2,14,C/5,5,random,catboost,3.826654478463566,6.321459902091652,{},,4;5;11;15;23;36;37;39;45;55;70;72;76;84,1;10;14;19;20;29;31;32;49;57;61;69;73;77;78;85;88;89
3,2,14,C/5,5,random,xgboost,4.557447645399305,7.441742701786405,{},,4;5;11;15;23;36;37;39;45;55;70;72;76;84,1;10;14;19;20;29;31;32;49;57;61;69;73;77;78;85;88;89
3,2,14,C/5,5,random,extra_trees,3.285648112032148,5.131988651694691,{},,4;5;11;15;23;36;37;39;45;55;70;72;76;84,1;10;14;19;20;29;31;32;49;57;61;69;73;77;78;85;88;89
3,2,14,C/80,0,source_cluster,ridge_physics,2.3204082912868924,2.8843972609432984,"{""alpha"": 1.0}",2.777036326272147,2;3;6;9;22;37;40;45;58;62;63;71;76;87,1;10;14;19;20;29;31;32;49;57;61;69;73;77;78;85;88;89
3,2,14,C/80,0,source_cluster,ridge_source,2.369469960530599,2.9052054416928867,"{""alpha"": 1.0}",2.707341296332223,2;3;6;9;22;37;40;45;58;62;63;71;76;87,1;10;14;19;20;29;31;32;49;57;61;69;73;77;78;85;88;89
3,2,14,C/80,0,source_cluster,ridge_input,4.418626573350695,5.839529595255327,"{""alpha"": 10.0}",6.0857303483145575,2;3;6;9;22;37;40;45;58;62;63;71;76;87,1;10;14;19;20;29;31;32;49;57;61;69;73;77;78;85;88;89
3,2,14,C/80,0,source_cluster,krr_rbf,2.393036312527127,2.9048806601499293,"{""alpha"": 0.1, ""gamma"": 0.05}",5.589644266026361,2;3;6;9;22;37;40;45;58;62;63;71;76;87,1;10;14;19;20;29;31;32;49;57;61;69;73;77;78;85;88;89
3,2,14,C/80,0,source_cluster,svr_rbf,3.7559056805204114,5.496159075155125,"{""C"": 10.0, ""epsilon"": 1.0}",6.435405120463758,2;3;6;9;22;37;40;45;58;62;63;71;76;87,1;10;14;19;20;29;31;32;49;57;61;69;73;77;78;85;88;89
3,2,14,C/80,0,source_cluster,gp_rbf,2.5345729850001524,3.0520518111162724,"{""alpha"": 1.0, ""length"": 3.0}",5.55400741598932,2;3;6;9;22;37;40;45;58;62;63;71;76;87,1;10;14;19;20;29;31;32;49;57;61;69;73;77;78;85;88;89
3,2,14,C/80,0,source_cluster,catboost,4.31319572879523,5.950397697829831,{},,2;3;6;9;22;37;40;45;58;62;63;71;76;87,1;10;14;19;20;29;31;32;49;57;61;69;73;77;78;85;88;89
3,2,14,C/80,0,source_cluster,xgboost,4.38640636867947,6.5744625194429975,{},,2;3;6;9;22;37;40;45;58;62;63;71;76;87,1;10;14;19;20;29;31;32;49;57;61;69;73;77;78;85;88;89
3,2,14,C/80,0,source_cluster,extra_trees,3.7066020006099074,4.552103804450421,{},,2;3;6;9;22;37;40;45;58;62;63;71;76;87,1;10;14;19;20;29;31;32;49;57;61;69;73;77;78;85;88;89
3,2,14,C/40,1,source_cluster,ridge_physics,1.6596327887641058,1.9693866974340095,"{""alpha"": 0.1}",2.448750138282776,2;3;6;9;22;37;40;45;58;62;63;71;76;87,1;10;14;19;20;29;31;32;49;57;61;69;73;77;78;85;88;89
3,2,14,C/40,1,source_cluster,ridge_source,1.701379564073351,2.009516978947872,"{""alpha"": 1.0}",2.3025556121553694,2;3;6;9;22;37;40;45;58;62;63;71;76;87,1;10;14;19;20;29;31;32;49;57;61;69;73;77;78;85;88;89
3,2,14,C/40,1,source_cluster,ridge_input,3.928632100423177,5.617971569581062,"{""alpha"": 10.0}",5.830121857779367,2;3;6;9;22;37;40;45;58;62;63;71;76;87,1;10;14;19;20;29;31;32;49;57;61;69;73;77;78;85;88;89
3,2,14,C/40,1,source_cluster,krr_rbf,1.7372088962131076,2.0741601756688888,"{""alpha"": 0.1, ""gamma"": 0.05}",5.615434169769287,2;3;6;9;22;37;40;45;58;62;63;71;76;87,1;10;14;19;20;29;31;32;49;57;61;69;73;77;78;85;88;89
3,2,14,C/40,1,source_cluster,svr_rbf,3.030647812640942,5.147316051175657,"{""C"": 10.0, ""epsilon"": 0.2}",6.273479532178877,2;3;6;9;22;37;40;45;58;62;63;71;76;87,1;10;14;19;20;29;31;32;49;57;61;69;73;77;78;85;88;89
3,2,14,C/40,1,source_cluster,gp_rbf,1.89946749627464,2.310965669686879,"{""alpha"": 1.0, ""length"": 3.0}",5.576174163088328,2;3;6;9;22;37;40;45;58;62;63;71;76;87,1;10;14;19;20;29;31;32;49;57;61;69;73;77;78;85;88;89
3,2,14,C/40,1,source_cluster,catboost,3.744760387900617,5.599382249748774,{},,2;3;6;9;22;37;40;45;58;62;63;71;76;87,1;10;14;19;20;29;31;32;49;57;61;69;73;77;78;85;88;89
3,2,14,C/40,1,source_cluster,xgboost,3.713199615478516,6.343182581288669,{},,2;3;6;9;22;37;40;45;58;62;63;71;76;87,1;10;14;19;20;29;31;32;49;57;61;69;73;77;78;85;88;89
3,2,14,C/40,1,source_cluster,extra_trees,3.071523721079347,4.074184820509402,{},,2;3;6;9;22;37;40;45;58;62;63;71;76;87,1;10;14;19;20;29;31;32;49;57;61;69;73;77;78;85;88;89
3,2,14,0.05A,2,source_cluster,ridge_physics,2.639511956108941,3.3100520988938253,"{""alpha"": 1.0}",2.867820041520255,2;3;6;9;22;37;40;45;58;62;63;71;76;87,1;10;14;19;20;29;31;32;49;57;61;69;73;77;78;85;88;89
3,2,14,0.05A,2,source_cluster,ridge_source,2.5787887573242188,3.263996495214774,"{""alpha"": 1.0}",2.7759779691696167,2;3;6;9;22;37;40;45;58;62;63;71;76;87,1;10;14;19;20;29;31;32;49;57;61;69;73;77;78;85;88;89
3,2,14,0.05A,2,source_cluster,ridge_input,4.521652221679688,5.830667479748019,"{""alpha"": 10.0}",6.069257838385446,2;3;6;9;22;37;40;45;58;62;63;71;76;87,1;10;14;19;20;29;31;32;49;57;61;69;73;77;78;85;88;89
3,2,14,0.05A,2,source_cluster,krr_rbf,2.7418878343370228,3.263753912348547,"{""alpha"": 0.1, ""gamma"": 0.05}",5.507078443254743,2;3;6;9;22;37;40;45;58;62;63;71;76;87,1;10;14;19;20;29;31;32;49;57;61;69;73;77;78;85;88;89
3,2,14,0.05A,2,source_cluster,svr_rbf,3.221211333811767,3.809873552918292,"{""C"": 100.0, ""epsilon"": 1.0}",6.402207097894537,2;3;6;9;22;37;40;45;58;62;63;71;76;87,1;10;14;19;20;29;31;32;49;57;61;69;73;77;78;85;88;89
3,2,14,0.05A,2,source_cluster,gp_rbf,2.7997149987366203,3.363619066290758,"{""alpha"": 1.0, ""length"": 3.0}",5.47646076967272,2;3;6;9;22;37;40;45;58;62;63;71;76;87,1;10;14;19;20;29;31;32;49;57;61;69;73;77;78;85;88;89
3,2,14,0.05A,2,source_cluster,catboost,4.494102789405428,5.983044608563212,{},,2;3;6;9;22;37;40;45;58;62;63;71;76;87,1;10;14;19;20;29;31;32;49;57;61;69;73;77;78;85;88;89
3,2,14,0.05A,2,source_cluster,xgboost,4.62063471476237,6.54717193131918,{},,2;3;6;9;22;37;40;45;58;62;63;71;76;87,1;10;14;19;20;29;31;32;49;57;61;69;73;77;78;85;88;89
3,2,14,0.05A,2,source_cluster,extra_trees,3.8975338457501127,4.690735757976301,{},,2;3;6;9;22;37;40;45;58;62;63;71;76;87,1;10;14;19;20;29;31;32;49;57;61;69;73;77;78;85;88;89
3,2,14,C/10,3,source_cluster,ridge_physics,1.127056121826172,1.4183763670621308,"{""alpha"": 0.1}",1.707953691482544,2;3;6;9;22;37;40;45;58;62;63;71;76;87,1;10;14;19;20;29;31;32;49;57;61;69;73;77;78;85;88;89
3,2,14,C/10,3,source_cluster,ridge_source,1.3613069322374132,1.75001079376437,"{""alpha"": 0.1}",1.975332192012242,2;3;6;9;22;37;40;45;58;62;63;71;76;87,1;10;14;19;20;29;31;32;49;57;61;69;73;77;78;85;88;89
3,2,14,C/10,3,source_cluster,ridge_input,3.427916208902994,5.287749211238124,"{""alpha"": 10.0}",4.96907673563276,2;3;6;9;22;37;40;45;58;62;63;71;76;87,1;10;14;19;20;29;31;32;49;57;61;69;73;77;78;85;88;89
3,2,14,C/10,3,source_cluster,krr_rbf,1.4798257615831163,1.7649968718877806,"{""alpha"": 0.1, ""gamma"": 0.05}",6.105566837957928,2;3;6;9;22;37;40;45;58;62;63;71;76;87,1;10;14;19;20;29;31;32;49;57;61;69;73;77;78;85;88;89
3,2,14,C/10,3,source_cluster,svr_rbf,1.499337504886976,2.225772447773977,"{""C"": 100.0, ""epsilon"": 1.0}",6.72622646434211,2;3;6;9;22;37;40;45;58;62;63;71;76;87,1;10;14;19;20;29;31;32;49;57;61;69;73;77;78;85;88;89
3,2,14,C/10,3,source_cluster,gp_rbf,1.6610823671189443,2.0919724826542048,"{""alpha"": 1.0, ""length"": 3.0}",6.051834429922402,2;3;6;9;22;37;40;45;58;62;63;71;76;87,1;10;14;19;20;29;31;32;49;57;61;69;73;77;78;85;88;89
3,2,14,C/10,3,source_cluster,catboost,3.619925669366567,5.72452188801398,{},,2;3;6;9;22;37;40;45;58;62;63;71;76;87,1;10;14;19;20;29;31;32;49;57;61;69;73;77;78;85;88;89
3,2,14,C/10,3,source_cluster,xgboost,3.450741661919488,6.406867773110674,{},,2;3;6;9;22;37;40;45;58;62;63;71;76;87,1;10;14;19;20;29;31;32;49;57;61;69;73;77;78;85;88;89
3,2,14,C/10,3,source_cluster,extra_trees,2.778768699762051,4.131949829901598,{},,2;3;6;9;22;37;40;45;58;62;63;71;76;87,1;10;14;19;20;29;31;32;49;57;61;69;73;77;78;85;88;89
3,2,14,C/7,4,source_cluster,ridge_physics,1.0795402526855469,1.4045409522168553,"{""alpha"": 0.1}",1.5442368984222412,2;3;6;9;22;37;40;45;58;62;63;71;76;87,1;10;14;19;20;29;31;32;49;57;61;69;73;77;78;85;88;89
3,2,14,C/7,4,source_cluster,ridge_source,1.4346093071831598,1.8265189310313144,"{""alpha"": 0.1}",2.130743537630354,2;3;6;9;22;37;40;45;58;62;63;71;76;87,1;10;14;19;20;29;31;32;49;57;61;69;73;77;78;85;88;89
3,2,14,C/7,4,source_cluster,ridge_input,3.472622341579861,5.257927461600343,"{""alpha"": 10.0}",4.7876700673784525,2;3;6;9;22;37;40;45;58;62;63;71;76;87,1;10;14;19;20;29;31;32;49;57;61;69;73;77;78;85;88;89
3,2,14,C/7,4,source_cluster,krr_rbf,1.4587826199001737,1.7701333717737011,"{""alpha"": 0.1, ""gamma"": 0.05}",6.190961209791047,2;3;6;9;22;37;40;45;58;62;63;71;76;87,1;10;14;19;20;29;31;32;49;57;61;69;73;77;78;85;88;89
3,2,14,C/7,4,source_cluster,svr_rbf,1.4502948964766025,2.1891105241714324,"{""C"": 100.0, ""epsilon"": 1.0}",6.849961549921532,2;3;6;9;22;37;40;45;58;62;63;71;76;87,1;10;14;19;20;29;31;32;49;57;61;69;73;77;78;85;88;89
3,2,14,C/7,4,source_cluster,gp_rbf,1.6361347387970366,2.1305107595715347,"{""alpha"": 1.0, ""length"": 3.0}",6.162011976040222,2;3;6;9;22;37;40;45;58;62;63;71;76;87,1;10;14;19;20;29;31;32;49;57;61;69;73;77;78;85;88;89
3,2,14,C/7,4,source_cluster,catboost,3.589055938021162,5.780852830625102,{},,2;3;6;9;22;37;40;45;58;62;63;71;76;87,1;10;14;19;20;29;31;32;49;57;61;69;73;77;78;85;88;89
3,2,14,C/7,4,source_cluster,xgboost,3.476036071777344,6.443899113876105,{},,2;3;6;9;22;37;40;45;58;62;63;71;76;87,1;10;14;19;20;29;31;32;49;57;61;69;73;77;78;85;88;89
3,2,14,C/7,4,source_cluster,extra_trees,2.7579853350460244,4.144465188092295,{},,2;3;6;9;22;37;40;45;58;62;63;71;76;87,1;10;14;19;20;29;31;32;49;57;61;69;73;77;78;85;88;89
3,2,14,C/5,5,source_cluster,ridge_physics,1.1526798672146268,1.4913571020353669,"{""alpha"": 0.1}",1.461052417755127,2;3;6;9;22;37;40;45;58;62;63;71;76;87,1;10;14;19;20;29;31;32;49;57;61;69;73;77;78;85;88;89
3,2,14,C/5,5,source_cluster,ridge_source,1.6105215284559462,2.033758549748508,"{""alpha"": 0.1}",2.2947462626865933,2;3;6;9;22;37;40;45;58;62;63;71;76;87,1;10;14;19;20;29;31;32;49;57;61;69;73;77;78;85;88;89
3,2,14,C/5,5,source_cluster,ridge_input,3.4454188876681857,5.207978440021086,"{""alpha"": 10.0}",4.631211587360927,2;3;6;9;22;37;40;45;58;62;63;71;76;87,1;10;14;19;20;29;31;32;49;57;61;69;73;77;78;85;88;89
3,2,14,C/5,5,source_cluster,krr_rbf,1.5190171135796442,1.8723641160389484,"{""alpha"": 0.1, ""gamma"": 0.05}",6.314850575157574,2;3;6;9;22;37;40;45;58;62;63;71;76;87,1;10;14;19;20;29;31;32;49;57;61;69;73;77;78;85;88;89
3,2,14,C/5,5,source_cluster,svr_rbf,1.5205715079110884,2.31732930838352,"{""C"": 100.0, ""epsilon"": 1.0}",6.997156241163409,2;3;6;9;22;37;40;45;58;62;63;71;76;87,1;10;14;19;20;29;31;32;49;57;61;69;73;77;78;85;88;89
3,2,14,C/5,5,source_cluster,gp_rbf,1.6947759410140673,2.2358226420658416,"{""alpha"": 1.0, ""length"": 3.0}",6.327247797327298,2;3;6;9;22;37;40;45;58;62;63;71;76;87,1;10;14;19;20;29;31;32;49;57;61;69;73;77;78;85;88;89
3,2,14,C/5,5,source_cluster,catboost,3.682691897828585,5.915609196538381,{},,2;3;6;9;22;37;40;45;58;62;63;71;76;87,1;10;14;19;20;29;31;32;49;57;61;69;73;77;78;85;88;89
3,2,14,C/5,5,source_cluster,xgboost,3.572980668809679,6.519951761599834,{},,2;3;6;9;22;37;40;45;58;62;63;71;76;87,1;10;14;19;20;29;31;32;49;57;61;69;73;77;78;85;88;89
3,2,14,C/5,5,source_cluster,extra_trees,2.818745607900872,4.229491400855569,{},,2;3;6;9;22;37;40;45;58;62;63;71;76;87,1;10;14;19;20;29;31;32;49;57;61;69;73;77;78;85;88;89
3,2,14,C/80,0,physical_cluster,ridge_physics,2.203636593288845,2.734223694908685,"{""alpha"": 0.1}",1.949226907321385,0;11;22;28;30;34;36;44;45;50;60;62;63;68,1;10;14;19;20;29;31;32;49;57;61;69;73;77;78;85;88;89
3,2,14,C/80,0,physical_cluster,ridge_source,2.188562181260851,2.7716729748436952,"{""alpha"": 1.0}",2.035376157079424,0;11;22;28;30;34;36;44;45;50;60;62;63;68,1;10;14;19;20;29;31;32;49;57;61;69;73;77;78;85;88;89
3,2,14,C/80,0,physical_cluster,ridge_input,4.022775438096788,5.2080969458564175,"{""alpha"": 10.0}",5.726348536355155,0;11;22;28;30;34;36;44;45;50;60;62;63;68,1;10;14;19;20;29;31;32;49;57;61;69;73;77;78;85;88;89
3,2,14,C/80,0,physical_cluster,krr_rbf,2.182283189561632,2.7198379924216907,"{""alpha"": 0.1, ""gamma"": 0.05}",4.761482085500445,0;11;22;28;30;34;36;44;45;50;60;62;63;68,1;10;14;19;20;29;31;32;49;57;61;69;73;77;78;85;88;89
3,2,14,C/80,0,physical_cluster,svr_rbf,2.761365288576917,3.14008388346115,"{""C"": 100.0, ""epsilon"": 0.2}",4.864011271269058,0;11;22;28;30;34;36;44;45;50;60;62;63;68,1;10;14;19;20;29;31;32;49;57;61;69;73;77;78;85;88;89
3,2,14,C/80,0,physical_cluster,gp_rbf,2.360190218553879,2.9694831742572085,"{""alpha"": 1.0, ""length"": 3.0}",4.951070955236955,0;11;22;28;30;34;36;44;45;50;60;62;63;68,1;10;14;19;20;29;31;32;49;57;61;69;73;77;78;85;88;89
3,2,14,C/80,0,physical_cluster,catboost,3.8424242598842806,5.602433373925899,{},,0;11;22;28;30;34;36;44;45;50;60;62;63;68,1;10;14;19;20;29;31;32;49;57;61;69;73;77;78;85;88;89
3,2,14,C/80,0,physical_cluster,xgboost,4.243913862440321,6.438490461548187,{},,0;11;22;28;30;34;36;44;45;50;60;62;63;68,1;10;14;19;20;29;31;32;49;57;61;69;73;77;78;85;88;89
3,2,14,C/80,0,physical_cluster,extra_trees,3.312806579177342,3.9856928385520023,{},,0;11;22;28;30;34;36;44;45;50;60;62;63;68,1;10;14;19;20;29;31;32;49;57;61;69;73;77;78;85;88;89
3,2,14,C/40,1,physical_cluster,ridge_physics,1.4574033949110243,1.7579034270781293,"{""alpha"": 0.1}",1.635553104536874,0;11;22;28;30;34;36;44;45;50;60;62;63;68,1;10;14;19;20;29;31;32;49;57;61;69;73;77;78;85;88;89
3,2,14,C/40,1,physical_cluster,ridge_source,1.3724259270562067,1.69962174004684,"{""alpha"": 0.1}",1.6927726779665266,0;11;22;28;30;34;36;44;45;50;60;62;63;68,1;10;14;19;20;29;31;32;49;57;61;69;73;77;78;85;88;89
3,2,14,C/40,1,physical_cluster,ridge_input,3.506729973687066,4.873733892120457,"{""alpha"": 10.0}",5.480986850602286,0;11;22;28;30;34;36;44;45;50;60;62;63;68,1;10;14;19;20;29;31;32;49;57;61;69;73;77;78;85;88;89
3,2,14,C/40,1,physical_cluster,krr_rbf,1.463149176703559,1.910293409081067,"{""alpha"": 0.1, ""gamma"": 0.05}",4.612758444888251,0;11;22;28;30;34;36;44;45;50;60;62;63;68,1;10;14;19;20;29;31;32;49;57;61;69;73;77;78;85;88;89
3,2,14,C/40,1,physical_cluster,svr_rbf,1.6584371160964722,2.024367651040444,"{""C"": 100.0, ""epsilon"": 0.2}",5.61383738304004,0;11;22;28;30;34;36;44;45;50;60;62;63;68,1;10;14;19;20;29;31;32;49;57;61;69;73;77;78;85;88;89
3,2,14,C/40,1,physical_cluster,gp_rbf,1.6708988879790891,2.248104430494698,"{""alpha"": 1.0, ""length"": 3.0}",4.717743237601718,0;11;22;28;30;34;36;44;45;50;60;62;63;68,1;10;14;19;20;29;31;32;49;57;61;69;73;77;78;85;88;89
3,2,14,C/40,1,physical_cluster,catboost,3.308621492982421,5.347198446754108,{},,0;11;22;28;30;34;36;44;45;50;60;62;63;68,1;10;14;19;20;29;31;32;49;57;61;69;73;77;78;85;88;89
3,2,14,C/40,1,physical_cluster,xgboost,3.876911163330078,6.305006557137017,{},,0;11;22;28;30;34;36;44;45;50;60;62;63;68,1;10;14;19;20;29;31;32;49;57;61;69;73;77;78;85;88;89
3,2,14,C/40,1,physical_cluster,extra_trees,2.692689124856676,3.5534698889646763,{},,0;11;22;28;30;34;36;44;45;50;60;62;63;68,1;10;14;19;20;29;31;32;49;57;61;69;73;77;78;85;88;89
3,2,14,0.05A,2,physical_cluster,ridge_physics,2.477745056152344,3.128817947805832,"{""alpha"": 0.1}",2.1589234386171614,0;11;22;28;30;34;36;44;45;50;60;62;63;68,1;10;14;19;20;29;31;32;49;57;61;69;73;77;78;85;88;89
3,2,14,0.05A,2,physical_cluster,ridge_source,2.386929406060113,3.1032430539306555,"{""alpha"": 1.0}",2.1685029779161726,0;11;22;28;30;34;36;44;45;50;60;62;63;68,1;10;14;19;20;29;31;32;49;57;61;69;73;77;78;85;88;89
3,2,14,0.05A,2,physical_cluster,ridge_input,4.062154557969835,5.179160778313941,"{""alpha"": 10.0}",5.879397477422442,0;11;22;28;30;34;36;44;45;50;60;62;63;68,1;10;14;19;20;29;31;32;49;57;61;69;73;77;78;85;88;89
3,2,14,0.05A,2,physical_cluster,krr_rbf,2.4726965162489147,3.0602620367624978,"{""alpha"": 0.1, ""gamma"": 0.05}",4.905094966292381,0;11;22;28;30;34;36;44;45;50;60;62;63;68,1;10;14;19;20;29;31;32;49;57;61;69;73;77;78;85;88;89
3,2,14,0.05A,2,physical_cluster,svr_rbf,2.914843833688155,3.390217698855287,"{""C"": 100.0, ""epsilon"": 0.2}",5.161259997299984,0;11;22;28;30;34;36;44;45;50;60;62;63;68,1;10;14;19;20;29;31;32;49;57;61;69;73;77;78;85;88;89
3,2,14,0.05A,2,physical_cluster,gp_rbf,2.5412342203497627,3.246237741819593,"{""alpha"": 1.0, ""length"": 3.0}",5.079800059786393,0;11;22;28;30;34;36;44;45;50;60;62;63;68,1;10;14;19;20;29;31;32;49;57;61;69;73;77;78;85;88;89
3,2,14,0.05A,2,physical_cluster,catboost,4.063031840053831,5.6411082496452245,{},,0;11;22;28;30;34;36;44;45;50;60;62;63;68,1;10;14;19;20;29;31;32;49;57;61;69;73;77;78;85;88;89
3,2,14,0.05A,2,physical_cluster,xgboost,4.326331668429905,6.36116252590088,{},,0;11;22;28;30;34;36;44;45;50;60;62;63;68,1;10;14;19;20;29;31;32;49;57;61;69;73;77;78;85;88;89
3,2,14,0.05A,2,physical_cluster,extra_trees,3.472501090203644,4.067867665761425,{},,0;11;22;28;30;34;36;44;45;50;60;62;63;68,1;10;14;19;20;29;31;32;49;57;61;69;73;77;78;85;88;89
3,2,14,C/10,3,physical_cluster,ridge_physics,1.1229977077907989,1.3642295418729238,"{""alpha"": 0.1}",1.6351118428366525,0;11;22;28;30;34;36;44;45;50;60;62;63;68,1;10;14;19;20;29;31;32;49;57;61;69;73;77;78;85;88;89
3,2,14,C/10,3,physical_cluster,ridge_source,1.300132327609592,1.5991551361078222,"{""alpha"": 0.1}",1.7007852622440882,0;11;22;28;30;34;36;44;45;50;60;62;63;68,1;10;14;19;20;29;31;32;49;57;61;69;73;77;78;85;88;89
3,2,14,C/10,3,physical_cluster,ridge_input,3.2550146314832897,4.660945288930313,"{""alpha"": 10.0}",4.747383253914969,0;11;22;28;30;34;36;44;45;50;60;62;63;68,1;10;14;19;20;29;31;32;49;57;61;69;73;77;78;85;88;89
3,2,14,C/10,3,physical_cluster,krr_rbf,1.4751099480523004,1.8058150951583944,"{""alpha"": 0.1, ""gamma"": 0.05}",5.163810176508767,0;11;22;28;30;34;36;44;45;50;60;62;63;68,1;10;14;19;20;29;31;32;49;57;61;69;73;77;78;85;88;89
3,2,14,C/10,3,physical_cluster,svr_rbf,2.988694757585444,5.330010638939659,"{""C"": 10.0, ""epsilon"": 1.0}",5.954058401530067,0;11;22;28;30;34;36;44;45;50;60;62;63;68,1;10;14;19;20;29;31;32;49;57;61;69;73;77;78;85;88;89
3,2,14,C/10,3,physical_cluster,gp_rbf,1.5996319677146629,2.1617066793903583,"{""alpha"": 1.0, ""length"": 3.0}",5.209874993185633,0;11;22;28;30;34;36;44;45;50;60;62;63;68,1;10;14;19;20;29;31;32;49;57;61;69;73;77;78;85;88;89
3,2,14,C/10,3,physical_cluster,catboost,3.2427334785716564,5.5506895332508055,{},,0;11;22;28;30;34;36;44;45;50;60;62;63;68,1;10;14;19;20;29;31;32;49;57;61;69;73;77;78;85;88;89
3,2,14,C/10,3,physical_cluster,xgboost,3.845619201660156,6.436126385234996,{},,0;11;22;28;30;34;36;44;45;50;60;62;63;68,1;10;14;19;20;29;31;32;49;57;61;69;73;77;78;85;88;89
3,2,14,C/10,3,physical_cluster,extra_trees,2.6669461098802136,3.7316149556736207,{},,0;11;22;28;30;34;36;44;45;50;60;62;63;68,1;10;14;19;20;29;31;32;49;57;61;69;73;77;78;85;88;89
3,2,14,C/7,4,physical_cluster,ridge_physics,1.130059560139974,1.4096792358811083,"{""alpha"": 0.1}",1.7052653857639857,0;11;22;28;30;34;36;44;45;50;60;62;63;68,1;10;14;19;20;29;31;32;49;57;61;69;73;77;78;85;88;89
3,2,14,C/7,4,physical_cluster,ridge_source,1.3900735643174913,1.7279051109200327,"{""alpha"": 0.1}",1.8910043920789448,0;11;22;28;30;34;36;44;45;50;60;62;63;68,1;10;14;19;20;29;31;32;49;57;61;69;73;77;78;85;88;89
3,2,14,C/7,4,physical_cluster,ridge_input,3.3196945190429688,4.673509301910517,"{""alpha"": 10.0}",4.638984884534564,0;11;22;28;30;34;36;44;45;50;60;62;63;68,1;10;14;19;20;29;31;32;49;57;61;69;73;77;78;85;88;89
3,2,14,C/7,4,physical_cluster,krr_rbf,1.4905548095703125,1.8901679551221544,"{""alpha"": 0.1, ""gamma"": 0.05}",5.332310123103006,0;11;22;28;30;34;36;44;45;50;60;62;63;68,1;10;14;19;20;29;31;32;49;57;61;69;73;77;78;85;88;89
3,2,14,C/7,4,physical_cluster,svr_rbf,3.0356308180200893,5.429986861701705,"{""C"": 10.0, ""epsilon"": 1.0}",6.042683410680572,0;11;22;28;30;34;36;44;45;50;60;62;63;68,1;10;14;19;20;29;31;32;49;57;61;69;73;77;78;85;88;89
3,2,14,C/7,4,physical_cluster,gp_rbf,1.6193404549797477,2.246342342038393,"{""alpha"": 1.0, ""length"": 3.0}",5.376152797976672,0;11;22;28;30;34;36;44;45;50;60;62;63;68,1;10;14;19;20;29;31;32;49;57;61;69;73;77;78;85;88;89
3,2,14,C/7,4,physical_cluster,catboost,3.3307988288655315,5.636271613670028,{},,0;11;22;28;30;34;36;44;45;50;60;62;63;68,1;10;14;19;20;29;31;32;49;57;61;69;73;77;78;85;88;89
3,2,14,C/7,4,physical_cluster,xgboost,3.9179865519205728,6.493080886807606,{},,0;11;22;28;30;34;36;44;45;50;60;62;63;68,1;10;14;19;20;29;31;32;49;57;61;69;73;77;78;85;88;89
3,2,14,C/7,4,physical_cluster,extra_trees,2.68428573573708,3.8088390802548058,{},,0;11;22;28;30;34;36;44;45;50;60;62;63;68,1;10;14;19;20;29;31;32;49;57;61;69;73;77;78;85;88;89
3,2,14,C/5,5,physical_cluster,ridge_physics,1.2136976453993056,1.5067803100833002,"{""alpha"": 0.1}",1.7562613827841622,0;11;22;28;30;34;36;44;45;50;60;62;63;68,1;10;14;19;20;29;31;32;49;57;61;69;73;77;78;85;88;89
3,2,14,C/5,5,physical_cluster,ridge_source,1.5715001424153645,1.9646686721896576,"{""alpha"": 0.1}",2.060049227305821,0;11;22;28;30;34;36;44;45;50;60;62;63;68,1;10;14;19;20;29;31;32;49;57;61;69;73;77;78;85;88;89
3,2,14,C/5,5,physical_cluster,ridge_input,3.268551296657986,4.634652099174121,"{""alpha"": 10.0}",4.619674921035767,0;11;22;28;30;34;36;44;45;50;60;62;63;68,1;10;14;19;20;29;31;32;49;57;61;69;73;77;78;85;88;89
3,2,14,C/5,5,physical_cluster,krr_rbf,1.6068157619900174,2.024580450883962,"{""alpha"": 0.1, ""gamma"": 0.05}",5.539156854152679,0;11;22;28;30;34;36;44;45;50;60;62;63;68,1;10;14;19;20;29;31;32;49;57;61;69;73;77;78;85;88;89
3,2,14,C/5,5,physical_cluster,svr_rbf,3.158678255213487,5.555816490224491,"{""C"": 10.0, ""epsilon"": 1.0}",6.210490182564138,0;11;22;28;30;34;36;44;45;50;60;62;63;68,1;10;14;19;20;29;31;32;49;57;61;69;73;77;78;85;88;89
3,2,14,C/5,5,physical_cluster,gp_rbf,1.7265207688461273,2.357044214649002,"{""alpha"": 1.0, ""length"": 3.0}",5.578723414999932,0;11;22;28;30;34;36;44;45;50;60;62;63;68,1;10;14;19;20;29;31;32;49;57;61;69;73;77;78;85;88;89
3,2,14,C/5,5,physical_cluster,catboost,3.36241556116095,5.726860787347446,{},,0;11;22;28;30;34;36;44;45;50;60;62;63;68,1;10;14;19;20;29;31;32;49;57;61;69;73;77;78;85;88;89
3,2,14,C/5,5,physical_cluster,xgboost,3.893008761935764,6.538158947076958,{},,0;11;22;28;30;34;36;44;45;50;60;62;63;68,1;10;14;19;20;29;31;32;49;57;61;69;73;77;78;85;88;89
3,2,14,C/5,5,physical_cluster,extra_trees,2.777754028758044,3.909431737471542,{},,0;11;22;28;30;34;36;44;45;50;60;62;63;68,1;10;14;19;20;29;31;32;49;57;61;69;73;77;78;85;88;89
3,2,14,C/80,0,input_cluster,ridge_physics,2.4485236273871527,2.9989923753680423,"{""alpha"": 0.1}",2.323069623538426,3;4;11;13;35;41;53;58;60;62;63;83;84;87,1;10;14;19;20;29;31;32;49;57;61;69;73;77;78;85;88;89
3,2,14,C/80,0,input_cluster,ridge_source,2.179829491509332,2.739260113511613,"{""alpha"": 0.1}",2.6169605425425937,3;4;11;13;35;41;53;58;60;62;63;83;84;87,1;10;14;19;20;29;31;32;49;57;61;69;73;77;78;85;88;89
3,2,14,C/80,0,input_cluster,ridge_input,3.954004075792101,4.921394019847369,"{""alpha"": 10.0}",6.669169323784964,3;4;11;13;35;41;53;58;60;62;63;83;84;87,1;10;14;19;20;29;31;32;49;57;61;69;73;77;78;85;88;89
3,2,14,C/80,0,input_cluster,krr_rbf,2.4335454305013022,2.897856801108763,"{""alpha"": 0.1, ""gamma"": 0.05}",4.623148628643581,3;4;11;13;35;41;53;58;60;62;63;83;84;87,1;10;14;19;20;29;31;32;49;57;61;69;73;77;78;85;88;89
3,2,14,C/80,0,input_cluster,svr_rbf,2.5415628757435598,3.038419902165661,"{""C"": 100.0, ""epsilon"": 0.2}",4.539750926506323,3;4;11;13;35;41;53;58;60;62;63;83;84;87,1;10;14;19;20;29;31;32;49;57;61;69;73;77;78;85;88;89
3,2,14,C/80,0,input_cluster,gp_rbf,2.4076468837363567,2.938234897723118,"{""alpha"": 1.0, ""length"": 3.0}",4.740103116084185,3;4;11;13;35;41;53;58;60;62;63;83;84;87,1;10;14;19;20;29;31;32;49;57;61;69;73;77;78;85;88;89
3,2,14,C/80,0,input_cluster,catboost,4.267309536527656,5.393784874332529,{},,3;4;11;13;35;41;53;58;60;62;63;83;84;87,1;10;14;19;20;29;31;32;49;57;61;69;73;77;78;85;88;89
3,2,14,C/80,0,input_cluster,xgboost,3.9851358201768665,5.979696191286449,{},,3;4;11;13;35;41;53;58;60;62;63;83;84;87,1;10;14;19;20;29;31;32;49;57;61;69;73;77;78;85;88;89
3,2,14,C/80,0,input_cluster,extra_trees,2.852420938721409,3.567246153289629,{},,3;4;11;13;35;41;53;58;60;62;63;83;84;87,1;10;14;19;20;29;31;32;49;57;61;69;73;77;78;85;88;89
3,2,14,C/40,1,input_cluster,ridge_physics,1.636166466606988,1.9700140320784412,"{""alpha"": 0.1}",1.9325807094573972,3;4;11;13;35;41;53;58;60;62;63;83;84;87,1;10;14;19;20;29;31;32;49;57;61;69;73;77;78;85;88;89
3,2,14,C/40,1,input_cluster,ridge_source,1.4734708997938368,1.8154088126549,"{""alpha"": 0.1}",2.060839227267674,3;4;11;13;35;41;53;58;60;62;63;83;84;87,1;10;14;19;20;29;31;32;49;57;61;69;73;77;78;85;88;89
3,2,14,C/40,1,input_cluster,ridge_input,3.4541172451443143,4.659013236173823,"{""alpha"": 10.0}",6.356859837259565,3;4;11;13;35;41;53;58;60;62;63;83;84;87,1;10;14;19;20;29;31;32;49;57;61;69;73;77;78;85;88;89
3,2,14,C/40,1,input_cluster,krr_rbf,1.6891886393229167,1.99636550337649,"{""alpha"": 0.1, ""gamma"": 0.05}",4.698241199765887,3;4;11;13;35;41;53;58;60;62;63;83;84;87,1;10;14;19;20;29;31;32;49;57;61;69;73;77;78;85;88;89
3,2,14,C/40,1,input_cluster,svr_rbf,1.7868504388548851,2.168987561822766,"{""C"": 100.0, ""epsilon"": 1.0}",4.899216428893845,3;4;11;13;35;41;53;58;60;62;63;83;84;87,1;10;14;19;20;29;31;32;49;57;61;69;73;77;78;85;88;89
3,2,14,C/40,1,input_cluster,gp_rbf,1.760501772024483,2.136556557808035,"{""alpha"": 1.0, ""length"": 3.0}",4.759121622233052,3;4;11;13;35;41;53;58;60;62;63;83;84;87,1;10;14;19;20;29;31;32;49;57;61;69;73;77;78;85;88;89
3,2,14,C/40,1,input_cluster,catboost,3.649343984741919,4.9171749487341625,{},,3;4;11;13;35;41;53;58;60;62;63;83;84;87,1;10;14;19;20;29;31;32;49;57;61;69;73;77;78;85;88;89
3,2,14,C/40,1,input_cluster,xgboost,3.653948042127821,5.8820854706338,{},,3;4;11;13;35;41;53;58;60;62;63;83;84;87,1;10;14;19;20;29;31;32;49;57;61;69;73;77;78;85;88;89
3,2,14,C/40,1,input_cluster,extra_trees,2.2045082063397405,2.840910209449242,{},,3;4;11;13;35;41;53;58;60;62;63;83;84;87,1;10;14;19;20;29;31;32;49;57;61;69;73;77;78;85;88;89
3,2,14,0.05A,2,input_cluster,ridge_physics,2.802894592285156,3.45874273307478,"{""alpha"": 0.1}",2.253569841384888,3;4;11;13;35;41;53;58;60;62;63;83;84;87,1;10;14;19;20;29;31;32;49;57;61;69;73;77;78;85;88;89
3,2,14,0.05A,2,input_cluster,ridge_source,2.5059051513671875,3.148149490931096,"{""alpha"": 0.1}",2.561996953827994,3;4;11;13;35;41;53;58;60;62;63;83;84;87,1;10;14;19;20;29;31;32;49;57;61;69;73;77;78;85;88;89
3,2,14,0.05A,2,input_cluster,ridge_input,4.055996788872613,4.954539591028522,"{""alpha"": 10.0}",6.509389332362583,3;4;11;13;35;41;53;58;60;62;63;83;84;87,1;10;14;19;20;29;31;32;49;57;61;69;73;77;78;85;88;89
3,2,14,0.05A,2,input_cluster,krr_rbf,2.764487796359592,3.298513553070671,"{""alpha"": 0.1, ""gamma"": 0.05}",4.483759377683912,3;4;11;13;35;41;53;58;60;62;63;83;84;87,1;10;14;19;20;29;31;32;49;57;61;69;73;77;78;85;88;89
3,2,14,0.05A,2,input_cluster,svr_rbf,2.887374011893912,3.4135847414739726,"{""C"": 100.0, ""epsilon"": 0.2}",4.352003309528444,3;4;11;13;35;41;53;58;60;62;63;83;84;87,1;10;14;19;20;29;31;32;49;57;61;69;73;77;78;85;88;89
3,2,14,0.05A,2,input_cluster,gp_rbf,2.7385128679154764,3.3114247300454296,"{""alpha"": 1.0, ""length"": 3.0}",4.5941306626531215,3;4;11;13;35;41;53;58;60;62;63;83;84;87,1;10;14;19;20;29;31;32;49;57;61;69;73;77;78;85;88;89
3,2,14,0.05A,2,input_cluster,catboost,4.484621648038618,5.574416578562646,{},,3;4;11;13;35;41;53;58;60;62;63;83;84;87,1;10;14;19;20;29;31;32;49;57;61;69;73;77;78;85;88;89
3,2,14,0.05A,2,input_cluster,xgboost,4.038234286838108,5.972494460909664,{},,3;4;11;13;35;41;53;58;60;62;63;83;84;87,1;10;14;19;20;29;31;32;49;57;61;69;73;77;78;85;88;89
3,2,14,0.05A,2,input_cluster,extra_trees,3.1660071454224763,3.928943942957636,{},,3;4;11;13;35;41;53;58;60;62;63;83;84;87,1;10;14;19;20;29;31;32;49;57;61;69;73;77;78;85;88;89
3,2,14,C/10,3,input_cluster,ridge_physics,1.045646243625217,1.3788396886622296,"{""alpha"": 0.1}",1.8030458859034948,3;4;11;13;35;41;53;58;60;62;63;83;84;87,1;10;14;19;20;29;31;32;49;57;61;69;73;77;78;85;88;89
3,2,14,C/10,3,input_cluster,ridge_source,1.2634637620713975,1.6421174716469729,"{""alpha"": 0.1}",1.791985307421003,3;4;11;13;35;41;53;58;60;62;63;83;84;87,1;10;14;19;20;29;31;32;49;57;61;69;73;77;78;85;88;89
3,2,14,C/10,3,input_cluster,ridge_input,3.339234670003256,4.497098756819041,"{""alpha"": 10.0}",5.5235640321459085,3;4;11;13;35;41;53;58;60;62;63;83;84;87,1;10;14;19;20;29;31;32;49;57;61;69;73;77;78;85;88;89
3,2,14,C/10,3,input_cluster,krr_rbf,1.365933312310113,1.7105554569904262,"{""alpha"": 0.1, ""gamma"": 0.05}",5.2208216190338135,3;4;11;13;35;41;53;58;60;62;63;83;84;87,1;10;14;19;20;29;31;32;49;57;61;69;73;77;78;85;88;89
3,2,14,C/10,3,input_cluster,svr_rbf,1.286959714475583,1.879956682012543,"{""C"": 100.0, ""epsilon"": 0.2}",5.603233849414271,3;4;11;13;35;41;53;58;60;62;63;83;84;87,1;10;14;19;20;29;31;32;49;57;61;69;73;77;78;85;88;89
3,2,14,C/10,3,input_cluster,gp_rbf,1.4967958685689824,1.959504603033936,"{""alpha"": 1.0, ""length"": 3.0}",5.31397872619553,3;4;11;13;35;41;53;58;60;62;63;83;84;87,1;10;14;19;20;29;31;32;49;57;61;69;73;77;78;85;88;89
3,2,14,C/10,3,input_cluster,catboost,3.196897375201376,4.803075879079436,{},,3;4;11;13;35;41;53;58;60;62;63;83;84;87,1;10;14;19;20;29;31;32;49;57;61;69;73;77;78;85;88;89
3,2,14,C/10,3,input_cluster,xgboost,3.6721551683213978,6.021609503893363,{},,3;4;11;13;35;41;53;58;60;62;63;83;84;87,1;10;14;19;20;29;31;32;49;57;61;69;73;77;78;85;88;89
3,2,14,C/10,3,input_cluster,extra_trees,1.9638753031296712,2.933279520808774,{},,3;4;11;13;35;41;53;58;60;62;63;83;84;87,1;10;14;19;20;29;31;32;49;57;61;69;73;77;78;85;88;89
3,2,14,C/7,4,input_cluster,ridge_physics,1.0043419731987848,1.3830981024019786,"{""alpha"": 0.1}",1.844479594911848,3;4;11;13;35;41;53;58;60;62;63;83;84;87,1;10;14;19;20;29;31;32;49;57;61;69;73;77;78;85;88;89
3,2,14,C/7,4,input_cluster,ridge_source,1.2992401123046875,1.7507381807811742,"{""alpha"": 1.0}",2.0174921240125383,3;4;11;13;35;41;53;58;60;62;63;83;84;87,1;10;14;19;20;29;31;32;49;57;61;69;73;77;78;85;88;89
3,2,14,C/7,4,input_cluster,ridge_input,3.420750935872396,4.52068924241985,"{""alpha"": 10.0}",5.388539382389614,3;4;11;13;35;41;53;58;60;62;63;83;84;87,1;10;14;19;20;29;31;32;49;57;61;69;73;77;78;85;88;89
3,2,14,C/7,4,input_cluster,krr_rbf,1.3621605767144098,1.767343325726814,"{""alpha"": 0.1, ""gamma"": 0.05}",5.335989168712071,3;4;11;13;35;41;53;58;60;62;63;83;84;87,1;10;14;19;20;29;31;32;49;57;61;69;73;77;78;85;88;89
3,2,14,C/7,4,input_cluster,svr_rbf,1.4546352649629566,1.9653033956917272,"{""C"": 100.0, ""epsilon"": 1.0}",5.680464714436198,3;4;11;13;35;41;53;58;60;62;63;83;84;87,1;10;14;19;20;29;31;32;49;57;61;69;73;77;78;85;88;89
3,2,14,C/7,4,input_cluster,gp_rbf,1.4884399605289376,2.044631077160253,"{""alpha"": 1.0, ""length"": 3.0}",5.480101476484131,3;4;11;13;35;41;53;58;60;62;63;83;84;87,1;10;14;19;20;29;31;32;49;57;61;69;73;77;78;85;88;89
3,2,14,C/7,4,input_cluster,catboost,3.138015758853332,4.880899811574557,{},,3;4;11;13;35;41;53;58;60;62;63;83;84;87,1;10;14;19;20;29;31;32;49;57;61;69;73;77;78;85;88;89
3,2,14,C/7,4,input_cluster,xgboost,3.78874037000868,6.100194750402476,{},,3;4;11;13;35;41;53;58;60;62;63;83;84;87,1;10;14;19;20;29;31;32;49;57;61;69;73;77;78;85;88;89
3,2,14,C/7,4,input_cluster,extra_trees,1.9144536358023443,2.9417270652009044,{},,3;4;11;13;35;41;53;58;60;62;63;83;84;87,1;10;14;19;20;29;31;32;49;57;61;69;73;77;78;85;88;89
3,2,14,C/5,5,input_cluster,ridge_physics,1.0920316908094618,1.4842594241181728,"{""alpha"": 0.1}",1.8574870995112829,3;4;11;13;35;41;53;58;60;62;63;83;84;87,1;10;14;19;20;29;31;32;49;57;61;69;73;77;78;85;88;89
3,2,14,C/5,5,input_cluster,ridge_source,1.4935438368055556,1.947205344377828,"{""alpha"": 1.0}",2.12671971321106,3;4;11;13;35;41;53;58;60;62;63;83;84;87,1;10;14;19;20;29;31;32;49;57;61;69;73;77;78;85;88;89
3,2,14,C/5,5,input_cluster,ridge_input,3.3920567830403647,4.507401100673423,"{""alpha"": 10.0}",5.346188749585833,3;4;11;13;35;41;53;58;60;62;63;83;84;87,1;10;14;19;20;29;31;32;49;57;61;69;73;77;78;85;88;89
3,2,14,C/5,5,input_cluster,krr_rbf,1.4538951449924045,1.895336564491728,"{""alpha"": 0.1, ""gamma"": 0.05}",5.467972159385681,3;4;11;13;35;41;53;58;60;62;63;83;84;87,1;10;14;19;20;29;31;32;49;57;61;69;73;77;78;85;88;89
3,2,14,C/5,5,input_cluster,svr_rbf,1.546764584828099,2.095945215912208,"{""C"": 100.0, ""epsilon"": 1.0}",5.6013805834882655,3;4;11;13;35;41;53;58;60;62;63;83;84;87,1;10;14;19;20;29;31;32;49;57;61;69;73;77;78;85;88;89
3,2,14,C/5,5,input_cluster,gp_rbf,1.5784143242429831,2.1733629586465057,"{""alpha"": 1.0, ""length"": 3.0}",5.678410880139039,3;4;11;13;35;41;53;58;60;62;63;83;84;87,1;10;14;19;20;29;31;32;49;57;61;69;73;77;78;85;88;89
3,2,14,C/5,5,input_cluster,catboost,3.3143139114589197,5.021046883114769,{},,3;4;11;13;35;41;53;58;60;62;63;83;84;87,1;10;14;19;20;29;31;32;49;57;61;69;73;77;78;85;88;89
3,2,14,C/5,5,input_cluster,xgboost,3.849589029947917,6.170879950749695,{},,3;4;11;13;35;41;53;58;60;62;63;83;84;87,1;10;14;19;20;29;31;32;49;57;61;69;73;77;78;85;88;89
3,2,14,C/5,5,input_cluster,extra_trees,2.020457777270566,3.131788906539589,{},,3;4;11;13;35;41;53;58;60;62;63;83;84;87,1;10;14;19;20;29;31;32;49;57;61;69;73;77;78;85;88;89