fold,repeat,k,rate,rate_idx,policy,method,soh_mae_pp,soh_rmse_pp,selected_hyperparameters,labeled_loo_mae,label_ids,test_ids
1,0,14,C/80,0,random,ridge_physics,3.3650595347086587,4.241713697801175,"{""alpha"": 0.1}",3.544815080506461,4;8;9;14;30;33;38;39;45;61;65;69;70;78,3;6;18;22;27;42;48;51;54;55;62;63;71;74;75;76;80;84
1,0,14,C/80,0,random,ridge_source,2.579313490125868,3.328956413093068,"{""alpha"": 1.0}",3.2180371284484863,4;8;9;14;30;33;38;39;45;61;65;69;70;78,3;6;18;22;27;42;48;51;54;55;62;63;71;74;75;76;80;84
1,0,14,C/80,0,random,ridge_input,5.56788698832194,8.624521524745836,"{""alpha"": 1.0}",3.650159563337053,4;8;9;14;30;33;38;39;45;61;65;69;70;78,3;6;18;22;27;42;48;51;54;55;62;63;71;74;75;76;80;84
1,0,14,C/80,0,random,krr_rbf,5.732449849446614,9.543702273592215,"{""alpha"": 0.1, ""gamma"": 0.05}",4.023918875626156,4;8;9;14;30;33;38;39;45;61;65;69;70;78,3;6;18;22;27;42;48;51;54;55;62;63;71;74;75;76;80;84
1,0,14,C/80,0,random,svr_rbf,9.05059373458612,15.19362129433919,"{""C"": 10.0, ""epsilon"": 0.2}",4.985558235038148,4;8;9;14;30;33;38;39;45;61;65;69;70;78,3;6;18;22;27;42;48;51;54;55;62;63;71;74;75;76;80;84
1,0,14,C/80,0,random,gp_rbf,5.910402122979064,9.960604934980514,"{""alpha"": 1.0, ""length"": 3.0}",4.254692643164807,4;8;9;14;30;33;38;39;45;61;65;69;70;78,3;6;18;22;27;42;48;51;54;55;62;63;71;74;75;76;80;84
1,0,14,C/80,0,random,catboost,5.994839116423376,9.167940879877378,{},,4;8;9;14;30;33;38;39;45;61;65;69;70;78,3;6;18;22;27;42;48;51;54;55;62;63;71;74;75;76;80;84
1,0,14,C/80,0,random,xgboost,6.664537217881945,9.917416684313473,{},,4;8;9;14;30;33;38;39;45;61;65;69;70;78,3;6;18;22;27;42;48;51;54;55;62;63;71;74;75;76;80;84
1,0,14,C/80,0,random,extra_trees,5.37666670912788,7.992743281525548,{},,4;8;9;14;30;33;38;39;45;61;65;69;70;78,3;6;18;22;27;42;48;51;54;55;62;63;71;74;75;76;80;84
1,0,14,C/40,1,random,ridge_physics,3.19098875257704,4.012875913140296,"{""alpha"": 0.1}",2.8858047894069125,4;8;9;14;30;33;38;39;45;61;65;69;70;78,3;6;18;22;27;42;48;51;54;55;62;63;71;74;75;76;80;84
1,0,14,C/40,1,random,ridge_source,2.094916025797526,2.6955904581894874,"{""alpha"": 1.0}",2.4177201645714894,4;8;9;14;30;33;38;39;45;61;65;69;70;78,3;6;18;22;27;42;48;51;54;55;62;63;71;74;75;76;80;84
1,0,14,C/40,1,random,ridge_input,5.323234134250217,8.28045819164463,"{""alpha"": 1.0}",2.9583588668278287,4;8;9;14;30;33;38;39;45;61;65;69;70;78,3;6;18;22;27;42;48;51;54;55;62;63;71;74;75;76;80;84
1,0,14,C/40,1,random,krr_rbf,5.427122751871745,9.769937888868707,"{""alpha"": 0.1, ""gamma"": 0.05}",3.4094971418380737,4;8;9;14;30;33;38;39;45;61;65;69;70;78,3;6;18;22;27;42;48;51;54;55;62;63;71;74;75;76;80;84
1,0,14,C/40,1,random,svr_rbf,9.09327418843736,15.475400692165836,"{""C"": 100.0, ""epsilon"": 1.0}",4.250463231541985,4;8;9;14;30;33;38;39;45;61;65;69;70;78,3;6;18;22;27;42;48;51;54;55;62;63;71;74;75;76;80;84
1,0,14,C/40,1,random,gp_rbf,5.59889548105858,10.236703041351875,"{""alpha"": 1.0, ""length"": 3.0}",3.603034583191801,4;8;9;14;30;33;38;39;45;61;65;69;70;78,3;6;18;22;27;42;48;51;54;55;62;63;71;74;75;76;80;84
1,0,14,C/40,1,random,catboost,6.0773478378798105,9.424678419276166,{},,4;8;9;14;30;33;38;39;45;61;65;69;70;78,3;6;18;22;27;42;48;51;54;55;62;63;71;74;75;76;80;84
1,0,14,C/40,1,random,xgboost,6.744224972195095,10.164930071957844,{},,4;8;9;14;30;33;38;39;45;61;65;69;70;78,3;6;18;22;27;42;48;51;54;55;62;63;71;74;75;76;80;84
1,0,14,C/40,1,random,extra_trees,5.262722666116408,8.14766645781593,{},,4;8;9;14;30;33;38;39;45;61;65;69;70;78,3;6;18;22;27;42;48;51;54;55;62;63;71;74;75;76;80;84
1,0,14,0.05A,2,random,ridge_physics,3.5462883843315973,4.49438094843085,"{""alpha"": 0.1}",3.82751795223781,4;8;9;14;30;33;38;39;45;61;65;69;70;78,3;6;18;22;27;42;48;51;54;55;62;63;71;74;75;76;80;84
1,0,14,0.05A,2,random,ridge_source,2.8812582227918835,3.6175343779951104,"{""alpha"": 1.0}",3.572454128946577,4;8;9;14;30;33;38;39;45;61;65;69;70;78,3;6;18;22;27;42;48;51;54;55;62;63;71;74;75;76;80;84
1,0,14,0.05A,2,random,ridge_input,5.551438861423069,8.54500977679564,"{""alpha"": 1.0}",3.9257338557924544,4;8;9;14;30;33;38;39;45;61;65;69;70;78,3;6;18;22;27;42;48;51;54;55;62;63;71;74;75;76;80;84
1,0,14,0.05A,2,random,krr_rbf,5.786006079779731,9.456707608206958,"{""alpha"": 0.1, ""gamma"": 0.05}",4.324138173035213,4;8;9;14;30;33;38;39;45;61;65;69;70;78,3;6;18;22;27;42;48;51;54;55;62;63;71;74;75;76;80;84
1,0,14,0.05A,2,random,svr_rbf,9.15030664694334,15.169753540556528,"{""C"": 10.0, ""epsilon"": 0.2}",5.3753733466658336,4;8;9;14;30;33;38;39;45;61;65;69;70;78,3;6;18;22;27;42;48;51;54;55;62;63;71;74;75;76;80;84
1,0,14,0.05A,2,random,gp_rbf,5.9634060797665605,9.86025585828848,"{""alpha"": 1.0, ""length"": 3.0}",4.552830760045988,4;8;9;14;30;33;38;39;45;61;65;69;70;78,3;6;18;22;27;42;48;51;54;55;62;63;71;74;75;76;80;84
1,0,14,0.05A,2,random,catboost,5.975921666764434,8.966478894324796,{},,4;8;9;14;30;33;38;39;45;61;65;69;70;78,3;6;18;22;27;42;48;51;54;55;62;63;71;74;75;76;80;84
1,0,14,0.05A,2,random,xgboost,6.6175253126356335,9.734544074588898,{},,4;8;9;14;30;33;38;39;45;61;65;69;70;78,3;6;18;22;27;42;48;51;54;55;62;63;71;74;75;76;80;84
1,0,14,0.05A,2,random,extra_trees,5.314993023430859,7.729775687510537,{},,4;8;9;14;30;33;38;39;45;61;65;69;70;78,3;6;18;22;27;42;48;51;54;55;62;63;71;74;75;76;80;84
1,0,14,C/10,3,random,ridge_physics,2.786054187350803,3.588722122584929,"{""alpha"": 0.1}",2.2683775084359303,4;8;9;14;30;33;38;39;45;61;65;69;70;78,3;6;18;22;27;42;48;51;54;55;62;63;71;74;75;76;80;84
1,0,14,C/10,3,random,ridge_source,2.7970350053575306,3.57378041166922,"{""alpha"": 0.1}",2.047720806939261,4;8;9;14;30;33;38;39;45;61;65;69;70;78,3;6;18;22;27;42;48;51;54;55;62;63;71;74;75;76;80;84
1,0,14,C/10,3,random,ridge_input,4.804651896158855,7.502583358130391,"{""alpha"": 1.0}",2.345247302736555,4;8;9;14;30;33;38;39;45;61;65;69;70;78,3;6;18;22;27;42;48;51;54;55;62;63;71;74;75;76;80;84
1,0,14,C/10,3,random,krr_rbf,5.425244649251302,10.869420890819606,"{""alpha"": 0.1, ""gamma"": 0.05}",3.2193671635219028,4;8;9;14;30;33;38;39;45;61;65;69;70;78,3;6;18;22;27;42;48;51;54;55;62;63;71;74;75;76;80;84
1,0,14,C/10,3,random,svr_rbf,9.2965189974817,16.06516074576991,"{""C"": 100.0, ""epsilon"": 1.0}",3.7509927873040487,4;8;9;14;30;33;38;39;45;61;65;69;70;78,3;6;18;22;27;42;48;51;54;55;62;63;71;74;75;76;80;84
1,0,14,C/10,3,random,gp_rbf,5.542385997335651,11.458229961392782,"{""alpha"": 1.0, ""length"": 3.0}",3.416663271575677,4;8;9;14;30;33;38;39;45;61;65;69;70;78,3;6;18;22;27;42;48;51;54;55;62;63;71;74;75;76;80;84
1,0,14,C/10,3,random,catboost,6.48420906047125,10.276130750292795,{},,4;8;9;14;30;33;38;39;45;61;65;69;70;78,3;6;18;22;27;42;48;51;54;55;62;63;71;74;75;76;80;84
1,0,14,C/10,3,random,xgboost,7.229603661431207,10.996789464840642,{},,4;8;9;14;30;33;38;39;45;61;65;69;70;78,3;6;18;22;27;42;48;51;54;55;62;63;71;74;75;76;80;84
1,0,14,C/10,3,random,extra_trees,5.456358960738678,8.763551494338468,{},,4;8;9;14;30;33;38;39;45;61;65;69;70;78,3;6;18;22;27;42;48;51;54;55;62;63;71;74;75;76;80;84
1,0,14,C/7,4,random,ridge_physics,2.72359742058648,3.536191237021044,"{""alpha"": 0.1}",2.114990609032767,4;8;9;14;30;33;38;39;45;61;65;69;70;78,3;6;18;22;27;42;48;51;54;55;62;63;71;74;75;76;80;84
1,0,14,C/7,4,random,ridge_source,2.832151412963867,3.6957146896630193,"{""alpha"": 0.1}",1.915809052331107,4;8;9;14;30;33;38;39;45;61;65;69;70;78,3;6;18;22;27;42;48;51;54;55;62;63;71;74;75;76;80;84
1,0,14,C/7,4,random,ridge_input,4.736193974812825,7.359858722928984,"{""alpha"": 1.0}",2.251488379069737,4;8;9;14;30;33;38;39;45;61;65;69;70;78,3;6;18;22;27;42;48;51;54;55;62;63;71;74;75;76;80;84
1,0,14,C/7,4,random,krr_rbf,5.432499143812391,11.14569723137431,"{""alpha"": 0.1, ""gamma"": 0.05}",3.221437675612313,4;8;9;14;30;33;38;39;45;61;65;69;70;78,3;6;18;22;27;42;48;51;54;55;62;63;71;74;75;76;80;84
1,0,14,C/7,4,random,svr_rbf,9.429696204130291,16.311517513750847,"{""C"": 100.0, ""epsilon"": 1.0}",3.708637927478978,4;8;9;14;30;33;38;39;45;61;65;69;70;78,3;6;18;22;27;42;48;51;54;55;62;63;71;74;75;76;80;84
1,0,14,C/7,4,random,gp_rbf,5.561293516699731,11.774269985278712,"{""alpha"": 1.0, ""length"": 3.0}",3.452953013903617,4;8;9;14;30;33;38;39;45;61;65;69;70;78,3;6;18;22;27;42;48;51;54;55;62;63;71;74;75;76;80;84
1,0,14,C/7,4,random,catboost,6.602195689797295,10.492012083854569,{},,4;8;9;14;30;33;38;39;45;61;65;69;70;78,3;6;18;22;27;42;48;51;54;55;62;63;71;74;75;76;80;84
1,0,14,C/7,4,random,xgboost,7.320321612887913,11.191178678194168,{},,4;8;9;14;30;33;38;39;45;61;65;69;70;78,3;6;18;22;27;42;48;51;54;55;62;63;71;74;75;76;80;84
1,0,14,C/7,4,random,extra_trees,5.557384939748775,8.920091101854501,{},,4;8;9;14;30;33;38;39;45;61;65;69;70;78,3;6;18;22;27;42;48;51;54;55;62;63;71;74;75;76;80;84
1,0,14,C/5,5,random,ridge_physics,2.722204844156901,3.581663834945501,"{""alpha"": 0.1}",1.9396919522966656,4;8;9;14;30;33;38;39;45;61;65;69;70;78,3;6;18;22;27;42;48;51;54;55;62;63;71;74;75;76;80;84
1,0,14,C/5,5,random,ridge_source,2.9377138349745007,3.943840569595195,"{""alpha"": 0.1}",1.7577180862426758,4;8;9;14;30;33;38;39;45;61;65;69;70;78,3;6;18;22;27;42;48;51;54;55;62;63;71;74;75;76;80;84
1,0,14,C/5,5,random,ridge_input,4.698286480373806,7.323263364646862,"{""alpha"": 1.0}",2.252140181405204,4;8;9;14;30;33;38;39;45;61;65;69;70;78,3;6;18;22;27;42;48;51;54;55;62;63;71;74;75;76;80;84
1,0,14,C/5,5,random,krr_rbf,5.491090774536133,11.44894661013041,"{""alpha"": 0.1, ""gamma"": 0.05}",3.261980669839041,4;8;9;14;30;33;38;39;45;61;65;69;70;78,3;6;18;22;27;42;48;51;54;55;62;63;71;74;75;76;80;84
1,0,14,C/5,5,random,svr_rbf,9.57933413730672,16.590756956429583,"{""C"": 100.0, ""epsilon"": 1.0}",3.566757213941954,4;8;9;14;30;33;38;39;45;61;65;69;70;78,3;6;18;22;27;42;48;51;54;55;62;63;71;74;75;76;80;84
1,0,14,C/5,5,random,gp_rbf,5.61611221251741,12.10980705693741,"{""alpha"": 1.0, ""length"": 3.0}",3.437857203938872,4;8;9;14;30;33;38;39;45;61;65;69;70;78,3;6;18;22;27;42;48;51;54;55;62;63;71;74;75;76;80;84
1,0,14,C/5,5,random,catboost,6.739869298075537,10.726738388450194,{},,4;8;9;14;30;33;38;39;45;61;65;69;70;78,3;6;18;22;27;42;48;51;54;55;62;63;71;74;75;76;80;84
1,0,14,C/5,5,random,xgboost,7.400329377916124,11.384772817568082,{},,4;8;9;14;30;33;38;39;45;61;65;69;70;78,3;6;18;22;27;42;48;51;54;55;62;63;71;74;75;76;80;84
1,0,14,C/5,5,random,extra_trees,5.683515496481031,9.086110149551937,{},,4;8;9;14;30;33;38;39;45;61;65;69;70;78,3;6;18;22;27;42;48;51;54;55;62;63;71;74;75;76;80;84
1,0,14,C/80,0,source_cluster,ridge_physics,2.9559864468044705,3.712699061443957,"{""alpha"": 1.0}",1.9280767951692852,0;1;2;23;25;28;36;39;44;52;56;69;77;87,3;6;18;22;27;42;48;51;54;55;62;63;71;74;75;76;80;84
1,0,14,C/80,0,source_cluster,ridge_source,2.285511016845703,2.941529249579528,"{""alpha"": 0.1}",1.7990368093763078,0;1;2;23;25;28;36;39;44;52;56;69;77;87,3;6;18;22;27;42;48;51;54;55;62;63;71;74;75;76;80;84
1,0,14,C/80,0,source_cluster,ridge_input,4.932249704996745,6.076391139168556,"{""alpha"": 1.0}",2.44587869303567,0;1;2;23;25;28;36;39;44;52;56;69;77;87,3;6;18;22;27;42;48;51;54;55;62;63;71;74;75;76;80;84
1,0,14,C/80,0,source_cluster,krr_rbf,4.347009446885851,7.792310565181412,"{""alpha"": 0.1, ""gamma"": 0.05}",2.658268621989659,0;1;2;23;25;28;36;39;44;52;56;69;77;87,3;6;18;22;27;42;48;51;54;55;62;63;71;74;75;76;80;84
1,0,14,C/80,0,source_cluster,svr_rbf,4.132816263067716,7.148167116151798,"{""C"": 100.0, ""epsilon"": 1.0}",3.0286925023104265,0;1;2;23;25;28;36;39;44;52;56;69;77;87,3;6;18;22;27;42;48;51;54;55;62;63;71;74;75;76;80;84
1,0,14,C/80,0,source_cluster,gp_rbf,4.658797747422588,8.475164104854693,"{""alpha"": 1.0, ""length"": 3.0}",2.6963181370046074,0;1;2;23;25;28;36;39;44;52;56;69;77;87,3;6;18;22;27;42;48;51;54;55;62;63;71;74;75;76;80;84
1,0,14,C/80,0,source_cluster,catboost,5.428553365012501,7.181453401287655,{},,0;1;2;23;25;28;36;39;44;52;56;69;77;87,3;6;18;22;27;42;48;51;54;55;62;63;71;74;75;76;80;84
1,0,14,C/80,0,source_cluster,xgboost,6.493289947509766,8.6771113303651,{},,0;1;2;23;25;28;36;39;44;52;56;69;77;87,3;6;18;22;27;42;48;51;54;55;62;63;71;74;75;76;80;84
1,0,14,C/80,0,source_cluster,extra_trees,3.366100193205334,4.538140862871558,{},,0;1;2;23;25;28;36;39;44;52;56;69;77;87,3;6;18;22;27;42;48;51;54;55;62;63;71;74;75;76;80;84
1,0,14,C/40,1,source_cluster,ridge_physics,2.33134036593967,3.0087328740541435,"{""alpha"": 1.0}",1.302324993269784,0;1;2;23;25;28;36;39;44;52;56;69;77;87,3;6;18;22;27;42;48;51;54;55;62;63;71;74;75;76;80;84
1,0,14,C/40,1,source_cluster,ridge_source,1.8144005669487848,2.4223107244655413,"{""alpha"": 0.1}",1.4006249223436629,0;1;2;23;25;28;36;39;44;52;56;69;77;87,3;6;18;22;27;42;48;51;54;55;62;63;71;74;75;76;80;84
1,0,14,C/40,1,source_cluster,ridge_input,4.444370481703016,5.878721036372868,"{""alpha"": 0.1}",2.344797662326268,0;1;2;23;25;28;36;39;44;52;56;69;77;87,3;6;18;22;27;42;48;51;54;55;62;63;71;74;75;76;80;84
1,0,14,C/40,1,source_cluster,krr_rbf,3.9986394246419272,8.207629224681723,"{""alpha"": 0.1, ""gamma"": 0.05}",1.9603368639945984,0;1;2;23;25;28;36;39;44;52;56;69;77;87,3;6;18;22;27;42;48;51;54;55;62;63;71;74;75;76;80;84
1,0,14,C/40,1,source_cluster,svr_rbf,3.599412315295318,7.266868210682837,"{""C"": 100.0, ""epsilon"": 1.0}",2.517358760579508,0;1;2;23;25;28;36;39;44;52;56;69;77;87,3;6;18;22;27;42;48;51;54;55;62;63;71;74;75;76;80;84
1,0,14,C/40,1,source_cluster,gp_rbf,4.331943570509981,8.895437971136948,"{""alpha"": 1.0, ""length"": 3.0}",2.241944662999515,0;1;2;23;25;28;36;39;44;52;56;69;77;87,3;6;18;22;27;42;48;51;54;55;62;63;71;74;75;76;80;84
1,0,14,C/40,1,source_cluster,catboost,5.13968431466158,7.165862443912018,{},,0;1;2;23;25;28;36;39;44;52;56;69;77;87,3;6;18;22;27;42;48;51;54;55;62;63;71;74;75;76;80;84
1,0,14,C/40,1,source_cluster,xgboost,6.160278744167751,8.670400725879325,{},,0;1;2;23;25;28;36;39;44;52;56;69;77;87,3;6;18;22;27;42;48;51;54;55;62;63;71;74;75;76;80;84
1,0,14,C/40,1,source_cluster,extra_trees,2.9529572231428936,4.443752332924845,{},,0;1;2;23;25;28;36;39;44;52;56;69;77;87,3;6;18;22;27;42;48;51;54;55;62;63;71;74;75;76;80;84
1,0,14,0.05A,2,source_cluster,ridge_physics,3.1693619622124567,3.814318928069618,"{""alpha"": 10.0}",2.163386106491089,0;1;2;23;25;28;36;39;44;52;56;69;77;87,3;6;18;22;27;42;48;51;54;55;62;63;71;74;75;76;80;84
1,0,14,0.05A,2,source_cluster,ridge_source,2.3240208095974397,2.995566036164128,"{""alpha"": 1.0}",2.0703624997820174,0;1;2;23;25;28;36;39;44;52;56;69;77;87,3;6;18;22;27;42;48;51;54;55;62;63;71;74;75;76;80;84
1,0,14,0.05A,2,source_cluster,ridge_input,4.968502468532986,6.033418373504737,"{""alpha"": 1.0}",2.5996213981083462,0;1;2;23;25;28;36;39;44;52;56;69;77;87,3;6;18;22;27;42;48;51;54;55;62;63;71;74;75;76;80;84
1,0,14,0.05A,2,source_cluster,krr_rbf,4.4740795559353295,7.805718701590915,"{""alpha"": 0.1, ""gamma"": 0.05}",2.959453514644078,0;1;2;23;25;28;36;39;44;52;56;69;77;87,3;6;18;22;27;42;48;51;54;55;62;63;71;74;75;76;80;84
1,0,14,0.05A,2,source_cluster,svr_rbf,4.362164477471682,7.0740732557382815,"{""C"": 100.0, ""epsilon"": 1.0}",3.30762385355493,0;1;2;23;25;28;36;39;44;52;56;69;77;87,3;6;18;22;27;42;48;51;54;55;62;63;71;74;75;76;80;84
1,0,14,0.05A,2,source_cluster,gp_rbf,4.761003632275569,8.471382392691137,"{""alpha"": 1.0, ""length"": 3.0}",2.941175200453316,0;1;2;23;25;28;36;39;44;52;56;69;77;87,3;6;18;22;27;42;48;51;54;55;62;63;71;74;75;76;80;84
1,0,14,0.05A,2,source_cluster,catboost,5.52738260810899,7.19164359432581,{},,0;1;2;23;25;28;36;39;44;52;56;69;77;87,3;6;18;22;27;42;48;51;54;55;62;63;71;74;75;76;80;84
1,0,14,0.05A,2,source_cluster,xgboost,6.594015333387587,8.65883534776546,{},,0;1;2;23;25;28;36;39;44;52;56;69;77;87,3;6;18;22;27;42;48;51;54;55;62;63;71;74;75;76;80;84
1,0,14,0.05A,2,source_cluster,extra_trees,3.495823514587665,4.605209628753336,{},,0;1;2;23;25;28;36;39;44;52;56;69;77;87,3;6;18;22;27;42;48;51;54;55;62;63;71;74;75;76;80;84
1,0,14,C/10,3,source_cluster,ridge_physics,1.4200170305040147,1.871789679772745,"{""alpha"": 0.1}",1.3293615409306117,0;1;2;23;25;28;36;39;44;52;56;69;77;87,3;6;18;22;27;42;48;51;54;55;62;63;71;74;75;76;80;84
1,0,14,C/10,3,source_cluster,ridge_source,1.560413784450955,2.2406195169147494,"{""alpha"": 1.0}",1.5897687843867712,0;1;2;23;25;28;36;39;44;52;56;69;77;87,3;6;18;22;27;42;48;51;54;55;62;63;71;74;75;76;80;84
1,0,14,C/10,3,source_cluster,ridge_input,4.020515865749783,5.27260257885458,"{""alpha"": 1.0}",2.481513977050781,0;1;2;23;25;28;36;39;44;52;56;69;77;87,3;6;18;22;27;42;48;51;54;55;62;63;71;74;75;76;80;84
1,0,14,C/10,3,source_cluster,krr_rbf,4.017717997233073,9.660449508815317,"{""alpha"": 0.1, ""gamma"": 0.05}",2.451003542968205,0;1;2;23;25;28;36;39;44;52;56;69;77;87,3;6;18;22;27;42;48;51;54;55;62;63;71;74;75;76;80;84
1,0,14,C/10,3,source_cluster,svr_rbf,3.5576142424184223,8.415368029328675,"{""C"": 100.0, ""epsilon"": 1.0}",2.708688323198348,0;1;2;23;25;28;36;39;44;52;56;69;77;87,3;6;18;22;27;42;48;51;54;55;62;63;71;74;75;76;80;84
1,0,14,C/10,3,source_cluster,gp_rbf,4.388442940305562,10.444107178967243,"{""alpha"": 1.0, ""length"": 3.0}",2.69778475678732,0;1;2;23;25;28;36;39;44;52;56;69;77;87,3;6;18;22;27;42;48;51;54;55;62;63;71;74;75;76;80;84
1,0,14,C/10,3,source_cluster,catboost,5.099882590484669,7.984750804398256,{},,0;1;2;23;25;28;36;39;44;52;56;69;77;87,3;6;18;22;27;42;48;51;54;55;62;63;71;74;75;76;80;84
1,0,14,C/10,3,source_cluster,xgboost,6.195020463731554,9.478390816382396,{},,0;1;2;23;25;28;36;39;44;52;56;69;77;87,3;6;18;22;27;42;48;51;54;55;62;63;71;74;75;76;80;84
1,0,14,C/10,3,source_cluster,extra_trees,2.946439915548557,5.357716740701368,{},,0;1;2;23;25;28;36;39;44;52;56;69;77;87,3;6;18;22;27;42;48;51;54;55;62;63;71;74;75;76;80;84
1,0,14,C/7,4,source_cluster,ridge_physics,1.3445801205105252,1.757696059591325,"{""alpha"": 0.1}",1.4509270872388569,0;1;2;23;25;28;36;39;44;52;56;69;77;87,3;6;18;22;27;42;48;51;54;55;62;63;71;74;75;76;80;84
1,0,14,C/7,4,source_cluster,ridge_source,1.595475090874566,2.28990766909278,"{""alpha"": 1.0}",1.7423707417079382,0;1;2;23;25;28;36;39;44;52;56;69;77;87,3;6;18;22;27;42;48;51;54;55;62;63;71;74;75;76;80;84
1,0,14,C/7,4,source_cluster,ridge_input,3.943906784057617,5.187486800241214,"{""alpha"": 1.0}",2.565152815410069,0;1;2;23;25;28;36;39;44;52;56;69;77;87,3;6;18;22;27;42;48;51;54;55;62;63;71;74;75;76;80;84
1,0,14,C/7,4,source_cluster,krr_rbf,4.065949545966254,10.01995418653145,"{""alpha"": 0.1, ""gamma"": 0.05}",2.5733489649636403,0;1;2;23;25;28;36;39;44;52;56;69;77;87,3;6;18;22;27;42;48;51;54;55;62;63;71;74;75;76;80;84
1,0,14,C/7,4,source_cluster,svr_rbf,3.5306661191055277,8.628787030312239,"{""C"": 100.0, ""epsilon"": 1.0}",2.8575146085768544,0;1;2;23;25;28;36;39;44;52;56;69;77;87,3;6;18;22;27;42;48;51;54;55;62;63;71;74;75;76;80;84
1,0,14,C/7,4,source_cluster,gp_rbf,4.445317019784919,10.850231448821058,"{""alpha"": 1.0, ""length"": 3.0}",2.8131091375150388,0;1;2;23;25;28;36;39;44;52;56;69;77;87,3;6;18;22;27;42;48;51;54;55;62;63;71;74;75;76;80;84
1,0,14,C/7,4,source_cluster,catboost,5.137283220031212,8.205509701700679,{},,0;1;2;23;25;28;36;39;44;52;56;69;77;87,3;6;18;22;27;42;48;51;54;55;62;63;71;74;75;76;80;84
1,0,14,C/7,4,source_cluster,xgboost,6.224321365356445,9.698779442164431,{},,0;1;2;23;25;28;36;39;44;52;56;69;77;87,3;6;18;22;27;42;48;51;54;55;62;63;71;74;75;76;80;84
1,0,14,C/7,4,source_cluster,extra_trees,2.9916288605442767,5.59845478372743,{},,0;1;2;23;25;28;36;39;44;52;56;69;77;87,3;6;18;22;27;42;48;51;54;55;62;63;71;74;75;76;80;84
1,0,14,C/5,5,source_cluster,ridge_physics,1.312143325805664,1.674937682177265,"{""alpha"": 0.1}",1.6007322243281774,0;1;2;23;25;28;36;39;44;52;56;69;77;87,3;6;18;22;27;42;48;51;54;55;62;63;71;74;75;76;80;84
1,0,14,C/5,5,source_cluster,ridge_source,1.657369401719835,2.3801707140743806,"{""alpha"": 1.0}",1.9644742012023928,0;1;2;23;25;28;36;39;44;52;56;69;77;87,3;6;18;22;27;42;48;51;54;55;62;63;71;74;75;76;80;84
1,0,14,C/5,5,source_cluster,ridge_input,3.885619481404623,5.135490695625888,"{""alpha"": 1.0}",2.680231094360352,0;1;2;23;25;28;36;39;44;52;56;69;77;87,3;6;18;22;27;42;48;51;54;55;62;63;71;74;75;76;80;84
1,0,14,C/5,5,source_cluster,krr_rbf,4.1323053571912975,10.383936504206664,"{""alpha"": 0.1, ""gamma"": 0.05}",2.726657101086208,0;1;2;23;25;28;36;39;44;52;56;69;77;87,3;6;18;22;27;42;48;51;54;55;62;63;71;74;75;76;80;84
1,0,14,C/5,5,source_cluster,svr_rbf,3.5542870408760945,8.889509449720803,"{""C"": 100.0, ""epsilon"": 1.0}",3.061489435471592,0;1;2;23;25;28;36;39;44;52;56;69;77;87,3;6;18;22;27;42;48;51;54;55;62;63;71;74;75;76;80;84
1,0,14,C/5,5,source_cluster,gp_rbf,4.519593918066303,11.262307327537687,"{""alpha"": 1.0, ""length"": 3.0}",2.958431839825437,0;1;2;23;25;28;36;39;44;52;56;69;77;87,3;6;18;22;27;42;48;51;54;55;62;63;71;74;75;76;80;84
1,0,14,C/5,5,source_cluster,catboost,5.157923566354516,8.421454729145493,{},,0;1;2;23;25;28;36;39;44;52;56;69;77;87,3;6;18;22;27;42;48;51;54;55;62;63;71;74;75;76;80;84
1,0,14,C/5,5,source_cluster,xgboost,6.280091815524632,9.927976532377333,{},,0;1;2;23;25;28;36;39;44;52;56;69;77;87,3;6;18;22;27;42;48;51;54;55;62;63;71;74;75;76;80;84
1,0,14,C/5,5,source_cluster,extra_trees,3.0384927825952954,5.829774828079638,{},,0;1;2;23;25;28;36;39;44;52;56;69;77;87,3;6;18;22;27;42;48;51;54;55;62;63;71;74;75;76;80;84
1,0,14,C/80,0,physical_cluster,ridge_physics,2.736510806613498,3.423413471848359,"{""alpha"": 1.0}",2.1559282881873,1;2;4;15;23;28;30;31;36;44;45;46;59;69,3;6;18;22;27;42;48;51;54;55;62;63;71;74;75;76;80;84
1,0,14,C/80,0,physical_cluster,ridge_source,2.342415279812283,3.0734638276619592,"{""alpha"": 0.1}",1.7409765379769462,1;2;4;15;23;28;30;31;36;44;45;46;59;69,3;6;18;22;27;42;48;51;54;55;62;63;71;74;75;76;80;84
1,0,14,C/80,0,physical_cluster,ridge_input,5.40378655327691,6.979382670543719,"{""alpha"": 10.0}",2.7554682152611867,1;2;4;15;23;28;30;31;36;44;45;46;59;69,3;6;18;22;27;42;48;51;54;55;62;63;71;74;75;76;80;84
1,0,14,C/80,0,physical_cluster,krr_rbf,4.153324551052517,7.646324243216355,"{""alpha"": 0.1, ""gamma"": 0.05}",3.441198280879429,1;2;4;15;23;28;30;31;36;44;45;46;59;69,3;6;18;22;27;42;48;51;54;55;62;63;71;74;75;76;80;84
1,0,14,C/80,0,physical_cluster,svr_rbf,3.857482679484202,6.960678255585018,"{""C"": 100.0, ""epsilon"": 0.2}",3.634478951471808,1;2;4;15;23;28;30;31;36;44;45;46;59;69,3;6;18;22;27;42;48;51;54;55;62;63;71;74;75;76;80;84
1,0,14,C/80,0,physical_cluster,gp_rbf,4.638954025428802,8.464918289865594,"{""alpha"": 1.0, ""length"": 3.0}",3.4478124363383924,1;2;4;15;23;28;30;31;36;44;45;46;59;69,3;6;18;22;27;42;48;51;54;55;62;63;71;74;75;76;80;84
1,0,14,C/80,0,physical_cluster,catboost,6.148264446456393,8.456842662980415,{},,1;2;4;15;23;28;30;31;36;44;45;46;59;69,3;6;18;22;27;42;48;51;54;55;62;63;71;74;75;76;80;84
1,0,14,C/80,0,physical_cluster,xgboost,7.129125383165148,9.723644414956418,{},,1;2;4;15;23;28;30;31;36;44;45;46;59;69,3;6;18;22;27;42;48;51;54;55;62;63;71;74;75;76;80;84
1,0,14,C/80,0,physical_cluster,extra_trees,5.436660995786152,6.462002511462112,{},,1;2;4;15;23;28;30;31;36;44;45;46;59;69,3;6;18;22;27;42;48;51;54;55;62;63;71;74;75;76;80;84
1,0,14,C/40,1,physical_cluster,ridge_physics,1.913182576497396,2.580339453662185,"{""alpha"": 0.1}",1.3780792270387925,1;2;4;15;23;28;30;31;36;44;45;46;59;69,3;6;18;22;27;42;48;51;54;55;62;63;71;74;75;76;80;84
1,0,14,C/40,1,physical_cluster,ridge_source,1.8649092780219183,2.5282411380833705,"{""alpha"": 0.1}",1.280009627342224,1;2;4;15;23;28;30;31;36;44;45;46;59;69,3;6;18;22;27;42;48;51;54;55;62;63;71;74;75;76;80;84
1,0,14,C/40,1,physical_cluster,ridge_input,5.063026428222656,6.666253214317363,"{""alpha"": 10.0}",2.579797659601484,1;2;4;15;23;28;30;31;36;44;45;46;59;69,3;6;18;22;27;42;48;51;54;55;62;63;71;74;75;76;80;84
1,0,14,C/40,1,physical_cluster,krr_rbf,3.876845041910807,7.989593478931802,"{""alpha"": 0.1, ""gamma"": 0.05}",2.738451906612941,1;2;4;15;23;28;30;31;36;44;45;46;59;69,3;6;18;22;27;42;48;51;54;55;62;63;71;74;75;76;80;84
1,0,14,C/40,1,physical_cluster,svr_rbf,3.548926715495625,7.227123440483379,"{""C"": 100.0, ""epsilon"": 0.2}",3.283542717035058,1;2;4;15;23;28;30;31;36;44;45;46;59;69,3;6;18;22;27;42;48;51;54;55;62;63;71;74;75;76;80;84
1,0,14,C/40,1,physical_cluster,gp_rbf,4.3303464011979065,8.861082052890703,"{""alpha"": 1.0, ""length"": 3.0}",2.8034099649986866,1;2;4;15;23;28;30;31;36;44;45;46;59;69,3;6;18;22;27;42;48;51;54;55;62;63;71;74;75;76;80;84
1,0,14,C/40,1,physical_cluster,catboost,5.862882615767141,8.485881035152396,{},,1;2;4;15;23;28;30;31;36;44;45;46;59;69,3;6;18;22;27;42;48;51;54;55;62;63;71;74;75;76;80;84
1,0,14,C/40,1,physical_cluster,xgboost,6.814086066351996,9.76193613175514,{},,1;2;4;15;23;28;30;31;36;44;45;46;59;69,3;6;18;22;27;42;48;51;54;55;62;63;71;74;75;76;80;84
1,0,14,C/40,1,physical_cluster,extra_trees,5.289866744147407,6.412819390372055,{},,1;2;4;15;23;28;30;31;36;44;45;46;59;69,3;6;18;22;27;42;48;51;54;55;62;63;71;74;75;76;80;84
1,0,14,0.05A,2,physical_cluster,ridge_physics,2.926621754964193,3.5941321665153234,"{""alpha"": 1.0}",2.400488887514387,1;2;4;15;23;28;30;31;36;44;45;46;59;69,3;6;18;22;27;42;48;51;54;55;62;63;71;74;75;76;80;84
1,0,14,0.05A,2,physical_cluster,ridge_source,2.3572735256618924,3.0915243661346747,"{""alpha"": 1.0}",1.9431334393365045,1;2;4;15;23;28;30;31;36;44;45;46;59;69,3;6;18;22;27;42;48;51;54;55;62;63;71;74;75;76;80;84
1,0,14,0.05A,2,physical_cluster,ridge_input,5.355839623345269,6.902414111002976,"{""alpha"": 10.0}",2.9844787461417064,1;2;4;15;23;28;30;31;36;44;45;46;59;69,3;6;18;22;27;42;48;51;54;55;62;63;71;74;75;76;80;84
1,0,14,0.05A,2,physical_cluster,krr_rbf,4.35981453789605,7.6849482823788815,"{""alpha"": 0.1, ""gamma"": 0.05}",3.7469774654933374,1;2;4;15;23;28;30;31;36;44;45;46;59;69,3;6;18;22;27;42;48;51;54;55;62;63;71;74;75;76;80;84
1,0,14,0.05A,2,physical_cluster,svr_rbf,4.238336629811518,7.254275477582679,"{""C"": 100.0, ""epsilon"": 1.0}",4.04783677491063,1;2;4;15;23;28;30;31;36;44;45;46;59;69,3;6;18;22;27;42;48;51;54;55;62;63;71;74;75;76;80;84
1,0,14,0.05A,2,physical_cluster,gp_rbf,4.813635768135777,8.469247953245093,"{""alpha"": 1.0, ""length"": 3.0}",3.7271436539477287,1;2;4;15;23;28;30;31;36;44;45;46;59;69,3;6;18;22;27;42;48;51;54;55;62;63;71;74;75;76;80;84
1,0,14,0.05A,2,physical_cluster,catboost,6.220487105656966,8.434130672960904,{},,1;2;4;15;23;28;30;31;36;44;45;46;59;69,3;6;18;22;27;42;48;51;54;55;62;63;71;74;75;76;80;84
1,0,14,0.05A,2,physical_cluster,xgboost,7.212286631266276,9.694488266631392,{},,1;2;4;15;23;28;30;31;36;44;45;46;59;69,3;6;18;22;27;42;48;51;54;55;62;63;71;74;75;76;80;84
1,0,14,0.05A,2,physical_cluster,extra_trees,5.38325686643994,6.425206866616944,{},,1;2;4;15;23;28;30;31;36;44;45;46;59;69,3;6;18;22;27;42;48;51;54;55;62;63;71;74;75;76;80;84
1,0,14,C/10,3,physical_cluster,ridge_physics,1.4624610477023654,2.035445073997148,"{""alpha"": 0.1}",1.4566304002489363,1;2;4;15;23;28;30;31;36;44;45;46;59;69,3;6;18;22;27;42;48;51;54;55;62;63;71;74;75;76;80;84
1,0,14,C/10,3,physical_cluster,ridge_source,1.716901143391927,2.2518381187554164,"{""alpha"": 0.1}",1.3489625453948977,1;2;4;15;23;28;30;31;36;44;45;46;59;69,3;6;18;22;27;42;48;51;54;55;62;63;71;74;75;76;80;84
1,0,14,C/10,3,physical_cluster,ridge_input,4.472384770711263,5.37967366384594,"{""alpha"": 1.0}",2.68574173109872,1;2;4;15;23;28;30;31;36;44;45;46;59;69,3;6;18;22;27;42;48;51;54;55;62;63;71;74;75;76;80;84
1,0,14,C/10,3,physical_cluster,krr_rbf,3.979402330186632,9.357843939823397,"{""alpha"": 0.1, ""gamma"": 0.05}",2.583887951714652,1;2;4;15;23;28;30;31;36;44;45;46;59;69,3;6;18;22;27;42;48;51;54;55;62;63;71;74;75;76;80;84
1,0,14,C/10,3,physical_cluster,svr_rbf,3.64644522920171,8.407277382019599,"{""C"": 100.0, ""epsilon"": 0.2}",3.756637249083561,1;2;4;15;23;28;30;31;36;44;45;46;59;69,3;6;18;22;27;42;48;51;54;55;62;63;71;74;75;76;80;84
1,0,14,C/10,3,physical_cluster,gp_rbf,4.41651897566728,10.353067983736098,"{""alpha"": 1.0, ""length"": 3.0}",2.805376025753389,1;2;4;15;23;28;30;31;36;44;45;46;59;69,3;6;18;22;27;42;48;51;54;55;62;63;71;74;75;76;80;84
1,0,14,C/10,3,physical_cluster,catboost,5.852385087502471,9.157118659219591,{},,1;2;4;15;23;28;30;31;36;44;45;46;59;69,3;6;18;22;27;42;48;51;54;55;62;63;71;74;75;76;80;84
1,0,14,C/10,3,physical_cluster,xgboost,6.821576436360677,10.436325354882785,{},,1;2;4;15;23;28;30;31;36;44;45;46;59;69,3;6;18;22;27;42;48;51;54;55;62;63;71;74;75;76;80;84
1,0,14,C/10,3,physical_cluster,extra_trees,5.442621232681173,7.069655230101482,{},,1;2;4;15;23;28;30;31;36;44;45;46;59;69,3;6;18;22;27;42;48;51;54;55;62;63;71;74;75;76;80;84
1,0,14,C/7,4,physical_cluster,ridge_physics,1.4466162787543402,1.9438958814722584,"{""alpha"": 0.1}",1.547853708267212,1;2;4;15;23;28;30;31;36;44;45;46;59;69,3;6;18;22;27;42;48;51;54;55;62;63;71;74;75;76;80;84
1,0,14,C/7,4,physical_cluster,ridge_source,1.667483647664388,2.4432949270700832,"{""alpha"": 1.0}",1.5022719587598528,1;2;4;15;23;28;30;31;36;44;45;46;59;69,3;6;18;22;27;42;48;51;54;55;62;63;71;74;75;76;80;84
1,0,14,C/7,4,physical_cluster,ridge_input,4.38756709628635,5.276396081881821,"{""alpha"": 1.0}",2.6979639189583917,1;2;4;15;23;28;30;31;36;44;45;46;59;69,3;6;18;22;27;42;48;51;54;55;62;63;71;74;75;76;80;84
1,0,14,C/7,4,physical_cluster,krr_rbf,4.024570677015516,9.7032892321262,"{""alpha"": 0.1, ""gamma"": 0.05}",2.649566744055067,1;2;4;15;23;28;30;31;36;44;45;46;59;69,3;6;18;22;27;42;48;51;54;55;62;63;71;74;75;76;80;84
1,0,14,C/7,4,physical_cluster,svr_rbf,3.69825779651949,8.714933163003058,"{""C"": 100.0, ""epsilon"": 0.2}",3.923185983191523,1;2;4;15;23;28;30;31;36;44;45;46;59;69,3;6;18;22;27;42;48;51;54;55;62;63;71;74;75;76;80;84
1,0,14,C/7,4,physical_cluster,gp_rbf,4.464739709043237,10.74631078724651,"{""alpha"": 1.0, ""length"": 3.0}",2.877963220256196,1;2;4;15;23;28;30;31;36;44;45;46;59;69,3;6;18;22;27;42;48;51;54;55;62;63;71;74;75;76;80;84
1,0,14,C/7,4,physical_cluster,catboost,5.887467772759941,9.33815109779307,{},,1;2;4;15;23;28;30;31;36;44;45;46;59;69,3;6;18;22;27;42;48;51;54;55;62;63;71;74;75;76;80;84
1,0,14,C/7,4,physical_cluster,xgboost,6.858996285332574,10.62147056266008,{},,1;2;4;15;23;28;30;31;36;44;45;46;59;69,3;6;18;22;27;42;48;51;54;55;62;63;71;74;75;76;80;84
1,0,14,C/7,4,physical_cluster,extra_trees,5.462382389212412,7.204714841077918,{},,1;2;4;15;23;28;30;31;36;44;45;46;59;69,3;6;18;22;27;42;48;51;54;55;62;63;71;74;75;76;80;84
1,0,14,C/5,5,physical_cluster,ridge_physics,1.412413067287869,1.84741399478392,"{""alpha"": 0.1}",1.6449164663042342,1;2;4;15;23;28;30;31;36;44;45;46;59;69,3;6;18;22;27;42;48;51;54;55;62;63;71;74;75;76;80;84
1,0,14,C/5,5,physical_cluster,ridge_source,1.7083187103271484,2.496953208324068,"{""alpha"": 1.0}",1.624342782156808,1;2;4;15;23;28;30;31;36;44;45;46;59;69,3;6;18;22;27;42;48;51;54;55;62;63;71;74;75;76;80;84
1,0,14,C/5,5,physical_cluster,ridge_input,4.33030170864529,5.226622934928455,"{""alpha"": 1.0}",2.7716643469674245,1;2;4;15;23;28;30;31;36;44;45;46;59;69,3;6;18;22;27;42;48;51;54;55;62;63;71;74;75;76;80;84
1,0,14,C/5,5,physical_cluster,krr_rbf,4.073291990492079,10.045269978764772,"{""alpha"": 0.1, ""gamma"": 0.05}",2.767962736742837,1;2;4;15;23;28;30;31;36;44;45;46;59;69,3;6;18;22;27;42;48;51;54;55;62;63;71;74;75;76;80;84
1,0,14,C/5,5,physical_cluster,svr_rbf,3.7461818909942255,9.013406189039085,"{""C"": 100.0, ""epsilon"": 0.2}",4.164446696006895,1;2;4;15;23;28;30;31;36;44;45;46;59;69,3;6;18;22;27;42;48;51;54;55;62;63;71;74;75;76;80;84
1,0,14,C/5,5,physical_cluster,gp_rbf,4.520160087354389,11.142369943829609,"{""alpha"": 1.0, ""length"": 3.0}",3.0004512147702096,1;2;4;15;23;28;30;31;36;44;45;46;59;69,3;6;18;22;27;42;48;51;54;55;62;63;71;74;75;76;80;84
1,0,14,C/5,5,physical_cluster,catboost,5.905699546307162,9.51435391360178,{},,1;2;4;15;23;28;30;31;36;44;45;46;59;69,3;6;18;22;27;42;48;51;54;55;62;63;71;74;75;76;80;84
1,0,14,C/5,5,physical_cluster,xgboost,6.915422015719944,10.816047972585729,{},,1;2;4;15;23;28;30;31;36;44;45;46;59;69,3;6;18;22;27;42;48;51;54;55;62;63;71;74;75;76;80;84
1,0,14,C/5,5,physical_cluster,extra_trees,5.483542230104012,7.3495148811434206,{},,1;2;4;15;23;28;30;31;36;44;45;46;59;69,3;6;18;22;27;42;48;51;54;55;62;63;71;74;75;76;80;84
1,0,14,C/80,0,input_cluster,ridge_physics,2.077699449327257,2.573756322667236,"{""alpha"": 0.1}",1.923122814723424,0;8;10;11;12;13;17;56;58;68;69;79;83;89,3;6;18;22;27;42;48;51;54;55;62;63;71;74;75;76;80;84
1,0,14,C/80,0,input_cluster,ridge_source,2.209522247314453,2.827760713905485,"{""alpha"": 0.1}",2.0097102778298512,0;8;10;11;12;13;17;56;58;68;69;79;83;89,3;6;18;22;27;42;48;51;54;55;62;63;71;74;75;76;80;84
1,0,14,C/80,0,input_cluster,ridge_input,5.3201904296875,7.200146759622536,"{""alpha"": 10.0}",5.330428685460772,0;8;10;11;12;13;17;56;58;68;69;79;83;89,3;6;18;22;27;42;48;51;54;55;62;63;71;74;75;76;80;84
1,0,14,C/80,0,input_cluster,krr_rbf,3.376969655354818,7.578450255082833,"{""alpha"": 0.1, ""gamma"": 0.05}",2.794501304626465,0;8;10;11;12;13;17;56;58;68;69;79;83;89,3;6;18;22;27;42;48;51;54;55;62;63;71;74;75;76;80;84
1,0,14,C/80,0,input_cluster,svr_rbf,3.148264137196693,6.391163288487005,"{""C"": 100.0, ""epsilon"": 1.0}",2.682292977371379,0;8;10;11;12;13;17;56;58;68;69;79;83;89,3;6;18;22;27;42;48;51;54;55;62;63;71;74;75;76;80;84
1,0,14,C/80,0,input_cluster,gp_rbf,3.566916439825102,8.109484332947527,"{""alpha"": 1.0, ""length"": 3.0}",3.0023866239547687,0;8;10;11;12;13;17;56;58;68;69;79;83;89,3;6;18;22;27;42;48;51;54;55;62;63;71;74;75;76;80;84
1,0,14,C/80,0,input_cluster,catboost,5.258191060223463,7.036803719609155,{},,0;8;10;11;12;13;17;56;58;68;69;79;83;89,3;6;18;22;27;42;48;51;54;55;62;63;71;74;75;76;80;84
1,0,14,C/80,0,input_cluster,xgboost,5.907847086588542,8.435032749194704,{},,0;8;10;11;12;13;17;56;58;68;69;79;83;89,3;6;18;22;27;42;48;51;54;55;62;63;71;74;75;76;80;84
1,0,14,C/80,0,input_cluster,extra_trees,2.286525039584548,3.532672982229924,{},,0;8;10;11;12;13;17;56;58;68;69;79;83;89,3;6;18;22;27;42;48;51;54;55;62;63;71;74;75;76;80;84
1,0,14,C/40,1,input_cluster,ridge_physics,1.625041961669922,2.109899421369796,"{""alpha"": 0.1}",1.686347280229841,0;8;10;11;12;13;17;56;58;68;69;79;83;89,3;6;18;22;27;42;48;51;54;55;62;63;71;74;75;76;80;84
1,0,14,C/40,1,input_cluster,ridge_source,1.6554236941867404,2.225323805156955,"{""alpha"": 0.1}",1.8190811020987372,0;8;10;11;12;13;17;56;58;68;69;79;83;89,3;6;18;22;27;42;48;51;54;55;62;63;71;74;75;76;80;84
1,0,14,C/40,1,input_cluster,ridge_input,5.116030799018012,6.804772480027729,"{""alpha"": 10.0}",5.02221485546657,0;8;10;11;12;13;17;56;58;68;69;79;83;89,3;6;18;22;27;42;48;51;54;55;62;63;71;74;75;76;80;84
1,0,14,C/40,1,input_cluster,krr_rbf,3.1441552903917103,8.103803494621246,"{""alpha"": 0.1, ""gamma"": 0.05}",2.6932706151689803,0;8;10;11;12;13;17;56;58;68;69;79;83;89,3;6;18;22;27;42;48;51;54;55;62;63;71;74;75;76;80;84
1,0,14,C/40,1,input_cluster,svr_rbf,3.496883005391724,7.0587461239224805,"{""C"": 100.0, ""epsilon"": 0.2}",2.4734089749482844,0;8;10;11;12;13;17;56;58;68;69;79;83;89,3;6;18;22;27;42;48;51;54;55;62;63;71;74;75;76;80;84
1,0,14,C/40,1,input_cluster,gp_rbf,3.42876695482608,8.676944553139045,"{""alpha"": 1.0, ""length"": 3.0}",2.9956848646256797,0;8;10;11;12;13;17;56;58;68;69;79;83;89,3;6;18;22;27;42;48;51;54;55;62;63;71;74;75;76;80;84
1,0,14,C/40,1,input_cluster,catboost,5.147730631186697,7.101709933947914,{},,0;8;10;11;12;13;17;56;58;68;69;79;83;89,3;6;18;22;27;42;48;51;54;55;62;63;71;74;75;76;80;84
1,0,14,C/40,1,input_cluster,xgboost,5.885954962836371,8.593435102531831,{},,0;8;10;11;12;13;17;56;58;68;69;79;83;89,3;6;18;22;27;42;48;51;54;55;62;63;71;74;75;76;80;84
1,0,14,C/40,1,input_cluster,extra_trees,2.1255857479572264,3.9082903525231,{},,0;8;10;11;12;13;17;56;58;68;69;79;83;89,3;6;18;22;27;42;48;51;54;55;62;63;71;74;75;76;80;84
1,0,14,0.05A,2,input_cluster,ridge_physics,2.241698794894748,2.7783774046612,"{""alpha"": 0.1}",1.924020460673741,0;8;10;11;12;13;17;56;58;68;69;79;83;89,3;6;18;22;27;42;48;51;54;55;62;63;71;74;75;76;80;84
1,0,14,0.05A,2,input_cluster,ridge_source,2.32673708597819,2.957522791064118,"{""alpha"": 0.1}",2.0118883677891324,0;8;10;11;12;13;17;56;58;68;69;79;83;89,3;6;18;22;27;42;48;51;54;55;62;63;71;74;75;76;80;84
1,0,14,0.05A,2,input_cluster,ridge_input,5.297210481431749,7.212930450368039,"{""alpha"": 10.0}",5.302724582808359,0;8;10;11;12;13;17;56;58;68;69;79;83;89,3;6;18;22;27;42;48;51;54;55;62;63;71;74;75;76;80;84
1,0,14,0.05A,2,input_cluster,krr_rbf,3.478971693250868,7.563404767367999,"{""alpha"": 0.1, ""gamma"": 0.05}",2.792654480252947,0;8;10;11;12;13;17;56;58;68;69;79;83;89,3;6;18;22;27;42;48;51;54;55;62;63;71;74;75;76;80;84
1,0,14,0.05A,2,input_cluster,svr_rbf,3.396461695606588,6.467471614084412,"{""C"": 100.0, ""epsilon"": 0.2}",2.4919022972964653,0;8;10;11;12;13;17;56;58;68;69;79;83;89,3;6;18;22;27;42;48;51;54;55;62;63;71;74;75;76;80;84
1,0,14,0.05A,2,input_cluster,gp_rbf,3.661860773733357,8.075069383105976,"{""alpha"": 1.0, ""length"": 3.0}",2.96917232554611,0;8;10;11;12;13;17;56;58;68;69;79;83;89,3;6;18;22;27;42;48;51;54;55;62;63;71;74;75;76;80;84
1,0,14,0.05A,2,input_cluster,catboost,5.357734387134705,7.071823059644672,{},,0;8;10;11;12;13;17;56;58;68;69;79;83;89,3;6;18;22;27;42;48;51;54;55;62;63;71;74;75;76;80;84
1,0,14,0.05A,2,input_cluster,xgboost,5.941275702582465,8.40470562016086,{},,0;8;10;11;12;13;17;56;58;68;69;79;83;89,3;6;18;22;27;42;48;51;54;55;62;63;71;74;75;76;80;84
1,0,14,0.05A,2,input_cluster,extra_trees,2.4796031699357206,3.5938733390124984,{},,0;8;10;11;12;13;17;56;58;68;69;79;83;89,3;6;18;22;27;42;48;51;54;55;62;63;71;74;75;76;80;84
1,0,14,C/10,3,input_cluster,ridge_physics,1.2350675794813368,1.5953803722290218,"{""alpha"": 0.1}",1.7345826625823977,0;8;10;11;12;13;17;56;58;68;69;79;83;89,3;6;18;22;27;42;48;51;54;55;62;63;71;74;75;76;80;84
1,0,14,C/10,3,input_cluster,ridge_source,1.2943566640218098,1.770150949537963,"{""alpha"": 0.1}",1.925695214952741,0;8;10;11;12;13;17;56;58;68;69;79;83;89,3;6;18;22;27;42;48;51;54;55;62;63;71;74;75;76;80;84
1,0,14,C/10,3,input_cluster,ridge_input,4.675222608778212,6.015421032745627,"{""alpha"": 10.0}",4.65870383807591,0;8;10;11;12;13;17;56;58;68;69;79;83;89,3;6;18;22;27;42;48;51;54;55;62;63;71;74;75;76;80;84
1,0,14,C/10,3,input_cluster,krr_rbf,3.384085761176215,9.67491533373066,"{""alpha"": 0.1, ""gamma"": 0.05}",2.87935141154698,0;8;10;11;12;13;17;56;58;68;69;79;83;89,3;6;18;22;27;42;48;51;54;55;62;63;71;74;75;76;80;84
1,0,14,C/10,3,input_cluster,svr_rbf,3.7062157531180224,8.42913310663599,"{""C"": 100.0, ""epsilon"": 0.2}",2.637510825807989,0;8;10;11;12;13;17;56;58;68;69;79;83;89,3;6;18;22;27;42;48;51;54;55;62;63;71;74;75;76;80;84
1,0,14,C/10,3,input_cluster,gp_rbf,3.695218509267498,10.347105490870296,"{""alpha"": 1.0, ""length"": 3.0}",3.164960400199681,0;8;10;11;12;13;17;56;58;68;69;79;83;89,3;6;18;22;27;42;48;51;54;55;62;63;71;74;75;76;80;84
1,0,14,C/10,3,input_cluster,catboost,5.298009372980027,7.933422764348247,{},,0;8;10;11;12;13;17;56;58;68;69;79;83;89,3;6;18;22;27;42;48;51;54;55;62;63;71;74;75;76;80;84
1,0,14,C/10,3,input_cluster,xgboost,6.139003753662109,9.438718246912735,{},,0;8;10;11;12;13;17;56;58;68;69;79;83;89,3;6;18;22;27;42;48;51;54;55;62;63;71;74;75;76;80;84
1,0,14,C/10,3,input_cluster,extra_trees,2.4791216365054805,5.069954055691651,{},,0;8;10;11;12;13;17;56;58;68;69;79;83;89,3;6;18;22;27;42;48;51;54;55;62;63;71;74;75;76;80;84
1,0,14,C/7,4,input_cluster,ridge_physics,1.1805428398980036,1.505987461686488,"{""alpha"": 0.1}",1.7422232287270685,0;8;10;11;12;13;17;56;58;68;69;79;83;89,3;6;18;22;27;42;48;51;54;55;62;63;71;74;75;76;80;84
1,0,14,C/7,4,input_cluster,ridge_source,1.3745358784993489,1.8063912409031715,"{""alpha"": 0.1}",2.0192791393824985,0;8;10;11;12;13;17;56;58;68;69;79;83;89,3;6;18;22;27;42;48;51;54;55;62;63;71;74;75;76;80;84
1,0,14,C/7,4,input_cluster,ridge_input,4.573127958509657,5.879735860754728,"{""alpha"": 10.0}",4.569163049970355,0;8;10;11;12;13;17;56;58;68;69;79;83;89,3;6;18;22;27;42;48;51;54;55;62;63;71;74;75;76;80;84
1,0,14,C/7,4,input_cluster,krr_rbf,3.4794860415988498,10.058376616069731,"{""alpha"": 0.1, ""gamma"": 0.05}",2.922430617468698,0;8;10;11;12;13;17;56;58;68;69;79;83;89,3;6;18;22;27;42;48;51;54;55;62;63;71;74;75;76;80;84
1,0,14,C/7,4,input_cluster,svr_rbf,3.730799394121609,8.805500612949297,"{""C"": 100.0, ""epsilon"": 0.2}",2.6773486962980364,0;8;10;11;12;13;17;56;58;68;69;79;83;89,3;6;18;22;27;42;48;51;54;55;62;63;71;74;75;76;80;84
1,0,14,C/7,4,input_cluster,gp_rbf,3.801716800156212,10.771033123549184,"{""alpha"": 1.0, ""length"": 3.0}",3.202543603155391,0;8;10;11;12;13;17;56;58;68;69;79;83;89,3;6;18;22;27;42;48;51;54;55;62;63;71;74;75;76;80;84
1,0,14,C/7,4,input_cluster,catboost,5.398136945287418,8.183478351133846,{},,0;8;10;11;12;13;17;56;58;68;69;79;83;89,3;6;18;22;27;42;48;51;54;55;62;63;71;74;75;76;80;84
1,0,14,C/7,4,input_cluster,xgboost,6.207674450344509,9.676764958032528,{},,0;8;10;11;12;13;17;56;58;68;69;79;83;89,3;6;18;22;27;42;48;51;54;55;62;63;71;74;75;76;80;84
1,0,14,C/7,4,input_cluster,extra_trees,2.5555795848811096,5.329096074516782,{},,0;8;10;11;12;13;17;56;58;68;69;79;83;89,3;6;18;22;27;42;48;51;54;55;62;63;71;74;75;76;80;84
1,0,14,C/5,5,input_cluster,ridge_physics,1.1716416676839192,1.45655424443479,"{""alpha"": 0.1}",1.7487381867000036,0;8;10;11;12;13;17;56;58;68;69;79;83;89,3;6;18;22;27;42;48;51;54;55;62;63;71;74;75;76;80;84
1,0,14,C/5,5,input_cluster,ridge_source,1.466176986694336,1.8910209559545803,"{""alpha"": 0.1}",2.143918309892927,0;8;10;11;12;13;17;56;58;68;69;79;83;89,3;6;18;22;27;42;48;51;54;55;62;63;71;74;75;76;80;84
1,0,14,C/5,5,input_cluster,ridge_input,4.495444615681966,5.793041335918279,"{""alpha"": 10.0}",4.524175133023944,0;8;10;11;12;13;17;56;58;68;69;79;83;89,3;6;18;22;27;42;48;51;54;55;62;63;71;74;75;76;80;84
1,0,14,C/5,5,input_cluster,krr_rbf,3.5674029456244574,10.447752856675342,"{""alpha"": 0.1, ""gamma"": 0.05}",2.985942159380232,0;8;10;11;12;13;17;56;58;68;69;79;83;89,3;6;18;22;27;42;48;51;54;55;62;63;71;74;75;76;80;84
1,0,14,C/5,5,input_cluster,svr_rbf,3.792532344738581,9.170999733823804,"{""C"": 100.0, ""epsilon"": 0.2}",2.812610035329167,0;8;10;11;12;13;17;56;58;68;69;79;83;89,3;6;18;22;27;42;48;51;54;55;62;63;71;74;75;76;80;84
1,0,14,C/5,5,input_cluster,gp_rbf,3.8937052129444423,11.198561474097255,"{""alpha"": 1.0, ""length"": 3.0}",3.263483484099966,0;8;10;11;12;13;17;56;58;68;69;79;83;89,3;6;18;22;27;42;48;51;54;55;62;63;71;74;75;76;80;84
1,0,14,C/5,5,input_cluster,catboost,5.445958625104073,8.40797616621672,{},,0;8;10;11;12;13;17;56;58;68;69;79;83;89,3;6;18;22;27;42;48;51;54;55;62;63;71;74;75;76;80;84
1,0,14,C/5,5,input_cluster,xgboost,6.290192286173503,9.918253119305795,{},,0;8;10;11;12;13;17;56;58;68;69;79;83;89,3;6;18;22;27;42;48;51;54;55;62;63;71;74;75;76;80;84
1,0,14,C/5,5,input_cluster,extra_trees,2.6123053663748266,5.564823220022398,{},,0;8;10;11;12;13;17;56;58;68;69;79;83;89,3;6;18;22;27;42;48;51;54;55;62;63;71;74;75;76;80;84
1,1,14,C/80,0,random,ridge_physics,2.9759067959255643,3.782443128229544,"{""alpha"": 1.0}",2.135935340608869,2;4;5;16;20;25;28;37;43;44;47;66;72;89,3;6;18;22;27;42;48;51;54;55;62;63;71;74;75;76;80;84
1,1,14,C/80,0,random,ridge_source,2.149389055040148,2.7053217973529544,"{""alpha"": 0.1}",2.044092161314828,2;4;5;16;20;25;28;37;43;44;47;66;72;89,3;6;18;22;27;42;48;51;54;55;62;63;71;74;75;76;80;84
1,1,14,C/80,0,random,ridge_input,5.870508193969727,8.480688661667152,"{""alpha"": 1.0}",2.1242727041244507,2;4;5;16;20;25;28;37;43;44;47;66;72;89,3;6;18;22;27;42;48;51;54;55;62;63;71;74;75;76;80;84
1,1,14,C/80,0,random,krr_rbf,6.540185716417101,11.045369641055158,"{""alpha"": 0.1, ""gamma"": 0.05}",2.154991941792624,2;4;5;16;20;25;28;37;43;44;47;66;72;89,3;6;18;22;27;42;48;51;54;55;62;63;71;74;75;76;80;84
1,1,14,C/80,0,random,svr_rbf,8.442907234715525,13.13207763450755,"{""C"": 10.0, ""epsilon"": 1.0}",2.1223280905913606,2;4;5;16;20;25;28;37;43;44;47;66;72;89,3;6;18;22;27;42;48;51;54;55;62;63;71;74;75;76;80;84
1,1,14,C/80,0,random,gp_rbf,6.847781169243925,11.380175239614369,"{""alpha"": 1.0, ""length"": 3.0}",2.29055887220882,2;4;5;16;20;25;28;37;43;44;47;66;72;89,3;6;18;22;27;42;48;51;54;55;62;63;71;74;75;76;80;84
1,1,14,C/80,0,random,catboost,6.982842595098852,10.193345500842048,{},,2;4;5;16;20;25;28;37;43;44;47;66;72;89,3;6;18;22;27;42;48;51;54;55;62;63;71;74;75;76;80;84
1,1,14,C/80,0,random,xgboost,8.021247016059029,11.04421613157446,{},,2;4;5;16;20;25;28;37;43;44;47;66;72;89,3;6;18;22;27;42;48;51;54;55;62;63;71;74;75;76;80;84
1,1,14,C/80,0,random,extra_trees,6.301474654233015,8.7681690382415,{},,2;4;5;16;20;25;28;37;43;44;47;66;72;89,3;6;18;22;27;42;48;51;54;55;62;63;71;74;75;76;80;84
1,1,14,C/40,1,random,ridge_physics,2.408961825900608,3.120994575724966,"{""alpha"": 0.1}",1.508428931236267,2;4;5;16;20;25;28;37;43;44;47;66;72;89,3;6;18;22;27;42;48;51;54;55;62;63;71;74;75;76;80;84
1,1,14,C/40,1,random,ridge_source,1.623472425672743,2.24377537072569,"{""alpha"": 0.1}",1.483210529599871,2;4;5;16;20;25;28;37;43;44;47;66;72;89,3;6;18;22;27;42;48;51;54;55;62;63;71;74;75;76;80;84
1,1,14,C/40,1,random,ridge_input,5.160834630330403,7.622184051946467,"{""alpha"": 1.0}",1.685642583029611,2;4;5;16;20;25;28;37;43;44;47;66;72;89,3;6;18;22;27;42;48;51;54;55;62;63;71;74;75;76;80;84
1,1,14,C/40,1,random,krr_rbf,6.396470387776692,11.464558052071204,"{""alpha"": 0.1, ""gamma"": 0.05}",1.4974751387323653,2;4;5;16;20;25;28;37;43;44;47;66;72;89,3;6;18;22;27;42;48;51;54;55;62;63;71;74;75;76;80;84
1,1,14,C/40,1,random,svr_rbf,8.542959627490184,13.274567053614131,"{""C"": 10.0, ""epsilon"": 0.2}",1.4683727067731134,2;4;5;16;20;25;28;37;43;44;47;66;72;89,3;6;18;22;27;42;48;51;54;55;62;63;71;74;75;76;80;84
1,1,14,C/40,1,random,gp_rbf,6.70105705099245,11.77600635131292,"{""alpha"": 1.0, ""length"": 3.0}",1.7458773891286683,2;4;5;16;20;25;28;37;43;44;47;66;72;89,3;6;18;22;27;42;48;51;54;55;62;63;71;74;75;76;80;84
1,1,14,C/40,1,random,catboost,6.871187729404006,10.2555237534071,{},,2;4;5;16;20;25;28;37;43;44;47;66;72;89,3;6;18;22;27;42;48;51;54;55;62;63;71;74;75;76;80;84
1,1,14,C/40,1,random,xgboost,8.135909186469185,11.250646955764248,{},,2;4;5;16;20;25;28;37;43;44;47;66;72;89,3;6;18;22;27;42;48;51;54;55;62;63;71;74;75;76;80;84
1,1,14,C/40,1,random,extra_trees,5.925910381034568,8.71177997285568,{},,2;4;5;16;20;25;28;37;43;44;47;66;72;89,3;6;18;22;27;42;48;51;54;55;62;63;71;74;75;76;80;84
1,1,14,0.05A,2,random,ridge_physics,3.001827875773112,3.7289150947925567,"{""alpha"": 1.0}",2.300684009279524,2;4;5;16;20;25;28;37;43;44;47;66;72;89,3;6;18;22;27;42;48;51;54;55;62;63;71;74;75;76;80;84
1,1,14,0.05A,2,random,ridge_source,2.286312950981988,2.763017147563413,"{""alpha"": 0.1}",2.2045532635280063,2;4;5;16;20;25;28;37;43;44;47;66;72;89,3;6;18;22;27;42;48;51;54;55;62;63;71;74;75;76;80;84
1,1,14,0.05A,2,random,ridge_input,5.953195359971788,8.535035448413451,"{""alpha"": 1.0}",2.2299626043864658,2;4;5;16;20;25;28;37;43;44;47;66;72;89,3;6;18;22;27;42;48;51;54;55;62;63;71;74;75;76;80;84
1,1,14,0.05A,2,random,krr_rbf,6.535440656873915,10.886474577275417,"{""alpha"": 0.1, ""gamma"": 0.05}",2.318395265511104,2;4;5;16;20;25;28;37;43;44;47;66;72;89,3;6;18;22;27;42;48;51;54;55;62;63;71;74;75;76;80;84
1,1,14,0.05A,2,random,svr_rbf,8.8275762922844,13.19130402587446,"{""C"": 10.0, ""epsilon"": 0.2}",2.193392993789913,2;4;5;16;20;25;28;37;43;44;47;66;72;89,3;6;18;22;27;42;48;51;54;55;62;63;71;74;75;76;80;84
1,1,14,0.05A,2,random,gp_rbf,6.855402848588743,11.230975676612529,"{""alpha"": 1.0, ""length"": 3.0}",2.407011357820046,2;4;5;16;20;25;28;37;43;44;47;66;72;89,3;6;18;22;27;42;48;51;54;55;62;63;71;74;75;76;80;84
1,1,14,0.05A,2,random,catboost,7.032154664696567,10.069773532521888,{},,2;4;5;16;20;25;28;37;43;44;47;66;72;89,3;6;18;22;27;42;48;51;54;55;62;63;71;74;75;76;80;84
1,1,14,0.05A,2,random,xgboost,7.94719484117296,10.883869997891674,{},,2;4;5;16;20;25;28;37;43;44;47;66;72;89,3;6;18;22;27;42;48;51;54;55;62;63;71;74;75;76;80;84
1,1,14,0.05A,2,random,extra_trees,6.38641861765473,8.699993766796725,{},,2;4;5;16;20;25;28;37;43;44;47;66;72;89,3;6;18;22;27;42;48;51;54;55;62;63;71;74;75;76;80;84
1,1,14,C/10,3,random,ridge_physics,2.2341505686442056,2.6971286037972457,"{""alpha"": 0.1}",1.1363224983215332,2;4;5;16;20;25;28;37;43;44;47;66;72;89,3;6;18;22;27;42;48;51;54;55;62;63;71;74;75;76;80;84
1,1,14,C/10,3,random,ridge_source,1.5111473931206598,2.14751842642984,"{""alpha"": 0.1}",1.1419609274183,2;4;5;16;20;25;28;37;43;44;47;66;72;89,3;6;18;22;27;42;48;51;54;55;62;63;71;74;75;76;80;84
1,1,14,C/10,3,random,ridge_input,4.5663024054633246,6.629849807520804,"{""alpha"": 1.0}",1.4351399285452706,2;4;5;16;20;25;28;37;43;44;47;66;72;89,3;6;18;22;27;42;48;51;54;55;62;63;71;74;75;76;80;84
1,1,14,C/10,3,random,krr_rbf,6.619634416368273,12.980465979131967,"{""alpha"": 0.1, ""gamma"": 0.05}",1.3302480833871024,2;4;5;16;20;25;28;37;43;44;47;66;72;89,3;6;18;22;27;42;48;51;54;55;62;63;71;74;75;76;80;84
1,1,14,C/10,3,random,svr_rbf,8.72287196222159,14.199710120047149,"{""C"": 10.0, ""epsilon"": 1.0}",1.2506389948468946,2;4;5;16;20;25;28;37;43;44;47;66;72;89,3;6;18;22;27;42;48;51;54;55;62;63;71;74;75;76;80;84
1,1,14,C/10,3,random,gp_rbf,6.935334039446107,13.261918442608335,"{""alpha"": 1.0, ""length"": 3.0}",1.594385137179994,2;4;5;16;20;25;28;37;43;44;47;66;72;89,3;6;18;22;27;42;48;51;54;55;62;63;71;74;75;76;80;84
1,1,14,C/10,3,random,catboost,7.209208993224605,11.117470250261686,{},,2;4;5;16;20;25;28;37;43;44;47;66;72;89,3;6;18;22;27;42;48;51;54;55;62;63;71;74;75;76;80;84
1,1,14,C/10,3,random,xgboost,8.522816552056206,12.168723510879904,{},,2;4;5;16;20;25;28;37;43;44;47;66;72;89,3;6;18;22;27;42;48;51;54;55;62;63;71;74;75;76;80;84
1,1,14,C/10,3,random,extra_trees,5.955730322996776,9.470680927185136,{},,2;4;5;16;20;25;28;37;43;44;47;66;72;89,3;6;18;22;27;42;48;51;54;55;62;63;71;74;75;76;80;84
1,1,14,C/7,4,random,ridge_physics,2.126552369859484,2.5342186713930013,"{""alpha"": 0.1}",1.1347545555659704,2;4;5;16;20;25;28;37;43;44;47;66;72;89,3;6;18;22;27;42;48;51;54;55;62;63;71;74;75;76;80;84
1,1,14,C/7,4,random,ridge_source,1.5819064246283636,2.235724772732161,"{""alpha"": 0.1}",1.1434124878474643,2;4;5;16;20;25;28;37;43;44;47;66;72;89,3;6;18;22;27;42;48;51;54;55;62;63;71;74;75;76;80;84
1,1,14,C/7,4,random,ridge_input,4.481828689575195,6.509027798763921,"{""alpha"": 1.0}",1.4097233159201483,2;4;5;16;20;25;28;37;43;44;47;66;72;89,3;6;18;22;27;42;48;51;54;55;62;63;71;74;75;76;80;84
1,1,14,C/7,4,random,krr_rbf,6.682676315307617,13.38732414103913,"{""alpha"": 0.1, ""gamma"": 0.05}",1.3624875715800695,2;4;5;16;20;25;28;37;43;44;47;66;72;89,3;6;18;22;27;42;48;51;54;55;62;63;71;74;75;76;80;84
1,1,14,C/7,4,random,svr_rbf,8.838132223941036,14.45244868071899,"{""C"": 10.0, ""epsilon"": 1.0}",1.2869254596789472,2;4;5;16;20;25;28;37;43;44;47;66;72;89,3;6;18;22;27;42;48;51;54;55;62;63;71;74;75;76;80;84
1,1,14,C/7,4,random,gp_rbf,6.998102765680169,13.665964585700472,"{""alpha"": 1.0, ""length"": 3.0}",1.609671439293759,2;4;5;16;20;25;28;37;43;44;47;66;72;89,3;6;18;22;27;42;48;51;54;55;62;63;71;74;75;76;80;84
1,1,14,C/7,4,random,catboost,7.294662671654897,11.337508457805486,{},,2;4;5;16;20;25;28;37;43;44;47;66;72;89,3;6;18;22;27;42;48;51;54;55;62;63;71;74;75;76;80;84
1,1,14,C/7,4,random,xgboost,8.623431947496202,12.405885576542529,{},,2;4;5;16;20;25;28;37;43;44;47;66;72;89,3;6;18;22;27;42;48;51;54;55;62;63;71;74;75;76;80;84
1,1,14,C/7,4,random,extra_trees,6.012226638970551,9.683072549117853,{},,2;4;5;16;20;25;28;37;43;44;47;66;72;89,3;6;18;22;27;42;48;51;54;55;62;63;71;74;75;76;80;84
1,1,14,C/5,5,random,ridge_physics,1.960786607530382,2.312093180357103,"{""alpha"": 0.1}",1.1919681685311454,2;4;5;16;20;25;28;37;43;44;47;66;72;89,3;6;18;22;27;42;48;51;54;55;62;63;71;74;75;76;80;84
1,1,14,C/5,5,random,ridge_source,1.6912218729654949,2.318381029178304,"{""alpha"": 0.1}",1.210593870707921,2;4;5;16;20;25;28;37;43;44;47;66;72;89,3;6;18;22;27;42;48;51;54;55;62;63;71;74;75;76;80;84
1,1,14,C/5,5,random,ridge_input,4.4267084333631725,6.483036417920183,"{""alpha"": 1.0}",1.3727943556649345,2;4;5;16;20;25;28;37;43;44;47;66;72;89,3;6;18;22;27;42;48;51;54;55;62;63;71;74;75;76;80;84
1,1,14,C/5,5,random,krr_rbf,6.719943364461263,13.8021370596143,"{""alpha"": 0.1, ""gamma"": 0.05}",1.4349493810108729,2;4;5;16;20;25;28;37;43;44;47;66;72;89,3;6;18;22;27;42;48;51;54;55;62;63;71;74;75;76;80;84
1,1,14,C/5,5,random,svr_rbf,8.918949474330342,14.739869512216968,"{""C"": 10.0, ""epsilon"": 1.0}",1.3417956682236822,2;4;5;16;20;25;28;37;43;44;47;66;72;89,3;6;18;22;27;42;48;51;54;55;62;63;71;74;75;76;80;84
1,1,14,C/5,5,random,gp_rbf,7.035827375707583,14.073390439592854,"{""alpha"": 1.0, ""length"": 3.0}",1.6384077625157556,2;4;5;16;20;25;28;37;43;44;47;66;72;89,3;6;18;22;27;42;48;51;54;55;62;63;71;74;75;76;80;84
1,1,14,C/5,5,random,catboost,7.35442809873423,11.537733069710168,{},,2;4;5;16;20;25;28;37;43;44;47;66;72;89,3;6;18;22;27;42;48;51;54;55;62;63;71;74;75;76;80;84
1,1,14,C/5,5,random,xgboost,8.707342995537651,12.62478038715042,{},,2;4;5;16;20;25;28;37;43;44;47;66;72;89,3;6;18;22;27;42;48;51;54;55;62;63;71;74;75;76;80;84
1,1,14,C/5,5,random,extra_trees,6.055411714977687,9.89652462112683,{},,2;4;5;16;20;25;28;37;43;44;47;66;72;89,3;6;18;22;27;42;48;51;54;55;62;63;71;74;75;76;80;84
1,1,14,C/80,0,source_cluster,ridge_physics,3.151166703965929,3.979750224065468,"{""alpha"": 1.0}",2.2684718711035594,0;1;2;23;25;28;32;33;36;57;64;69;77;87,3;6;18;22;27;42;48;51;54;55;62;63;71;74;75;76;80;84
1,1,14,C/80,0,source_cluster,ridge_source,2.327387491861979,3.0504086545357296,"{""alpha"": 1.0}",2.347567285810198,0;1;2;23;25;28;32;33;36;57;64;69;77;87,3;6;18;22;27;42;48;51;54;55;62;63;71;74;75;76;80;84
1,1,14,C/80,0,source_cluster,ridge_input,4.8123459286159935,6.200860245558503,"{""alpha"": 0.1}",2.5273382323128835,0;1;2;23;25;28;32;33;36;57;64;69;77;87,3;6;18;22;27;42;48;51;54;55;62;63;71;74;75;76;80;84
1,1,14,C/80,0,source_cluster,krr_rbf,4.781488206651476,7.934873509617391,"{""alpha"": 0.1, ""gamma"": 0.05}",3.364280087607248,0;1;2;23;25;28;32;33;36;57;64;69;77;87,3;6;18;22;27;42;48;51;54;55;62;63;71;74;75;76;80;84
1,1,14,C/80,0,source_cluster,svr_rbf,6.447819262619551,9.641648937535209,"{""C"": 10.0, ""epsilon"": 0.2}",4.602226197743747,0;1;2;23;25;28;32;33;36;57;64;69;77;87,3;6;18;22;27;42;48;51;54;55;62;63;71;74;75;76;80;84
1,1,14,C/80,0,source_cluster,gp_rbf,5.125544118284355,8.682499838935223,"{""alpha"": 1.0, ""length"": 3.0}",3.4451009642118,0;1;2;23;25;28;32;33;36;57;64;69;77;87,3;6;18;22;27;42;48;51;54;55;62;63;71;74;75;76;80;84
1,1,14,C/80,0,source_cluster,catboost,6.15074234332283,8.170651484941226,{},,0;1;2;23;25;28;32;33;36;57;64;69;77;87,3;6;18;22;27;42;48;51;54;55;62;63;71;74;75;76;80;84
1,1,14,C/80,0,source_cluster,xgboost,7.100191752115886,9.354059054379514,{},,0;1;2;23;25;28;32;33;36;57;64;69;77;87,3;6;18;22;27;42;48;51;54;55;62;63;71;74;75;76;80;84
1,1,14,C/80,0,source_cluster,extra_trees,5.812719964642583,6.850344645987438,{},,0;1;2;23;25;28;32;33;36;57;64;69;77;87,3;6;18;22;27;42;48;51;54;55;62;63;71;74;75;76;80;84
1,1,14,C/40,1,source_cluster,ridge_physics,2.411360422770182,3.039658663278139,"{""alpha"": 1.0}",1.5572362627301897,0;1;2;23;25;28;32;33;36;57;64;69;77;87,3;6;18;22;27;42;48;51;54;55;62;63;71;74;75;76;80;84
1,1,14,C/40,1,source_cluster,ridge_source,1.7536082797580297,2.4509339090253985,"{""alpha"": 1.0}",1.7427409376416887,0;1;2;23;25;28;32;33;36;57;64;69;77;87,3;6;18;22;27;42;48;51;54;55;62;63;71;74;75;76;80;84
1,1,14,C/40,1,source_cluster,ridge_input,4.413269890679254,5.734177641954357,"{""alpha"": 1.0}",2.468549847602844,0;1;2;23;25;28;32;33;36;57;64;69;77;87,3;6;18;22;27;42;48;51;54;55;62;63;71;74;75;76;80;84
1,1,14,C/40,1,source_cluster,krr_rbf,4.1242959764268665,8.233734674498534,"{""alpha"": 0.1, ""gamma"": 0.05}",2.760661691427231,0;1;2;23;25;28;32;33;36;57;64;69;77;87,3;6;18;22;27;42;48;51;54;55;62;63;71;74;75;76;80;84
1,1,14,C/40,1,source_cluster,svr_rbf,5.694953556731175,9.4649083372358,"{""C"": 10.0, ""epsilon"": 0.2}",3.814256805848333,0;1;2;23;25;28;32;33;36;57;64;69;77;87,3;6;18;22;27;42;48;51;54;55;62;63;71;74;75;76;80;84
1,1,14,C/40,1,source_cluster,gp_rbf,4.536260663369841,8.988438167537348,"{""alpha"": 1.0, ""length"": 3.0}",2.8768453502671787,0;1;2;23;25;28;32;33;36;57;64;69;77;87,3;6;18;22;27;42;48;51;54;55;62;63;71;74;75;76;80;84
1,1,14,C/40,1,source_cluster,catboost,5.661679654362837,8.19229810036377,{},,0;1;2;23;25;28;32;33;36;57;64;69;77;87,3;6;18;22;27;42;48;51;54;55;62;63;71;74;75;76;80;84
1,1,14,C/40,1,source_cluster,xgboost,6.83789783053928,9.517326741506734,{},,0;1;2;23;25;28;32;33;36;57;64;69;77;87,3;6;18;22;27;42;48;51;54;55;62;63;71;74;75;76;80;84
1,1,14,C/40,1,source_cluster,extra_trees,5.192106728583207,6.410075667716425,{},,0;1;2;23;25;28;32;33;36;57;64;69;77;87,3;6;18;22;27;42;48;51;54;55;62;63;71;74;75;76;80;84
1,1,14,0.05A,2,source_cluster,ridge_physics,3.3362823062472877,4.01814483550573,"{""alpha"": 10.0}",2.5037836687905446,0;1;2;23;25;28;32;33;36;57;64;69;77;87,3;6;18;22;27;42;48;51;54;55;62;63;71;74;75;76;80;84
1,1,14,0.05A,2,source_cluster,ridge_source,2.4428503248426647,3.195188304396304,"{""alpha"": 1.0}",2.7354047979627336,0;1;2;23;25;28;32;33;36;57;64;69;77;87,3;6;18;22;27;42;48;51;54;55;62;63;71;74;75;76;80;84
1,1,14,0.05A,2,source_cluster,ridge_input,4.928408940633138,6.286044609275054,"{""alpha"": 0.1}",2.706408739089966,0;1;2;23;25;28;32;33;36;57;64;69;77;87,3;6;18;22;27;42;48;51;54;55;62;63;71;74;75;76;80;84
1,1,14,0.05A,2,source_cluster,krr_rbf,5.075101216634114,8.02875894514464,"{""alpha"": 0.1, ""gamma"": 0.05}",3.5581376552581787,0;1;2;23;25;28;32;33;36;57;64;69;77;87,3;6;18;22;27;42;48;51;54;55;62;63;71;74;75;76;80;84
1,1,14,0.05A,2,source_cluster,svr_rbf,6.554744564837215,9.578762250412462,"{""C"": 10.0, ""epsilon"": 1.0}",4.910818379495868,0;1;2;23;25;28;32;33;36;57;64;69;77;87,3;6;18;22;27;42;48;51;54;55;62;63;71;74;75;76;80;84
1,1,14,0.05A,2,source_cluster,gp_rbf,5.378531489191768,8.74775021188571,"{""alpha"": 1.0, ""length"": 3.0}",3.620322790258125,0;1;2;23;25;28;32;33;36;57;64;69;77;87,3;6;18;22;27;42;48;51;54;55;62;63;71;74;75;76;80;84
1,1,14,0.05A,2,source_cluster,catboost,6.243886982581574,8.133780605278995,{},,0;1;2;23;25;28;32;33;36;57;64;69;77;87,3;6;18;22;27;42;48;51;54;55;62;63;71;74;75;76;80;84
1,1,14,0.05A,2,source_cluster,xgboost,7.084566752115886,9.21393797607288,{},,0;1;2;23;25;28;32;33;36;57;64;69;77;87,3;6;18;22;27;42;48;51;54;55;62;63;71;74;75;76;80;84
1,1,14,0.05A,2,source_cluster,extra_trees,5.90055969145563,6.905864770221403,{},,0;1;2;23;25;28;32;33;36;57;64;69;77;87,3;6;18;22;27;42;48;51;54;55;62;63;71;74;75;76;80;84
1,1,14,C/10,3,source_cluster,ridge_physics,1.3455850813123915,1.7623260403576655,"{""alpha"": 0.1}",1.521017347063337,0;1;2;23;25;28;32;33;36;57;64;69;77;87,3;6;18;22;27;42;48;51;54;55;62;63;71;74;75;76;80;84
1,1,14,C/10,3,source_cluster,ridge_source,1.5207379659016926,2.217587636287666,"{""alpha"": 1.0}",1.832654101508004,0;1;2;23;25;28;32;33;36;57;64;69;77;87,3;6;18;22;27;42;48;51;54;55;62;63;71;74;75;76;80;84
1,1,14,C/10,3,source_cluster,ridge_input,4.071233325534397,5.1685750495400455,"{""alpha"": 1.0}",3.13549964768546,0;1;2;23;25;28;32;33;36;57;64;69;77;87,3;6;18;22;27;42;48;51;54;55;62;63;71;74;75;76;80;84
1,1,14,C/10,3,source_cluster,krr_rbf,3.968886481391059,9.647088849696477,"{""alpha"": 0.1, ""gamma"": 0.05}",3.249002626964024,0;1;2;23;25;28;32;33;36;57;64;69;77;87,3;6;18;22;27;42;48;51;54;55;62;63;71;74;75;76;80;84
1,1,14,C/10,3,source_cluster,svr_rbf,5.575833601288815,10.61464673674483,"{""C"": 10.0, ""epsilon"": 0.2}",4.460998939274278,0;1;2;23;25;28;32;33;36;57;64;69;77;87,3;6;18;22;27;42;48;51;54;55;62;63;71;74;75;76;80;84
1,1,14,C/10,3,source_cluster,gp_rbf,4.457528875016376,10.475488449351715,"{""alpha"": 1.0, ""length"": 3.0}",3.407537235544013,0;1;2;23;25;28;32;33;36;57;64;69;77;87,3;6;18;22;27;42;48;51;54;55;62;63;71;74;75;76;80;84
1,1,14,C/10,3,source_cluster,catboost,5.619977433771988,8.926340788734471,{},,0;1;2;23;25;28;32;33;36;57;64;69;77;87,3;6;18;22;27;42;48;51;54;55;62;63;71;74;75;76;80;84
1,1,14,C/10,3,source_cluster,xgboost,6.768530103895399,10.317064902512572,{},,0;1;2;23;25;28;32;33;36;57;64;69;77;87,3;6;18;22;27;42;48;51;54;55;62;63;71;74;75;76;80;84
1,1,14,C/10,3,source_cluster,extra_trees,5.078712898478097,6.932319802999646,{},,0;1;2;23;25;28;32;33;36;57;64;69;77;87,3;6;18;22;27;42;48;51;54;55;62;63;71;74;75;76;80;84
1,1,14,C/7,4,source_cluster,ridge_physics,1.2719974517822266,1.625894143582421,"{""alpha"": 0.1}",1.6390255178724016,0;1;2;23;25;28;32;33;36;57;64;69;77;87,3;6;18;22;27;42;48;51;54;55;62;63;71;74;75;76;80;84
1,1,14,C/7,4,source_cluster,ridge_source,1.567963282267253,2.258061139772131,"{""alpha"": 1.0}",1.966071265084403,0;1;2;23;25;28;32;33;36;57;64;69;77;87,3;6;18;22;27;42;48;51;54;55;62;63;71;74;75;76;80;84
1,1,14,C/7,4,source_cluster,ridge_input,4.038376914130317,5.087679848397094,"{""alpha"": 1.0}",3.273957320622036,0;1;2;23;25;28;32;33;36;57;64;69;77;87,3;6;18;22;27;42;48;51;54;55;62;63;71;74;75;76;80;84
1,1,14,C/7,4,source_cluster,krr_rbf,4.007275263468425,10.00440588611655,"{""alpha"": 0.1, ""gamma"": 0.05}",3.3575748205184937,0;1;2;23;25;28;32;33;36;57;64;69;77;87,3;6;18;22;27;42;48;51;54;55;62;63;71;74;75;76;80;84
1,1,14,C/7,4,source_cluster,svr_rbf,5.6839125413407565,10.944341956127015,"{""C"": 10.0, ""epsilon"": 0.2}",4.628189439603263,0;1;2;23;25;28;32;33;36;57;64;69;77;87,3;6;18;22;27;42;48;51;54;55;62;63;71;74;75;76;80;84
1,1,14,C/7,4,source_cluster,gp_rbf,4.503353507640923,10.874070291544902,"{""alpha"": 1.0, ""length"": 3.0}",3.519023244566121,0;1;2;23;25;28;32;33;36;57;64;69;77;87,3;6;18;22;27;42;48;51;54;55;62;63;71;74;75;76;80;84
1,1,14,C/7,4,source_cluster,catboost,5.655536402259973,9.11900173142577,{},,0;1;2;23;25;28;32;33;36;57;64;69;77;87,3;6;18;22;27;42;48;51;54;55;62;63;71;74;75;76;80;84
1,1,14,C/7,4,source_cluster,xgboost,6.815380732218425,10.516612241656604,{},,0;1;2;23;25;28;32;33;36;57;64;69;77;87,3;6;18;22;27;42;48;51;54;55;62;63;71;74;75;76;80;84
1,1,14,C/7,4,source_cluster,extra_trees,5.060112864353041,7.083375637923286,{},,0;1;2;23;25;28;32;33;36;57;64;69;77;87,3;6;18;22;27;42;48;51;54;55;62;63;71;74;75;76;80;84
1,1,14,C/5,5,source_cluster,ridge_physics,1.232573827107747,1.5288982797646573,"{""alpha"": 0.1}",1.7976218972887312,0;1;2;23;25;28;32;33;36;57;64;69;77;87,3;6;18;22;27;42;48;51;54;55;62;63;71;74;75;76;80;84
1,1,14,C/5,5,source_cluster,ridge_source,1.6154795752631292,2.337120340783385,"{""alpha"": 1.0}",2.171698536191668,0;1;2;23;25;28;32;33;36;57;64;69;77;87,3;6;18;22;27;42;48;51;54;55;62;63;71;74;75;76;80;84
1,1,14,C/5,5,source_cluster,ridge_input,4.018035676744249,5.035918642712149,"{""alpha"": 1.0}",3.401521955217634,0;1;2;23;25;28;32;33;36;57;64;69;77;87,3;6;18;22;27;42;48;51;54;55;62;63;71;74;75;76;80;84
1,1,14,C/5,5,source_cluster,krr_rbf,4.066604402330187,10.366784994893612,"{""alpha"": 0.1, ""gamma"": 0.05}",3.4929624455315724,0;1;2;23;25;28;32;33;36;57;64;69;77;87,3;6;18;22;27;42;48;51;54;55;62;63;71;74;75;76;80;84
1,1,14,C/5,5,source_cluster,svr_rbf,5.828477656348579,11.30191435908726,"{""C"": 10.0, ""epsilon"": 0.2}",4.806550832928719,0;1;2;23;25;28;32;33;36;57;64;69;77;87,3;6;18;22;27;42;48;51;54;55;62;63;71;74;75;76;80;84
1,1,14,C/5,5,source_cluster,gp_rbf,4.570502562166308,11.28005130112598,"{""alpha"": 1.0, ""length"": 3.0}",3.657023465535633,0;1;2;23;25;28;32;33;36;57;64;69;77;87,3;6;18;22;27;42;48;51;54;55;62;63;71;74;75;76;80;84
1,1,14,C/5,5,source_cluster,catboost,5.691675477427083,9.311769245402612,{},,0;1;2;23;25;28;32;33;36;57;64;69;77;87,3;6;18;22;27;42;48;51;54;55;62;63;71;74;75;76;80;84
1,1,14,C/5,5,source_cluster,xgboost,6.881578869289822,10.723221634701932,{},,0;1;2;23;25;28;32;33;36;57;64;69;77;87,3;6;18;22;27;42;48;51;54;55;62;63;71;74;75;76;80;84
1,1,14,C/5,5,source_cluster,extra_trees,5.079123055611128,7.231143489302066,{},,0;1;2;23;25;28;32;33;36;57;64;69;77;87,3;6;18;22;27;42;48;51;54;55;62;63;71;74;75;76;80;84
1,1,14,C/80,0,physical_cluster,ridge_physics,2.546532313028971,3.327437166991054,"{""alpha"": 0.1}",2.284263134002685,0;1;15;23;28;30;31;36;44;45;46;59;68;69,3;6;18;22;27;42;48;51;54;55;62;63;71;74;75;76;80;84
1,1,14,C/80,0,physical_cluster,ridge_source,2.3225284152560763,3.0426557693323018,"{""alpha"": 0.1}",1.9615801913397648,0;1;15;23;28;30;31;36;44;45;46;59;68;69,3;6;18;22;27;42;48;51;54;55;62;63;71;74;75;76;80;84
1,1,14,C/80,0,physical_cluster,ridge_input,5.353113174438477,7.0306665072868455,"{""alpha"": 10.0}",2.8879259824752808,0;1;15;23;28;30;31;36;44;45;46;59;68;69,3;6;18;22;27;42;48;51;54;55;62;63;71;74;75;76;80;84
1,1,14,C/80,0,physical_cluster,krr_rbf,4.167354583740234,7.70963274092564,"{""alpha"": 0.1, ""gamma"": 0.05}",3.5360511115619118,0;1;15;23;28;30;31;36;44;45;46;59;68;69,3;6;18;22;27;42;48;51;54;55;62;63;71;74;75;76;80;84
1,1,14,C/80,0,physical_cluster,svr_rbf,3.788481930847725,7.033175320095401,"{""C"": 100.0, ""epsilon"": 0.2}",4.306333507411919,0;1;15;23;28;30;31;36;44;45;46;59;68;69,3;6;18;22;27;42;48;51;54;55;62;63;71;74;75;76;80;84
1,1,14,C/80,0,physical_cluster,gp_rbf,4.641071746842642,8.478952368299767,"{""alpha"": 1.0, ""length"": 3.0}",3.5980776118689968,0;1;15;23;28;30;31;36;44;45;46;59;68;69,3;6;18;22;27;42;48;51;54;55;62;63;71;74;75;76;80;84
1,1,14,C/80,0,physical_cluster,catboost,6.05941263918398,8.379980610368067,{},,0;1;15;23;28;30;31;36;44;45;46;59;68;69,3;6;18;22;27;42;48;51;54;55;62;63;71;74;75;76;80;84
1,1,14,C/80,0,physical_cluster,xgboost,7.027840508355035,9.627865494905018,{},,0;1;15;23;28;30;31;36;44;45;46;59;68;69,3;6;18;22;27;42;48;51;54;55;62;63;71;74;75;76;80;84
1,1,14,C/80,0,physical_cluster,extra_trees,5.352679081392036,6.371079376433848,{},,0;1;15;23;28;30;31;36;44;45;46;59;68;69,3;6;18;22;27;42;48;51;54;55;62;63;71;74;75;76;80;84
1,1,14,C/40,1,physical_cluster,ridge_physics,1.9390652974446612,2.5929658335182832,"{""alpha"": 0.1}",1.46867150919778,0;1;15;23;28;30;31;36;44;45;46;59;68;69,3;6;18;22;27;42;48;51;54;55;62;63;71;74;75;76;80;84
1,1,14,C/40,1,physical_cluster,ridge_source,1.8770870632595489,2.481033417272134,"{""alpha"": 0.1}",1.5321053436824257,0;1;15;23;28;30;31;36;44;45;46;59;68;69,3;6;18;22;27;42;48;51;54;55;62;63;71;74;75;76;80;84
1,1,14,C/40,1,physical_cluster,ridge_input,5.0240834554036455,6.720470861413097,"{""alpha"": 10.0}",2.824906195913042,0;1;15;23;28;30;31;36;44;45;46;59;68;69,3;6;18;22;27;42;48;51;54;55;62;63;71;74;75;76;80;84
1,1,14,C/40,1,physical_cluster,krr_rbf,3.868618859185113,8.071845237549924,"{""alpha"": 0.1, ""gamma"": 0.05}",2.911440006324223,0;1;15;23;28;30;31;36;44;45;46;59;68;69,3;6;18;22;27;42;48;51;54;55;62;63;71;74;75;76;80;84
1,1,14,C/40,1,physical_cluster,svr_rbf,3.5444935731631944,7.376162846236367,"{""C"": 100.0, ""epsilon"": 0.2}",3.861122422853616,0;1;15;23;28;30;31;36;44;45;46;59;68;69,3;6;18;22;27;42;48;51;54;55;62;63;71;74;75;76;80;84
1,1,14,C/40,1,physical_cluster,gp_rbf,4.324401483481087,8.88069753557897,"{""alpha"": 1.0, ""length"": 3.0}",3.012250539688214,0;1;15;23;28;30;31;36;44;45;46;59;68;69,3;6;18;22;27;42;48;51;54;55;62;63;71;74;75;76;80;84
1,1,14,C/40,1,physical_cluster,catboost,5.749857743928795,8.36808623568271,{},,0;1;15;23;28;30;31;36;44;45;46;59;68;69,3;6;18;22;27;42;48;51;54;55;62;63;71;74;75;76;80;84
1,1,14,C/40,1,physical_cluster,xgboost,6.720996432834202,9.66266927156754,{},,0;1;15;23;28;30;31;36;44;45;46;59;68;69,3;6;18;22;27;42;48;51;54;55;62;63;71;74;75;76;80;84
1,1,14,C/40,1,physical_cluster,extra_trees,5.17781561571454,6.315438167271891,{},,0;1;15;23;28;30;31;36;44;45;46;59;68;69,3;6;18;22;27;42;48;51;54;55;62;63;71;74;75;76;80;84
1,1,14,0.05A,2,physical_cluster,ridge_physics,2.9422308603922525,3.6366671727665527,"{""alpha"": 1.0}",2.5410812752587453,0;1;15;23;28;30;31;36;44;45;46;59;68;69,3;6;18;22;27;42;48;51;54;55;62;63;71;74;75;76;80;84
1,1,14,0.05A,2,physical_cluster,ridge_source,2.3338712056477866,3.0062644108862595,"{""alpha"": 1.0}",2.142945102282933,0;1;15;23;28;30;31;36;44;45;46;59;68;69,3;6;18;22;27;42;48;51;54;55;62;63;71;74;75;76;80;84
1,1,14,0.05A,2,physical_cluster,ridge_input,5.329681820339626,6.97319988637642,"{""alpha"": 10.0}",3.0450931446892877,0;1;15;23;28;30;31;36;44;45;46;59;68;69,3;6;18;22;27;42;48;51;54;55;62;63;71;74;75;76;80;84
1,1,14,0.05A,2,physical_cluster,krr_rbf,4.368971930609809,7.744898358371188,"{""alpha"": 0.1, ""gamma"": 0.05}",3.83273446559906,0;1;15;23;28;30;31;36;44;45;46;59;68;69,3;6;18;22;27;42;48;51;54;55;62;63;71;74;75;76;80;84
1,1,14,0.05A,2,physical_cluster,svr_rbf,4.079745655389479,7.07643040705253,"{""C"": 100.0, ""epsilon"": 1.0}",4.61249158181289,0;1;15;23;28;30;31;36;44;45;46;59;68;69,3;6;18;22;27;42;48;51;54;55;62;63;71;74;75;76;80;84
1,1,14,0.05A,2,physical_cluster,gp_rbf,4.813449908014101,8.482897395507104,"{""alpha"": 1.0, ""length"": 3.0}",3.874227519496467,0;1;15;23;28;30;31;36;44;45;46;59;68;69,3;6;18;22;27;42;48;51;54;55;62;63;71;74;75;76;80;84
1,1,14,0.05A,2,physical_cluster,catboost,6.131965944802033,8.35308442442342,{},,0;1;15;23;28;30;31;36;44;45;46;59;68;69,3;6;18;22;27;42;48;51;54;55;62;63;71;74;75;76;80;84
1,1,14,0.05A,2,physical_cluster,xgboost,7.083098517523871,9.576487682748168,{},,0;1;15;23;28;30;31;36;44;45;46;59;68;69,3;6;18;22;27;42;48;51;54;55;62;63;71;74;75;76;80;84
1,1,14,0.05A,2,physical_cluster,extra_trees,5.285304663547134,6.32209370527154,{},,0;1;15;23;28;30;31;36;44;45;46;59;68;69,3;6;18;22;27;42;48;51;54;55;62;63;71;74;75;76;80;84
1,1,14,C/10,3,physical_cluster,ridge_physics,1.471911112467448,1.9344755329058083,"{""alpha"": 0.1}",1.5991694246019637,0;1;15;23;28;30;31;36;44;45;46;59;68;69,3;6;18;22;27;42;48;51;54;55;62;63;71;74;75;76;80;84
1,1,14,C/10,3,physical_cluster,ridge_source,1.6524804433186848,2.128096708125896,"{""alpha"": 0.1}",1.614854165485927,0;1;15;23;28;30;31;36;44;45;46;59;68;69,3;6;18;22;27;42;48;51;54;55;62;63;71;74;75;76;80;84
1,1,14,C/10,3,physical_cluster,ridge_input,4.500404781765408,6.092754605516811,"{""alpha"": 10.0}",2.921053886413574,0;1;15;23;28;30;31;36;44;45;46;59;68;69,3;6;18;22;27;42;48;51;54;55;62;63;71;74;75;76;80;84
1,1,14,C/10,3,physical_cluster,krr_rbf,3.961303287082248,9.46299330014408,"{""alpha"": 0.1, ""gamma"": 0.05}",2.8392776335988725,0;1;15;23;28;30;31;36;44;45;46;59;68;69,3;6;18;22;27;42;48;51;54;55;62;63;71;74;75;76;80;84
1,1,14,C/10,3,physical_cluster,svr_rbf,5.739427019179598,10.629842622779448,"{""C"": 10.0, ""epsilon"": 0.2}",4.171570544152884,0;1;15;23;28;30;31;36;44;45;46;59;68;69,3;6;18;22;27;42;48;51;54;55;62;63;71;74;75;76;80;84
1,1,14,C/10,3,physical_cluster,gp_rbf,4.392008648754892,10.385124271069232,"{""alpha"": 1.0, ""length"": 3.0}",3.065128332627113,0;1;15;23;28;30;31;36;44;45;46;59;68;69,3;6;18;22;27;42;48;51;54;55;62;63;71;74;75;76;80;84
1,1,14,C/10,3,physical_cluster,catboost,5.7321947050718585,8.995441817414967,{},,0;1;15;23;28;30;31;36;44;45;46;59;68;69,3;6;18;22;27;42;48;51;54;55;62;63;71;74;75;76;80;84
1,1,14,C/10,3,physical_cluster,xgboost,6.739832984076606,10.286312667194204,{},,0;1;15;23;28;30;31;36;44;45;46;59;68;69,3;6;18;22;27;42;48;51;54;55;62;63;71;74;75;76;80;84
1,1,14,C/10,3,physical_cluster,extra_trees,5.257412759809897,6.90453164872496,{},,0;1;15;23;28;30;31;36;44;45;46;59;68;69,3;6;18;22;27;42;48;51;54;55;62;63;71;74;75;76;80;84
1,1,14,C/7,4,physical_cluster,ridge_physics,1.404122034708659,1.837497407879068,"{""alpha"": 0.1}",1.6767049176352364,0;1;15;23;28;30;31;36;44;45;46;59;68;69,3;6;18;22;27;42;48;51;54;55;62;63;71;74;75;76;80;84
1,1,14,C/7,4,physical_cluster,ridge_source,1.5720804002549913,2.225089702417908,"{""alpha"": 1.0}",1.70555465562003,0;1;15;23;28;30;31;36;44;45;46;59;68;69,3;6;18;22;27;42;48;51;54;55;62;63;71;74;75;76;80;84
1,1,14,C/7,4,physical_cluster,ridge_input,4.408715142144097,5.986410042152753,"{""alpha"": 10.0}",2.925947904586792,0;1;15;23;28;30;31;36;44;45;46;59;68;69,3;6;18;22;27;42;48;51;54;55;62;63;71;74;75;76;80;84
1,1,14,C/7,4,physical_cluster,krr_rbf,4.002689573499891,9.80961808255216,"{""alpha"": 0.1, ""gamma"": 0.05}",2.908241476331438,0;1;15;23;28;30;31;36;44;45;46;59;68;69,3;6;18;22;27;42;48;51;54;55;62;63;71;74;75;76;80;84
1,1,14,C/7,4,physical_cluster,svr_rbf,5.748206813250867,10.909210517973662,"{""C"": 10.0, ""epsilon"": 0.2}",4.229660539202057,0;1;15;23;28;30;31;36;44;45;46;59;68;69,3;6;18;22;27;42;48;51;54;55;62;63;71;74;75;76;80;84
1,1,14,C/7,4,physical_cluster,gp_rbf,4.436251593934294,10.780720213815297,"{""alpha"": 1.0, ""length"": 3.0}",3.1423538672972904,0;1;15;23;28;30;31;36;44;45;46;59;68;69,3;6;18;22;27;42;48;51;54;55;62;63;71;74;75;76;80;84
1,1,14,C/7,4,physical_cluster,catboost,5.759652244898999,9.175058488250691,{},,0;1;15;23;28;30;31;36;44;45;46;59;68;69,3;6;18;22;27;42;48;51;54;55;62;63;71;74;75;76;80;84
1,1,14,C/7,4,physical_cluster,xgboost,6.781467649671766,10.466975573116944,{},,0;1;15;23;28;30;31;36;44;45;46;59;68;69,3;6;18;22;27;42;48;51;54;55;62;63;71;74;75;76;80;84
1,1,14,C/7,4,physical_cluster,extra_trees,5.276349634045647,7.048439263937154,{},,0;1;15;23;28;30;31;36;44;45;46;59;68;69,3;6;18;22;27;42;48;51;54;55;62;63;71;74;75;76;80;84
1,1,14,C/5,5,physical_cluster,ridge_physics,1.3857746124267578,1.7629203919256309,"{""alpha"": 0.1}",1.7378324099949427,0;1;15;23;28;30;31;36;44;45;46;59;68;69,3;6;18;22;27;42;48;51;54;55;62;63;71;74;75;76;80;84
1,1,14,C/5,5,physical_cluster,ridge_source,1.647021187676324,2.2718561065881184,"{""alpha"": 1.0}",1.918635947363717,0;1;15;23;28;30;31;36;44;45;46;59;68;69,3;6;18;22;27;42;48;51;54;55;62;63;71;74;75;76;80;84
1,1,14,C/5,5,physical_cluster,ridge_input,4.333829032050239,5.910742291474761,"{""alpha"": 10.0}",3.0182041781289235,0;1;15;23;28;30;31;36;44;45;46;59;68;69,3;6;18;22;27;42;48;51;54;55;62;63;71;74;75;76;80;84
1,1,14,C/5,5,physical_cluster,krr_rbf,4.0491246117485895,10.157088486314368,"{""alpha"": 0.1, ""gamma"": 0.05}",3.0484183941568648,0;1;15;23;28;30;31;36;44;45;46;59;68;69,3;6;18;22;27;42;48;51;54;55;62;63;71;74;75;76;80;84
1,1,14,C/5,5,physical_cluster,svr_rbf,5.785297210516312,11.251236610769832,"{""C"": 10.0, ""epsilon"": 1.0}",4.3719182929205695,0;1;15;23;28;30;31;36;44;45;46;59;68;69,3;6;18;22;27;42;48;51;54;55;62;63;71;74;75;76;80;84
1,1,14,C/5,5,physical_cluster,gp_rbf,4.488214826258872,11.181394630476047,"{""alpha"": 1.0, ""length"": 3.0}",3.287731988234593,0;1;15;23;28;30;31;36;44;45;46;59;68;69,3;6;18;22;27;42;48;51;54;55;62;63;71;74;75;76;80;84
1,1,14,C/5,5,physical_cluster,catboost,5.770211684163538,9.337944242685635,{},,0;1;15;23;28;30;31;36;44;45;46;59;68;69,3;6;18;22;27;42;48;51;54;55;62;63;71;74;75;76;80;84
1,1,14,C/5,5,physical_cluster,xgboost,6.828155305650499,10.649914774575524,{},,0;1;15;23;28;30;31;36;44;45;46;59;68;69,3;6;18;22;27;42;48;51;54;55;62;63;71;74;75;76;80;84
1,1,14,C/5,5,physical_cluster,extra_trees,5.284211989527659,7.198300157603319,{},,0;1;15;23;28;30;31;36;44;45;46;59;68;69,3;6;18;22;27;42;48;51;54;55;62;63;71;74;75;76;80;84
1,1,14,C/80,0,input_cluster,ridge_physics,2.019564734564887,2.716221255391599,"{""alpha"": 0.1}",2.77558193887983,1;8;12;13;17;25;29;30;56;58;68;69;79;89,3;6;18;22;27;42;48;51;54;55;62;63;71;74;75;76;80;84
1,1,14,C/80,0,input_cluster,ridge_source,2.1755413479275174,2.695715061844026,"{""alpha"": 0.1}",2.8726851769856045,1;8;12;13;17;25;29;30;56;58;68;69;79;89,3;6;18;22;27;42;48;51;54;55;62;63;71;74;75;76;80;84
1,1,14,C/80,0,input_cluster,ridge_input,5.831522623697917,7.481240765126196,"{""alpha"": 10.0}",5.338169779096331,1;8;12;13;17;25;29;30;56;58;68;69;79;89,3;6;18;22;27;42;48;51;54;55;62;63;71;74;75;76;80;84
1,1,14,C/80,0,input_cluster,krr_rbf,3.4024285210503478,7.474157033652728,"{""alpha"": 0.1, ""gamma"": 0.05}",3.907920054027013,1;8;12;13;17;25;29;30;56;58;68;69;79;89,3;6;18;22;27;42;48;51;54;55;62;63;71;74;75;76;80;84
1,1,14,C/80,0,input_cluster,svr_rbf,3.417144229052856,6.145207311121491,"{""C"": 100.0, ""epsilon"": 0.2}",3.691212433435843,1;8;12;13;17;25;29;30;56;58;68;69;79;89,3;6;18;22;27;42;48;51;54;55;62;63;71;74;75;76;80;84
1,1,14,C/80,0,input_cluster,gp_rbf,3.691801468898529,8.132942856434866,"{""alpha"": 1.0, ""length"": 3.0}",4.274587650291374,1;8;12;13;17;25;29;30;56;58;68;69;79;89,3;6;18;22;27;42;48;51;54;55;62;63;71;74;75;76;80;84
1,1,14,C/80,0,input_cluster,catboost,5.12883584282305,6.987672024887448,{},,1;8;12;13;17;25;29;30;56;58;68;69;79;89,3;6;18;22;27;42;48;51;54;55;62;63;71;74;75;76;80;84
1,1,14,C/80,0,input_cluster,xgboost,6.272137112087673,8.520457900537048,{},,1;8;12;13;17;25;29;30;56;58;68;69;79;89,3;6;18;22;27;42;48;51;54;55;62;63;71;74;75;76;80;84
1,1,14,C/80,0,input_cluster,extra_trees,2.9515198815310444,4.149956755771905,{},,1;8;12;13;17;25;29;30;56;58;68;69;79;89,3;6;18;22;27;42;48;51;54;55;62;63;71;74;75;76;80;84
1,1,14,C/40,1,input_cluster,ridge_physics,1.5778653886583116,2.1749822225086834,"{""alpha"": 0.1}",2.1761654785701205,1;8;12;13;17;25;29;30;56;58;68;69;79;89,3;6;18;22;27;42;48;51;54;55;62;63;71;74;75;76;80;84
1,1,14,C/40,1,input_cluster,ridge_source,1.6110095977783203,2.189713133664921,"{""alpha"": 0.1}",2.2005025318690707,1;8;12;13;17;25;29;30;56;58;68;69;79;89,3;6;18;22;27;42;48;51;54;55;62;63;71;74;75;76;80;84
1,1,14,C/40,1,input_cluster,ridge_input,5.464415868123372,6.944896891324469,"{""alpha"": 10.0}",4.630358389445713,1;8;12;13;17;25;29;30;56;58;68;69;79;89,3;6;18;22;27;42;48;51;54;55;62;63;71;74;75;76;80;84
1,1,14,C/40,1,input_cluster,krr_rbf,3.1848136054144964,7.939601983761424,"{""alpha"": 0.1, ""gamma"": 0.05}",3.3221771717071533,1;8;12;13;17;25;29;30;56;58;68;69;79;89,3;6;18;22;27;42;48;51;54;55;62;63;71;74;75;76;80;84
1,1,14,C/40,1,input_cluster,svr_rbf,3.470340111200973,6.620215908374195,"{""C"": 100.0, ""epsilon"": 0.2}",3.074801257379405,1;8;12;13;17;25;29;30;56;58;68;69;79;89,3;6;18;22;27;42;48;51;54;55;62;63;71;74;75;76;80;84
1,1,14,C/40,1,input_cluster,gp_rbf,3.552734583080256,8.669734105951324,"{""alpha"": 1.0, ""length"": 3.0}",3.580521865930456,1;8;12;13;17;25;29;30;56;58;68;69;79;89,3;6;18;22;27;42;48;51;54;55;62;63;71;74;75;76;80;84
1,1,14,C/40,1,input_cluster,catboost,5.065095752590128,7.20155162726908,{},,1;8;12;13;17;25;29;30;56;58;68;69;79;89,3;6;18;22;27;42;48;51;54;55;62;63;71;74;75;76;80;84
1,1,14,C/40,1,input_cluster,xgboost,6.183575100368923,8.710096799695087,{},,1;8;12;13;17;25;29;30;56;58;68;69;79;89,3;6;18;22;27;42;48;51;54;55;62;63;71;74;75;76;80;84
1,1,14,C/40,1,input_cluster,extra_trees,2.4630016902641003,4.210481638734535,{},,1;8;12;13;17;25;29;30;56;58;68;69;79;89,3;6;18;22;27;42;48;51;54;55;62;63;71;74;75;76;80;84
1,1,14,0.05A,2,input_cluster,ridge_physics,2.216169993082682,2.8990516250016296,"{""alpha"": 0.1}",2.817101614815848,1;8;12;13;17;25;29;30;56;58;68;69;79;89,3;6;18;22;27;42;48;51;54;55;62;63;71;74;75;76;80;84
1,1,14,0.05A,2,input_cluster,ridge_source,2.305616166856554,2.7582713054326717,"{""alpha"": 0.1}",3.007589970316206,1;8;12;13;17;25;29;30;56;58;68;69;79;89,3;6;18;22;27;42;48;51;54;55;62;63;71;74;75;76;80;84
1,1,14,0.05A,2,input_cluster,ridge_input,5.730772866143121,7.455436136570962,"{""alpha"": 10.0}",5.500618083136422,1;8;12;13;17;25;29;30;56;58;68;69;79;89,3;6;18;22;27;42;48;51;54;55;62;63;71;74;75;76;80;84
1,1,14,0.05A,2,input_cluster,krr_rbf,3.558230929904514,7.468883657226078,"{""alpha"": 0.1, ""gamma"": 0.05}",4.057134475026812,1;8;12;13;17;25;29;30;56;58;68;69;79;89,3;6;18;22;27;42;48;51;54;55;62;63;71;74;75;76;80;84
1,1,14,0.05A,2,input_cluster,svr_rbf,4.075729899298331,6.531791191507241,"{""C"": 100.0, ""epsilon"": 1.0}",3.679790506363819,1;8;12;13;17;25;29;30;56;58;68;69;79;89,3;6;18;22;27;42;48;51;54;55;62;63;71;74;75;76;80;84
1,1,14,0.05A,2,input_cluster,gp_rbf,3.8217490619042858,8.095630186219411,"{""alpha"": 1.0, ""length"": 3.0}",4.44788851820705,1;8;12;13;17;25;29;30;56;58;68;69;79;89,3;6;18;22;27;42;48;51;54;55;62;63;71;74;75;76;80;84
1,1,14,0.05A,2,input_cluster,catboost,5.18553112367774,7.008516049709597,{},,1;8;12;13;17;25;29;30;56;58;68;69;79;89,3;6;18;22;27;42;48;51;54;55;62;63;71;74;75;76;80;84
1,1,14,0.05A,2,input_cluster,xgboost,6.28641594780816,8.463131756611352,{},,1;8;12;13;17;25;29;30;56;58;68;69;79;89,3;6;18;22;27;42;48;51;54;55;62;63;71;74;75;76;80;84
1,1,14,0.05A,2,input_cluster,extra_trees,3.022179303257555,4.217963280889226,{},,1;8;12;13;17;25;29;30;56;58;68;69;79;89,3;6;18;22;27;42;48;51;54;55;62;63;71;74;75;76;80;84
1,1,14,C/10,3,input_cluster,ridge_physics,1.211833953857422,1.6463061066712414,"{""alpha"": 0.1}",2.024147612707956,1;8;12;13;17;25;29;30;56;58;68;69;79;89,3;6;18;22;27;42;48;51;54;55;62;63;71;74;75;76;80;84
1,1,14,C/10,3,input_cluster,ridge_source,1.3299386766221788,1.8587861137092327,"{""alpha"": 0.1}",2.030915124075753,1;8;12;13;17;25;29;30;56;58;68;69;79;89,3;6;18;22;27;42;48;51;54;55;62;63;71;74;75;76;80;84
1,1,14,C/10,3,input_cluster,ridge_input,4.952951219346788,6.1110808870720925,"{""alpha"": 10.0}",4.282938241958618,1;8;12;13;17;25;29;30;56;58;68;69;79;89,3;6;18;22;27;42;48;51;54;55;62;63;71;74;75;76;80;84
1,1,14,C/10,3,input_cluster,krr_rbf,3.3386603461371527,9.403236054378397,"{""alpha"": 0.1, ""gamma"": 0.05}",3.176023312977382,1;8;12;13;17;25;29;30;56;58;68;69;79;89,3;6;18;22;27;42;48;51;54;55;62;63;71;74;75;76;80;84
1,1,14,C/10,3,input_cluster,svr_rbf,3.3920108226352994,7.781725685616745,"{""C"": 100.0, ""epsilon"": 1.0}",3.192303071979652,1;8;12;13;17;25;29;30;56;58;68;69;79;89,3;6;18;22;27;42;48;51;54;55;62;63;71;74;75;76;80;84
1,1,14,C/10,3,input_cluster,gp_rbf,3.753048115345027,10.27992250128352,"{""alpha"": 1.0, ""length"": 3.0}",3.4300386679865302,1;8;12;13;17;25;29;30;56;58;68;69;79;89,3;6;18;22;27;42;48;51;54;55;62;63;71;74;75;76;80;84
1,1,14,C/10,3,input_cluster,catboost,5.3545527315032855,8.144081915304525,{},,1;8;12;13;17;25;29;30;56;58;68;69;79;89,3;6;18;22;27;42;48;51;54;55;62;63;71;74;75;76;80;84
1,1,14,C/10,3,input_cluster,xgboost,6.352783203125,9.573524203855095,{},,1;8;12;13;17;25;29;30;56;58;68;69;79;89,3;6;18;22;27;42;48;51;54;55;62;63;71;74;75;76;80;84
1,1,14,C/10,3,input_cluster,extra_trees,2.724683720977218,5.235474287473891,{},,1;8;12;13;17;25;29;30;56;58;68;69;79;89,3;6;18;22;27;42;48;51;54;55;62;63;71;74;75;76;80;84
1,1,14,C/7,4,input_cluster,ridge_physics,1.165251202053494,1.5431901822116978,"{""alpha"": 0.1}",1.996034860610962,1;8;12;13;17;25;29;30;56;58;68;69;79;89,3;6;18;22;27;42;48;51;54;55;62;63;71;74;75;76;80;84
1,1,14,C/7,4,input_cluster,ridge_source,1.5380999247233074,2.141160008498777,"{""alpha"": 1.0}",2.095335960388184,1;8;12;13;17;25;29;30;56;58;68;69;79;89,3;6;18;22;27;42;48;51;54;55;62;63;71;74;75;76;80;84
1,1,14,C/7,4,input_cluster,ridge_input,4.85802862379286,5.985727483041791,"{""alpha"": 10.0}",4.108597789491926,1;8;12;13;17;25;29;30;56;58;68;69;79;89,3;6;18;22;27;42;48;51;54;55;62;63;71;74;75;76;80;84
1,1,14,C/7,4,input_cluster,krr_rbf,3.43149291144477,9.786340146131687,"{""alpha"": 0.1, ""gamma"": 0.05}",3.20761615889413,1;8;12;13;17;25;29;30;56;58;68;69;79;89,3;6;18;22;27;42;48;51;54;55;62;63;71;74;75;76;80;84
1,1,14,C/7,4,input_cluster,svr_rbf,3.516467909446559,7.95351075390651,"{""C"": 100.0, ""epsilon"": 0.2}",3.236937433476503,1;8;12;13;17;25;29;30;56;58;68;69;79;89,3;6;18;22;27;42;48;51;54;55;62;63;71;74;75;76;80;84
1,1,14,C/7,4,input_cluster,gp_rbf,3.829258909012732,10.700270732575968,"{""alpha"": 1.0, ""length"": 3.0}",3.449993563503164,1;8;12;13;17;25;29;30;56;58;68;69;79;89,3;6;18;22;27;42;48;51;54;55;62;63;71;74;75;76;80;84
1,1,14,C/7,4,input_cluster,catboost,5.43699911390698,8.364069093559387,{},,1;8;12;13;17;25;29;30;56;58;68;69;79;89,3;6;18;22;27;42;48;51;54;55;62;63;71;74;75;76;80;84
1,1,14,C/7,4,input_cluster,xgboost,6.393274307250977,9.789774899003763,{},,1;8;12;13;17;25;29;30;56;58;68;69;79;89,3;6;18;22;27;42;48;51;54;55;62;63;71;74;75;76;80;84
1,1,14,C/7,4,input_cluster,extra_trees,2.775661482810974,5.4394560020155565,{},,1;8;12;13;17;25;29;30;56;58;68;69;79;89,3;6;18;22;27;42;48;51;54;55;62;63;71;74;75;76;80;84
1,1,14,C/5,5,input_cluster,ridge_physics,1.1842952304416232,1.503506300125735,"{""alpha"": 0.1}",2.062354700905936,1;8;12;13;17;25;29;30;56;58;68;69;79;89,3;6;18;22;27;42;48;51;54;55;62;63;71;74;75;76;80;84
1,1,14,C/5,5,input_cluster,ridge_source,1.5964041815863714,2.276295682241162,"{""alpha"": 1.0}",2.236563171659197,1;8;12;13;17;25;29;30;56;58;68;69;79;89,3;6;18;22;27;42;48;51;54;55;62;63;71;74;75;76;80;84
1,1,14,C/5,5,input_cluster,ridge_input,4.7805160946316185,5.884361105371223,"{""alpha"": 10.0}",4.137099129813058,1;8;12;13;17;25;29;30;56;58;68;69;79;89,3;6;18;22;27;42;48;51;54;55;62;63;71;74;75;76;80;84
1,1,14,C/5,5,input_cluster,krr_rbf,3.5097632937961154,10.117361423449296,"{""alpha"": 0.1, ""gamma"": 0.05}",3.30440252167838,1;8;12;13;17;25;29;30;56;58;68;69;79;89,3;6;18;22;27;42;48;51;54;55;62;63;71;74;75;76;80;84
1,1,14,C/5,5,input_cluster,svr_rbf,3.4840809177959065,8.25895346357824,"{""C"": 100.0, ""epsilon"": 1.0}",3.2451509485400187,1;8;12;13;17;25;29;30;56;58;68;69;79;89,3;6;18;22;27;42;48;51;54;55;62;63;71;74;75;76;80;84
1,1,14,C/5,5,input_cluster,gp_rbf,3.916747092052127,11.103109812592406,"{""alpha"": 1.0, ""length"": 3.0}",3.584718709747775,1;8;12;13;17;25;29;30;56;58;68;69;79;89,3;6;18;22;27;42;48;51;54;55;62;63;71;74;75;76;80;84
1,1,14,C/5,5,input_cluster,catboost,5.524665962243314,8.642957989696548,{},,1;8;12;13;17;25;29;30;56;58;68;69;79;89,3;6;18;22;27;42;48;51;54;55;62;63;71;74;75;76;80;84
1,1,14,C/5,5,input_cluster,xgboost,6.476978513929579,10.04957393439157,{},,1;8;12;13;17;25;29;30;56;58;68;69;79;89,3;6;18;22;27;42;48;51;54;55;62;63;71;74;75;76;80;84
1,1,14,C/5,5,input_cluster,extra_trees,2.8411976740095346,5.683953661496247,{},,1;8;12;13;17;25;29;30;56;58;68;69;79;89,3;6;18;22;27;42;48;51;54;55;62;63;71;74;75;76;80;84
1,2,14,C/80,0,random,ridge_physics,2.0659968058268228,2.642194105002968,"{""alpha"": 1.0}",2.475699816431318,1;5;10;12;35;37;39;43;49;68;70;73;89;90,3;6;18;22;27;42;48;51;54;55;62;63;71;74;75;76;80;84
1,2,14,C/80,0,random,ridge_source,2.190823025173611,2.7049934772833537,"{""alpha"": 0.1}",2.1939253636768887,1;5;10;12;35;37;39;43;49;68;70;73;89;90,3;6;18;22;27;42;48;51;54;55;62;63;71;74;75;76;80;84
1,2,14,C/80,0,random,ridge_input,5.296115875244141,7.033103217148891,"{""alpha"": 10.0}",4.076199633734567,1;5;10;12;35;37;39;43;49;68;70;73;89;90,3;6;18;22;27;42;48;51;54;55;62;63;71;74;75;76;80;84
1,2,14,C/80,0,random,krr_rbf,3.8187217712402335,8.744546116238116,"{""alpha"": 0.1, ""gamma"": 0.05}",3.0914685981614247,1;5;10;12;35;37;39;43;49;68;70;73;89;90,3;6;18;22;27;42;48;51;54;55;62;63;71;74;75;76;80;84
1,2,14,C/80,0,random,svr_rbf,5.689223039513099,9.376713677708352,"{""C"": 10.0, ""epsilon"": 0.2}",4.906452132873535,1;5;10;12;35;37;39;43;49;68;70;73;89;90,3;6;18;22;27;42;48;51;54;55;62;63;71;74;75;76;80;84
1,2,14,C/80,0,random,gp_rbf,4.328595356104263,9.140371817720876,"{""alpha"": 1.0, ""length"": 3.0}",3.46684787677054,1;5;10;12;35;37;39;43;49;68;70;73;89;90,3;6;18;22;27;42;48;51;54;55;62;63;71;74;75;76;80;84
1,2,14,C/80,0,random,catboost,5.809669023807556,8.518500692620131,{},,1;5;10;12;35;37;39;43;49;68;70;73;89;90,3;6;18;22;27;42;48;51;54;55;62;63;71;74;75;76;80;84
1,2,14,C/80,0,random,xgboost,7.251861572265625,10.140968502502805,{},,1;5;10;12;35;37;39;43;49;68;70;73;89;90,3;6;18;22;27;42;48;51;54;55;62;63;71;74;75;76;80;84
1,2,14,C/80,0,random,extra_trees,4.894720154122811,6.668209963601004,{},,1;5;10;12;35;37;39;43;49;68;70;73;89;90,3;6;18;22;27;42;48;51;54;55;62;63;71;74;75;76;80;84
1,2,14,C/40,1,random,ridge_physics,1.485129886203342,2.2472177889356533,"{""alpha"": 0.1}",1.8135069438389368,1;5;10;12;35;37;39;43;49;68;70;73;89;90,3;6;18;22;27;42;48;51;54;55;62;63;71;74;75;76;80;84
1,2,14,C/40,1,random,ridge_source,1.7001202901204426,2.330817978576541,"{""alpha"": 0.1}",1.5569423607417516,1;5;10;12;35;37;39;43;49;68;70;73;89;90,3;6;18;22;27;42;48;51;54;55;62;63;71;74;75;76;80;84
1,2,14,C/40,1,random,ridge_input,4.912025875515408,6.527276595077944,"{""alpha"": 10.0}",3.3781595059803555,1;5;10;12;35;37;39;43;49;68;70;73;89;90,3;6;18;22;27;42;48;51;54;55;62;63;71;74;75;76;80;84
1,2,14,C/40,1,random,krr_rbf,3.8036456637912326,9.35728275265704,"{""alpha"": 0.1, ""gamma"": 0.05}",2.6401146990912303,1;5;10;12;35;37;39;43;49;68;70;73;89;90,3;6;18;22;27;42;48;51;54;55;62;63;71;74;75;76;80;84
1,2,14,C/40,1,random,svr_rbf,5.615087395582431,9.74446106226568,"{""C"": 10.0, ""epsilon"": 0.2}",4.205171626191263,1;5;10;12;35;37;39;43;49;68;70;73;89;90,3;6;18;22;27;42;48;51;54;55;62;63;71;74;75;76;80;84
1,2,14,C/40,1,random,gp_rbf,4.387787336414847,9.768593429641886,"{""alpha"": 1.0, ""length"": 3.0}",3.0016304320245064,1;5;10;12;35;37;39;43;49;68;70;73;89;90,3;6;18;22;27;42;48;51;54;55;62;63;71;74;75;76;80;84
1,2,14,C/40,1,random,catboost,5.831809398350187,8.817457565662384,{},,1;5;10;12;35;37;39;43;49;68;70;73;89;90,3;6;18;22;27;42;48;51;54;55;62;63;71;74;75;76;80;84
1,2,14,C/40,1,random,xgboost,7.3300628662109375,10.49186817777019,{},,1;5;10;12;35;37;39;43;49;68;70;73;89;90,3;6;18;22;27;42;48;51;54;55;62;63;71;74;75;76;80;84
1,2,14,C/40,1,random,extra_trees,4.822750347463365,6.968184774479137,{},,1;5;10;12;35;37;39;43;49;68;70;73;89;90,3;6;18;22;27;42;48;51;54;55;62;63;71;74;75;76;80;84
1,2,14,0.05A,2,random,ridge_physics,2.2235484653049045,2.7205744978655733,"{""alpha"": 1.0}",2.7129042659487044,1;5;10;12;35;37;39;43;49;68;70;73;89;90,3;6;18;22;27;42;48;51;54;55;62;63;71;74;75;76;80;84
1,2,14,0.05A,2,random,ridge_source,2.2996847364637585,2.7670212462013257,"{""alpha"": 0.1}",2.4075710773468018,1;5;10;12;35;37;39;43;49;68;70;73;89;90,3;6;18;22;27;42;48;51;54;55;62;63;71;74;75;76;80;84
1,2,14,0.05A,2,random,ridge_input,5.349988725450304,7.134162772573311,"{""alpha"": 10.0}",4.311661243438721,1;5;10;12;35;37;39;43;49;68;70;73;89;90,3;6;18;22;27;42;48;51;54;55;62;63;71;74;75;76;80;84
1,2,14,0.05A,2,random,krr_rbf,3.88484870062934,8.654111816871506,"{""alpha"": 0.1, ""gamma"": 0.05}",3.279268737350191,1;5;10;12;35;37;39;43;49;68;70;73;89;90,3;6;18;22;27;42;48;51;54;55;62;63;71;74;75;76;80;84
1,2,14,0.05A,2,random,svr_rbf,5.721891232918054,9.244069109336706,"{""C"": 10.0, ""epsilon"": 0.2}",5.0732356977903,1;5;10;12;35;37;39;43;49;68;70;73;89;90,3;6;18;22;27;42;48;51;54;55;62;63;71;74;75;76;80;84
1,2,14,0.05A,2,random,gp_rbf,4.356204555411932,9.047979997270996,"{""alpha"": 1.0, ""length"": 3.0}",3.65320783598913,1;5;10;12;35;37;39;43;49;68;70;73;89;90,3;6;18;22;27;42;48;51;54;55;62;63;71;74;75;76;80;84
1,2,14,0.05A,2,random,catboost,5.808017495635274,8.418529020825009,{},,1;5;10;12;35;37;39;43;49;68;70;73;89;90,3;6;18;22;27;42;48;51;54;55;62;63;71;74;75;76;80;84
1,2,14,0.05A,2,random,xgboost,7.269356197781033,10.005684061189108,{},,1;5;10;12;35;37;39;43;49;68;70;73;89;90,3;6;18;22;27;42;48;51;54;55;62;63;71;74;75;76;80;84
1,2,14,0.05A,2,random,extra_trees,4.936786756059082,6.582322813832438,{},,1;5;10;12;35;37;39;43;49;68;70;73;89;90,3;6;18;22;27;42;48;51;54;55;62;63;71;74;75;76;80;84
1,2,14,C/10,3,random,ridge_physics,1.66061274210612,2.4769782173885435,"{""alpha"": 0.1}",1.612465739250183,1;5;10;12;35;37;39;43;49;68;70;73;89;90,3;6;18;22;27;42;48;51;54;55;62;63;71;74;75;76;80;84
1,2,14,C/10,3,random,ridge_source,1.686402850680881,2.5310932326303184,"{""alpha"": 0.1}",1.260149393762861,1;5;10;12;35;37;39;43;49;68;70;73;89;90,3;6;18;22;27;42;48;51;54;55;62;63;71;74;75;76;80;84
1,2,14,C/10,3,random,ridge_input,4.469423082139757,5.9426912399649465,"{""alpha"": 1.0}",3.021817752293178,1;5;10;12;35;37;39;43;49;68;70;73;89;90,3;6;18;22;27;42;48;51;54;55;62;63;71;74;75;76;80;84
1,2,14,C/10,3,random,krr_rbf,4.2585572136773004,11.167424545629864,"{""alpha"": 0.1, ""gamma"": 0.05}",2.4824598176138744,1;5;10;12;35;37;39;43;49;68;70;73;89;90,3;6;18;22;27;42;48;51;54;55;62;63;71;74;75;76;80;84
1,2,14,C/10,3,random,svr_rbf,5.983838459907943,11.065546475440716,"{""C"": 10.0, ""epsilon"": 0.2}",4.109306355186599,1;5;10;12;35;37;39;43;49;68;70;73;89;90,3;6;18;22;27;42;48;51;54;55;62;63;71;74;75;76;80;84
1,2,14,C/10,3,random,gp_rbf,4.825632892353834,11.585817718605666,"{""alpha"": 1.0, ""length"": 3.0}",2.8541528671104066,1;5;10;12;35;37;39;43;49;68;70;73;89;90,3;6;18;22;27;42;48;51;54;55;62;63;71;74;75;76;80;84
1,2,14,C/10,3,random,catboost,6.186393343997474,9.974958507706956,{},,1;5;10;12;35;37;39;43;49;68;70;73;89;90,3;6;18;22;27;42;48;51;54;55;62;63;71;74;75;76;80;84
1,2,14,C/10,3,random,xgboost,7.68498060438368,11.596018549599732,{},,1;5;10;12;35;37;39;43;49;68;70;73;89;90,3;6;18;22;27;42;48;51;54;55;62;63;71;74;75;76;80;84
1,2,14,C/10,3,random,extra_trees,5.136711939779138,8.129926692368986,{},,1;5;10;12;35;37;39;43;49;68;70;73;89;90,3;6;18;22;27;42;48;51;54;55;62;63;71;74;75;76;80;84
1,2,14,C/7,4,random,ridge_physics,1.692932340833876,2.538213010645842,"{""alpha"": 0.1}",1.678673335484096,1;5;10;12;35;37;39;43;49;68;70;73;89;90,3;6;18;22;27;42;48;51;54;55;62;63;71;74;75;76;80;84
1,2,14,C/7,4,random,ridge_source,1.7580651177300348,2.674436264782821,"{""alpha"": 0.1}",1.2807161126817976,1;5;10;12;35;37;39;43;49;68;70;73;89;90,3;6;18;22;27;42;48;51;54;55;62;63;71;74;75;76;80;84
1,2,14,C/7,4,random,ridge_input,4.347753100925022,5.738226000233472,"{""alpha"": 1.0}",3.0199804987226213,1;5;10;12;35;37;39;43;49;68;70;73;89;90,3;6;18;22;27;42;48;51;54;55;62;63;71;74;75;76;80;84
1,2,14,C/7,4,random,krr_rbf,4.350595050387913,11.637567827995069,"{""alpha"": 0.1, ""gamma"": 0.05}",2.4998901912144254,1;5;10;12;35;37;39;43;49;68;70;73;89;90,3;6;18;22;27;42;48;51;54;55;62;63;71;74;75;76;80;84
1,2,14,C/7,4,random,svr_rbf,6.059643306664579,11.375745301301524,"{""C"": 10.0, ""epsilon"": 0.2}",4.09895993925879,1;5;10;12;35;37;39;43;49;68;70;73;89;90,3;6;18;22;27;42;48;51;54;55;62;63;71;74;75;76;80;84
1,2,14,C/7,4,random,gp_rbf,4.919458109988515,12.060197961195312,"{""alpha"": 1.0, ""length"": 3.0}",2.877123916695,1;5;10;12;35;37;39;43;49;68;70;73;89;90,3;6;18;22;27;42;48;51;54;55;62;63;71;74;75;76;80;84
1,2,14,C/7,4,random,catboost,6.248935671469752,10.241911021703666,{},,1;5;10;12;35;37;39;43;49;68;70;73;89;90,3;6;18;22;27;42;48;51;54;55;62;63;71;74;75;76;80;84
1,2,14,C/7,4,random,xgboost,7.781888114081489,11.85933829967039,{},,1;5;10;12;35;37;39;43;49;68;70;73;89;90,3;6;18;22;27;42;48;51;54;55;62;63;71;74;75;76;80;84
1,2,14,C/7,4,random,extra_trees,5.182831504605256,8.388052603731017,{},,1;5;10;12;35;37;39;43;49;68;70;73;89;90,3;6;18;22;27;42;48;51;54;55;62;63;71;74;75;76;80;84
1,2,14,C/5,5,random,ridge_physics,1.934017817179362,2.770774123749136,"{""alpha"": 1.0}",1.7192650522504531,1;5;10;12;35;37;39;43;49;68;70;73;89;90,3;6;18;22;27;42;48;51;54;55;62;63;71;74;75;76;80;84
1,2,14,C/5,5,random,ridge_source,1.823831770155165,2.8278686805664224,"{""alpha"": 0.1}",1.363675662449428,1;5;10;12;35;37;39;43;49;68;70;73;89;90,3;6;18;22;27;42;48;51;54;55;62;63;71;74;75;76;80;84
1,2,14,C/5,5,random,ridge_input,4.266444947984484,5.634333996861948,"{""alpha"": 1.0}",3.052412271499634,1;5;10;12;35;37;39;43;49;68;70;73;89;90,3;6;18;22;27;42;48;51;54;55;62;63;71;74;75;76;80;84
1,2,14,C/5,5,random,krr_rbf,4.4322393205430775,12.125297729279668,"{""alpha"": 0.1, ""gamma"": 0.05}",2.4982255697250366,1;5;10;12;35;37;39;43;49;68;70;73;89;90,3;6;18;22;27;42;48;51;54;55;62;63;71;74;75;76;80;84
1,2,14,C/5,5,random,svr_rbf,6.146522750375748,11.708380514077202,"{""C"": 10.0, ""epsilon"": 0.2}",4.102867506045077,1;5;10;12;35;37;39;43;49;68;70;73;89;90,3;6;18;22;27;42;48;51;54;55;62;63;71;74;75;76;80;84
1,2,14,C/5,5,random,gp_rbf,5.001992229016166,12.544025408099918,"{""alpha"": 1.0, ""length"": 3.0}",2.882629883743477,1;5;10;12;35;37;39;43;49;68;70;73;89;90,3;6;18;22;27;42;48;51;54;55;62;63;71;74;75;76;80;84
1,2,14,C/5,5,random,catboost,6.307317411836644,10.49936526245205,{},,1;5;10;12;35;37;39;43;49;68;70;73;89;90,3;6;18;22;27;42;48;51;54;55;62;63;71;74;75;76;80;84
1,2,14,C/5,5,random,xgboost,7.880624771118164,12.116695022543484,{},,1;5;10;12;35;37;39;43;49;68;70;73;89;90,3;6;18;22;27;42;48;51;54;55;62;63;71;74;75;76;80;84
1,2,14,C/5,5,random,extra_trees,5.21735785695897,8.628697215448886,{},,1;5;10;12;35;37;39;43;49;68;70;73;89;90,3;6;18;22;27;42;48;51;54;55;62;63;71;74;75;76;80;84
1,2,14,C/80,0,source_cluster,ridge_physics,2.635377248128256,3.41589079239035,"{""alpha"": 1.0}",2.1741153512682234,1;2;9;15;23;25;36;39;44;50;56;69;77;87,3;6;18;22;27;42;48;51;54;55;62;63;71;74;75;76;80;84
1,2,14,C/80,0,source_cluster,ridge_source,2.2856792873806424,2.9351151110761475,"{""alpha"": 1.0}",2.0491126435143605,1;2;9;15;23;25;36;39;44;50;56;69;77;87,3;6;18;22;27;42;48;51;54;55;62;63;71;74;75;76;80;84
1,2,14,C/80,0,source_cluster,ridge_input,4.943493949042426,6.106494646156637,"{""alpha"": 1.0}",3.543089304651533,1;2;9;15;23;25;36;39;44;50;56;69;77;87,3;6;18;22;27;42;48;51;54;55;62;63;71;74;75;76;80;84
1,2,14,C/80,0,source_cluster,krr_rbf,4.086378309461805,7.62890466591196,"{""alpha"": 0.1, ""gamma"": 0.05}",3.221933194569179,1;2;9;15;23;25;36;39;44;50;56;69;77;87,3;6;18;22;27;42;48;51;54;55;62;63;71;74;75;76;80;84
1,2,14,C/80,0,source_cluster,svr_rbf,3.9485993073563344,6.567718488440657,"{""C"": 100.0, ""epsilon"": 0.2}",2.3420249011552774,1;2;9;15;23;25;36;39;44;50;56;69;77;87,3;6;18;22;27;42;48;51;54;55;62;63;71;74;75;76;80;84
1,2,14,C/80,0,source_cluster,gp_rbf,4.348145180633688,8.348556578742356,"{""alpha"": 1.0, ""length"": 3.0}",3.3706960053506383,1;2;9;15;23;25;36;39;44;50;56;69;77;87,3;6;18;22;27;42;48;51;54;55;62;63;71;74;75;76;80;84
1,2,14,C/80,0,source_cluster,catboost,5.169005281165812,6.859943064127309,{},,1;2;9;15;23;25;36;39;44;50;56;69;77;87,3;6;18;22;27;42;48;51;54;55;62;63;71;74;75;76;80;84
1,2,14,C/80,0,source_cluster,xgboost,6.292812347412109,8.408860474935025,{},,1;2;9;15;23;25;36;39;44;50;56;69;77;87,3;6;18;22;27;42;48;51;54;55;62;63;71;74;75;76;80;84
1,2,14,C/80,0,source_cluster,extra_trees,3.074539723913503,4.232447558938805,{},,1;2;9;15;23;25;36;39;44;50;56;69;77;87,3;6;18;22;27;42;48;51;54;55;62;63;71;74;75;76;80;84
1,2,14,C/40,1,source_cluster,ridge_physics,1.892091539171007,2.493745318738397,"{""alpha"": 0.1}",1.6444566590445382,1;2;9;15;23;25;36;39;44;50;56;69;77;87,3;6;18;22;27;42;48;51;54;55;62;63;71;74;75;76;80;84
1,2,14,C/40,1,source_cluster,ridge_source,1.8901153140597875,2.4478398727673047,"{""alpha"": 0.1}",1.69573552267892,1;2;9;15;23;25;36;39;44;50;56;69;77;87,3;6;18;22;27;42;48;51;54;55;62;63;71;74;75;76;80;84
1,2,14,C/40,1,source_cluster,ridge_input,4.519330342610677,5.806257005037956,"{""alpha"": 1.0}",3.291769896234785,1;2;9;15;23;25;36;39;44;50;56;69;77;87,3;6;18;22;27;42;48;51;54;55;62;63;71;74;75;76;80;84
1,2,14,C/40,1,source_cluster,krr_rbf,3.7198990715874567,8.048633821578017,"{""alpha"": 0.1, ""gamma"": 0.05}",2.696176392691476,1;2;9;15;23;25;36;39;44;50;56;69;77;87,3;6;18;22;27;42;48;51;54;55;62;63;71;74;75;76;80;84
1,2,14,C/40,1,source_cluster,svr_rbf,3.148866972176486,6.617018006733567,"{""C"": 100.0, ""epsilon"": 0.2}",1.8565005863706177,1;2;9;15;23;25;36;39;44;50;56;69;77;87,3;6;18;22;27;42;48;51;54;55;62;63;71;74;75;76;80;84
1,2,14,C/40,1,source_cluster,gp_rbf,4.120326097409478,8.80355177578938,"{""alpha"": 1.0, ""length"": 3.0}",2.8689023572463417,1;2;9;15;23;25;36;39;44;50;56;69;77;87,3;6;18;22;27;42;48;51;54;55;62;63;71;74;75;76;80;84
1,2,14,C/40,1,source_cluster,catboost,4.976239809100565,7.020738272715612,{},,1;2;9;15;23;25;36;39;44;50;56;69;77;87,3;6;18;22;27;42;48;51;54;55;62;63;71;74;75;76;80;84
1,2,14,C/40,1,source_cluster,xgboost,6.08231438530816,8.556488569583763,{},,1;2;9;15;23;25;36;39;44;50;56;69;77;87,3;6;18;22;27;42;48;51;54;55;62;63;71;74;75;76;80;84
1,2,14,C/40,1,source_cluster,extra_trees,2.7428500599962056,4.290134413787349,{},,1;2;9;15;23;25;36;39;44;50;56;69;77;87,3;6;18;22;27;42;48;51;54;55;62;63;71;74;75;76;80;84
1,2,14,0.05A,2,source_cluster,ridge_physics,2.8331705729166665,3.6199855405563297,"{""alpha"": 1.0}",2.427057317325047,1;2;9;15;23;25;36;39;44;50;56;69;77;87,3;6;18;22;27;42;48;51;54;55;62;63;71;74;75;76;80;84
1,2,14,0.05A,2,source_cluster,ridge_source,2.371526930067274,2.995373860035131,"{""alpha"": 1.0}",2.217084458896092,1;2;9;15;23;25;36;39;44;50;56;69;77;87,3;6;18;22;27;42;48;51;54;55;62;63;71;74;75;76;80;84
1,2,14,0.05A,2,source_cluster,ridge_input,4.958817376030816,6.058668628667033,"{""alpha"": 1.0}",3.5007802077702115,1;2;9;15;23;25;36;39;44;50;56;69;77;87,3;6;18;22;27;42;48;51;54;55;62;63;71;74;75;76;80;84
1,2,14,0.05A,2,source_cluster,krr_rbf,4.1961547003852,7.6383563740101454,"{""alpha"": 0.1, ""gamma"": 0.05}",3.324268179280417,1;2;9;15;23;25;36;39;44;50;56;69;77;87,3;6;18;22;27;42;48;51;54;55;62;63;71;74;75;76;80;84
1,2,14,0.05A,2,source_cluster,svr_rbf,3.838192001430985,6.398124940781091,"{""C"": 100.0, ""epsilon"": 1.0}",2.817606007556331,1;2;9;15;23;25;36;39;44;50;56;69;77;87,3;6;18;22;27;42;48;51;54;55;62;63;71;74;75;76;80;84
1,2,14,0.05A,2,source_cluster,gp_rbf,4.431540041521925,8.330727803856782,"{""alpha"": 1.0, ""length"": 3.0}",3.4500695366637784,1;2;9;15;23;25;36;39;44;50;56;69;77;87,3;6;18;22;27;42;48;51;54;55;62;63;71;74;75;76;80;84
1,2,14,0.05A,2,source_cluster,catboost,5.227551388175495,6.826758021397917,{},,1;2;9;15;23;25;36;39;44;50;56;69;77;87,3;6;18;22;27;42;48;51;54;55;62;63;71;74;75;76;80;84
1,2,14,0.05A,2,source_cluster,xgboost,6.335630204942492,8.35204886422258,{},,1;2;9;15;23;25;36;39;44;50;56;69;77;87,3;6;18;22;27;42;48;51;54;55;62;63;71;74;75;76;80;84
1,2,14,0.05A,2,source_cluster,extra_trees,3.10640152509881,4.253695109157806,{},,1;2;9;15;23;25;36;39;44;50;56;69;77;87,3;6;18;22;27;42;48;51;54;55;62;63;71;74;75;76;80;84
1,2,14,C/10,3,source_cluster,ridge_physics,1.390485339694553,1.7358633136008856,"{""alpha"": 0.1}",1.596280574798584,1;2;9;15;23;25;36;39;44;50;56;69;77;87,3;6;18;22;27;42;48;51;54;55;62;63;71;74;75;76;80;84
1,2,14,C/10,3,source_cluster,ridge_source,1.5569786495632596,2.226624325346404,"{""alpha"": 1.0}",1.851208789008004,1;2;9;15;23;25;36;39;44;50;56;69;77;87,3;6;18;22;27;42;48;51;54;55;62;63;71;74;75;76;80;84
1,2,14,C/10,3,source_cluster,ridge_input,4.005957073635525,5.225591773139512,"{""alpha"": 1.0}",3.467369386128017,1;2;9;15;23;25;36;39;44;50;56;69;77;87,3;6;18;22;27;42;48;51;54;55;62;63;71;74;75;76;80;84
1,2,14,C/10,3,source_cluster,krr_rbf,3.835005866156684,9.503454044793022,"{""alpha"": 0.1, ""gamma"": 0.05}",2.961597170148577,1;2;9;15;23;25;36;39;44;50;56;69;77;87,3;6;18;22;27;42;48;51;54;55;62;63;71;74;75;76;80;84
1,2,14,C/10,3,source_cluster,svr_rbf,3.370729261673762,8.045763890655815,"{""C"": 100.0, ""epsilon"": 0.2}",2.6059944966976896,1;2;9;15;23;25;36;39;44;50;56;69;77;87,3;6;18;22;27;42;48;51;54;55;62;63;71;74;75;76;80;84
1,2,14,C/10,3,source_cluster,gp_rbf,4.260201895520356,10.374488485800402,"{""alpha"": 1.0, ""length"": 3.0}",3.1553509588671065,1;2;9;15;23;25;36;39;44;50;56;69;77;87,3;6;18;22;27;42;48;51;54;55;62;63;71;74;75;76;80;84
1,2,14,C/10,3,source_cluster,catboost,5.050707805248002,8.00876633392846,{},,1;2;9;15;23;25;36;39;44;50;56;69;77;87,3;6;18;22;27;42;48;51;54;55;62;63;71;74;75;76;80;84
1,2,14,C/10,3,source_cluster,xgboost,6.186903635660808,9.47893073066111,{},,1;2;9;15;23;25;36;39;44;50;56;69;77;87,3;6;18;22;27;42;48;51;54;55;62;63;71;74;75;76;80;84
1,2,14,C/10,3,source_cluster,extra_trees,2.91118822570831,5.275836927405088,{},,1;2;9;15;23;25;36;39;44;50;56;69;77;87,3;6;18;22;27;42;48;51;54;55;62;63;71;74;75;76;80;84
1,2,14,C/7,4,source_cluster,ridge_physics,1.3265238867865667,1.6311509253057508,"{""alpha"": 0.1}",1.6239125388009208,1;2;9;15;23;25;36;39;44;50;56;69;77;87,3;6;18;22;27;42;48;51;54;55;62;63;71;74;75;76;80;84
1,2,14,C/7,4,source_cluster,ridge_source,1.598012924194336,2.29387209231398,"{""alpha"": 1.0}",1.9450599806649345,1;2;9;15;23;25;36;39;44;50;56;69;77;87,3;6;18;22;27;42;48;51;54;55;62;63;71;74;75;76;80;84
1,2,14,C/7,4,source_cluster,ridge_input,3.9273925357394743,5.137257197319972,"{""alpha"": 1.0}",3.528742909431457,1;2;9;15;23;25;36;39;44;50;56;69;77;87,3;6;18;22;27;42;48;51;54;55;62;63;71;74;75;76;80;84
1,2,14,C/7,4,source_cluster,krr_rbf,3.897800233629015,9.862625971838431,"{""alpha"": 0.1, ""gamma"": 0.05}",3.0725076368876865,1;2;9;15;23;25;36;39;44;50;56;69;77;87,3;6;18;22;27;42;48;51;54;55;62;63;71;74;75;76;80;84
1,2,14,C/7,4,source_cluster,svr_rbf,3.407085349916184,8.340626165741705,"{""C"": 100.0, ""epsilon"": 0.2}",2.8309254635532666,1;2;9;15;23;25;36;39;44;50;56;69;77;87,3;6;18;22;27;42;48;51;54;55;62;63;71;74;75;76;80;84
1,2,14,C/7,4,source_cluster,gp_rbf,4.329244048900737,10.7820614538881,"{""alpha"": 1.0, ""length"": 3.0}",3.260787582618281,1;2;9;15;23;25;36;39;44;50;56;69;77;87,3;6;18;22;27;42;48;51;54;55;62;63;71;74;75;76;80;84
1,2,14,C/7,4,source_cluster,catboost,5.117397057957735,8.252319781473737,{},,1;2;9;15;23;25;36;39;44;50;56;69;77;87,3;6;18;22;27;42;48;51;54;55;62;63;71;74;75;76;80;84
1,2,14,C/7,4,source_cluster,xgboost,6.243048985799153,9.722193135073647,{},,1;2;9;15;23;25;36;39;44;50;56;69;77;87,3;6;18;22;27;42;48;51;54;55;62;63;71;74;75;76;80;84
1,2,14,C/7,4,source_cluster,extra_trees,2.9774421789028045,5.516241244859807,{},,1;2;9;15;23;25;36;39;44;50;56;69;77;87,3;6;18;22;27;42;48;51;54;55;62;63;71;74;75;76;80;84
1,2,14,C/5,5,source_cluster,ridge_physics,1.2933548821343317,1.5632306999238217,"{""alpha"": 0.1}",1.7012034824916296,1;2;9;15;23;25;36;39;44;50;56;69;77;87,3;6;18;22;27;42;48;51;54;55;62;63;71;74;75;76;80;84
1,2,14,C/5,5,source_cluster,ridge_source,1.6696868472629125,2.412393070637945,"{""alpha"": 1.0}",2.1199144295283725,1;2;9;15;23;25;36;39;44;50;56;69;77;87,3;6;18;22;27;42;48;51;54;55;62;63;71;74;75;76;80;84
1,2,14,C/5,5,source_cluster,ridge_input,3.866444693671333,5.072835074613547,"{""alpha"": 1.0}",3.605091912405832,1;2;9;15;23;25;36;39;44;50;56;69;77;87,3;6;18;22;27;42;48;51;54;55;62;63;71;74;75;76;80;84
1,2,14,C/5,5,source_cluster,krr_rbf,3.976934009128146,10.219304223183787,"{""alpha"": 0.1, ""gamma"": 0.05}",3.2051083530698503,1;2;9;15;23;25;36;39;44;50;56;69;77;87,3;6;18;22;27;42;48;51;54;55;62;63;71;74;75;76;80;84
1,2,14,C/5,5,source_cluster,svr_rbf,3.32305733939697,8.470358331932625,"{""C"": 100.0, ""epsilon"": 1.0}",3.070771974153797,1;2;9;15;23;25;36;39;44;50;56;69;77;87,3;6;18;22;27;42;48;51;54;55;62;63;71;74;75;76;80;84
1,2,14,C/5,5,source_cluster,gp_rbf,4.41586600908138,11.192726081507926,"{""alpha"": 1.0, ""length"": 3.0}",3.387521854268353,1;2;9;15;23;25;36;39;44;50;56;69;77;87,3;6;18;22;27;42;48;51;54;55;62;63;71;74;75;76;80;84
1,2,14,C/5,5,source_cluster,catboost,5.185839346626981,8.510436572119437,{},,1;2;9;15;23;25;36;39;44;50;56;69;77;87,3;6;18;22;27;42;48;51;54;55;62;63;71;74;75;76;80;84
1,2,14,C/5,5,source_cluster,xgboost,6.310297860039605,9.97280829042111,{},,1;2;9;15;23;25;36;39;44;50;56;69;77;87,3;6;18;22;27;42;48;51;54;55;62;63;71;74;75;76;80;84
1,2,14,C/5,5,source_cluster,extra_trees,3.0559513327305887,5.763935852731222,{},,1;2;9;15;23;25;36;39;44;50;56;69;77;87,3;6;18;22;27;42;48;51;54;55;62;63;71;74;75;76;80;84
1,2,14,C/80,0,physical_cluster,ridge_physics,2.5690975189208984,3.380486568069501,"{""alpha"": 0.1}",2.218765377998352,1;2;4;15;23;28;30;36;44;45;46;59;69;70,3;6;18;22;27;42;48;51;54;55;62;63;71;74;75;76;80;84
1,2,14,C/80,0,physical_cluster,ridge_source,2.3731007046169705,3.1471669925081,"{""alpha"": 0.1}",1.905562196459089,1;2;4;15;23;28;30;36;44;45;46;59;69;70,3;6;18;22;27;42;48;51;54;55;62;63;71;74;75;76;80;84
1,2,14,C/80,0,physical_cluster,ridge_input,5.506973054673937,7.054756909398087,"{""alpha"": 10.0}",3.0191467830113004,1;2;4;15;23;28;30;36;44;45;46;59;69;70,3;6;18;22;27;42;48;51;54;55;62;63;71;74;75;76;80;84
1,2,14,C/80,0,physical_cluster,krr_rbf,4.213473425971137,7.683379636542663,"{""alpha"": 0.1, ""gamma"": 0.05}",3.63058260508946,1;2;4;15;23;28;30;36;44;45;46;59;69;70,3;6;18;22;27;42;48;51;54;55;62;63;71;74;75;76;80;84
1,2,14,C/80,0,physical_cluster,svr_rbf,3.840946881669365,6.958130250057933,"{""C"": 100.0, ""epsilon"": 0.2}",3.826494735449176,1;2;4;15;23;28;30;36;44;45;46;59;69;70,3;6;18;22;27;42;48;51;54;55;62;63;71;74;75;76;80;84
1,2,14,C/80,0,physical_cluster,gp_rbf,4.701394342625889,8.499935611686844,"{""alpha"": 1.0, ""length"": 3.0}",3.629735079585852,1;2;4;15;23;28;30;36;44;45;46;59;69;70,3;6;18;22;27;42;48;51;54;55;62;63;71;74;75;76;80;84
1,2,14,C/80,0,physical_cluster,catboost,6.209951186904251,8.438317889429067,{},,1;2;4;15;23;28;30;36;44;45;46;59;69;70,3;6;18;22;27;42;48;51;54;55;62;63;71;74;75;76;80;84
1,2,14,C/80,0,physical_cluster,xgboost,7.206924862331814,9.694678953105186,{},,1;2;4;15;23;28;30;36;44;45;46;59;69;70,3;6;18;22;27;42;48;51;54;55;62;63;71;74;75;76;80;84
1,2,14,C/80,0,physical_cluster,extra_trees,5.555171300298952,6.504136068911683,{},,1;2;4;15;23;28;30;36;44;45;46;59;69;70,3;6;18;22;27;42;48;51;54;55;62;63;71;74;75;76;80;84
1,2,14,C/40,1,physical_cluster,ridge_physics,2.042470508151584,2.7248705359394245,"{""alpha"": 0.1}",1.4175094195774622,1;2;4;15;23;28;30;36;44;45;46;59;69;70,3;6;18;22;27;42;48;51;54;55;62;63;71;74;75;76;80;84
1,2,14,C/40,1,physical_cluster,ridge_source,1.9783270094129772,2.6389497653278147,"{""alpha"": 0.1}",1.468291997909546,1;2;4;15;23;28;30;36;44;45;46;59;69;70,3;6;18;22;27;42;48;51;54;55;62;63;71;74;75;76;80;84
1,2,14,C/40,1,physical_cluster,ridge_input,5.180472903781467,6.702712015007013,"{""alpha"": 10.0}",2.949556282588414,1;2;4;15;23;28;30;36;44;45;46;59;69;70,3;6;18;22;27;42;48;51;54;55;62;63;71;74;75;76;80;84
1,2,14,C/40,1,physical_cluster,krr_rbf,4.043227725558811,8.038249019658277,"{""alpha"": 0.1, ""gamma"": 0.05}",2.940285525151661,1;2;4;15;23;28;30;36;44;45;46;59;69;70,3;6;18;22;27;42;48;51;54;55;62;63;71;74;75;76;80;84
1,2,14,C/40,1,physical_cluster,svr_rbf,3.54268918308946,7.227802357125113,"{""C"": 100.0, ""epsilon"": 0.2}",3.470799221281666,1;2;4;15;23;28;30;36;44;45;46;59;69;70,3;6;18;22;27;42;48;51;54;55;62;63;71;74;75;76;80;84
1,2,14,C/40,1,physical_cluster,gp_rbf,4.483911916672305,8.905421251317193,"{""alpha"": 1.0, ""length"": 3.0}",2.9953167281848705,1;2;4;15;23;28;30;36;44;45;46;59;69;70,3;6;18;22;27;42;48;51;54;55;62;63;71;74;75;76;80;84
1,2,14,C/40,1,physical_cluster,catboost,5.976076664901232,8.46998944873416,{},,1;2;4;15;23;28;30;36;44;45;46;59;69;70,3;6;18;22;27;42;48;51;54;55;62;63;71;74;75;76;80;84
1,2,14,C/40,1,physical_cluster,xgboost,6.936336093478733,9.718920943011751,{},,1;2;4;15;23;28;30;36;44;45;46;59;69;70,3;6;18;22;27;42;48;51;54;55;62;63;71;74;75;76;80;84
1,2,14,C/40,1,physical_cluster,extra_trees,5.426739016903773,6.441236771218291,{},,1;2;4;15;23;28;30;36;44;45;46;59;69;70,3;6;18;22;27;42;48;51;54;55;62;63;71;74;75;76;80;84
1,2,14,0.05A,2,physical_cluster,ridge_physics,2.985027313232422,3.683792115791828,"{""alpha"": 1.0}",2.501701661518642,1;2;4;15;23;28;30;36;44;45;46;59;69;70,3;6;18;22;27;42;48;51;54;55;62;63;71;74;75;76;80;84
1,2,14,0.05A,2,physical_cluster,ridge_source,2.387217203776041,3.130241998655479,"{""alpha"": 1.0}",2.041923812457493,1;2;4;15;23;28;30;36;44;45;46;59;69;70,3;6;18;22;27;42;48;51;54;55;62;63;71;74;75;76;80;84
1,2,14,0.05A,2,physical_cluster,ridge_input,5.428293863932292,6.991050967124952,"{""alpha"": 10.0}",3.2439015081950595,1;2;4;15;23;28;30;36;44;45;46;59;69;70,3;6;18;22;27;42;48;51;54;55;62;63;71;74;75;76;80;84
1,2,14,0.05A,2,physical_cluster,krr_rbf,4.417016771104601,7.719383568723146,"{""alpha"": 0.1, ""gamma"": 0.05}",3.932453683444432,1;2;4;15;23;28;30;36;44;45;46;59;69;70,3;6;18;22;27;42;48;51;54;55;62;63;71;74;75;76;80;84
1,2,14,0.05A,2,physical_cluster,svr_rbf,4.241836449265965,7.266344142823654,"{""C"": 100.0, ""epsilon"": 1.0}",4.232651058742882,1;2;4;15;23;28;30;36;44;45;46;59;69;70,3;6;18;22;27;42;48;51;54;55;62;63;71;74;75;76;80;84
1,2,14,0.05A,2,physical_cluster,gp_rbf,4.873524089789241,8.502248072979423,"{""alpha"": 1.0, ""length"": 3.0}",3.905030044222954,1;2;4;15;23;28;30;36;44;45;46;59;69;70,3;6;18;22;27;42;48;51;54;55;62;63;71;74;75;76;80;84
1,2,14,0.05A,2,physical_cluster,catboost,6.28940606934847,8.42184490762701,{},,1;2;4;15;23;28;30;36;44;45;46;59;69;70,3;6;18;22;27;42;48;51;54;55;62;63;71;74;75;76;80;84
1,2,14,0.05A,2,physical_cluster,xgboost,7.280814276801215,9.65875715336809,{},,1;2;4;15;23;28;30;36;44;45;46;59;69;70,3;6;18;22;27;42;48;51;54;55;62;63;71;74;75;76;80;84
1,2,14,0.05A,2,physical_cluster,extra_trees,5.4747705601699765,6.481371216598134,{},,1;2;4;15;23;28;30;36;44;45;46;59;69;70,3;6;18;22;27;42;48;51;54;55;62;63;71;74;75;76;80;84
1,2,14,C/10,3,physical_cluster,ridge_physics,1.6305874718560114,2.153843847804349,"{""alpha"": 0.1}",1.5984745025634766,1;2;4;15;23;28;30;36;44;45;46;59;69;70,3;6;18;22;27;42;48;51;54;55;62;63;71;74;75;76;80;84
1,2,14,C/10,3,physical_cluster,ridge_source,1.8841088612874348,2.383952429532142,"{""alpha"": 0.1}",1.5956413405282155,1;2;4;15;23;28;30;36;44;45;46;59;69;70,3;6;18;22;27;42;48;51;54;55;62;63;71;74;75;76;80;84
1,2,14,C/10,3,physical_cluster,ridge_input,4.664657168918186,6.0502209055941805,"{""alpha"": 10.0}",2.931868621281215,1;2;4;15;23;28;30;36;44;45;46;59;69;70,3;6;18;22;27;42;48;51;54;55;62;63;71;74;75;76;80;84
1,2,14,C/10,3,physical_cluster,krr_rbf,4.176185607910156,9.40396472014336,"{""alpha"": 0.1, ""gamma"": 0.05}",2.897194470678057,1;2;4;15;23;28;30;36;44;45;46;59;69;70,3;6;18;22;27;42;48;51;54;55;62;63;71;74;75;76;80;84
1,2,14,C/10,3,physical_cluster,svr_rbf,3.60991700356448,8.408197100989998,"{""C"": 100.0, ""epsilon"": 0.2}",4.007029478345328,1;2;4;15;23;28;30;36;44;45;46;59;69;70,3;6;18;22;27;42;48;51;54;55;62;63;71;74;75;76;80;84
1,2,14,C/10,3,physical_cluster,gp_rbf,4.613487467052458,10.394592442332522,"{""alpha"": 1.0, ""length"": 3.0}",3.097231413726637,1;2;4;15;23;28;30;36;44;45;46;59;69;70,3;6;18;22;27;42;48;51;54;55;62;63;71;74;75;76;80;84
1,2,14,C/10,3,physical_cluster,catboost,5.964885636115367,9.146362950775687,{},,1;2;4;15;23;28;30;36;44;45;46;59;69;70,3;6;18;22;27;42;48;51;54;55;62;63;71;74;75;76;80;84
1,2,14,C/10,3,physical_cluster,xgboost,6.956228892008464,10.403389351518523,{},,1;2;4;15;23;28;30;36;44;45;46;59;69;70,3;6;18;22;27;42;48;51;54;55;62;63;71;74;75;76;80;84
1,2,14,C/10,3,physical_cluster,extra_trees,5.607009341628463,7.107400101950023,{},,1;2;4;15;23;28;30;36;44;45;46;59;69;70,3;6;18;22;27;42;48;51;54;55;62;63;71;74;75;76;80;84
1,2,14,C/7,4,physical_cluster,ridge_physics,1.5836319393581817,2.0607259668631843,"{""alpha"": 0.1}",1.6903352056230818,1;2;4;15;23;28;30;36;44;45;46;59;69;70,3;6;18;22;27;42;48;51;54;55;62;63;71;74;75;76;80;84
1,2,14,C/7,4,physical_cluster,ridge_source,1.749998304578993,2.4995232485640755,"{""alpha"": 1.0}",1.7046023096357072,1;2;4;15;23;28;30;36;44;45;46;59;69;70,3;6;18;22;27;42;48;51;54;55;62;63;71;74;75;76;80;84
1,2,14,C/7,4,physical_cluster,ridge_input,4.570763481987847,5.934724653895882,"{""alpha"": 10.0}",2.9610399178096225,1;2;4;15;23;28;30;36;44;45;46;59;69;70,3;6;18;22;27;42;48;51;54;55;62;63;71;74;75;76;80;84
1,2,14,C/7,4,physical_cluster,krr_rbf,4.2239195505778,9.748345407079764,"{""alpha"": 0.1, ""gamma"": 0.05}",2.9610859836850847,1;2;4;15;23;28;30;36;44;45;46;59;69;70,3;6;18;22;27;42;48;51;54;55;62;63;71;74;75;76;80;84
1,2,14,C/7,4,physical_cluster,svr_rbf,3.6705125176203,8.713664988153916,"{""C"": 100.0, ""epsilon"": 0.2}",4.220406001820568,1;2;4;15;23;28;30;36;44;45;46;59;69;70,3;6;18;22;27;42;48;51;54;55;62;63;71;74;75;76;80;84
1,2,14,C/7,4,physical_cluster,gp_rbf,4.664354146293281,10.786840456736163,"{""alpha"": 1.0, ""length"": 3.0}",3.173948273187289,1;2;4;15;23;28;30;36;44;45;46;59;69;70,3;6;18;22;27;42;48;51;54;55;62;63;71;74;75;76;80;84
1,2,14,C/7,4,physical_cluster,catboost,5.987065230067448,9.322168903147425,{},,1;2;4;15;23;28;30;36;44;45;46;59;69;70,3;6;18;22;27;42;48;51;54;55;62;63;71;74;75;76;80;84
1,2,14,C/7,4,physical_cluster,xgboost,6.983244789971246,10.586952927580391,{},,1;2;4;15;23;28;30;36;44;45;46;59;69;70,3;6;18;22;27;42;48;51;54;55;62;63;71;74;75;76;80;84
1,2,14,C/7,4,physical_cluster,extra_trees,5.628878179365996,7.242892348886086,{},,1;2;4;15;23;28;30;36;44;45;46;59;69;70,3;6;18;22;27;42;48;51;54;55;62;63;71;74;75;76;80;84
1,2,14,C/5,5,physical_cluster,ridge_physics,1.541089163886176,1.9623862806833865,"{""alpha"": 0.1}",1.749802555356707,1;2;4;15;23;28;30;36;44;45;46;59;69;70,3;6;18;22;27;42;48;51;54;55;62;63;71;74;75;76;80;84
1,2,14,C/5,5,physical_cluster,ridge_source,1.8129825592041016,2.5513202326645774,"{""alpha"": 1.0}",1.8656407764979768,1;2;4;15;23;28;30;36;44;45;46;59;69;70,3;6;18;22;27;42;48;51;54;55;62;63;71;74;75;76;80;84
1,2,14,C/5,5,physical_cluster,ridge_input,4.49281480577257,5.854777352964952,"{""alpha"": 10.0}",3.0046284879956926,1;2;4;15;23;28;30;36;44;45;46;59;69;70,3;6;18;22;27;42;48;51;54;55;62;63;71;74;75;76;80;84
1,2,14,C/5,5,physical_cluster,krr_rbf,4.267115063137478,10.087821949724422,"{""alpha"": 0.1, ""gamma"": 0.05}",3.069664418697357,1;2;4;15;23;28;30;36;44;45;46;59;69;70,3;6;18;22;27;42;48;51;54;55;62;63;71;74;75;76;80;84
1,2,14,C/5,5,physical_cluster,svr_rbf,3.707396317104284,9.003960517173631,"{""C"": 100.0, ""epsilon"": 0.2}",4.43516391354693,1;2;4;15;23;28;30;36;44;45;46;59;69;70,3;6;18;22;27;42;48;51;54;55;62;63;71;74;75;76;80;84
1,2,14,C/5,5,physical_cluster,gp_rbf,4.714765020268684,11.180665046085872,"{""alpha"": 1.0, ""length"": 3.0}",3.282983530937598,1;2;4;15;23;28;30;36;44;45;46;59;69;70,3;6;18;22;27;42;48;51;54;55;62;63;71;74;75;76;80;84
1,2,14,C/5,5,physical_cluster,catboost,6.028201741271423,9.516316896634542,{},,1;2;4;15;23;28;30;36;44;45;46;59;69;70,3;6;18;22;27;42;48;51;54;55;62;63;71;74;75;76;80;84
1,2,14,C/5,5,physical_cluster,xgboost,7.024133682250977,10.78061461708367,{},,1;2;4;15;23;28;30;36;44;45;46;59;69;70,3;6;18;22;27;42;48;51;54;55;62;63;71;74;75;76;80;84
1,2,14,C/5,5,physical_cluster,extra_trees,5.644520744104233,7.385941298526981,{},,1;2;4;15;23;28;30;36;44;45;46;59;69;70,3;6;18;22;27;42;48;51;54;55;62;63;71;74;75;76;80;84
1,2,14,C/80,0,input_cluster,ridge_physics,2.135219997829861,2.890780755735386,"{""alpha"": 0.1}",2.373944384711129,8;9;11;12;17;25;34;56;58;68;69;79;83;89,3;6;18;22;27;42;48;51;54;55;62;63;71;74;75;76;80;84
1,2,14,C/80,0,input_cluster,ridge_source,2.196492301093208,2.867066818284377,"{""alpha"": 0.1}",2.745704276221139,8;9;11;12;17;25;34;56;58;68;69;79;83;89,3;6;18;22;27;42;48;51;54;55;62;63;71;74;75;76;80;84
1,2,14,C/80,0,input_cluster,ridge_input,5.506961186726888,7.407473678401375,"{""alpha"": 10.0}",5.75806064265115,8;9;11;12;17;25;34;56;58;68;69;79;83;89,3;6;18;22;27;42;48;51;54;55;62;63;71;74;75;76;80;84
1,2,14,C/80,0,input_cluster,krr_rbf,3.395865546332465,7.767030909084266,"{""alpha"": 0.1, ""gamma"": 0.05}",3.724239008767264,8;9;11;12;17;25;34;56;58;68;69;79;83;89,3;6;18;22;27;42;48;51;54;55;62;63;71;74;75;76;80;84
1,2,14,C/80,0,input_cluster,svr_rbf,3.3960724015934107,6.532202626257694,"{""C"": 100.0, ""epsilon"": 0.2}",3.330727678125129,8;9;11;12;17;25;34;56;58;68;69;79;83;89,3;6;18;22;27;42;48;51;54;55;62;63;71;74;75;76;80;84
1,2,14,C/80,0,input_cluster,gp_rbf,3.636296918430664,8.17960113054825,"{""alpha"": 1.0, ""length"": 3.0}",4.013101839506575,8;9;11;12;17;25;34;56;58;68;69;79;83;89,3;6;18;22;27;42;48;51;54;55;62;63;71;74;75;76;80;84
1,2,14,C/80,0,input_cluster,catboost,4.464885030812281,6.520762709555184,{},,8;9;11;12;17;25;34;56;58;68;69;79;83;89,3;6;18;22;27;42;48;51;54;55;62;63;71;74;75;76;80;84
1,2,14,C/80,0,input_cluster,xgboost,6.065038469102648,8.314698656601195,{},,8;9;11;12;17;25;34;56;58;68;69;79;83;89,3;6;18;22;27;42;48;51;54;55;62;63;71;74;75;76;80;84
1,2,14,C/80,0,input_cluster,extra_trees,2.492369317781358,3.611991783702469,{},,8;9;11;12;17;25;34;56;58;68;69;79;83;89,3;6;18;22;27;42;48;51;54;55;62;63;71;74;75;76;80;84
1,2,14,C/40,1,input_cluster,ridge_physics,1.6879151662190754,2.351156524849048,"{""alpha"": 0.1}",2.010719997542245,8;9;11;12;17;25;34;56;58;68;69;79;83;89,3;6;18;22;27;42;48;51;54;55;62;63;71;74;75;76;80;84
1,2,14,C/40,1,input_cluster,ridge_source,1.630290773179796,2.2587515510984257,"{""alpha"": 0.1}",2.345796857561384,8;9;11;12;17;25;34;56;58;68;69;79;83;89,3;6;18;22;27;42;48;51;54;55;62;63;71;74;75;76;80;84
1,2,14,C/40,1,input_cluster,ridge_input,5.157061258951823,6.862834001597093,"{""alpha"": 10.0}",5.163681949887957,8;9;11;12;17;25;34;56;58;68;69;79;83;89,3;6;18;22;27;42;48;51;54;55;62;63;71;74;75;76;80;84
1,2,14,C/40,1,input_cluster,krr_rbf,3.2570508321126304,8.273890360316617,"{""alpha"": 0.1, ""gamma"": 0.05}",3.4131446395601546,8;9;11;12;17;25;34;56;58;68;69;79;83;89,3;6;18;22;27;42;48;51;54;55;62;63;71;74;75;76;80;84
1,2,14,C/40,1,input_cluster,svr_rbf,3.506910074374362,6.986145854997391,"{""C"": 100.0, ""epsilon"": 1.0}",3.169980201953337,8;9;11;12;17;25;34;56;58;68;69;79;83;89,3;6;18;22;27;42;48;51;54;55;62;63;71;74;75;76;80;84
1,2,14,C/40,1,input_cluster,gp_rbf,3.5560592719905117,8.748673398834626,"{""alpha"": 1.0, ""length"": 3.0}",3.683464905356694,8;9;11;12;17;25;34;56;58;68;69;79;83;89,3;6;18;22;27;42;48;51;54;55;62;63;71;74;75;76;80;84
1,2,14,C/40,1,input_cluster,catboost,4.500583418521552,6.783158891339743,{},,8;9;11;12;17;25;34;56;58;68;69;79;83;89,3;6;18;22;27;42;48;51;54;55;62;63;71;74;75;76;80;84
1,2,14,C/40,1,input_cluster,xgboost,6.0279663933648,8.516504472392437,{},,8;9;11;12;17;25;34;56;58;68;69;79;83;89,3;6;18;22;27;42;48;51;54;55;62;63;71;74;75;76;80;84
1,2,14,C/40,1,input_cluster,extra_trees,2.2354369899078645,3.836292995689208,{},,8;9;11;12;17;25;34;56;58;68;69;79;83;89,3;6;18;22;27;42;48;51;54;55;62;63;71;74;75;76;80;84
1,2,14,0.05A,2,input_cluster,ridge_physics,2.2770152621799045,3.068903232581717,"{""alpha"": 0.1}",2.417635832514082,8;9;11;12;17;25;34;56;58;68;69;79;83;89,3;6;18;22;27;42;48;51;54;55;62;63;71;74;75;76;80;84
1,2,14,0.05A,2,input_cluster,ridge_source,2.3277002970377603,2.950596409450448,"{""alpha"": 0.1}",2.7276529925210133,8;9;11;12;17;25;34;56;58;68;69;79;83;89,3;6;18;22;27;42;48;51;54;55;62;63;71;74;75;76;80;84
1,2,14,0.05A,2,input_cluster,ridge_input,5.447512096828884,7.429480319724882,"{""alpha"": 10.0}",5.761034846305847,8;9;11;12;17;25;34;56;58;68;69;79;83;89,3;6;18;22;27;42;48;51;54;55;62;63;71;74;75;76;80;84
1,2,14,0.05A,2,input_cluster,krr_rbf,3.520409054226345,7.732710082634949,"{""alpha"": 0.1, ""gamma"": 0.05}",3.70753230367388,8;9;11;12;17;25;34;56;58;68;69;79;83;89,3;6;18;22;27;42;48;51;54;55;62;63;71;74;75;76;80;84
1,2,14,0.05A,2,input_cluster,svr_rbf,3.5735783638928087,6.530635985521349,"{""C"": 100.0, ""epsilon"": 0.2}",3.1540848461129443,8;9;11;12;17;25;34;56;58;68;69;79;83;89,3;6;18;22;27;42;48;51;54;55;62;63;71;74;75;76;80;84
1,2,14,0.05A,2,input_cluster,gp_rbf,3.721300239917517,8.128777546483846,"{""alpha"": 1.0, ""length"": 3.0}",3.9924599677363792,8;9;11;12;17;25;34;56;58;68;69;79;83;89,3;6;18;22;27;42;48;51;54;55;62;63;71;74;75;76;80;84
1,2,14,0.05A,2,input_cluster,catboost,4.454095285470476,6.512567482987754,{},,8;9;11;12;17;25;34;56;58;68;69;79;83;89,3;6;18;22;27;42;48;51;54;55;62;63;71;74;75;76;80;84
1,2,14,0.05A,2,input_cluster,xgboost,6.101089477539063,8.273951780247115,{},,8;9;11;12;17;25;34;56;58;68;69;79;83;89,3;6;18;22;27;42;48;51;54;55;62;63;71;74;75;76;80;84
1,2,14,0.05A,2,input_cluster,extra_trees,2.6392292343497905,3.6897538484702777,{},,8;9;11;12;17;25;34;56;58;68;69;79;83;89,3;6;18;22;27;42;48;51;54;55;62;63;71;74;75;76;80;84
1,2,14,C/10,3,input_cluster,ridge_physics,1.348432540893555,1.6942356247947563,"{""alpha"": 0.1}",2.030543667929513,8;9;11;12;17;25;34;56;58;68;69;79;83;89,3;6;18;22;27;42;48;51;54;55;62;63;71;74;75;76;80;84
1,2,14,C/10,3,input_cluster,ridge_source,1.3445828755696614,1.869437441969486,"{""alpha"": 1.0}",2.4583068234579906,8;9;11;12;17;25;34;56;58;68;69;79;83;89,3;6;18;22;27;42;48;51;54;55;62;63;71;74;75;76;80;84
1,2,14,C/10,3,input_cluster,ridge_input,4.645208994547526,5.992578816375213,"{""alpha"": 10.0}",4.682513918195452,8;9;11;12;17;25;34;56;58;68;69;79;83;89,3;6;18;22;27;42;48;51;54;55;62;63;71;74;75;76;80;84
1,2,14,C/10,3,input_cluster,krr_rbf,3.427157931857639,9.827135584243578,"{""alpha"": 0.1, ""gamma"": 0.05}",3.3886104311261858,8;9;11;12;17;25;34;56;58;68;69;79;83;89,3;6;18;22;27;42;48;51;54;55;62;63;71;74;75;76;80;84
1,2,14,C/10,3,input_cluster,svr_rbf,3.660002469869061,8.393217273924474,"{""C"": 100.0, ""epsilon"": 1.0}",3.2101526697108334,8;9;11;12;17;25;34;56;58;68;69;79;83;89,3;6;18;22;27;42;48;51;54;55;62;63;71;74;75;76;80;84
1,2,14,C/10,3,input_cluster,gp_rbf,3.766035297094543,10.4141538750198,"{""alpha"": 1.0, ""length"": 3.0}",3.632169025328202,8;9;11;12;17;25;34;56;58;68;69;79;83;89,3;6;18;22;27;42;48;51;54;55;62;63;71;74;75;76;80;84
1,2,14,C/10,3,input_cluster,catboost,4.874948304517709,7.793909632401189,{},,8;9;11;12;17;25;34;56;58;68;69;79;83;89,3;6;18;22;27;42;48;51;54;55;62;63;71;74;75;76;80;84
1,2,14,C/10,3,input_cluster,xgboost,6.251818339029948,9.40043778175238,{},,8;9;11;12;17;25;34;56;58;68;69;79;83;89,3;6;18;22;27;42;48;51;54;55;62;63;71;74;75;76;80;84
1,2,14,C/10,3,input_cluster,extra_trees,2.473904487380276,4.954196100390685,{},,8;9;11;12;17;25;34;56;58;68;69;79;83;89,3;6;18;22;27;42;48;51;54;55;62;63;71;74;75;76;80;84
1,2,14,C/7,4,input_cluster,ridge_physics,1.2943907843695746,1.5944889298961462,"{""alpha"": 0.1}",2.068006549562727,8;9;11;12;17;25;34;56;58;68;69;79;83;89,3;6;18;22;27;42;48;51;54;55;62;63;71;74;75;76;80;84
1,2,14,C/7,4,input_cluster,ridge_source,1.4228911929660373,1.923762170999089,"{""alpha"": 1.0}",2.4476793152945384,8;9;11;12;17;25;34;56;58;68;69;79;83;89,3;6;18;22;27;42;48;51;54;55;62;63;71;74;75;76;80;84
1,2,14,C/7,4,input_cluster,ridge_input,4.5525557200113935,5.85689942366577,"{""alpha"": 10.0}",4.582706723894392,8;9;11;12;17;25;34;56;58;68;69;79;83;89,3;6;18;22;27;42;48;51;54;55;62;63;71;74;75;76;80;84
1,2,14,C/7,4,input_cluster,krr_rbf,3.498414569430881,10.219092697383283,"{""alpha"": 0.1, ""gamma"": 0.05}",3.410364900316511,8;9;11;12;17;25;34;56;58;68;69;79;83;89,3;6;18;22;27;42;48;51;54;55;62;63;71;74;75;76;80;84
1,2,14,C/7,4,input_cluster,svr_rbf,3.7571131086910494,8.763933654974709,"{""C"": 100.0, ""epsilon"": 1.0}",3.195829705125814,8;9;11;12;17;25;34;56;58;68;69;79;83;89,3;6;18;22;27;42;48;51;54;55;62;63;71;74;75;76;80;84
1,2,14,C/7,4,input_cluster,gp_rbf,3.8569416144671314,10.842467061915617,"{""alpha"": 1.0, ""length"": 3.0}",3.6457839644110615,8;9;11;12;17;25;34;56;58;68;69;79;83;89,3;6;18;22;27;42;48;51;54;55;62;63;71;74;75;76;80;84
1,2,14,C/7,4,input_cluster,catboost,4.9713544817149895,8.053607380709677,{},,8;9;11;12;17;25;34;56;58;68;69;79;83;89,3;6;18;22;27;42;48;51;54;55;62;63;71;74;75;76;80;84
1,2,14,C/7,4,input_cluster,xgboost,6.3217207590738935,9.63908151691495,{},,8;9;11;12;17;25;34;56;58;68;69;79;83;89,3;6;18;22;27;42;48;51;54;55;62;63;71;74;75;76;80;84
1,2,14,C/7,4,input_cluster,extra_trees,2.5392975748531392,5.202314625184335,{},,8;9;11;12;17;25;34;56;58;68;69;79;83;89,3;6;18;22;27;42;48;51;54;55;62;63;71;74;75;76;80;84
1,2,14,C/5,5,input_cluster,ridge_physics,1.2813597785101996,1.5457006533615008,"{""alpha"": 0.1}",2.080390725817,8;9;11;12;17;25;34;56;58;68;69;79;83;89,3;6;18;22;27;42;48;51;54;55;62;63;71;74;75;76;80;84
1,2,14,C/5,5,input_cluster,ridge_source,1.5132378472222223,2.016572570597189,"{""alpha"": 1.0}",2.429666519165039,8;9;11;12;17;25;34;56;58;68;69;79;83;89,3;6;18;22;27;42;48;51;54;55;62;63;71;74;75;76;80;84
1,2,14,C/5,5,input_cluster,ridge_input,4.474753697713216,5.76335679496959,"{""alpha"": 10.0}",4.528637647628784,8;9;11;12;17;25;34;56;58;68;69;79;83;89,3;6;18;22;27;42;48;51;54;55;62;63;71;74;75;76;80;84
1,2,14,C/5,5,input_cluster,krr_rbf,3.5775614844428167,10.613150318791336,"{""alpha"": 0.1, ""gamma"": 0.05}",3.414727551596505,8;9;11;12;17;25;34;56;58;68;69;79;83;89,3;6;18;22;27;42;48;51;54;55;62;63;71;74;75;76;80;84
1,2,14,C/5,5,input_cluster,svr_rbf,3.800415086430308,9.119394644535642,"{""C"": 100.0, ""epsilon"": 1.0}",3.0928855973929985,8;9;11;12;17;25;34;56;58;68;69;79;83;89,3;6;18;22;27;42;48;51;54;55;62;63;71;74;75;76;80;84
1,2,14,C/5,5,input_cluster,gp_rbf,3.940429200371321,11.272889786955124,"{""alpha"": 1.0, ""length"": 3.0}",3.6448755134410966,8;9;11;12;17;25;34;56;58;68;69;79;83;89,3;6;18;22;27;42;48;51;54;55;62;63;71;74;75;76;80;84
1,2,14,C/5,5,input_cluster,catboost,5.072203495575222,8.302166183078015,{},,8;9;11;12;17;25;34;56;58;68;69;79;83;89,3;6;18;22;27;42;48;51;54;55;62;63;71;74;75;76;80;84
1,2,14,C/5,5,input_cluster,xgboost,6.385819964938694,9.876011465739769,{},,8;9;11;12;17;25;34;56;58;68;69;79;83;89,3;6;18;22;27;42;48;51;54;55;62;63;71;74;75;76;80;84
1,2,14,C/5,5,input_cluster,extra_trees,2.592966974563699,5.432513609977054,{},,8;9;11;12;17;25;34;56;58;68;69;79;83;89,3;6;18;22;27;42;48;51;54;55;62;63;71;74;75;76;80;84