fold,repeat,k,rate,rate_idx,policy,method,soh_mae_pp,soh_rmse_pp,selected_hyperparameters,labeled_loo_mae,label_ids,test_ids
1,0,4,C/80,0,random,ridge_physics,11.394074334038628,14.819760501182731,"{""alpha"": 100.0}",2.8755072355270386,10;44;72;73,3;6;18;22;27;42;48;51;54;55;62;63;71;74;75;76;80;84
1,0,4,C/80,0,random,ridge_source,11.435603247748482,14.87735366478342,"{""alpha"": 100.0}",2.8728727102279663,10;44;72;73,3;6;18;22;27;42;48;51;54;55;62;63;71;74;75;76;80;84
1,0,4,C/80,0,random,ridge_input,11.10360590616862,14.620342594107118,"{""alpha"": 10.0}",2.4552537202835083,10;44;72;73,3;6;18;22;27;42;48;51;54;55;62;63;71;74;75;76;80;84
1,0,4,C/80,0,random,krr_rbf,10.377180735270182,14.563876373159763,"{""alpha"": 0.1, ""gamma"": 0.05}",3.1044756174087524,10;44;72;73,3;6;18;22;27;42;48;51;54;55;62;63;71;74;75;76;80;84
1,0,4,C/80,0,random,svr_rbf,11.24087055088886,14.83538568405086,"{""C"": 100.0, ""epsilon"": 1.0}",3.09929630702348,10;44;72;73,3;6;18;22;27;42;48;51;54;55;62;63;71;74;75;76;80;84
1,0,4,C/80,0,random,gp_rbf,10.980566424246616,15.151908645304006,"{""alpha"": 1.0, ""length"": 3.0}",2.967420213816832,10;44;72;73,3;6;18;22;27;42;48;51;54;55;62;63;71;74;75;76;80;84
1,0,4,C/80,0,random,catboost,10.365893428162348,14.01704411011955,{},,10;44;72;73,3;6;18;22;27;42;48;51;54;55;62;63;71;74;75;76;80;84
1,0,4,C/80,0,random,xgboost,10.632837507459852,14.283713229091406,{},,10;44;72;73,3;6;18;22;27;42;48;51;54;55;62;63;71;74;75;76;80;84
1,0,4,C/80,0,random,extra_trees,10.409564685821538,14.100457060702816,{},,10;44;72;73,3;6;18;22;27;42;48;51;54;55;62;63;71;74;75;76;80;84
1,0,4,C/40,1,random,ridge_physics,11.38791529337565,15.082937985550505,"{""alpha"": 100.0}",2.388893961906433,10;44;72;73,3;6;18;22;27;42;48;51;54;55;62;63;71;74;75;76;80;84
1,0,4,C/40,1,random,ridge_source,11.424982282850475,15.135037014009276,"{""alpha"": 100.0}",2.386747241020202,10;44;72;73,3;6;18;22;27;42;48;51;54;55;62;63;71;74;75;76;80;84
1,0,4,C/40,1,random,ridge_input,11.137166341145834,14.883610260318047,"{""alpha"": 10.0}",2.0498563051223755,10;44;72;73,3;6;18;22;27;42;48;51;54;55;62;63;71;74;75;76;80;84
1,0,4,C/40,1,random,krr_rbf,10.515847100151907,15.12877529457386,"{""alpha"": 0.1, ""gamma"": 0.05}",2.58132004737854,10;44;72;73,3;6;18;22;27;42;48;51;54;55;62;63;71;74;75;76;80;84
1,0,4,C/40,1,random,svr_rbf,11.451024573193289,15.092110576948349,"{""C"": 1.0, ""epsilon"": 1.0}",2.674981579260744,10;44;72;73,3;6;18;22;27;42;48;51;54;55;62;63;71;74;75;76;80;84
1,0,4,C/40,1,random,gp_rbf,11.04659380394454,15.650642081079264,"{""alpha"": 1.0, ""length"": 3.0}",2.471190477574696,10;44;72;73,3;6;18;22;27;42;48;51;54;55;62;63;71;74;75;76;80;84
1,0,4,C/40,1,random,catboost,10.487585261106988,14.40482172385416,{},,10;44;72;73,3;6;18;22;27;42;48;51;54;55;62;63;71;74;75;76;80;84
1,0,4,C/40,1,random,xgboost,10.719913058810764,14.630172204435612,{},,10;44;72;73,3;6;18;22;27;42;48;51;54;55;62;63;71;74;75;76;80;84
1,0,4,C/40,1,random,extra_trees,10.45997068617079,14.41671111764864,{},,10;44;72;73,3;6;18;22;27;42;48;51;54;55;62;63;71;74;75;76;80;84
1,0,4,0.05A,2,random,ridge_physics,11.37311469184028,14.70940689050074,"{""alpha"": 100.0}",2.921520590782165,10;44;72;73,3;6;18;22;27;42;48;51;54;55;62;63;71;74;75;76;80;84
1,0,4,0.05A,2,random,ridge_source,11.412234836154514,14.763560582564129,"{""alpha"": 100.0}",2.918792247772217,10;44;72;73,3;6;18;22;27;42;48;51;54;55;62;63;71;74;75;76;80;84
1,0,4,0.05A,2,random,ridge_input,11.09676784939236,14.537595186563207,"{""alpha"": 10.0}",2.497186541557312,10;44;72;73,3;6;18;22;27;42;48;51;54;55;62;63;71;74;75;76;80;84
1,0,4,0.05A,2,random,krr_rbf,11.225508795844185,15.41937610912726,"{""alpha"": 1.0, ""gamma"": 0.05}",2.94280207157135,10;44;72;73,3;6;18;22;27;42;48;51;54;55;62;63;71;74;75;76;80;84
1,0,4,0.05A,2,random,svr_rbf,11.245879812294968,14.7178490545011,"{""C"": 100.0, ""epsilon"": 1.0}",3.028111866309085,10;44;72;73,3;6;18;22;27;42;48;51;54;55;62;63;71;74;75;76;80;84
1,0,4,0.05A,2,random,gp_rbf,10.99520048583201,15.055602376361817,"{""alpha"": 1.0, ""length"": 3.0}",3.017490135941916,10;44;72;73,3;6;18;22;27;42;48;51;54;55;62;63;71;74;75;76;80;84
1,0,4,0.05A,2,random,catboost,10.444839889586412,13.959241357213298,{},,10;44;72;73,3;6;18;22;27;42;48;51;54;55;62;63;71;74;75;76;80;84
1,0,4,0.05A,2,random,xgboost,10.66587617662218,14.194854318518656,{},,10;44;72;73,3;6;18;22;27;42;48;51;54;55;62;63;71;74;75;76;80;84
1,0,4,0.05A,2,random,extra_trees,10.537878460354277,14.095973620452307,{},,10;44;72;73,3;6;18;22;27;42;48;51;54;55;62;63;71;74;75;76;80;84
1,0,4,C/10,3,random,ridge_physics,11.732470194498696,16.080336271113786,"{""alpha"": 100.0}",2.200294017791748,10;44;72;73,3;6;18;22;27;42;48;51;54;55;62;63;71;74;75;76;80;84
1,0,4,C/10,3,random,ridge_source,11.770846048990885,16.135016032868684,"{""alpha"": 100.0}",2.1996681690216064,10;44;72;73,3;6;18;22;27;42;48;51;54;55;62;63;71;74;75;76;80;84
1,0,4,C/10,3,random,ridge_input,11.48936250474718,15.84446533751752,"{""alpha"": 10.0}",2.1055777072906494,10;44;72;73,3;6;18;22;27;42;48;51;54;55;62;63;71;74;75;76;80;84
1,0,4,C/10,3,random,krr_rbf,10.894410451253256,16.532685934257643,"{""alpha"": 0.1, ""gamma"": 0.05}",2.371533036231994,10;44;72;73,3;6;18;22;27;42;48;51;54;55;62;63;71;74;75;76;80;84
1,0,4,C/10,3,random,svr_rbf,11.948444427687598,16.065400460864797,"{""C"": 1.0, ""epsilon"": 0.2}",2.3332977240598147,10;44;72;73,3;6;18;22;27;42;48;51;54;55;62;63;71;74;75;76;80;84
1,0,4,C/10,3,random,gp_rbf,11.43988978741242,17.039933350727907,"{""alpha"": 1.0, ""length"": 3.0}",2.496030668877502,10;44;72;73,3;6;18;22;27;42;48;51;54;55;62;63;71;74;75;76;80;84
1,0,4,C/10,3,random,catboost,10.90865146565711,15.443358634312716,{},,10;44;72;73,3;6;18;22;27;42;48;51;54;55;62;63;71;74;75;76;80;84
1,0,4,C/10,3,random,xgboost,11.102361043294271,15.65488171381658,{},,10;44;72;73,3;6;18;22;27;42;48;51;54;55;62;63;71;74;75;76;80;84
1,0,4,C/10,3,random,extra_trees,10.747961240344573,15.3455844523331,{},,10;44;72;73,3;6;18;22;27;42;48;51;54;55;62;63;71;74;75;76;80;84
1,0,4,C/7,4,random,ridge_physics,11.87600474887424,16.353601429392054,"{""alpha"": 100.0}",2.27728271484375,10;44;72;73,3;6;18;22;27;42;48;51;54;55;62;63;71;74;75;76;80;84
1,0,4,C/7,4,random,ridge_source,7.21046257019043,9.931848534939553,"{""alpha"": 0.1}",2.2651984691619877,10;44;72;73,3;6;18;22;27;42;48;51;54;55;62;63;71;74;75;76;80;84
1,0,4,C/7,4,random,ridge_input,11.627641254001194,16.103406953534456,"{""alpha"": 10.0}",2.1908774375915527,10;44;72;73,3;6;18;22;27;42;48;51;54;55;62;63;71;74;75;76;80;84
1,0,4,C/7,4,random,krr_rbf,11.038314607408312,16.943838261919563,"{""alpha"": 0.1, ""gamma"": 0.05}",2.452738881111145,10;44;72;73,3;6;18;22;27;42;48;51;54;55;62;63;71;74;75;76;80;84
1,0,4,C/7,4,random,svr_rbf,12.104148886033729,16.332677380926267,"{""C"": 1.0, ""epsilon"": 0.2}",2.2351320440725986,10;44;72;73,3;6;18;22;27;42;48;51;54;55;62;63;71;74;75;76;80;84
1,0,4,C/7,4,random,gp_rbf,11.593656411844805,17.454542870746376,"{""alpha"": 1.0, ""length"": 3.0}",2.5912310250248294,10;44;72;73,3;6;18;22;27;42;48;51;54;55;62;63;71;74;75;76;80;84
1,0,4,C/7,4,random,catboost,11.033716056559346,15.711531792179722,{},,10;44;72;73,3;6;18;22;27;42;48;51;54;55;62;63;71;74;75;76;80;84
1,0,4,C/7,4,random,xgboost,11.22530640496148,15.918503256172208,{},,10;44;72;73,3;6;18;22;27;42;48;51;54;55;62;63;71;74;75;76;80;84
1,0,4,C/7,4,random,extra_trees,10.853000768025716,15.584579148380064,{},,10;44;72;73,3;6;18;22;27;42;48;51;54;55;62;63;71;74;75;76;80;84
1,0,4,C/5,5,random,ridge_physics,12.011578241984049,16.652987837478253,"{""alpha"": 100.0}",2.321779608726501,10;44;72;73,3;6;18;22;27;42;48;51;54;55;62;63;71;74;75;76;80;84
1,0,4,C/5,5,random,ridge_source,7.274512184990777,10.11800427881902,"{""alpha"": 0.1}",2.309918761253357,10;44;72;73,3;6;18;22;27;42;48;51;54;55;62;63;71;74;75;76;80;84
1,0,4,C/5,5,random,ridge_input,11.758300145467125,16.395104875865922,"{""alpha"": 10.0}",2.2335901260375977,10;44;72;73,3;6;18;22;27;42;48;51;54;55;62;63;71;74;75;76;80;84
1,0,4,C/5,5,random,krr_rbf,11.187387466430664,17.378002814894508,"{""alpha"": 0.1, ""gamma"": 0.05}",2.506662130355835,10;44;72;73,3;6;18;22;27;42;48;51;54;55;62;63;71;74;75;76;80;84
1,0,4,C/5,5,random,svr_rbf,12.246432044944608,16.62603423624864,"{""C"": 1.0, ""epsilon"": 0.2}",2.281711664581115,10;44;72;73,3;6;18;22;27;42;48;51;54;55;62;63;71;74;75;76;80;84
1,0,4,C/5,5,random,gp_rbf,11.75148449951569,17.891425097561065,"{""alpha"": 1.0, ""length"": 3.0}",2.6542337149853124,10;44;72;73,3;6;18;22;27;42;48;51;54;55;62;63;71;74;75;76;80;84
1,0,4,C/5,5,random,catboost,11.168656153770293,16.005377551719565,{},,10;44;72;73,3;6;18;22;27;42;48;51;54;55;62;63;71;74;75;76;80;84
1,0,4,C/5,5,random,xgboost,11.363608678181969,16.21403189497152,{},,10;44;72;73,3;6;18;22;27;42;48;51;54;55;62;63;71;74;75;76;80;84
1,0,4,C/5,5,random,extra_trees,10.987446329328748,15.876272567492348,{},,10;44;72;73,3;6;18;22;27;42;48;51;54;55;62;63;71;74;75;76;80;84
1,0,4,C/80,0,source_cluster,ridge_physics,3.4151280721028647,4.355860803403766,"{""alpha"": 0.1}",4.640649080276489,15;57;72;87,3;6;18;22;27;42;48;51;54;55;62;63;71;74;75;76;80;84
1,0,4,C/80,0,source_cluster,ridge_source,2.333459642198351,3.161839448194636,"{""alpha"": 0.1}",4.624764561653137,15;57;72;87,3;6;18;22;27;42;48;51;54;55;62;63;71;74;75;76;80;84
1,0,4,C/80,0,source_cluster,ridge_input,5.904287550184462,6.791680090549869,"{""alpha"": 1.0}",8.915130615234375,15;57;72;87,3;6;18;22;27;42;48;51;54;55;62;63;71;74;75;76;80;84
1,0,4,C/80,0,source_cluster,krr_rbf,5.394426981608073,9.964752309144137,"{""alpha"": 0.1, ""gamma"": 0.05}",8.650174498558044,15;57;72;87,3;6;18;22;27;42;48;51;54;55;62;63;71;74;75;76;80;84
1,0,4,C/80,0,source_cluster,svr_rbf,7.614677742572048,10.54421134788751,"{""C"": 10.0, ""epsilon"": 0.2}",10.691539596186574,15;57;72;87,3;6;18;22;27;42;48;51;54;55;62;63;71;74;75;76;80;84
1,0,4,C/80,0,source_cluster,gp_rbf,5.852571942891965,10.489688936188726,"{""alpha"": 1.0, ""length"": 3.0}",8.24073194789398,15;57;72;87,3;6;18;22;27;42;48;51;54;55;62;63;71;74;75;76;80;84
1,0,4,C/80,0,source_cluster,catboost,9.007767974785285,11.325614218101771,{},,15;57;72;87,3;6;18;22;27;42;48;51;54;55;62;63;71;74;75;76;80;84
1,0,4,C/80,0,source_cluster,xgboost,8.55593532986111,11.952610390598556,{},,15;57;72;87,3;6;18;22;27;42;48;51;54;55;62;63;71;74;75;76;80;84
1,0,4,C/80,0,source_cluster,extra_trees,8.120150526364645,10.321457389484934,{},,15;57;72;87,3;6;18;22;27;42;48;51;54;55;62;63;71;74;75;76;80;84
1,0,4,C/40,1,source_cluster,ridge_physics,2.39243401421441,3.314275881573342,"{""alpha"": 1.0}",4.900251150131226,15;57;72;87,3;6;18;22;27;42;48;51;54;55;62;63;71;74;75;76;80;84
1,0,4,C/40,1,source_cluster,ridge_source,1.9860492282443576,2.7944158240997146,"{""alpha"": 0.1}",3.662937521934509,15;57;72;87,3;6;18;22;27;42;48;51;54;55;62;63;71;74;75;76;80;84
1,0,4,C/40,1,source_cluster,ridge_input,5.944534089830187,6.721998429952907,"{""alpha"": 1.0}",8.554170370101929,15;57;72;87,3;6;18;22;27;42;48;51;54;55;62;63;71;74;75;76;80;84
1,0,4,C/40,1,source_cluster,krr_rbf,5.039445241292317,10.404945705061516,"{""alpha"": 0.1, ""gamma"": 0.05}",9.508723020553589,15;57;72;87,3;6;18;22;27;42;48;51;54;55;62;63;71;74;75;76;80;84
1,0,4,C/40,1,source_cluster,svr_rbf,11.544199870974284,14.586411735144486,"{""C"": 1.0, ""epsilon"": 0.2}",11.146652125060514,15;57;72;87,3;6;18;22;27;42;48;51;54;55;62;63;71;74;75;76;80;84
1,0,4,C/40,1,source_cluster,gp_rbf,5.653160830508046,10.96535662057902,"{""alpha"": 1.0, ""length"": 3.0}",8.963403220307567,15;57;72;87,3;6;18;22;27;42;48;51;54;55;62;63;71;74;75;76;80;84
1,0,4,C/40,1,source_cluster,catboost,8.880820032594405,11.450191088060675,{},,15;57;72;87,3;6;18;22;27;42;48;51;54;55;62;63;71;74;75;76;80;84
1,0,4,C/40,1,source_cluster,xgboost,8.837733798556858,12.290667998276328,{},,15;57;72;87,3;6;18;22;27;42;48;51;54;55;62;63;71;74;75;76;80;84
1,0,4,C/40,1,source_cluster,extra_trees,8.438233457671272,10.659238674372094,{},,15;57;72;87,3;6;18;22;27;42;48;51;54;55;62;63;71;74;75;76;80;84
1,0,4,0.05A,2,source_cluster,ridge_physics,3.584781222873264,4.384034885052367,"{""alpha"": 0.1}",4.249449133872986,15;57;72;87,3;6;18;22;27;42;48;51;54;55;62;63;71;74;75;76;80;84
1,0,4,0.05A,2,source_cluster,ridge_source,2.57047610812717,3.365602847781427,"{""alpha"": 0.1}",4.163454055786133,15;57;72;87,3;6;18;22;27;42;48;51;54;55;62;63;71;74;75;76;80;84
1,0,4,0.05A,2,source_cluster,ridge_input,5.625549740261501,6.431012654753439,"{""alpha"": 1.0}",8.478959321975708,15;57;72;87,3;6;18;22;27;42;48;51;54;55;62;63;71;74;75;76;80;84
1,0,4,0.05A,2,source_cluster,krr_rbf,5.572842491997613,9.913183117169275,"{""alpha"": 0.1, ""gamma"": 0.05}",8.304780721664429,15;57;72;87,3;6;18;22;27;42;48;51;54;55;62;63;71;74;75;76;80;84
1,0,4,0.05A,2,source_cluster,svr_rbf,7.5953799508499555,10.4344338860547,"{""C"": 10.0, ""epsilon"": 0.2}",10.461612734277628,15;57;72;87,3;6;18;22;27;42;48;51;54;55;62;63;71;74;75;76;80;84
1,0,4,0.05A,2,source_cluster,gp_rbf,6.008435805484326,10.428877789638724,"{""alpha"": 1.0, ""length"": 3.0}",7.935571793575475,15;57;72;87,3;6;18;22;27;42;48;51;54;55;62;63;71;74;75;76;80;84
1,0,4,0.05A,2,source_cluster,catboost,9.073943385967253,11.31317744602074,{},,15;57;72;87,3;6;18;22;27;42;48;51;54;55;62;63;71;74;75;76;80;84
1,0,4,0.05A,2,source_cluster,xgboost,8.398595174153646,11.826896599392118,{},,15;57;72;87,3;6;18;22;27;42;48;51;54;55;62;63;71;74;75;76;80;84
1,0,4,0.05A,2,source_cluster,extra_trees,7.877755186292859,10.127124921747038,{},,15;57;72;87,3;6;18;22;27;42;48;51;54;55;62;63;71;74;75;76;80;84
1,0,4,C/10,3,source_cluster,ridge_physics,2.4134758843315973,3.516964566419779,"{""alpha"": 1.0}",4.756335258483887,15;57;72;87,3;6;18;22;27;42;48;51;54;55;62;63;71;74;75;76;80;84
1,0,4,C/10,3,source_cluster,ridge_source,2.0903214348687067,3.0937531654148627,"{""alpha"": 0.1}",2.9581542015075684,15;57;72;87,3;6;18;22;27;42;48;51;54;55;62;63;71;74;75;76;80;84
1,0,4,C/10,3,source_cluster,ridge_input,9.015601687961157,10.078833404307275,"{""alpha"": 0.1}",9.031375169754028,15;57;72;87,3;6;18;22;27;42;48;51;54;55;62;63;71;74;75;76;80;84
1,0,4,C/10,3,source_cluster,krr_rbf,8.04466798570421,14.004222708472446,"{""alpha"": 1.0, ""gamma"": 0.05}",9.86090075969696,15;57;72;87,3;6;18;22;27;42;48;51;54;55;62;63;71;74;75;76;80;84
1,0,4,C/10,3,source_cluster,svr_rbf,11.789320449316298,15.450492696110803,"{""C"": 1.0, ""epsilon"": 0.2}",11.172553919494108,15;57;72;87,3;6;18;22;27;42;48;51;54;55;62;63;71;74;75;76;80;84
1,0,4,C/10,3,source_cluster,gp_rbf,5.957871228219217,12.621971945584296,"{""alpha"": 1.0, ""length"": 3.0}",9.780915417048712,15;57;72;87,3;6;18;22;27;42;48;51;54;55;62;63;71;74;75;76;80;84
1,0,4,C/10,3,source_cluster,catboost,9.03073338509293,12.373056671839109,{},,15;57;72;87,3;6;18;22;27;42;48;51;54;55;62;63;71;74;75;76;80;84
1,0,4,C/10,3,source_cluster,xgboost,9.254506005181206,13.367550508350645,{},,15;57;72;87,3;6;18;22;27;42;48;51;54;55;62;63;71;74;75;76;80;84
1,0,4,C/10,3,source_cluster,extra_trees,8.873634955618115,11.718036345314903,{},,15;57;72;87,3;6;18;22;27;42;48;51;54;55;62;63;71;74;75;76;80;84
1,0,4,C/7,4,source_cluster,ridge_physics,2.435859044392904,3.6044409722435695,"{""alpha"": 1.0}",4.912826299667358,15;57;72;87,3;6;18;22;27;42;48;51;54;55;62;63;71;74;75;76;80;84
1,0,4,C/7,4,source_cluster,ridge_source,2.137338638305664,3.251227754661804,"{""alpha"": 0.1}",3.0099114179611206,15;57;72;87,3;6;18;22;27;42;48;51;54;55;62;63;71;74;75;76;80;84
1,0,4,C/7,4,source_cluster,ridge_input,8.929270850287544,9.987441434180775,"{""alpha"": 0.1}",9.231407165527344,15;57;72;87,3;6;18;22;27;42;48;51;54;55;62;63;71;74;75;76;80;84
1,0,4,C/7,4,source_cluster,krr_rbf,8.182845857408312,14.453487772254528,"{""alpha"": 1.0, ""gamma"": 0.05}",9.985645771026611,15;57;72;87,3;6;18;22;27;42;48;51;54;55;62;63;71;74;75;76;80;84
1,0,4,C/7,4,source_cluster,svr_rbf,11.913231777102212,15.718456359109927,"{""C"": 1.0, ""epsilon"": 0.2}",11.140933893859344,15;57;72;87,3;6;18;22;27;42;48;51;54;55;62;63;71;74;75;76;80;84
1,0,4,C/7,4,source_cluster,gp_rbf,6.077366735828221,13.085048507497971,"{""alpha"": 1.0, ""length"": 3.0}",9.98442419918449,15;57;72;87,3;6;18;22;27;42;48;51;54;55;62;63;71;74;75;76;80;84
1,0,4,C/7,4,source_cluster,catboost,9.154334623002375,12.646776234513236,{},,15;57;72;87,3;6;18;22;27;42;48;51;54;55;62;63;71;74;75;76;80;84
1,0,4,C/7,4,source_cluster,xgboost,9.330487357245552,13.637643348523376,{},,15;57;72;87,3;6;18;22;27;42;48;51;54;55;62;63;71;74;75;76;80;84
1,0,4,C/7,4,source_cluster,extra_trees,8.935237542788188,11.973127047101068,{},,15;57;72;87,3;6;18;22;27;42;48;51;54;55;62;63;71;74;75;76;80;84
1,0,4,C/5,5,source_cluster,ridge_physics,2.465474658542209,3.7070299867492,"{""alpha"": 1.0}",5.067574739456177,15;57;72;87,3;6;18;22;27;42;48;51;54;55;62;63;71;74;75;76;80;84
1,0,4,C/5,5,source_cluster,ridge_source,2.2010551028781467,3.456721804998569,"{""alpha"": 0.1}",3.0893771648406982,15;57;72;87,3;6;18;22;27;42;48;51;54;55;62;63;71;74;75;76;80;84
1,0,4,C/5,5,source_cluster,ridge_input,8.823654810587565,9.877246731155944,"{""alpha"": 0.1}",9.437925338745115,15;57;72;87,3;6;18;22;27;42;48;51;54;55;62;63;71;74;75;76;80;84
1,0,4,C/5,5,source_cluster,krr_rbf,8.338235007392036,14.91863033200308,"{""alpha"": 1.0, ""gamma"": 0.05}",10.101196646690369,15;57;72;87,3;6;18;22;27;42;48;51;54;55;62;63;71;74;75;76;80;84
1,0,4,C/5,5,source_cluster,svr_rbf,12.032389356312285,16.006695517363074,"{""C"": 1.0, ""epsilon"": 0.2}",11.117545984923796,15;57;72;87,3;6;18;22;27;42;48;51;54;55;62;63;71;74;75;76;80;84
1,0,4,C/5,5,source_cluster,gp_rbf,6.206151274436772,13.559503827188497,"{""alpha"": 1.0, ""length"": 3.0}",10.198646243934562,15;57;72;87,3;6;18;22;27;42;48;51;54;55;62;63;71;74;75;76;80;84
1,0,4,C/5,5,source_cluster,catboost,9.265385762097416,12.932066544636546,{},,15;57;72;87,3;6;18;22;27;42;48;51;54;55;62;63;71;74;75;76;80;84
1,0,4,C/5,5,source_cluster,xgboost,9.434875276353624,13.941743238223694,{},,15;57;72;87,3;6;18;22;27;42;48;51;54;55;62;63;71;74;75;76;80;84
1,0,4,C/5,5,source_cluster,extra_trees,9.00738119284312,12.25117550125195,{},,15;57;72;87,3;6;18;22;27;42;48;51;54;55;62;63;71;74;75;76;80;84
1,0,4,C/80,0,physical_cluster,ridge_physics,2.4279132419162326,3.408478754846437,"{""alpha"": 1.0}",7.722764492034912,29;30;59;89,3;6;18;22;27;42;48;51;54;55;62;63;71;74;75;76;80;84
1,0,4,C/80,0,physical_cluster,ridge_source,2.1577991909450955,2.905191520069533,"{""alpha"": 0.1}",6.8269065618515015,29;30;59;89,3;6;18;22;27;42;48;51;54;55;62;63;71;74;75;76;80;84
1,0,4,C/80,0,physical_cluster,ridge_input,7.055662367078993,8.527103426786342,"{""alpha"": 10.0}",11.27331554889679,29;30;59;89,3;6;18;22;27;42;48;51;54;55;62;63;71;74;75;76;80;84
1,0,4,C/80,0,physical_cluster,krr_rbf,7.595376756456163,12.03199822521255,"{""alpha"": 1.0, ""gamma"": 0.05}",10.08968997001648,29;30;59;89,3;6;18;22;27;42;48;51;54;55;62;63;71;74;75;76;80;84
1,0,4,C/80,0,physical_cluster,svr_rbf,11.982861744290094,14.81849275924834,"{""C"": 1.0, ""epsilon"": 0.2}",9.82595556556348,29;30;59;89,3;6;18;22;27;42;48;51;54;55;62;63;71;74;75;76;80;84
1,0,4,C/80,0,physical_cluster,gp_rbf,9.199037480721728,13.495697504483932,"{""alpha"": 10.0, ""length"": 3.0}",11.191266447590465,29;30;59;89,3;6;18;22;27;42;48;51;54;55;62;63;71;74;75;76;80;84
1,0,4,C/80,0,physical_cluster,catboost,8.957050972164463,11.24957759904487,{},,29;30;59;89,3;6;18;22;27;42;48;51;54;55;62;63;71;74;75;76;80;84
1,0,4,C/80,0,physical_cluster,xgboost,8.810752444797092,12.093236460812248,{},,29;30;59;89,3;6;18;22;27;42;48;51;54;55;62;63;71;74;75;76;80;84
1,0,4,C/80,0,physical_cluster,extra_trees,8.78879843817817,11.146042178132458,{},,29;30;59;89,3;6;18;22;27;42;48;51;54;55;62;63;71;74;75;76;80;84
1,0,4,C/40,1,physical_cluster,ridge_physics,2.08585442437066,2.942607958615049,"{""alpha"": 1.0}",5.404733419418335,29;30;59;89,3;6;18;22;27;42;48;51;54;55;62;63;71;74;75;76;80;84
1,0,4,C/40,1,physical_cluster,ridge_source,1.7239464653862848,2.4463176854717528,"{""alpha"": 0.1}",4.478519201278687,29;30;59;89,3;6;18;22;27;42;48;51;54;55;62;63;71;74;75;76;80;84
1,0,4,C/40,1,physical_cluster,ridge_input,6.286543952094184,7.205817805601657,"{""alpha"": 1.0}",9.009946942329409,29;30;59;89,3;6;18;22;27;42;48;51;54;55;62;63;71;74;75;76;80;84
1,0,4,C/40,1,physical_cluster,krr_rbf,7.525154537624783,12.440827445951244,"{""alpha"": 1.0, ""gamma"": 0.05}",9.729170799255373,29;30;59;89,3;6;18;22;27;42;48;51;54;55;62;63;71;74;75;76;80;84
1,0,4,C/40,1,physical_cluster,svr_rbf,11.60935485639712,14.626960118780062,"{""C"": 1.0, ""epsilon"": 0.2}",10.723163949517676,29;30;59;89,3;6;18;22;27;42;48;51;54;55;62;63;71;74;75;76;80;84
1,0,4,C/40,1,physical_cluster,gp_rbf,5.548257615200137,10.98872225218501,"{""alpha"": 1.0, ""length"": 3.0}",9.456478239282523,29;30;59;89,3;6;18;22;27;42;48;51;54;55;62;63;71;74;75;76;80;84
1,0,4,C/40,1,physical_cluster,catboost,8.799165690682079,11.349024176782784,{},,29;30;59;89,3;6;18;22;27;42;48;51;54;55;62;63;71;74;75;76;80;84
1,0,4,C/40,1,physical_cluster,xgboost,8.78252919514974,12.254841451801886,{},,29;30;59;89,3;6;18;22;27;42;48;51;54;55;62;63;71;74;75;76;80;84
1,0,4,C/40,1,physical_cluster,extra_trees,8.625889701313444,10.97459456871784,{},,29;30;59;89,3;6;18;22;27;42;48;51;54;55;62;63;71;74;75;76;80;84
1,0,4,0.05A,2,physical_cluster,ridge_physics,2.7445089552137585,3.7319916470002656,"{""alpha"": 1.0}",8.704307794570923,29;30;59;89,3;6;18;22;27;42;48;51;54;55;62;63;71;74;75;76;80;84
1,0,4,0.05A,2,physical_cluster,ridge_source,2.30182859632704,3.1320522454745974,"{""alpha"": 0.1}",7.301217794418335,29;30;59;89,3;6;18;22;27;42;48;51;54;55;62;63;71;74;75;76;80;84
1,0,4,0.05A,2,physical_cluster,ridge_input,7.045081668429905,8.620109821203112,"{""alpha"": 10.0}",11.772814989089966,29;30;59;89,3;6;18;22;27;42;48;51;54;55;62;63;71;74;75;76;80;84
1,0,4,0.05A,2,physical_cluster,krr_rbf,7.752923753526476,12.03300015560085,"{""alpha"": 1.0, ""gamma"": 0.05}",10.528368711471558,29;30;59;89,3;6;18;22;27;42;48;51;54;55;62;63;71;74;75;76;80;84
1,0,4,0.05A,2,physical_cluster,svr_rbf,11.904392573825683,14.701209839704363,"{""C"": 1.0, ""epsilon"": 0.2}",10.898883040539069,29;30;59;89,3;6;18;22;27;42;48;51;54;55;62;63;71;74;75;76;80;84
1,0,4,0.05A,2,physical_cluster,gp_rbf,9.199783933379068,13.437662838366291,"{""alpha"": 10.0, ""length"": 3.0}",10.926604128223891,29;30;59;89,3;6;18;22;27;42;48;51;54;55;62;63;71;74;75;76;80;84
1,0,4,0.05A,2,physical_cluster,catboost,9.09697014553577,11.312505216263624,{},,29;30;59;89,3;6;18;22;27;42;48;51;54;55;62;63;71;74;75;76;80;84
1,0,4,0.05A,2,physical_cluster,xgboost,8.678980933295357,12.01285386495294,{},,29;30;59;89,3;6;18;22;27;42;48;51;54;55;62;63;71;74;75;76;80;84
1,0,4,0.05A,2,physical_cluster,extra_trees,8.733358965979683,11.22562947796312,{},,29;30;59;89,3;6;18;22;27;42;48;51;54;55;62;63;71;74;75;76;80;84
1,0,4,C/10,3,physical_cluster,ridge_physics,2.226263258192274,3.798137491350438,"{""alpha"": 0.1}",3.081183671951294,29;30;59;89,3;6;18;22;27;42;48;51;54;55;62;63;71;74;75;76;80;84
1,0,4,C/10,3,physical_cluster,ridge_source,1.63972896999783,2.379745462751804,"{""alpha"": 0.1}",2.559364318847656,29;30;59;89,3;6;18;22;27;42;48;51;54;55;62;63;71;74;75;76;80;84
1,0,4,C/10,3,physical_cluster,ridge_input,5.670071919759114,6.6297469893776215,"{""alpha"": 0.1}",6.4860183000564575,29;30;59;89,3;6;18;22;27;42;48;51;54;55;62;63;71;74;75;76;80;84
1,0,4,C/10,3,physical_cluster,krr_rbf,4.964245266384548,12.125453103772246,"{""alpha"": 0.1, ""gamma"": 0.05}",8.183273196220398,29;30;59;89,3;6;18;22;27;42;48;51;54;55;62;63;71;74;75;76;80;84
1,0,4,C/10,3,physical_cluster,svr_rbf,7.527911032480871,11.945358582732368,"{""C"": 10.0, ""epsilon"": 0.2}",11.180253040974437,29;30;59;89,3;6;18;22;27;42;48;51;54;55;62;63;71;74;75;76;80;84
1,0,4,C/10,3,physical_cluster,gp_rbf,5.7033949495721386,12.62431456817399,"{""alpha"": 1.0, ""length"": 3.0}",8.01152254366087,29;30;59;89,3;6;18;22;27;42;48;51;54;55;62;63;71;74;75;76;80;84
1,0,4,C/10,3,physical_cluster,catboost,8.795237662734815,12.137952635659769,{},,29;30;59;89,3;6;18;22;27;42;48;51;54;55;62;63;71;74;75;76;80;84
1,0,4,C/10,3,physical_cluster,xgboost,9.01371849907769,13.141267906948125,{},,29;30;59;89,3;6;18;22;27;42;48;51;54;55;62;63;71;74;75;76;80;84
1,0,4,C/10,3,physical_cluster,extra_trees,8.784198729197186,11.660460258366689,{},,29;30;59;89,3;6;18;22;27;42;48;51;54;55;62;63;71;74;75;76;80;84
1,0,4,C/7,4,physical_cluster,ridge_physics,2.067445331149631,3.3099201295915166,"{""alpha"": 0.1}",2.955535411834717,29;30;59;89,3;6;18;22;27;42;48;51;54;55;62;63;71;74;75;76;80;84
1,0,4,C/7,4,physical_cluster,ridge_source,1.5735134548611112,2.307758406323095,"{""alpha"": 0.1}",1.9892137050628664,29;30;59;89,3;6;18;22;27;42;48;51;54;55;62;63;71;74;75;76;80;84
1,0,4,C/7,4,physical_cluster,ridge_input,5.238201141357422,6.032148454789732,"{""alpha"": 0.1}",6.499606609344482,29;30;59;89,3;6;18;22;27;42;48;51;54;55;62;63;71;74;75;76;80;84
1,0,4,C/7,4,physical_cluster,krr_rbf,4.947330686781141,12.517732601479558,"{""alpha"": 0.1, ""gamma"": 0.05}",8.313823580741882,29;30;59;89,3;6;18;22;27;42;48;51;54;55;62;63;71;74;75;76;80;84
1,0,4,C/7,4,physical_cluster,svr_rbf,7.538905190008399,12.237011509388264,"{""C"": 10.0, ""epsilon"": 0.2}",11.681529788141214,29;30;59;89,3;6;18;22;27;42;48;51;54;55;62;63;71;74;75;76;80;84
1,0,4,C/7,4,physical_cluster,gp_rbf,5.712829767525025,13.018919670797398,"{""alpha"": 1.0, ""length"": 3.0}",8.147186942051876,29;30;59;89,3;6;18;22;27;42;48;51;54;55;62;63;71;74;75;76;80;84
1,0,4,C/7,4,physical_cluster,catboost,8.81909956130989,12.289517636080596,{},,29;30;59;89,3;6;18;22;27;42;48;51;54;55;62;63;71;74;75;76;80;84
1,0,4,C/7,4,physical_cluster,xgboost,9.008938047620983,13.32308699027462,{},,29;30;59;89,3;6;18;22;27;42;48;51;54;55;62;63;71;74;75;76;80;84
1,0,4,C/7,4,physical_cluster,extra_trees,8.717705048455132,11.767716125644478,{},,29;30;59;89,3;6;18;22;27;42;48;51;54;55;62;63;71;74;75;76;80;84
1,0,4,C/5,5,physical_cluster,ridge_physics,2.3095946841769748,3.942099197146212,"{""alpha"": 0.1}",2.450807571411133,29;30;59;89,3;6;18;22;27;42;48;51;54;55;62;63;71;74;75;76;80;84
1,0,4,C/5,5,physical_cluster,ridge_source,1.7339806026882596,2.6617363334354014,"{""alpha"": 0.1}",2.1131386756896973,29;30;59;89,3;6;18;22;27;42;48;51;54;55;62;63;71;74;75;76;80;84
1,0,4,C/5,5,physical_cluster,ridge_input,5.577762815687391,6.458975094694094,"{""alpha"": 0.1}",5.954939246177673,29;30;59;89,3;6;18;22;27;42;48;51;54;55;62;63;71;74;75;76;80;84
1,0,4,C/5,5,physical_cluster,krr_rbf,5.172082053290473,13.083425108034488,"{""alpha"": 0.1, ""gamma"": 0.05}",7.934419870376587,29;30;59;89,3;6;18;22;27;42;48;51;54;55;62;63;71;74;75;76;80;84
1,0,4,C/5,5,physical_cluster,svr_rbf,7.586497509192512,12.559091663091117,"{""C"": 10.0, ""epsilon"": 0.2}",11.692771072716544,29;30;59;89,3;6;18;22;27;42;48;51;54;55;62;63;71;74;75;76;80;84
1,0,4,C/5,5,physical_cluster,gp_rbf,5.924413635885916,13.574484897499609,"{""alpha"": 1.0, ""length"": 3.0}",7.831230657797995,29;30;59;89,3;6;18;22;27;42;48;51;54;55;62;63;71;74;75;76;80;84
1,0,4,C/5,5,physical_cluster,catboost,8.963922839760347,12.65532899603184,{},,29;30;59;89,3;6;18;22;27;42;48;51;54;55;62;63;71;74;75;76;80;84
1,0,4,C/5,5,physical_cluster,xgboost,9.151041030883787,13.660690072645842,{},,29;30;59;89,3;6;18;22;27;42;48;51;54;55;62;63;71;74;75;76;80;84
1,0,4,C/5,5,physical_cluster,extra_trees,8.854036235809325,12.10909826292265,{},,29;30;59;89,3;6;18;22;27;42;48;51;54;55;62;63;71;74;75;76;80;84
1,0,4,C/80,0,input_cluster,ridge_physics,2.267881393432617,3.0314930546131955,"{""alpha"": 1.0}",5.4029620885849,0;50;60;66,3;6;18;22;27;42;48;51;54;55;62;63;71;74;75;76;80;84
1,0,4,C/80,0,input_cluster,ridge_source,2.224891662597656,3.036956557638056,"{""alpha"": 0.1}",3.858949542045593,0;50;60;66,3;6;18;22;27;42;48;51;54;55;62;63;71;74;75;76;80;84
1,0,4,C/80,0,input_cluster,ridge_input,5.302311155531141,7.3550657179529715,"{""alpha"": 0.1}",9.809581995010376,0;50;60;66,3;6;18;22;27;42;48;51;54;55;62;63;71;74;75;76;80;84
1,0,4,C/80,0,input_cluster,krr_rbf,3.824471367730035,9.088455712877687,"{""alpha"": 0.1, ""gamma"": 0.05}",10.856423258781431,0;50;60;66,3;6;18;22;27;42;48;51;54;55;62;63;71;74;75;76;80;84
1,0,4,C/80,0,input_cluster,svr_rbf,11.394254635200504,14.47966693398259,"{""C"": 1.0, ""epsilon"": 0.2}",15.128113294281183,0;50;60;66,3;6;18;22;27;42;48;51;54;55;62;63;71;74;75;76;80;84
1,0,4,C/80,0,input_cluster,gp_rbf,4.523479158194147,9.508103418502508,"{""alpha"": 1.0, ""length"": 3.0}",11.376758191066443,0;50;60;66,3;6;18;22;27;42;48;51;54;55;62;63;71;74;75;76;80;84
1,0,4,C/80,0,input_cluster,catboost,7.38281210822217,10.01756859006363,{},,0;50;60;66,3;6;18;22;27;42;48;51;54;55;62;63;71;74;75;76;80;84
1,0,4,C/80,0,input_cluster,xgboost,8.64209238688151,11.62852412210525,{},,0;50;60;66,3;6;18;22;27;42;48;51;54;55;62;63;71;74;75;76;80;84
1,0,4,C/80,0,input_cluster,extra_trees,10.788247956169975,14.35391845375527,{},,0;50;60;66,3;6;18;22;27;42;48;51;54;55;62;63;71;74;75;76;80;84
1,0,4,C/40,1,input_cluster,ridge_physics,1.881508085462782,2.885115290837863,"{""alpha"": 1.0}",4.336460709571838,0;50;60;66,3;6;18;22;27;42;48;51;54;55;62;63;71;74;75;76;80;84
1,0,4,C/40,1,input_cluster,ridge_source,1.7266604105631511,2.4932829271528343,"{""alpha"": 0.1}",2.6784337759017944,0;50;60;66,3;6;18;22;27;42;48;51;54;55;62;63;71;74;75;76;80;84
1,0,4,C/40,1,input_cluster,ridge_input,5.336732016669379,7.618160545835175,"{""alpha"": 0.1}",10.044365644454956,0;50;60;66,3;6;18;22;27;42;48;51;54;55;62;63;71;74;75;76;80;84
1,0,4,C/40,1,input_cluster,krr_rbf,3.745866139729818,9.666820886980792,"{""alpha"": 0.1, ""gamma"": 0.05}",10.99527621269226,0;50;60;66,3;6;18;22;27;42;48;51;54;55;62;63;71;74;75;76;80;84
1,0,4,C/40,1,input_cluster,svr_rbf,11.446755180236403,14.651080754835348,"{""C"": 1.0, ""epsilon"": 0.2}",15.335184598602474,0;50;60;66,3;6;18;22;27;42;48;51;54;55;62;63;71;74;75;76;80;84
1,0,4,C/40,1,input_cluster,gp_rbf,4.401325182739767,10.0774262688948,"{""alpha"": 1.0, ""length"": 3.0}",11.5220837794709,0;50;60;66,3;6;18;22;27;42;48;51;54;55;62;63;71;74;75;76;80;84
1,0,4,C/40,1,input_cluster,catboost,7.282207481004396,10.161933972120032,{},,0;50;60;66,3;6;18;22;27;42;48;51;54;55;62;63;71;74;75;76;80;84
1,0,4,C/40,1,input_cluster,xgboost,8.629534827338325,11.908650437185685,{},,0;50;60;66,3;6;18;22;27;42;48;51;54;55;62;63;71;74;75;76;80;84
1,0,4,C/40,1,input_cluster,extra_trees,10.9112974802653,14.577246883622344,{},,0;50;60;66,3;6;18;22;27;42;48;51;54;55;62;63;71;74;75;76;80;84
1,0,4,0.05A,2,input_cluster,ridge_physics,2.408842510647244,3.1829257529537265,"{""alpha"": 1.0}",4.995647192001343,0;50;60;66,3;6;18;22;27;42;48;51;54;55;62;63;71;74;75;76;80;84
1,0,4,0.05A,2,input_cluster,ridge_source,2.337648391723633,3.1051017275355988,"{""alpha"": 0.1}",3.449729084968567,0;50;60;66,3;6;18;22;27;42;48;51;54;55;62;63;71;74;75;76;80;84
1,0,4,0.05A,2,input_cluster,ridge_input,5.22955322265625,7.397987809491904,"{""alpha"": 0.1}",9.69377088546753,0;50;60;66,3;6;18;22;27;42;48;51;54;55;62;63;71;74;75;76;80;84
1,0,4,0.05A,2,input_cluster,krr_rbf,3.9127074347602,8.997147189158836,"{""alpha"": 0.1, ""gamma"": 0.05}",10.71201241016388,0;50;60;66,3;6;18;22;27;42;48;51;54;55;62;63;71;74;75;76;80;84
1,0,4,0.05A,2,input_cluster,svr_rbf,11.302794301270382,14.347704689306031,"{""C"": 1.0, ""epsilon"": 0.2}",14.897318387664974,0;50;60;66,3;6;18;22;27;42;48;51;54;55;62;63;71;74;75;76;80;84
1,0,4,0.05A,2,input_cluster,gp_rbf,4.59277366856577,9.415108431945336,"{""alpha"": 1.0, ""length"": 3.0}",11.22793538029913,0;50;60;66,3;6;18;22;27;42;48;51;54;55;62;63;71;74;75;76;80;84
1,0,4,0.05A,2,input_cluster,catboost,7.3599472603491005,9.95167008316501,{},,0;50;60;66,3;6;18;22;27;42;48;51;54;55;62;63;71;74;75;76;80;84
1,0,4,0.05A,2,input_cluster,xgboost,8.591164059109158,11.577005837744071,{},,0;50;60;66,3;6;18;22;27;42;48;51;54;55;62;63;71;74;75;76;80;84
1,0,4,0.05A,2,input_cluster,extra_trees,10.743775261773004,14.24390215563839,{},,0;50;60;66,3;6;18;22;27;42;48;51;54;55;62;63;71;74;75;76;80;84
1,0,4,C/10,3,input_cluster,ridge_physics,1.5321307712131076,2.221411968041537,"{""alpha"": 0.1}",3.9596643447875977,0;50;60;66,3;6;18;22;27;42;48;51;54;55;62;63;71;74;75;76;80;84
1,0,4,C/10,3,input_cluster,ridge_source,1.4251730177137587,1.858340646227617,"{""alpha"": 0.1}",2.400113344192505,0;50;60;66,3;6;18;22;27;42;48;51;54;55;62;63;71;74;75;76;80;84
1,0,4,C/10,3,input_cluster,ridge_input,5.089213265313043,7.20392687202114,"{""alpha"": 0.1}",10.481274962425232,0;50;60;66,3;6;18;22;27;42;48;51;54;55;62;63;71;74;75;76;80;84
1,0,4,C/10,3,input_cluster,krr_rbf,4.071370018853082,11.476633770197662,"{""alpha"": 0.1, ""gamma"": 0.05}",11.248963236808777,0;50;60;66,3;6;18;22;27;42;48;51;54;55;62;63;71;74;75;76;80;84
1,0,4,C/10,3,input_cluster,svr_rbf,11.88700260997816,15.597862244418527,"{""C"": 1.0, ""epsilon"": 0.2}",15.719563031830011,0;50;60;66,3;6;18;22;27;42;48;51;54;55;62;63;71;74;75;76;80;84
1,0,4,C/10,3,input_cluster,gp_rbf,4.652857933888378,11.856512915513251,"{""alpha"": 1.0, ""length"": 3.0}",11.787300394743909,0;50;60;66,3;6;18;22;27;42;48;51;54;55;62;63;71;74;75;76;80;84
1,0,4,C/10,3,input_cluster,catboost,7.552510495702425,11.107746796429463,{},,0;50;60;66,3;6;18;22;27;42;48;51;54;55;62;63;71;74;75;76;80;84
1,0,4,C/10,3,input_cluster,xgboost,8.838492499457466,12.888629364887406,{},,0;50;60;66,3;6;18;22;27;42;48;51;54;55;62;63;71;74;75;76;80;84
1,0,4,C/10,3,input_cluster,extra_trees,11.38200494978163,15.52001036775546,{},,0;50;60;66,3;6;18;22;27;42;48;51;54;55;62;63;71;74;75;76;80;84
1,0,4,C/7,4,input_cluster,ridge_physics,1.4664272732204862,2.161678584445665,"{""alpha"": 0.1}",3.6989951133728023,0;50;60;66,3;6;18;22;27;42;48;51;54;55;62;63;71;74;75;76;80;84
1,0,4,C/7,4,input_cluster,ridge_source,1.4164286719428167,1.8429452133504691,"{""alpha"": 0.1}",2.3633251190185547,0;50;60;66,3;6;18;22;27;42;48;51;54;55;62;63;71;74;75;76;80;84
1,0,4,C/7,4,input_cluster,ridge_input,5.039572185940212,7.056568700240743,"{""alpha"": 0.1}",10.529730558395386,0;50;60;66,3;6;18;22;27;42;48;51;54;55;62;63;71;74;75;76;80;84
1,0,4,C/7,4,input_cluster,krr_rbf,4.150349299112956,11.964761204565695,"{""alpha"": 0.1, ""gamma"": 0.05}",11.268625736236572,0;50;60;66,3;6;18;22;27;42;48;51;54;55;62;63;71;74;75;76;80;84
1,0,4,C/7,4,input_cluster,svr_rbf,12.01029977150431,15.86945467682746,"{""C"": 1.0, ""epsilon"": 0.2}",15.73469021383685,0;50;60;66,3;6;18;22;27;42;48;51;54;55;62;63;71;74;75;76;80;84
1,0,4,C/7,4,input_cluster,gp_rbf,4.744609575321395,12.343473841665991,"{""alpha"": 1.0, ""length"": 3.0}",11.80960123103544,0;50;60;66,3;6;18;22;27;42;48;51;54;55;62;63;71;74;75;76;80;84
1,0,4,C/7,4,input_cluster,catboost,7.676374297038955,11.38543741437608,{},,0;50;60;66,3;6;18;22;27;42;48;51;54;55;62;63;71;74;75;76;80;84
1,0,4,C/7,4,input_cluster,xgboost,8.938701417711046,13.176204066138078,{},,0;50;60;66,3;6;18;22;27;42;48;51;54;55;62;63;71;74;75;76;80;84
1,0,4,C/7,4,input_cluster,extra_trees,11.533775329589844,15.788942897943803,{},,0;50;60;66,3;6;18;22;27;42;48;51;54;55;62;63;71;74;75;76;80;84
1,0,4,C/5,5,input_cluster,ridge_physics,1.4448945787217882,2.201946293477934,"{""alpha"": 0.1}",3.3675906658172607,0;50;60;66,3;6;18;22;27;42;48;51;54;55;62;63;71;74;75;76;80;84
1,0,4,C/5,5,input_cluster,ridge_source,1.5240595075819228,1.926701358502716,"{""alpha"": 0.1}",2.6697311401367188,0;50;60;66,3;6;18;22;27;42;48;51;54;55;62;63;71;74;75;76;80;84
1,0,4,C/5,5,input_cluster,ridge_input,5.037797504001194,7.024257504699617,"{""alpha"": 0.1}",10.638092517852783,0;50;60;66,3;6;18;22;27;42;48;51;54;55;62;63;71;74;75;76;80;84
1,0,4,C/5,5,input_cluster,krr_rbf,4.221699820624457,12.453032573888448,"{""alpha"": 0.1, ""gamma"": 0.05}",11.342345476150513,0;50;60;66,3;6;18;22;27;42;48;51;54;55;62;63;71;74;75;76;80;84
1,0,4,C/5,5,input_cluster,svr_rbf,12.144755558315287,16.162195787107635,"{""C"": 1.0, ""epsilon"": 0.2}",15.818073774017511,0;50;60;66,3;6;18;22;27;42;48;51;54;55;62;63;71;74;75;76;80;84
1,0,4,C/5,5,input_cluster,gp_rbf,4.827073525147698,12.82665022205767,"{""alpha"": 1.0, ""length"": 3.0}",11.888919375110351,0;50;60;66,3;6;18;22;27;42;48;51;54;55;62;63;71;74;75;76;80;84
1,0,4,C/5,5,input_cluster,catboost,7.826151684022569,11.663785788717492,{},,0;50;60;66,3;6;18;22;27;42;48;51;54;55;62;63;71;74;75;76;80;84
1,0,4,C/5,5,input_cluster,xgboost,9.042772716946072,13.467920613877476,{},,0;50;60;66,3;6;18;22;27;42;48;51;54;55;62;63;71;74;75;76;80;84
1,0,4,C/5,5,input_cluster,extra_trees,11.6991605758667,16.072744967234,{},,0;50;60;66,3;6;18;22;27;42;48;51;54;55;62;63;71;74;75;76;80;84
1,1,4,C/80,0,random,ridge_physics,4.726935704549153,6.824235189926593,"{""alpha"": 0.1}",3.25235366821289,4;30;53;57,3;6;18;22;27;42;48;51;54;55;62;63;71;74;75;76;80;84
1,1,4,C/80,0,random,ridge_source,2.3081270853678384,3.025856597703543,"{""alpha"": 0.1}",3.5968713760375977,4;30;53;57,3;6;18;22;27;42;48;51;54;55;62;63;71;74;75;76;80;84
1,1,4,C/80,0,random,ridge_input,11.163438585069445,15.459421488727878,"{""alpha"": 0.1}",6.99092698097229,4;30;53;57,3;6;18;22;27;42;48;51;54;55;62;63;71;74;75;76;80;84
1,1,4,C/80,0,random,krr_rbf,7.180569542778863,10.74666566626345,"{""alpha"": 0.1, ""gamma"": 0.05}",4.880326747894287,4;30;53;57,3;6;18;22;27;42;48;51;54;55;62;63;71;74;75;76;80;84
1,1,4,C/80,0,random,svr_rbf,9.030780329301288,11.822818775259725,"{""C"": 100.0, ""epsilon"": 0.2}",5.834862853892123,4;30;53;57,3;6;18;22;27;42;48;51;54;55;62;63;71;74;75;76;80;84
1,1,4,C/80,0,random,gp_rbf,7.052745936683212,10.98583379482316,"{""alpha"": 1.0, ""length"": 3.0}",5.202606362942747,4;30;53;57,3;6;18;22;27;42;48;51;54;55;62;63;71;74;75;76;80;84
1,1,4,C/80,0,random,catboost,7.62278702766177,11.15500454549361,{},,4;30;53;57,3;6;18;22;27;42;48;51;54;55;62;63;71;74;75;76;80;84
1,1,4,C/80,0,random,xgboost,12.578136020236546,14.475748760074676,{},,4;30;53;57,3;6;18;22;27;42;48;51;54;55;62;63;71;74;75;76;80;84
1,1,4,C/80,0,random,extra_trees,4.497892710897657,7.840075912602815,{},,4;30;53;57,3;6;18;22;27;42;48;51;54;55;62;63;71;74;75;76;80;84
1,1,4,C/40,1,random,ridge_physics,2.9307465023464627,4.317727781332026,"{""alpha"": 0.1}",1.5176520347595217,4;30;53;57,3;6;18;22;27;42;48;51;54;55;62;63;71;74;75;76;80;84
1,1,4,C/40,1,random,ridge_source,1.7410981920030382,2.3952824281916403,"{""alpha"": 0.1}",1.7744626998901367,4;30;53;57,3;6;18;22;27;42;48;51;54;55;62;63;71;74;75;76;80;84
1,1,4,C/40,1,random,ridge_input,8.169717152913412,12.185642538774898,"{""alpha"": 0.1}",5.217001438140869,4;30;53;57,3;6;18;22;27;42;48;51;54;55;62;63;71;74;75;76;80;84
1,1,4,C/40,1,random,krr_rbf,6.34636730617947,10.981164908601524,"{""alpha"": 0.1, ""gamma"": 0.05}",3.601663827896118,4;30;53;57,3;6;18;22;27;42;48;51;54;55;62;63;71;74;75;76;80;84
1,1,4,C/40,1,random,svr_rbf,7.724704775336543,11.349523899438369,"{""C"": 100.0, ""epsilon"": 0.2}",4.211251744525498,4;30;53;57,3;6;18;22;27;42;48;51;54;55;62;63;71;74;75;76;80;84
1,1,4,C/40,1,random,gp_rbf,6.4811715618398615,11.38142082723634,"{""alpha"": 1.0, ""length"": 3.0}",4.399083393168727,4;30;53;57,3;6;18;22;27;42;48;51;54;55;62;63;71;74;75;76;80;84
1,1,4,C/40,1,random,catboost,7.429258042139259,11.212241409543848,{},,4;30;53;57,3;6;18;22;27;42;48;51;54;55;62;63;71;74;75;76;80;84
1,1,4,C/40,1,random,xgboost,12.34345965915256,14.365591160260983,{},,4;30;53;57,3;6;18;22;27;42;48;51;54;55;62;63;71;74;75;76;80;84
1,1,4,C/40,1,random,extra_trees,4.064596650335525,7.8012786591551855,{},,4;30;53;57,3;6;18;22;27;42;48;51;54;55;62;63;71;74;75;76;80;84
1,1,4,0.05A,2,random,ridge_physics,5.318188137478298,7.791025714426058,"{""alpha"": 0.1}",4.077728271484375,4;30;53;57,3;6;18;22;27;42;48;51;54;55;62;63;71;74;75;76;80;84
1,1,4,0.05A,2,random,ridge_source,2.3908983866373696,3.17408720742017,"{""alpha"": 0.1}",4.452106714248657,4;30;53;57,3;6;18;22;27;42;48;51;54;55;62;63;71;74;75;76;80;84
1,1,4,0.05A,2,random,ridge_input,11.773063659667969,16.02596110003602,"{""alpha"": 0.1}",7.496347188949585,4;30;53;57,3;6;18;22;27;42;48;51;54;55;62;63;71;74;75;76;80;84
1,1,4,0.05A,2,random,krr_rbf,7.464903089735243,10.796635104834111,"{""alpha"": 0.1, ""gamma"": 0.05}",5.560966730117798,4;30;53;57,3;6;18;22;27;42;48;51;54;55;62;63;71;74;75;76;80;84
1,1,4,0.05A,2,random,svr_rbf,9.39391041456615,12.001263306538297,"{""C"": 100.0, ""epsilon"": 0.2}",6.523150171778569,4;30;53;57,3;6;18;22;27;42;48;51;54;55;62;63;71;74;75;76;80;84
1,1,4,0.05A,2,random,gp_rbf,7.218460880507681,10.967535719846373,"{""alpha"": 1.0, ""length"": 3.0}",5.571722322482653,4;30;53;57,3;6;18;22;27;42;48;51;54;55;62;63;71;74;75;76;80;84
1,1,4,0.05A,2,random,catboost,7.692197595104631,11.140429756061808,{},,4;30;53;57,3;6;18;22;27;42;48;51;54;55;62;63;71;74;75;76;80;84
1,1,4,0.05A,2,random,xgboost,12.313102298312716,14.308697859112772,{},,4;30;53;57,3;6;18;22;27;42;48;51;54;55;62;63;71;74;75;76;80;84
1,1,4,0.05A,2,random,extra_trees,4.702110022968715,7.992373676718561,{},,4;30;53;57,3;6;18;22;27;42;48;51;54;55;62;63;71;74;75;76;80;84
1,1,4,C/10,3,random,ridge_physics,1.6365924411349826,2.246296360369968,"{""alpha"": 0.1}",0.4651551246643066,4;30;53;57,3;6;18;22;27;42;48;51;54;55;62;63;71;74;75;76;80;84
1,1,4,C/10,3,random,ridge_source,1.5181331634521484,2.200750386955216,"{""alpha"": 0.1}",0.6272666454315186,4;30;53;57,3;6;18;22;27;42;48;51;54;55;62;63;71;74;75;76;80;84
1,1,4,C/10,3,random,ridge_input,6.182594087388781,9.446708205609944,"{""alpha"": 0.1}",4.57727575302124,4;30;53;57,3;6;18;22;27;42;48;51;54;55;62;63;71;74;75;76;80;84
1,1,4,C/10,3,random,krr_rbf,6.119130452473958,12.630601449272678,"{""alpha"": 0.1, ""gamma"": 0.05}",3.1363754272460938,4;30;53;57,3;6;18;22;27;42;48;51;54;55;62;63;71;74;75;76;80;84
1,1,4,C/10,3,random,svr_rbf,6.047402291523898,11.918734616400783,"{""C"": 100.0, ""epsilon"": 0.2}",3.660633587049405,4;30;53;57,3;6;18;22;27;42;48;51;54;55;62;63;71;74;75;76;80;84
1,1,4,C/10,3,random,gp_rbf,6.460825798669412,13.069021009985828,"{""alpha"": 1.0, ""length"": 3.0}",4.340726822641971,4;30;53;57,3;6;18;22;27;42;48;51;54;55;62;63;71;74;75;76;80;84
1,1,4,C/10,3,random,catboost,8.104704953067582,12.25877592750704,{},,4;30;53;57,3;6;18;22;27;42;48;51;54;55;62;63;71;74;75;76;80;84
1,1,4,C/10,3,random,xgboost,12.448135375976562,15.085502426863496,{},,4;30;53;57,3;6;18;22;27;42;48;51;54;55;62;63;71;74;75;76;80;84
1,1,4,C/10,3,random,extra_trees,4.288290638393826,8.894985329697093,{},,4;30;53;57,3;6;18;22;27;42;48;51;54;55;62;63;71;74;75;76;80;84
1,1,4,C/7,4,random,ridge_physics,1.5062096913655598,2.097056026339979,"{""alpha"": 0.1}",0.4078161716461181,4;30;53;57,3;6;18;22;27;42;48;51;54;55;62;63;71;74;75;76;80;84
1,1,4,C/7,4,random,ridge_source,1.564444859822591,2.265102872153737,"{""alpha"": 0.1}",0.6076512336730957,4;30;53;57,3;6;18;22;27;42;48;51;54;55;62;63;71;74;75;76;80;84
1,1,4,C/7,4,random,ridge_input,5.91408093770345,9.059042727251182,"{""alpha"": 0.1}",4.547179222106934,4;30;53;57,3;6;18;22;27;42;48;51;54;55;62;63;71;74;75;76;80;84
1,1,4,C/7,4,random,krr_rbf,6.149813546074761,13.087779829218904,"{""alpha"": 0.1, ""gamma"": 0.05}",3.1969127655029297,4;30;53;57,3;6;18;22;27;42;48;51;54;55;62;63;71;74;75;76;80;84
1,1,4,C/7,4,random,svr_rbf,6.030458941872524,12.226716782643614,"{""C"": 100.0, ""epsilon"": 0.2}",3.746106355047423,4;30;53;57,3;6;18;22;27;42;48;51;54;55;62;63;71;74;75;76;80;84
1,1,4,C/7,4,random,gp_rbf,6.524124453191758,13.533563565480025,"{""alpha"": 1.0, ""length"": 3.0}",4.399665199118781,4;30;53;57,3;6;18;22;27;42;48;51;54;55;62;63;71;74;75;76;80;84
1,1,4,C/7,4,random,catboost,8.2546142107826,12.524306641982104,{},,4;30;53;57,3;6;18;22;27;42;48;51;54;55;62;63;71;74;75;76;80;84
1,1,4,C/7,4,random,xgboost,12.444028854370115,15.261372169682057,{},,4;30;53;57,3;6;18;22;27;42;48;51;54;55;62;63;71;74;75;76;80;84
1,1,4,C/7,4,random,extra_trees,4.399541619088915,9.177234191878764,{},,4;30;53;57,3;6;18;22;27;42;48;51;54;55;62;63;71;74;75;76;80;84
1,1,4,C/5,5,random,ridge_physics,1.5079354180230036,2.194363562096864,"{""alpha"": 0.1}",0.6476116180419922,4;30;53;57,3;6;18;22;27;42;48;51;54;55;62;63;71;74;75;76;80;84
1,1,4,C/5,5,random,ridge_source,1.553198072645399,2.271126422003068,"{""alpha"": 0.1}",0.8555386066436768,4;30;53;57,3;6;18;22;27;42;48;51;54;55;62;63;71;74;75;76;80;84
1,1,4,C/5,5,random,ridge_input,5.778258641560872,8.998571258458078,"{""alpha"": 0.1}",4.632720708847046,4;30;53;57,3;6;18;22;27;42;48;51;54;55;62;63;71;74;75;76;80;84
1,1,4,C/5,5,random,krr_rbf,6.171657350328234,13.50586487326114,"{""alpha"": 0.1, ""gamma"": 0.05}",3.4867680072784424,4;30;53;57,3;6;18;22;27;42;48;51;54;55;62;63;71;74;75;76;80;84
1,1,4,C/5,5,random,svr_rbf,6.039871758330116,12.484542516101016,"{""C"": 100.0, ""epsilon"": 0.2}",4.096073297841125,4;30;53;57,3;6;18;22;27;42;48;51;54;55;62;63;71;74;75;76;80;84
1,1,4,C/5,5,random,gp_rbf,6.553297725124497,13.95802294995945,"{""alpha"": 1.0, ""length"": 3.0}",4.494092910431419,4;30;53;57,3;6;18;22;27;42;48;51;54;55;62;63;71;74;75;76;80;84
1,1,4,C/5,5,random,catboost,8.372561624294876,12.73573695672443,{},,4;30;53;57,3;6;18;22;27;42;48;51;54;55;62;63;71;74;75;76;80;84
1,1,4,C/5,5,random,xgboost,12.374704784817164,15.380531406388249,{},,4;30;53;57,3;6;18;22;27;42;48;51;54;55;62;63;71;74;75;76;80;84
1,1,4,C/5,5,random,extra_trees,4.505223462316725,9.400153161509907,{},,4;30;53;57,3;6;18;22;27;42;48;51;54;55;62;63;71;74;75;76;80;84
1,1,4,C/80,0,source_cluster,ridge_physics,3.4151280721028647,4.355860803403766,"{""alpha"": 0.1}",4.640649080276489,15;57;72;87,3;6;18;22;27;42;48;51;54;55;62;63;71;74;75;76;80;84
1,1,4,C/80,0,source_cluster,ridge_source,2.333459642198351,3.161839448194636,"{""alpha"": 0.1}",4.624764561653137,15;57;72;87,3;6;18;22;27;42;48;51;54;55;62;63;71;74;75;76;80;84
1,1,4,C/80,0,source_cluster,ridge_input,5.904287550184462,6.791680090549869,"{""alpha"": 1.0}",8.915130615234375,15;57;72;87,3;6;18;22;27;42;48;51;54;55;62;63;71;74;75;76;80;84
1,1,4,C/80,0,source_cluster,krr_rbf,5.394426981608073,9.964752309144137,"{""alpha"": 0.1, ""gamma"": 0.05}",8.650174498558044,15;57;72;87,3;6;18;22;27;42;48;51;54;55;62;63;71;74;75;76;80;84
1,1,4,C/80,0,source_cluster,svr_rbf,7.614677742572048,10.54421134788751,"{""C"": 10.0, ""epsilon"": 0.2}",10.691539596186574,15;57;72;87,3;6;18;22;27;42;48;51;54;55;62;63;71;74;75;76;80;84
1,1,4,C/80,0,source_cluster,gp_rbf,5.852571942891965,10.489688936188726,"{""alpha"": 1.0, ""length"": 3.0}",8.24073194789398,15;57;72;87,3;6;18;22;27;42;48;51;54;55;62;63;71;74;75;76;80;84
1,1,4,C/80,0,source_cluster,catboost,9.007767974785285,11.325614218101771,{},,15;57;72;87,3;6;18;22;27;42;48;51;54;55;62;63;71;74;75;76;80;84
1,1,4,C/80,0,source_cluster,xgboost,8.55593532986111,11.952610390598556,{},,15;57;72;87,3;6;18;22;27;42;48;51;54;55;62;63;71;74;75;76;80;84
1,1,4,C/80,0,source_cluster,extra_trees,8.120150526364645,10.321457389484934,{},,15;57;72;87,3;6;18;22;27;42;48;51;54;55;62;63;71;74;75;76;80;84
1,1,4,C/40,1,source_cluster,ridge_physics,2.39243401421441,3.314275881573342,"{""alpha"": 1.0}",4.900251150131226,15;57;72;87,3;6;18;22;27;42;48;51;54;55;62;63;71;74;75;76;80;84
1,1,4,C/40,1,source_cluster,ridge_source,1.9860492282443576,2.7944158240997146,"{""alpha"": 0.1}",3.662937521934509,15;57;72;87,3;6;18;22;27;42;48;51;54;55;62;63;71;74;75;76;80;84
1,1,4,C/40,1,source_cluster,ridge_input,5.944534089830187,6.721998429952907,"{""alpha"": 1.0}",8.554170370101929,15;57;72;87,3;6;18;22;27;42;48;51;54;55;62;63;71;74;75;76;80;84
1,1,4,C/40,1,source_cluster,krr_rbf,5.039445241292317,10.404945705061516,"{""alpha"": 0.1, ""gamma"": 0.05}",9.508723020553589,15;57;72;87,3;6;18;22;27;42;48;51;54;55;62;63;71;74;75;76;80;84
1,1,4,C/40,1,source_cluster,svr_rbf,11.544199870974284,14.586411735144486,"{""C"": 1.0, ""epsilon"": 0.2}",11.146652125060514,15;57;72;87,3;6;18;22;27;42;48;51;54;55;62;63;71;74;75;76;80;84
1,1,4,C/40,1,source_cluster,gp_rbf,5.653160830508046,10.96535662057902,"{""alpha"": 1.0, ""length"": 3.0}",8.963403220307567,15;57;72;87,3;6;18;22;27;42;48;51;54;55;62;63;71;74;75;76;80;84
1,1,4,C/40,1,source_cluster,catboost,8.880820032594405,11.450191088060675,{},,15;57;72;87,3;6;18;22;27;42;48;51;54;55;62;63;71;74;75;76;80;84
1,1,4,C/40,1,source_cluster,xgboost,8.837733798556858,12.290667998276328,{},,15;57;72;87,3;6;18;22;27;42;48;51;54;55;62;63;71;74;75;76;80;84
1,1,4,C/40,1,source_cluster,extra_trees,8.438233457671272,10.659238674372094,{},,15;57;72;87,3;6;18;22;27;42;48;51;54;55;62;63;71;74;75;76;80;84
1,1,4,0.05A,2,source_cluster,ridge_physics,3.584781222873264,4.384034885052367,"{""alpha"": 0.1}",4.249449133872986,15;57;72;87,3;6;18;22;27;42;48;51;54;55;62;63;71;74;75;76;80;84
1,1,4,0.05A,2,source_cluster,ridge_source,2.57047610812717,3.365602847781427,"{""alpha"": 0.1}",4.163454055786133,15;57;72;87,3;6;18;22;27;42;48;51;54;55;62;63;71;74;75;76;80;84
1,1,4,0.05A,2,source_cluster,ridge_input,5.625549740261501,6.431012654753439,"{""alpha"": 1.0}",8.478959321975708,15;57;72;87,3;6;18;22;27;42;48;51;54;55;62;63;71;74;75;76;80;84
1,1,4,0.05A,2,source_cluster,krr_rbf,5.572842491997613,9.913183117169275,"{""alpha"": 0.1, ""gamma"": 0.05}",8.304780721664429,15;57;72;87,3;6;18;22;27;42;48;51;54;55;62;63;71;74;75;76;80;84
1,1,4,0.05A,2,source_cluster,svr_rbf,7.5953799508499555,10.4344338860547,"{""C"": 10.0, ""epsilon"": 0.2}",10.461612734277628,15;57;72;87,3;6;18;22;27;42;48;51;54;55;62;63;71;74;75;76;80;84
1,1,4,0.05A,2,source_cluster,gp_rbf,6.008435805484326,10.428877789638724,"{""alpha"": 1.0, ""length"": 3.0}",7.935571793575475,15;57;72;87,3;6;18;22;27;42;48;51;54;55;62;63;71;74;75;76;80;84
1,1,4,0.05A,2,source_cluster,catboost,9.073943385967253,11.31317744602074,{},,15;57;72;87,3;6;18;22;27;42;48;51;54;55;62;63;71;74;75;76;80;84
1,1,4,0.05A,2,source_cluster,xgboost,8.398595174153646,11.826896599392118,{},,15;57;72;87,3;6;18;22;27;42;48;51;54;55;62;63;71;74;75;76;80;84
1,1,4,0.05A,2,source_cluster,extra_trees,7.877755186292859,10.127124921747038,{},,15;57;72;87,3;6;18;22;27;42;48;51;54;55;62;63;71;74;75;76;80;84
1,1,4,C/10,3,source_cluster,ridge_physics,2.4134758843315973,3.516964566419779,"{""alpha"": 1.0}",4.756335258483887,15;57;72;87,3;6;18;22;27;42;48;51;54;55;62;63;71;74;75;76;80;84
1,1,4,C/10,3,source_cluster,ridge_source,2.0903214348687067,3.0937531654148627,"{""alpha"": 0.1}",2.9581542015075684,15;57;72;87,3;6;18;22;27;42;48;51;54;55;62;63;71;74;75;76;80;84
1,1,4,C/10,3,source_cluster,ridge_input,9.015601687961157,10.078833404307275,"{""alpha"": 0.1}",9.031375169754028,15;57;72;87,3;6;18;22;27;42;48;51;54;55;62;63;71;74;75;76;80;84
1,1,4,C/10,3,source_cluster,krr_rbf,8.04466798570421,14.004222708472446,"{""alpha"": 1.0, ""gamma"": 0.05}",9.86090075969696,15;57;72;87,3;6;18;22;27;42;48;51;54;55;62;63;71;74;75;76;80;84
1,1,4,C/10,3,source_cluster,svr_rbf,11.789320449316298,15.450492696110803,"{""C"": 1.0, ""epsilon"": 0.2}",11.172553919494108,15;57;72;87,3;6;18;22;27;42;48;51;54;55;62;63;71;74;75;76;80;84
1,1,4,C/10,3,source_cluster,gp_rbf,5.957871228219217,12.621971945584296,"{""alpha"": 1.0, ""length"": 3.0}",9.780915417048712,15;57;72;87,3;6;18;22;27;42;48;51;54;55;62;63;71;74;75;76;80;84
1,1,4,C/10,3,source_cluster,catboost,9.03073338509293,12.373056671839109,{},,15;57;72;87,3;6;18;22;27;42;48;51;54;55;62;63;71;74;75;76;80;84
1,1,4,C/10,3,source_cluster,xgboost,9.254506005181206,13.367550508350645,{},,15;57;72;87,3;6;18;22;27;42;48;51;54;55;62;63;71;74;75;76;80;84
1,1,4,C/10,3,source_cluster,extra_trees,8.873634955618115,11.718036345314903,{},,15;57;72;87,3;6;18;22;27;42;48;51;54;55;62;63;71;74;75;76;80;84
1,1,4,C/7,4,source_cluster,ridge_physics,2.435859044392904,3.6044409722435695,"{""alpha"": 1.0}",4.912826299667358,15;57;72;87,3;6;18;22;27;42;48;51;54;55;62;63;71;74;75;76;80;84
1,1,4,C/7,4,source_cluster,ridge_source,2.137338638305664,3.251227754661804,"{""alpha"": 0.1}",3.0099114179611206,15;57;72;87,3;6;18;22;27;42;48;51;54;55;62;63;71;74;75;76;80;84
1,1,4,C/7,4,source_cluster,ridge_input,8.929270850287544,9.987441434180775,"{""alpha"": 0.1}",9.231407165527344,15;57;72;87,3;6;18;22;27;42;48;51;54;55;62;63;71;74;75;76;80;84
1,1,4,C/7,4,source_cluster,krr_rbf,8.182845857408312,14.453487772254528,"{""alpha"": 1.0, ""gamma"": 0.05}",9.985645771026611,15;57;72;87,3;6;18;22;27;42;48;51;54;55;62;63;71;74;75;76;80;84
1,1,4,C/7,4,source_cluster,svr_rbf,11.913231777102212,15.718456359109927,"{""C"": 1.0, ""epsilon"": 0.2}",11.140933893859344,15;57;72;87,3;6;18;22;27;42;48;51;54;55;62;63;71;74;75;76;80;84
1,1,4,C/7,4,source_cluster,gp_rbf,6.077366735828221,13.085048507497971,"{""alpha"": 1.0, ""length"": 3.0}",9.98442419918449,15;57;72;87,3;6;18;22;27;42;48;51;54;55;62;63;71;74;75;76;80;84
1,1,4,C/7,4,source_cluster,catboost,9.154334623002375,12.646776234513236,{},,15;57;72;87,3;6;18;22;27;42;48;51;54;55;62;63;71;74;75;76;80;84
1,1,4,C/7,4,source_cluster,xgboost,9.330487357245552,13.637643348523376,{},,15;57;72;87,3;6;18;22;27;42;48;51;54;55;62;63;71;74;75;76;80;84
1,1,4,C/7,4,source_cluster,extra_trees,8.935237542788188,11.973127047101068,{},,15;57;72;87,3;6;18;22;27;42;48;51;54;55;62;63;71;74;75;76;80;84
1,1,4,C/5,5,source_cluster,ridge_physics,2.465474658542209,3.7070299867492,"{""alpha"": 1.0}",5.067574739456177,15;57;72;87,3;6;18;22;27;42;48;51;54;55;62;63;71;74;75;76;80;84
1,1,4,C/5,5,source_cluster,ridge_source,2.2010551028781467,3.456721804998569,"{""alpha"": 0.1}",3.0893771648406982,15;57;72;87,3;6;18;22;27;42;48;51;54;55;62;63;71;74;75;76;80;84
1,1,4,C/5,5,source_cluster,ridge_input,8.823654810587565,9.877246731155944,"{""alpha"": 0.1}",9.437925338745115,15;57;72;87,3;6;18;22;27;42;48;51;54;55;62;63;71;74;75;76;80;84
1,1,4,C/5,5,source_cluster,krr_rbf,8.338235007392036,14.91863033200308,"{""alpha"": 1.0, ""gamma"": 0.05}",10.101196646690369,15;57;72;87,3;6;18;22;27;42;48;51;54;55;62;63;71;74;75;76;80;84
1,1,4,C/5,5,source_cluster,svr_rbf,12.032389356312285,16.006695517363074,"{""C"": 1.0, ""epsilon"": 0.2}",11.117545984923796,15;57;72;87,3;6;18;22;27;42;48;51;54;55;62;63;71;74;75;76;80;84
1,1,4,C/5,5,source_cluster,gp_rbf,6.206151274436772,13.559503827188497,"{""alpha"": 1.0, ""length"": 3.0}",10.198646243934562,15;57;72;87,3;6;18;22;27;42;48;51;54;55;62;63;71;74;75;76;80;84
1,1,4,C/5,5,source_cluster,catboost,9.265385762097416,12.932066544636546,{},,15;57;72;87,3;6;18;22;27;42;48;51;54;55;62;63;71;74;75;76;80;84
1,1,4,C/5,5,source_cluster,xgboost,9.434875276353624,13.941743238223694,{},,15;57;72;87,3;6;18;22;27;42;48;51;54;55;62;63;71;74;75;76;80;84
1,1,4,C/5,5,source_cluster,extra_trees,9.00738119284312,12.25117550125195,{},,15;57;72;87,3;6;18;22;27;42;48;51;54;55;62;63;71;74;75;76;80;84
1,1,4,C/80,0,physical_cluster,ridge_physics,2.4279132419162326,3.408478754846437,"{""alpha"": 1.0}",7.722764492034912,29;30;59;89,3;6;18;22;27;42;48;51;54;55;62;63;71;74;75;76;80;84
1,1,4,C/80,0,physical_cluster,ridge_source,2.1577991909450955,2.905191520069533,"{""alpha"": 0.1}",6.8269065618515015,29;30;59;89,3;6;18;22;27;42;48;51;54;55;62;63;71;74;75;76;80;84
1,1,4,C/80,0,physical_cluster,ridge_input,7.055662367078993,8.527103426786342,"{""alpha"": 10.0}",11.27331554889679,29;30;59;89,3;6;18;22;27;42;48;51;54;55;62;63;71;74;75;76;80;84
1,1,4,C/80,0,physical_cluster,krr_rbf,7.595376756456163,12.03199822521255,"{""alpha"": 1.0, ""gamma"": 0.05}",10.08968997001648,29;30;59;89,3;6;18;22;27;42;48;51;54;55;62;63;71;74;75;76;80;84
1,1,4,C/80,0,physical_cluster,svr_rbf,11.982861744290094,14.81849275924834,"{""C"": 1.0, ""epsilon"": 0.2}",9.82595556556348,29;30;59;89,3;6;18;22;27;42;48;51;54;55;62;63;71;74;75;76;80;84
1,1,4,C/80,0,physical_cluster,gp_rbf,9.199037480721728,13.495697504483932,"{""alpha"": 10.0, ""length"": 3.0}",11.191266447590465,29;30;59;89,3;6;18;22;27;42;48;51;54;55;62;63;71;74;75;76;80;84
1,1,4,C/80,0,physical_cluster,catboost,8.957050972164463,11.24957759904487,{},,29;30;59;89,3;6;18;22;27;42;48;51;54;55;62;63;71;74;75;76;80;84
1,1,4,C/80,0,physical_cluster,xgboost,8.810752444797092,12.093236460812248,{},,29;30;59;89,3;6;18;22;27;42;48;51;54;55;62;63;71;74;75;76;80;84
1,1,4,C/80,0,physical_cluster,extra_trees,8.78879843817817,11.146042178132458,{},,29;30;59;89,3;6;18;22;27;42;48;51;54;55;62;63;71;74;75;76;80;84
1,1,4,C/40,1,physical_cluster,ridge_physics,2.08585442437066,2.942607958615049,"{""alpha"": 1.0}",5.404733419418335,29;30;59;89,3;6;18;22;27;42;48;51;54;55;62;63;71;74;75;76;80;84
1,1,4,C/40,1,physical_cluster,ridge_source,1.7239464653862848,2.4463176854717528,"{""alpha"": 0.1}",4.478519201278687,29;30;59;89,3;6;18;22;27;42;48;51;54;55;62;63;71;74;75;76;80;84
1,1,4,C/40,1,physical_cluster,ridge_input,6.286543952094184,7.205817805601657,"{""alpha"": 1.0}",9.009946942329409,29;30;59;89,3;6;18;22;27;42;48;51;54;55;62;63;71;74;75;76;80;84
1,1,4,C/40,1,physical_cluster,krr_rbf,7.525154537624783,12.440827445951244,"{""alpha"": 1.0, ""gamma"": 0.05}",9.729170799255373,29;30;59;89,3;6;18;22;27;42;48;51;54;55;62;63;71;74;75;76;80;84
1,1,4,C/40,1,physical_cluster,svr_rbf,11.60935485639712,14.626960118780062,"{""C"": 1.0, ""epsilon"": 0.2}",10.723163949517676,29;30;59;89,3;6;18;22;27;42;48;51;54;55;62;63;71;74;75;76;80;84
1,1,4,C/40,1,physical_cluster,gp_rbf,5.548257615200137,10.98872225218501,"{""alpha"": 1.0, ""length"": 3.0}",9.456478239282523,29;30;59;89,3;6;18;22;27;42;48;51;54;55;62;63;71;74;75;76;80;84
1,1,4,C/40,1,physical_cluster,catboost,8.799165690682079,11.349024176782784,{},,29;30;59;89,3;6;18;22;27;42;48;51;54;55;62;63;71;74;75;76;80;84
1,1,4,C/40,1,physical_cluster,xgboost,8.78252919514974,12.254841451801886,{},,29;30;59;89,3;6;18;22;27;42;48;51;54;55;62;63;71;74;75;76;80;84
1,1,4,C/40,1,physical_cluster,extra_trees,8.625889701313444,10.97459456871784,{},,29;30;59;89,3;6;18;22;27;42;48;51;54;55;62;63;71;74;75;76;80;84
1,1,4,0.05A,2,physical_cluster,ridge_physics,2.7445089552137585,3.7319916470002656,"{""alpha"": 1.0}",8.704307794570923,29;30;59;89,3;6;18;22;27;42;48;51;54;55;62;63;71;74;75;76;80;84
1,1,4,0.05A,2,physical_cluster,ridge_source,2.30182859632704,3.1320522454745974,"{""alpha"": 0.1}",7.301217794418335,29;30;59;89,3;6;18;22;27;42;48;51;54;55;62;63;71;74;75;76;80;84
1,1,4,0.05A,2,physical_cluster,ridge_input,7.045081668429905,8.620109821203112,"{""alpha"": 10.0}",11.772814989089966,29;30;59;89,3;6;18;22;27;42;48;51;54;55;62;63;71;74;75;76;80;84
1,1,4,0.05A,2,physical_cluster,krr_rbf,7.752923753526476,12.03300015560085,"{""alpha"": 1.0, ""gamma"": 0.05}",10.528368711471558,29;30;59;89,3;6;18;22;27;42;48;51;54;55;62;63;71;74;75;76;80;84
1,1,4,0.05A,2,physical_cluster,svr_rbf,11.904392573825683,14.701209839704363,"{""C"": 1.0, ""epsilon"": 0.2}",10.898883040539069,29;30;59;89,3;6;18;22;27;42;48;51;54;55;62;63;71;74;75;76;80;84
1,1,4,0.05A,2,physical_cluster,gp_rbf,9.199783933379068,13.437662838366291,"{""alpha"": 10.0, ""length"": 3.0}",10.926604128223891,29;30;59;89,3;6;18;22;27;42;48;51;54;55;62;63;71;74;75;76;80;84
1,1,4,0.05A,2,physical_cluster,catboost,9.09697014553577,11.312505216263624,{},,29;30;59;89,3;6;18;22;27;42;48;51;54;55;62;63;71;74;75;76;80;84
1,1,4,0.05A,2,physical_cluster,xgboost,8.678980933295357,12.01285386495294,{},,29;30;59;89,3;6;18;22;27;42;48;51;54;55;62;63;71;74;75;76;80;84
1,1,4,0.05A,2,physical_cluster,extra_trees,8.733358965979683,11.22562947796312,{},,29;30;59;89,3;6;18;22;27;42;48;51;54;55;62;63;71;74;75;76;80;84
1,1,4,C/10,3,physical_cluster,ridge_physics,2.226263258192274,3.798137491350438,"{""alpha"": 0.1}",3.081183671951294,29;30;59;89,3;6;18;22;27;42;48;51;54;55;62;63;71;74;75;76;80;84
1,1,4,C/10,3,physical_cluster,ridge_source,1.63972896999783,2.379745462751804,"{""alpha"": 0.1}",2.559364318847656,29;30;59;89,3;6;18;22;27;42;48;51;54;55;62;63;71;74;75;76;80;84
1,1,4,C/10,3,physical_cluster,ridge_input,5.670071919759114,6.6297469893776215,"{""alpha"": 0.1}",6.4860183000564575,29;30;59;89,3;6;18;22;27;42;48;51;54;55;62;63;71;74;75;76;80;84
1,1,4,C/10,3,physical_cluster,krr_rbf,4.964245266384548,12.125453103772246,"{""alpha"": 0.1, ""gamma"": 0.05}",8.183273196220398,29;30;59;89,3;6;18;22;27;42;48;51;54;55;62;63;71;74;75;76;80;84
1,1,4,C/10,3,physical_cluster,svr_rbf,7.527911032480871,11.945358582732368,"{""C"": 10.0, ""epsilon"": 0.2}",11.180253040974437,29;30;59;89,3;6;18;22;27;42;48;51;54;55;62;63;71;74;75;76;80;84
1,1,4,C/10,3,physical_cluster,gp_rbf,5.7033949495721386,12.62431456817399,"{""alpha"": 1.0, ""length"": 3.0}",8.01152254366087,29;30;59;89,3;6;18;22;27;42;48;51;54;55;62;63;71;74;75;76;80;84
1,1,4,C/10,3,physical_cluster,catboost,8.795237662734815,12.137952635659769,{},,29;30;59;89,3;6;18;22;27;42;48;51;54;55;62;63;71;74;75;76;80;84
1,1,4,C/10,3,physical_cluster,xgboost,9.01371849907769,13.141267906948125,{},,29;30;59;89,3;6;18;22;27;42;48;51;54;55;62;63;71;74;75;76;80;84
1,1,4,C/10,3,physical_cluster,extra_trees,8.784198729197186,11.660460258366689,{},,29;30;59;89,3;6;18;22;27;42;48;51;54;55;62;63;71;74;75;76;80;84
1,1,4,C/7,4,physical_cluster,ridge_physics,2.067445331149631,3.3099201295915166,"{""alpha"": 0.1}",2.955535411834717,29;30;59;89,3;6;18;22;27;42;48;51;54;55;62;63;71;74;75;76;80;84
1,1,4,C/7,4,physical_cluster,ridge_source,1.5735134548611112,2.307758406323095,"{""alpha"": 0.1}",1.9892137050628664,29;30;59;89,3;6;18;22;27;42;48;51;54;55;62;63;71;74;75;76;80;84
1,1,4,C/7,4,physical_cluster,ridge_input,5.238201141357422,6.032148454789732,"{""alpha"": 0.1}",6.499606609344482,29;30;59;89,3;6;18;22;27;42;48;51;54;55;62;63;71;74;75;76;80;84
1,1,4,C/7,4,physical_cluster,krr_rbf,4.947330686781141,12.517732601479558,"{""alpha"": 0.1, ""gamma"": 0.05}",8.313823580741882,29;30;59;89,3;6;18;22;27;42;48;51;54;55;62;63;71;74;75;76;80;84
1,1,4,C/7,4,physical_cluster,svr_rbf,7.538905190008399,12.237011509388264,"{""C"": 10.0, ""epsilon"": 0.2}",11.681529788141214,29;30;59;89,3;6;18;22;27;42;48;51;54;55;62;63;71;74;75;76;80;84
1,1,4,C/7,4,physical_cluster,gp_rbf,5.712829767525025,13.018919670797398,"{""alpha"": 1.0, ""length"": 3.0}",8.147186942051876,29;30;59;89,3;6;18;22;27;42;48;51;54;55;62;63;71;74;75;76;80;84
1,1,4,C/7,4,physical_cluster,catboost,8.81909956130989,12.289517636080596,{},,29;30;59;89,3;6;18;22;27;42;48;51;54;55;62;63;71;74;75;76;80;84
1,1,4,C/7,4,physical_cluster,xgboost,9.008938047620983,13.32308699027462,{},,29;30;59;89,3;6;18;22;27;42;48;51;54;55;62;63;71;74;75;76;80;84
1,1,4,C/7,4,physical_cluster,extra_trees,8.717705048455132,11.767716125644478,{},,29;30;59;89,3;6;18;22;27;42;48;51;54;55;62;63;71;74;75;76;80;84
1,1,4,C/5,5,physical_cluster,ridge_physics,2.3095946841769748,3.942099197146212,"{""alpha"": 0.1}",2.450807571411133,29;30;59;89,3;6;18;22;27;42;48;51;54;55;62;63;71;74;75;76;80;84
1,1,4,C/5,5,physical_cluster,ridge_source,1.7339806026882596,2.6617363334354014,"{""alpha"": 0.1}",2.1131386756896973,29;30;59;89,3;6;18;22;27;42;48;51;54;55;62;63;71;74;75;76;80;84
1,1,4,C/5,5,physical_cluster,ridge_input,5.577762815687391,6.458975094694094,"{""alpha"": 0.1}",5.954939246177673,29;30;59;89,3;6;18;22;27;42;48;51;54;55;62;63;71;74;75;76;80;84
1,1,4,C/5,5,physical_cluster,krr_rbf,5.172082053290473,13.083425108034488,"{""alpha"": 0.1, ""gamma"": 0.05}",7.934419870376587,29;30;59;89,3;6;18;22;27;42;48;51;54;55;62;63;71;74;75;76;80;84
1,1,4,C/5,5,physical_cluster,svr_rbf,7.586497509192512,12.559091663091117,"{""C"": 10.0, ""epsilon"": 0.2}",11.692771072716544,29;30;59;89,3;6;18;22;27;42;48;51;54;55;62;63;71;74;75;76;80;84
1,1,4,C/5,5,physical_cluster,gp_rbf,5.924413635885916,13.574484897499609,"{""alpha"": 1.0, ""length"": 3.0}",7.831230657797995,29;30;59;89,3;6;18;22;27;42;48;51;54;55;62;63;71;74;75;76;80;84
1,1,4,C/5,5,physical_cluster,catboost,8.963922839760347,12.65532899603184,{},,29;30;59;89,3;6;18;22;27;42;48;51;54;55;62;63;71;74;75;76;80;84
1,1,4,C/5,5,physical_cluster,xgboost,9.151041030883787,13.660690072645842,{},,29;30;59;89,3;6;18;22;27;42;48;51;54;55;62;63;71;74;75;76;80;84
1,1,4,C/5,5,physical_cluster,extra_trees,8.854036235809325,12.10909826292265,{},,29;30;59;89,3;6;18;22;27;42;48;51;54;55;62;63;71;74;75;76;80;84
1,1,4,C/80,0,input_cluster,ridge_physics,2.267881393432617,3.0314930546131955,"{""alpha"": 1.0}",5.4029620885849,0;50;60;66,3;6;18;22;27;42;48;51;54;55;62;63;71;74;75;76;80;84
1,1,4,C/80,0,input_cluster,ridge_source,2.224891662597656,3.036956557638056,"{""alpha"": 0.1}",3.858949542045593,0;50;60;66,3;6;18;22;27;42;48;51;54;55;62;63;71;74;75;76;80;84
1,1,4,C/80,0,input_cluster,ridge_input,5.302311155531141,7.3550657179529715,"{""alpha"": 0.1}",9.809581995010376,0;50;60;66,3;6;18;22;27;42;48;51;54;55;62;63;71;74;75;76;80;84
1,1,4,C/80,0,input_cluster,krr_rbf,3.824471367730035,9.088455712877687,"{""alpha"": 0.1, ""gamma"": 0.05}",10.856423258781431,0;50;60;66,3;6;18;22;27;42;48;51;54;55;62;63;71;74;75;76;80;84
1,1,4,C/80,0,input_cluster,svr_rbf,11.394254635200504,14.47966693398259,"{""C"": 1.0, ""epsilon"": 0.2}",15.128113294281183,0;50;60;66,3;6;18;22;27;42;48;51;54;55;62;63;71;74;75;76;80;84
1,1,4,C/80,0,input_cluster,gp_rbf,4.523479158194147,9.508103418502508,"{""alpha"": 1.0, ""length"": 3.0}",11.376758191066443,0;50;60;66,3;6;18;22;27;42;48;51;54;55;62;63;71;74;75;76;80;84
1,1,4,C/80,0,input_cluster,catboost,7.38281210822217,10.01756859006363,{},,0;50;60;66,3;6;18;22;27;42;48;51;54;55;62;63;71;74;75;76;80;84
1,1,4,C/80,0,input_cluster,xgboost,8.64209238688151,11.62852412210525,{},,0;50;60;66,3;6;18;22;27;42;48;51;54;55;62;63;71;74;75;76;80;84
1,1,4,C/80,0,input_cluster,extra_trees,10.788247956169975,14.35391845375527,{},,0;50;60;66,3;6;18;22;27;42;48;51;54;55;62;63;71;74;75;76;80;84
1,1,4,C/40,1,input_cluster,ridge_physics,1.881508085462782,2.885115290837863,"{""alpha"": 1.0}",4.336460709571838,0;50;60;66,3;6;18;22;27;42;48;51;54;55;62;63;71;74;75;76;80;84
1,1,4,C/40,1,input_cluster,ridge_source,1.7266604105631511,2.4932829271528343,"{""alpha"": 0.1}",2.6784337759017944,0;50;60;66,3;6;18;22;27;42;48;51;54;55;62;63;71;74;75;76;80;84
1,1,4,C/40,1,input_cluster,ridge_input,5.336732016669379,7.618160545835175,"{""alpha"": 0.1}",10.044365644454956,0;50;60;66,3;6;18;22;27;42;48;51;54;55;62;63;71;74;75;76;80;84
1,1,4,C/40,1,input_cluster,krr_rbf,3.745866139729818,9.666820886980792,"{""alpha"": 0.1, ""gamma"": 0.05}",10.99527621269226,0;50;60;66,3;6;18;22;27;42;48;51;54;55;62;63;71;74;75;76;80;84
1,1,4,C/40,1,input_cluster,svr_rbf,11.446755180236403,14.651080754835348,"{""C"": 1.0, ""epsilon"": 0.2}",15.335184598602474,0;50;60;66,3;6;18;22;27;42;48;51;54;55;62;63;71;74;75;76;80;84
1,1,4,C/40,1,input_cluster,gp_rbf,4.401325182739767,10.0774262688948,"{""alpha"": 1.0, ""length"": 3.0}",11.5220837794709,0;50;60;66,3;6;18;22;27;42;48;51;54;55;62;63;71;74;75;76;80;84
1,1,4,C/40,1,input_cluster,catboost,7.282207481004396,10.161933972120032,{},,0;50;60;66,3;6;18;22;27;42;48;51;54;55;62;63;71;74;75;76;80;84
1,1,4,C/40,1,input_cluster,xgboost,8.629534827338325,11.908650437185685,{},,0;50;60;66,3;6;18;22;27;42;48;51;54;55;62;63;71;74;75;76;80;84
1,1,4,C/40,1,input_cluster,extra_trees,10.9112974802653,14.577246883622344,{},,0;50;60;66,3;6;18;22;27;42;48;51;54;55;62;63;71;74;75;76;80;84
1,1,4,0.05A,2,input_cluster,ridge_physics,2.408842510647244,3.1829257529537265,"{""alpha"": 1.0}",4.995647192001343,0;50;60;66,3;6;18;22;27;42;48;51;54;55;62;63;71;74;75;76;80;84
1,1,4,0.05A,2,input_cluster,ridge_source,2.337648391723633,3.1051017275355988,"{""alpha"": 0.1}",3.449729084968567,0;50;60;66,3;6;18;22;27;42;48;51;54;55;62;63;71;74;75;76;80;84
1,1,4,0.05A,2,input_cluster,ridge_input,5.22955322265625,7.397987809491904,"{""alpha"": 0.1}",9.69377088546753,0;50;60;66,3;6;18;22;27;42;48;51;54;55;62;63;71;74;75;76;80;84
1,1,4,0.05A,2,input_cluster,krr_rbf,3.9127074347602,8.997147189158836,"{""alpha"": 0.1, ""gamma"": 0.05}",10.71201241016388,0;50;60;66,3;6;18;22;27;42;48;51;54;55;62;63;71;74;75;76;80;84
1,1,4,0.05A,2,input_cluster,svr_rbf,11.302794301270382,14.347704689306031,"{""C"": 1.0, ""epsilon"": 0.2}",14.897318387664974,0;50;60;66,3;6;18;22;27;42;48;51;54;55;62;63;71;74;75;76;80;84
1,1,4,0.05A,2,input_cluster,gp_rbf,4.59277366856577,9.415108431945336,"{""alpha"": 1.0, ""length"": 3.0}",11.22793538029913,0;50;60;66,3;6;18;22;27;42;48;51;54;55;62;63;71;74;75;76;80;84
1,1,4,0.05A,2,input_cluster,catboost,7.3599472603491005,9.95167008316501,{},,0;50;60;66,3;6;18;22;27;42;48;51;54;55;62;63;71;74;75;76;80;84
1,1,4,0.05A,2,input_cluster,xgboost,8.591164059109158,11.577005837744071,{},,0;50;60;66,3;6;18;22;27;42;48;51;54;55;62;63;71;74;75;76;80;84
1,1,4,0.05A,2,input_cluster,extra_trees,10.743775261773004,14.24390215563839,{},,0;50;60;66,3;6;18;22;27;42;48;51;54;55;62;63;71;74;75;76;80;84
1,1,4,C/10,3,input_cluster,ridge_physics,1.5321307712131076,2.221411968041537,"{""alpha"": 0.1}",3.9596643447875977,0;50;60;66,3;6;18;22;27;42;48;51;54;55;62;63;71;74;75;76;80;84
1,1,4,C/10,3,input_cluster,ridge_source,1.4251730177137587,1.858340646227617,"{""alpha"": 0.1}",2.400113344192505,0;50;60;66,3;6;18;22;27;42;48;51;54;55;62;63;71;74;75;76;80;84
1,1,4,C/10,3,input_cluster,ridge_input,5.089213265313043,7.20392687202114,"{""alpha"": 0.1}",10.481274962425232,0;50;60;66,3;6;18;22;27;42;48;51;54;55;62;63;71;74;75;76;80;84
1,1,4,C/10,3,input_cluster,krr_rbf,4.071370018853082,11.476633770197662,"{""alpha"": 0.1, ""gamma"": 0.05}",11.248963236808777,0;50;60;66,3;6;18;22;27;42;48;51;54;55;62;63;71;74;75;76;80;84
1,1,4,C/10,3,input_cluster,svr_rbf,11.88700260997816,15.597862244418527,"{""C"": 1.0, ""epsilon"": 0.2}",15.719563031830011,0;50;60;66,3;6;18;22;27;42;48;51;54;55;62;63;71;74;75;76;80;84
1,1,4,C/10,3,input_cluster,gp_rbf,4.652857933888378,11.856512915513251,"{""alpha"": 1.0, ""length"": 3.0}",11.787300394743909,0;50;60;66,3;6;18;22;27;42;48;51;54;55;62;63;71;74;75;76;80;84
1,1,4,C/10,3,input_cluster,catboost,7.552510495702425,11.107746796429463,{},,0;50;60;66,3;6;18;22;27;42;48;51;54;55;62;63;71;74;75;76;80;84
1,1,4,C/10,3,input_cluster,xgboost,8.838492499457466,12.888629364887406,{},,0;50;60;66,3;6;18;22;27;42;48;51;54;55;62;63;71;74;75;76;80;84
1,1,4,C/10,3,input_cluster,extra_trees,11.38200494978163,15.52001036775546,{},,0;50;60;66,3;6;18;22;27;42;48;51;54;55;62;63;71;74;75;76;80;84
1,1,4,C/7,4,input_cluster,ridge_physics,1.4664272732204862,2.161678584445665,"{""alpha"": 0.1}",3.6989951133728023,0;50;60;66,3;6;18;22;27;42;48;51;54;55;62;63;71;74;75;76;80;84
1,1,4,C/7,4,input_cluster,ridge_source,1.4164286719428167,1.8429452133504691,"{""alpha"": 0.1}",2.3633251190185547,0;50;60;66,3;6;18;22;27;42;48;51;54;55;62;63;71;74;75;76;80;84
1,1,4,C/7,4,input_cluster,ridge_input,5.039572185940212,7.056568700240743,"{""alpha"": 0.1}",10.529730558395386,0;50;60;66,3;6;18;22;27;42;48;51;54;55;62;63;71;74;75;76;80;84
1,1,4,C/7,4,input_cluster,krr_rbf,4.150349299112956,11.964761204565695,"{""alpha"": 0.1, ""gamma"": 0.05}",11.268625736236572,0;50;60;66,3;6;18;22;27;42;48;51;54;55;62;63;71;74;75;76;80;84
1,1,4,C/7,4,input_cluster,svr_rbf,12.01029977150431,15.86945467682746,"{""C"": 1.0, ""epsilon"": 0.2}",15.73469021383685,0;50;60;66,3;6;18;22;27;42;48;51;54;55;62;63;71;74;75;76;80;84
1,1,4,C/7,4,input_cluster,gp_rbf,4.744609575321395,12.343473841665991,"{""alpha"": 1.0, ""length"": 3.0}",11.80960123103544,0;50;60;66,3;6;18;22;27;42;48;51;54;55;62;63;71;74;75;76;80;84
1,1,4,C/7,4,input_cluster,catboost,7.676374297038955,11.38543741437608,{},,0;50;60;66,3;6;18;22;27;42;48;51;54;55;62;63;71;74;75;76;80;84
1,1,4,C/7,4,input_cluster,xgboost,8.938701417711046,13.176204066138078,{},,0;50;60;66,3;6;18;22;27;42;48;51;54;55;62;63;71;74;75;76;80;84
1,1,4,C/7,4,input_cluster,extra_trees,11.533775329589844,15.788942897943803,{},,0;50;60;66,3;6;18;22;27;42;48;51;54;55;62;63;71;74;75;76;80;84
1,1,4,C/5,5,input_cluster,ridge_physics,1.4448945787217882,2.201946293477934,"{""alpha"": 0.1}",3.3675906658172607,0;50;60;66,3;6;18;22;27;42;48;51;54;55;62;63;71;74;75;76;80;84
1,1,4,C/5,5,input_cluster,ridge_source,1.5240595075819228,1.926701358502716,"{""alpha"": 0.1}",2.6697311401367188,0;50;60;66,3;6;18;22;27;42;48;51;54;55;62;63;71;74;75;76;80;84
1,1,4,C/5,5,input_cluster,ridge_input,5.037797504001194,7.024257504699617,"{""alpha"": 0.1}",10.638092517852783,0;50;60;66,3;6;18;22;27;42;48;51;54;55;62;63;71;74;75;76;80;84
1,1,4,C/5,5,input_cluster,krr_rbf,4.221699820624457,12.453032573888448,"{""alpha"": 0.1, ""gamma"": 0.05}",11.342345476150513,0;50;60;66,3;6;18;22;27;42;48;51;54;55;62;63;71;74;75;76;80;84
1,1,4,C/5,5,input_cluster,svr_rbf,12.144755558315287,16.162195787107635,"{""C"": 1.0, ""epsilon"": 0.2}",15.818073774017511,0;50;60;66,3;6;18;22;27;42;48;51;54;55;62;63;71;74;75;76;80;84
1,1,4,C/5,5,input_cluster,gp_rbf,4.827073525147698,12.82665022205767,"{""alpha"": 1.0, ""length"": 3.0}",11.888919375110351,0;50;60;66,3;6;18;22;27;42;48;51;54;55;62;63;71;74;75;76;80;84
1,1,4,C/5,5,input_cluster,catboost,7.826151684022569,11.663785788717492,{},,0;50;60;66,3;6;18;22;27;42;48;51;54;55;62;63;71;74;75;76;80;84
1,1,4,C/5,5,input_cluster,xgboost,9.042772716946072,13.467920613877476,{},,0;50;60;66,3;6;18;22;27;42;48;51;54;55;62;63;71;74;75;76;80;84
1,1,4,C/5,5,input_cluster,extra_trees,11.6991605758667,16.072744967234,{},,0;50;60;66,3;6;18;22;27;42;48;51;54;55;62;63;71;74;75;76;80;84
1,2,4,C/80,0,random,ridge_physics,1.800635443793403,2.5244853372865426,"{""alpha"": 0.1}",4.080309510231018,5;11;40;50,3;6;18;22;27;42;48;51;54;55;62;63;71;74;75;76;80;84
1,2,4,C/80,0,random,ridge_source,2.265117645263672,2.866277697183573,"{""alpha"": 0.1}",2.6775877475738525,5;11;40;50,3;6;18;22;27;42;48;51;54;55;62;63;71;74;75;76;80;84
1,2,4,C/80,0,random,ridge_input,4.363871892293294,6.028431660635172,"{""alpha"": 0.1}",6.325384020805359,5;11;40;50,3;6;18;22;27;42;48;51;54;55;62;63;71;74;75;76;80;84
1,2,4,C/80,0,random,krr_rbf,4.009708404541016,8.47570532161633,"{""alpha"": 0.1, ""gamma"": 0.05}",7.895922005176544,5;11;40;50,3;6;18;22;27;42;48;51;54;55;62;63;71;74;75;76;80;84
1,2,4,C/80,0,random,svr_rbf,3.705299466882729,7.618046907228609,"{""C"": 100.0, ""epsilon"": 0.2}",11.439857782388392,5;11;40;50,3;6;18;22;27;42;48;51;54;55;62;63;71;74;75;76;80;84
1,2,4,C/80,0,random,gp_rbf,4.663238359149667,9.01766568587163,"{""alpha"": 1.0, ""length"": 3.0}",9.177149915944575,5;11;40;50,3;6;18;22;27;42;48;51;54;55;62;63;71;74;75;76;80;84
1,2,4,C/80,0,random,catboost,7.148567187490191,9.388969998277744,{},,5;11;40;50,3;6;18;22;27;42;48;51;54;55;62;63;71;74;75;76;80;84
1,2,4,C/80,0,random,xgboost,8.324121263292101,11.092580644276923,{},,5;11;40;50,3;6;18;22;27;42;48;51;54;55;62;63;71;74;75;76;80;84
1,2,4,C/80,0,random,extra_trees,8.112800227271187,8.994687084982488,{},,5;11;40;50,3;6;18;22;27;42;48;51;54;55;62;63;71;74;75;76;80;84
1,2,4,C/40,1,random,ridge_physics,1.9098243713378904,2.7340019990023907,"{""alpha"": 1.0}",3.98833966255188,5;11;40;50,3;6;18;22;27;42;48;51;54;55;62;63;71;74;75;76;80;84
1,2,4,C/40,1,random,ridge_source,1.794149186876085,2.487711399468969,"{""alpha"": 0.1}",2.3558984994888306,5;11;40;50,3;6;18;22;27;42;48;51;54;55;62;63;71;74;75;76;80;84
1,2,4,C/40,1,random,ridge_input,4.166768815782335,5.914266018478387,"{""alpha"": 0.1}",6.067693412303925,5;11;40;50,3;6;18;22;27;42;48;51;54;55;62;63;71;74;75;76;80;84
1,2,4,C/40,1,random,krr_rbf,4.133341471354167,9.100253409129428,"{""alpha"": 0.1, ""gamma"": 0.05}",7.747015118598938,5;11;40;50,3;6;18;22;27;42;48;51;54;55;62;63;71;74;75;76;80;84
1,2,4,C/40,1,random,svr_rbf,3.626456087284012,8.08849866276707,"{""C"": 100.0, ""epsilon"": 0.2}",11.222206015644158,5;11;40;50,3;6;18;22;27;42;48;51;54;55;62;63;71;74;75;76;80;84
1,2,4,C/40,1,random,gp_rbf,4.907103113607458,9.652593450766766,"{""alpha"": 1.0, ""length"": 3.0}",9.06297216518626,5;11;40;50,3;6;18;22;27;42;48;51;54;55;62;63;71;74;75;76;80;84
1,2,4,C/40,1,random,catboost,7.278699287609164,9.646199716674092,{},,5;11;40;50,3;6;18;22;27;42;48;51;54;55;62;63;71;74;75;76;80;84
1,2,4,C/40,1,random,xgboost,8.355951097276476,11.388280036147467,{},,5;11;40;50,3;6;18;22;27;42;48;51;54;55;62;63;71;74;75;76;80;84
1,2,4,C/40,1,random,extra_trees,8.148137254185148,9.085186818677093,{},,5;11;40;50,3;6;18;22;27;42;48;51;54;55;62;63;71;74;75;76;80;84
1,2,4,0.05A,2,random,ridge_physics,1.9736179775661893,2.635048102679698,"{""alpha"": 0.1}",3.85578978061676,5;11;40;50,3;6;18;22;27;42;48;51;54;55;62;63;71;74;75;76;80;84
1,2,4,0.05A,2,random,ridge_source,2.344136132134332,2.914291970607997,"{""alpha"": 0.1}",2.372693717479706,5;11;40;50,3;6;18;22;27;42;48;51;54;55;62;63;71;74;75;76;80;84
1,2,4,0.05A,2,random,ridge_input,4.325009451972114,5.9472608828679725,"{""alpha"": 0.1}",6.138275623321533,5;11;40;50,3;6;18;22;27;42;48;51;54;55;62;63;71;74;75;76;80;84
1,2,4,0.05A,2,random,krr_rbf,4.03009033203125,8.39054222872938,"{""alpha"": 0.1, ""gamma"": 0.05}",7.812095046043396,5;11;40;50,3;6;18;22;27;42;48;51;54;55;62;63;71;74;75;76;80;84
1,2,4,0.05A,2,random,svr_rbf,3.734124250251431,7.554271785465357,"{""C"": 100.0, ""epsilon"": 0.2}",11.325186472145443,5;11;40;50,3;6;18;22;27;42;48;51;54;55;62;63;71;74;75;76;80;84
1,2,4,0.05A,2,random,gp_rbf,4.639911870186807,8.933040889749934,"{""alpha"": 1.0, ""length"": 3.0}",9.062414787340234,5;11;40;50,3;6;18;22;27;42;48;51;54;55;62;63;71;74;75;76;80;84
1,2,4,0.05A,2,random,catboost,7.119623666778362,9.326847246217032,{},,5;11;40;50,3;6;18;22;27;42;48;51;54;55;62;63;71;74;75;76;80;84
1,2,4,0.05A,2,random,xgboost,8.317855834960938,10.99959605878146,{},,5;11;40;50,3;6;18;22;27;42;48;51;54;55;62;63;71;74;75;76;80;84
1,2,4,0.05A,2,random,extra_trees,7.950438245137533,8.853127490092808,{},,5;11;40;50,3;6;18;22;27;42;48;51;54;55;62;63;71;74;75;76;80;84
1,2,4,C/10,3,random,ridge_physics,2.049951765272352,2.981737766698414,"{""alpha"": 1.0}",3.757123351097107,5;11;40;50,3;6;18;22;27;42;48;51;54;55;62;63;71;74;75;76;80;84
1,2,4,C/10,3,random,ridge_source,1.739402347140842,2.5967314528577283,"{""alpha"": 0.1}",2.0511040687561035,5;11;40;50,3;6;18;22;27;42;48;51;54;55;62;63;71;74;75;76;80;84
1,2,4,C/10,3,random,ridge_input,3.725216335720486,5.564331422953174,"{""alpha"": 0.1}",5.815373063087463,5;11;40;50,3;6;18;22;27;42;48;51;54;55;62;63;71;74;75;76;80;84
1,2,4,C/10,3,random,krr_rbf,4.561944749620226,10.866515265609696,"{""alpha"": 0.1, ""gamma"": 0.05}",7.692432165145874,5;11;40;50,3;6;18;22;27;42;48;51;54;55;62;63;71;74;75;76;80;84
1,2,4,C/10,3,random,svr_rbf,3.948481631857551,9.566832044633378,"{""C"": 100.0, ""epsilon"": 0.2}",11.108101229952403,5;11;40;50,3;6;18;22;27;42;48;51;54;55;62;63;71;74;75;76;80;84
1,2,4,C/10,3,random,gp_rbf,5.385053911965928,11.422907294611983,"{""alpha"": 1.0, ""length"": 3.0}",9.093130171645228,5;11;40;50,3;6;18;22;27;42;48;51;54;55;62;63;71;74;75;76;80;84
1,2,4,C/10,3,random,catboost,7.672509503011414,10.671074139551914,{},,5;11;40;50,3;6;18;22;27;42;48;51;54;55;62;63;71;74;75;76;80;84
1,2,4,C/10,3,random,xgboost,8.780531565348307,12.371342842367929,{},,5;11;40;50,3;6;18;22;27;42;48;51;54;55;62;63;71;74;75;76;80;84
1,2,4,C/10,3,random,extra_trees,8.336146028836566,9.788669848431349,{},,5;11;40;50,3;6;18;22;27;42;48;51;54;55;62;63;71;74;75;76;80;84
1,2,4,C/7,4,random,ridge_physics,2.104679107666016,3.1120396412826223,"{""alpha"": 1.0}",3.656594038009644,5;11;40;50,3;6;18;22;27;42;48;51;54;55;62;63;71;74;75;76;80;84
1,2,4,C/7,4,random,ridge_source,1.8058961232503252,2.7475030727689944,"{""alpha"": 0.1}",1.9064370393753047,5;11;40;50,3;6;18;22;27;42;48;51;54;55;62;63;71;74;75;76;80;84
1,2,4,C/7,4,random,ridge_input,3.63129022386339,5.493941134667936,"{""alpha"": 0.1}",5.714427947998047,5;11;40;50,3;6;18;22;27;42;48;51;54;55;62;63;71;74;75;76;80;84
1,2,4,C/7,4,random,krr_rbf,4.709544075859918,11.334147008273336,"{""alpha"": 0.1, ""gamma"": 0.05}",7.689513266086578,5;11;40;50,3;6;18;22;27;42;48;51;54;55;62;63;71;74;75;76;80;84
1,2,4,C/7,4,random,svr_rbf,4.058666993629228,9.930881048879124,"{""C"": 100.0, ""epsilon"": 0.2}",11.1007400306255,5;11;40;50,3;6;18;22;27;42;48;51;54;55;62;63;71;74;75;76;80;84
1,2,4,C/7,4,random,gp_rbf,5.54339401366228,11.898058169254869,"{""alpha"": 1.0, ""length"": 3.0}",9.123868229623168,5;11;40;50,3;6;18;22;27;42;48;51;54;55;62;63;71;74;75;76;80;84
1,2,4,C/7,4,random,catboost,7.765013229175382,10.93378056215003,{},,5;11;40;50,3;6;18;22;27;42;48;51;54;55;62;63;71;74;75;76;80;84
1,2,4,C/7,4,random,xgboost,8.922561433580187,12.644361875270873,{},,5;11;40;50,3;6;18;22;27;42;48;51;54;55;62;63;71;74;75;76;80;84
1,2,4,C/7,4,random,extra_trees,8.386065268516539,9.994747765090525,{},,5;11;40;50,3;6;18;22;27;42;48;51;54;55;62;63;71;74;75;76;80;84
1,2,4,C/5,5,random,ridge_physics,2.14967770046658,3.2310214040684677,"{""alpha"": 1.0}",3.5463457107543945,5;11;40;50,3;6;18;22;27;42;48;51;54;55;62;63;71;74;75;76;80;84
1,2,4,C/5,5,random,ridge_source,1.864429473876953,2.911715214890428,"{""alpha"": 0.1}",1.7336679697036743,5;11;40;50,3;6;18;22;27;42;48;51;54;55;62;63;71;74;75;76;80;84
1,2,4,C/5,5,random,ridge_input,3.553886201646593,5.413798634388008,"{""alpha"": 0.1}",5.603046178817749,5;11;40;50,3;6;18;22;27;42;48;51;54;55;62;63;71;74;75;76;80;84
1,2,4,C/5,5,random,krr_rbf,4.854555977715386,11.802439523860505,"{""alpha"": 0.1, ""gamma"": 0.05}",7.696929335594177,5;11;40;50,3;6;18;22;27;42;48;51;54;55;62;63;71;74;75;76;80;84
1,2,4,C/5,5,random,svr_rbf,4.184150314853155,10.29515941751921,"{""C"": 100.0, ""epsilon"": 0.2}",11.119007569073164,5;11;40;50,3;6;18;22;27;42;48;51;54;55;62;63;71;74;75;76;80;84
1,2,4,C/5,5,random,gp_rbf,5.697780893383261,12.374125944733558,"{""alpha"": 1.0, ""length"": 3.0}",9.169546900481912,5;11;40;50,3;6;18;22;27;42;48;51;54;55;62;63;71;74;75;76;80;84
1,2,4,C/5,5,random,catboost,7.8789524511836175,11.204639077677184,{},,5;11;40;50,3;6;18;22;27;42;48;51;54;55;62;63;71;74;75;76;80;84
1,2,4,C/5,5,random,xgboost,9.079732047186958,12.922762935366311,{},,5;11;40;50,3;6;18;22;27;42;48;51;54;55;62;63;71;74;75;76;80;84
1,2,4,C/5,5,random,extra_trees,8.425442067782086,10.203042343808448,{},,5;11;40;50,3;6;18;22;27;42;48;51;54;55;62;63;71;74;75;76;80;84
1,2,4,C/80,0,source_cluster,ridge_physics,3.4151280721028647,4.355860803403766,"{""alpha"": 0.1}",4.640649080276489,15;57;72;87,3;6;18;22;27;42;48;51;54;55;62;63;71;74;75;76;80;84
1,2,4,C/80,0,source_cluster,ridge_source,2.333459642198351,3.161839448194636,"{""alpha"": 0.1}",4.624764561653137,15;57;72;87,3;6;18;22;27;42;48;51;54;55;62;63;71;74;75;76;80;84
1,2,4,C/80,0,source_cluster,ridge_input,5.904287550184462,6.791680090549869,"{""alpha"": 1.0}",8.915130615234375,15;57;72;87,3;6;18;22;27;42;48;51;54;55;62;63;71;74;75;76;80;84
1,2,4,C/80,0,source_cluster,krr_rbf,5.394426981608073,9.964752309144137,"{""alpha"": 0.1, ""gamma"": 0.05}",8.650174498558044,15;57;72;87,3;6;18;22;27;42;48;51;54;55;62;63;71;74;75;76;80;84
1,2,4,C/80,0,source_cluster,svr_rbf,7.614677742572048,10.54421134788751,"{""C"": 10.0, ""epsilon"": 0.2}",10.691539596186574,15;57;72;87,3;6;18;22;27;42;48;51;54;55;62;63;71;74;75;76;80;84
1,2,4,C/80,0,source_cluster,gp_rbf,5.852571942891965,10.489688936188726,"{""alpha"": 1.0, ""length"": 3.0}",8.24073194789398,15;57;72;87,3;6;18;22;27;42;48;51;54;55;62;63;71;74;75;76;80;84
1,2,4,C/80,0,source_cluster,catboost,9.007767974785285,11.325614218101771,{},,15;57;72;87,3;6;18;22;27;42;48;51;54;55;62;63;71;74;75;76;80;84
1,2,4,C/80,0,source_cluster,xgboost,8.55593532986111,11.952610390598556,{},,15;57;72;87,3;6;18;22;27;42;48;51;54;55;62;63;71;74;75;76;80;84
1,2,4,C/80,0,source_cluster,extra_trees,8.120150526364645,10.321457389484934,{},,15;57;72;87,3;6;18;22;27;42;48;51;54;55;62;63;71;74;75;76;80;84
1,2,4,C/40,1,source_cluster,ridge_physics,2.39243401421441,3.314275881573342,"{""alpha"": 1.0}",4.900251150131226,15;57;72;87,3;6;18;22;27;42;48;51;54;55;62;63;71;74;75;76;80;84
1,2,4,C/40,1,source_cluster,ridge_source,1.9860492282443576,2.7944158240997146,"{""alpha"": 0.1}",3.662937521934509,15;57;72;87,3;6;18;22;27;42;48;51;54;55;62;63;71;74;75;76;80;84
1,2,4,C/40,1,source_cluster,ridge_input,5.944534089830187,6.721998429952907,"{""alpha"": 1.0}",8.554170370101929,15;57;72;87,3;6;18;22;27;42;48;51;54;55;62;63;71;74;75;76;80;84
1,2,4,C/40,1,source_cluster,krr_rbf,5.039445241292317,10.404945705061516,"{""alpha"": 0.1, ""gamma"": 0.05}",9.508723020553589,15;57;72;87,3;6;18;22;27;42;48;51;54;55;62;63;71;74;75;76;80;84
1,2,4,C/40,1,source_cluster,svr_rbf,11.544199870974284,14.586411735144486,"{""C"": 1.0, ""epsilon"": 0.2}",11.146652125060514,15;57;72;87,3;6;18;22;27;42;48;51;54;55;62;63;71;74;75;76;80;84
1,2,4,C/40,1,source_cluster,gp_rbf,5.653160830508046,10.96535662057902,"{""alpha"": 1.0, ""length"": 3.0}",8.963403220307567,15;57;72;87,3;6;18;22;27;42;48;51;54;55;62;63;71;74;75;76;80;84
1,2,4,C/40,1,source_cluster,catboost,8.880820032594405,11.450191088060675,{},,15;57;72;87,3;6;18;22;27;42;48;51;54;55;62;63;71;74;75;76;80;84
1,2,4,C/40,1,source_cluster,xgboost,8.837733798556858,12.290667998276328,{},,15;57;72;87,3;6;18;22;27;42;48;51;54;55;62;63;71;74;75;76;80;84
1,2,4,C/40,1,source_cluster,extra_trees,8.438233457671272,10.659238674372094,{},,15;57;72;87,3;6;18;22;27;42;48;51;54;55;62;63;71;74;75;76;80;84
1,2,4,0.05A,2,source_cluster,ridge_physics,3.584781222873264,4.384034885052367,"{""alpha"": 0.1}",4.249449133872986,15;57;72;87,3;6;18;22;27;42;48;51;54;55;62;63;71;74;75;76;80;84
1,2,4,0.05A,2,source_cluster,ridge_source,2.57047610812717,3.365602847781427,"{""alpha"": 0.1}",4.163454055786133,15;57;72;87,3;6;18;22;27;42;48;51;54;55;62;63;71;74;75;76;80;84
1,2,4,0.05A,2,source_cluster,ridge_input,5.625549740261501,6.431012654753439,"{""alpha"": 1.0}",8.478959321975708,15;57;72;87,3;6;18;22;27;42;48;51;54;55;62;63;71;74;75;76;80;84
1,2,4,0.05A,2,source_cluster,krr_rbf,5.572842491997613,9.913183117169275,"{""alpha"": 0.1, ""gamma"": 0.05}",8.304780721664429,15;57;72;87,3;6;18;22;27;42;48;51;54;55;62;63;71;74;75;76;80;84
1,2,4,0.05A,2,source_cluster,svr_rbf,7.5953799508499555,10.4344338860547,"{""C"": 10.0, ""epsilon"": 0.2}",10.461612734277628,15;57;72;87,3;6;18;22;27;42;48;51;54;55;62;63;71;74;75;76;80;84
1,2,4,0.05A,2,source_cluster,gp_rbf,6.008435805484326,10.428877789638724,"{""alpha"": 1.0, ""length"": 3.0}",7.935571793575475,15;57;72;87,3;6;18;22;27;42;48;51;54;55;62;63;71;74;75;76;80;84
1,2,4,0.05A,2,source_cluster,catboost,9.073943385967253,11.31317744602074,{},,15;57;72;87,3;6;18;22;27;42;48;51;54;55;62;63;71;74;75;76;80;84
1,2,4,0.05A,2,source_cluster,xgboost,8.398595174153646,11.826896599392118,{},,15;57;72;87,3;6;18;22;27;42;48;51;54;55;62;63;71;74;75;76;80;84
1,2,4,0.05A,2,source_cluster,extra_trees,7.877755186292859,10.127124921747038,{},,15;57;72;87,3;6;18;22;27;42;48;51;54;55;62;63;71;74;75;76;80;84
1,2,4,C/10,3,source_cluster,ridge_physics,2.4134758843315973,3.516964566419779,"{""alpha"": 1.0}",4.756335258483887,15;57;72;87,3;6;18;22;27;42;48;51;54;55;62;63;71;74;75;76;80;84
1,2,4,C/10,3,source_cluster,ridge_source,2.0903214348687067,3.0937531654148627,"{""alpha"": 0.1}",2.9581542015075684,15;57;72;87,3;6;18;22;27;42;48;51;54;55;62;63;71;74;75;76;80;84
1,2,4,C/10,3,source_cluster,ridge_input,9.015601687961157,10.078833404307275,"{""alpha"": 0.1}",9.031375169754028,15;57;72;87,3;6;18;22;27;42;48;51;54;55;62;63;71;74;75;76;80;84
1,2,4,C/10,3,source_cluster,krr_rbf,8.04466798570421,14.004222708472446,"{""alpha"": 1.0, ""gamma"": 0.05}",9.86090075969696,15;57;72;87,3;6;18;22;27;42;48;51;54;55;62;63;71;74;75;76;80;84
1,2,4,C/10,3,source_cluster,svr_rbf,11.789320449316298,15.450492696110803,"{""C"": 1.0, ""epsilon"": 0.2}",11.172553919494108,15;57;72;87,3;6;18;22;27;42;48;51;54;55;62;63;71;74;75;76;80;84
1,2,4,C/10,3,source_cluster,gp_rbf,5.957871228219217,12.621971945584296,"{""alpha"": 1.0, ""length"": 3.0}",9.780915417048712,15;57;72;87,3;6;18;22;27;42;48;51;54;55;62;63;71;74;75;76;80;84
1,2,4,C/10,3,source_cluster,catboost,9.03073338509293,12.373056671839109,{},,15;57;72;87,3;6;18;22;27;42;48;51;54;55;62;63;71;74;75;76;80;84
1,2,4,C/10,3,source_cluster,xgboost,9.254506005181206,13.367550508350645,{},,15;57;72;87,3;6;18;22;27;42;48;51;54;55;62;63;71;74;75;76;80;84
1,2,4,C/10,3,source_cluster,extra_trees,8.873634955618115,11.718036345314903,{},,15;57;72;87,3;6;18;22;27;42;48;51;54;55;62;63;71;74;75;76;80;84
1,2,4,C/7,4,source_cluster,ridge_physics,2.435859044392904,3.6044409722435695,"{""alpha"": 1.0}",4.912826299667358,15;57;72;87,3;6;18;22;27;42;48;51;54;55;62;63;71;74;75;76;80;84
1,2,4,C/7,4,source_cluster,ridge_source,2.137338638305664,3.251227754661804,"{""alpha"": 0.1}",3.0099114179611206,15;57;72;87,3;6;18;22;27;42;48;51;54;55;62;63;71;74;75;76;80;84
1,2,4,C/7,4,source_cluster,ridge_input,8.929270850287544,9.987441434180775,"{""alpha"": 0.1}",9.231407165527344,15;57;72;87,3;6;18;22;27;42;48;51;54;55;62;63;71;74;75;76;80;84
1,2,4,C/7,4,source_cluster,krr_rbf,8.182845857408312,14.453487772254528,"{""alpha"": 1.0, ""gamma"": 0.05}",9.985645771026611,15;57;72;87,3;6;18;22;27;42;48;51;54;55;62;63;71;74;75;76;80;84
1,2,4,C/7,4,source_cluster,svr_rbf,11.913231777102212,15.718456359109927,"{""C"": 1.0, ""epsilon"": 0.2}",11.140933893859344,15;57;72;87,3;6;18;22;27;42;48;51;54;55;62;63;71;74;75;76;80;84
1,2,4,C/7,4,source_cluster,gp_rbf,6.077366735828221,13.085048507497971,"{""alpha"": 1.0, ""length"": 3.0}",9.98442419918449,15;57;72;87,3;6;18;22;27;42;48;51;54;55;62;63;71;74;75;76;80;84
1,2,4,C/7,4,source_cluster,catboost,9.154334623002375,12.646776234513236,{},,15;57;72;87,3;6;18;22;27;42;48;51;54;55;62;63;71;74;75;76;80;84
1,2,4,C/7,4,source_cluster,xgboost,9.330487357245552,13.637643348523376,{},,15;57;72;87,3;6;18;22;27;42;48;51;54;55;62;63;71;74;75;76;80;84
1,2,4,C/7,4,source_cluster,extra_trees,8.935237542788188,11.973127047101068,{},,15;57;72;87,3;6;18;22;27;42;48;51;54;55;62;63;71;74;75;76;80;84
1,2,4,C/5,5,source_cluster,ridge_physics,2.465474658542209,3.7070299867492,"{""alpha"": 1.0}",5.067574739456177,15;57;72;87,3;6;18;22;27;42;48;51;54;55;62;63;71;74;75;76;80;84
1,2,4,C/5,5,source_cluster,ridge_source,2.2010551028781467,3.456721804998569,"{""alpha"": 0.1}",3.0893771648406982,15;57;72;87,3;6;18;22;27;42;48;51;54;55;62;63;71;74;75;76;80;84
1,2,4,C/5,5,source_cluster,ridge_input,8.823654810587565,9.877246731155944,"{""alpha"": 0.1}",9.437925338745115,15;57;72;87,3;6;18;22;27;42;48;51;54;55;62;63;71;74;75;76;80;84
1,2,4,C/5,5,source_cluster,krr_rbf,8.338235007392036,14.91863033200308,"{""alpha"": 1.0, ""gamma"": 0.05}",10.101196646690369,15;57;72;87,3;6;18;22;27;42;48;51;54;55;62;63;71;74;75;76;80;84
1,2,4,C/5,5,source_cluster,svr_rbf,12.032389356312285,16.006695517363074,"{""C"": 1.0, ""epsilon"": 0.2}",11.117545984923796,15;57;72;87,3;6;18;22;27;42;48;51;54;55;62;63;71;74;75;76;80;84
1,2,4,C/5,5,source_cluster,gp_rbf,6.206151274436772,13.559503827188497,"{""alpha"": 1.0, ""length"": 3.0}",10.198646243934562,15;57;72;87,3;6;18;22;27;42;48;51;54;55;62;63;71;74;75;76;80;84
1,2,4,C/5,5,source_cluster,catboost,9.265385762097416,12.932066544636546,{},,15;57;72;87,3;6;18;22;27;42;48;51;54;55;62;63;71;74;75;76;80;84
1,2,4,C/5,5,source_cluster,xgboost,9.434875276353624,13.941743238223694,{},,15;57;72;87,3;6;18;22;27;42;48;51;54;55;62;63;71;74;75;76;80;84
1,2,4,C/5,5,source_cluster,extra_trees,9.00738119284312,12.25117550125195,{},,15;57;72;87,3;6;18;22;27;42;48;51;54;55;62;63;71;74;75;76;80;84
1,2,4,C/80,0,physical_cluster,ridge_physics,2.4279132419162326,3.408478754846437,"{""alpha"": 1.0}",7.722764492034912,29;30;59;89,3;6;18;22;27;42;48;51;54;55;62;63;71;74;75;76;80;84
1,2,4,C/80,0,physical_cluster,ridge_source,2.1577991909450955,2.905191520069533,"{""alpha"": 0.1}",6.8269065618515015,29;30;59;89,3;6;18;22;27;42;48;51;54;55;62;63;71;74;75;76;80;84
1,2,4,C/80,0,physical_cluster,ridge_input,7.055662367078993,8.527103426786342,"{""alpha"": 10.0}",11.27331554889679,29;30;59;89,3;6;18;22;27;42;48;51;54;55;62;63;71;74;75;76;80;84
1,2,4,C/80,0,physical_cluster,krr_rbf,7.595376756456163,12.03199822521255,"{""alpha"": 1.0, ""gamma"": 0.05}",10.08968997001648,29;30;59;89,3;6;18;22;27;42;48;51;54;55;62;63;71;74;75;76;80;84
1,2,4,C/80,0,physical_cluster,svr_rbf,11.982861744290094,14.81849275924834,"{""C"": 1.0, ""epsilon"": 0.2}",9.82595556556348,29;30;59;89,3;6;18;22;27;42;48;51;54;55;62;63;71;74;75;76;80;84
1,2,4,C/80,0,physical_cluster,gp_rbf,9.199037480721728,13.495697504483932,"{""alpha"": 10.0, ""length"": 3.0}",11.191266447590465,29;30;59;89,3;6;18;22;27;42;48;51;54;55;62;63;71;74;75;76;80;84
1,2,4,C/80,0,physical_cluster,catboost,8.957050972164463,11.24957759904487,{},,29;30;59;89,3;6;18;22;27;42;48;51;54;55;62;63;71;74;75;76;80;84
1,2,4,C/80,0,physical_cluster,xgboost,8.810752444797092,12.093236460812248,{},,29;30;59;89,3;6;18;22;27;42;48;51;54;55;62;63;71;74;75;76;80;84
1,2,4,C/80,0,physical_cluster,extra_trees,8.78879843817817,11.146042178132458,{},,29;30;59;89,3;6;18;22;27;42;48;51;54;55;62;63;71;74;75;76;80;84
1,2,4,C/40,1,physical_cluster,ridge_physics,2.08585442437066,2.942607958615049,"{""alpha"": 1.0}",5.404733419418335,29;30;59;89,3;6;18;22;27;42;48;51;54;55;62;63;71;74;75;76;80;84
1,2,4,C/40,1,physical_cluster,ridge_source,1.7239464653862848,2.4463176854717528,"{""alpha"": 0.1}",4.478519201278687,29;30;59;89,3;6;18;22;27;42;48;51;54;55;62;63;71;74;75;76;80;84
1,2,4,C/40,1,physical_cluster,ridge_input,6.286543952094184,7.205817805601657,"{""alpha"": 1.0}",9.009946942329409,29;30;59;89,3;6;18;22;27;42;48;51;54;55;62;63;71;74;75;76;80;84
1,2,4,C/40,1,physical_cluster,krr_rbf,7.525154537624783,12.440827445951244,"{""alpha"": 1.0, ""gamma"": 0.05}",9.729170799255373,29;30;59;89,3;6;18;22;27;42;48;51;54;55;62;63;71;74;75;76;80;84
1,2,4,C/40,1,physical_cluster,svr_rbf,11.60935485639712,14.626960118780062,"{""C"": 1.0, ""epsilon"": 0.2}",10.723163949517676,29;30;59;89,3;6;18;22;27;42;48;51;54;55;62;63;71;74;75;76;80;84
1,2,4,C/40,1,physical_cluster,gp_rbf,5.548257615200137,10.98872225218501,"{""alpha"": 1.0, ""length"": 3.0}",9.456478239282523,29;30;59;89,3;6;18;22;27;42;48;51;54;55;62;63;71;74;75;76;80;84
1,2,4,C/40,1,physical_cluster,catboost,8.799165690682079,11.349024176782784,{},,29;30;59;89,3;6;18;22;27;42;48;51;54;55;62;63;71;74;75;76;80;84
1,2,4,C/40,1,physical_cluster,xgboost,8.78252919514974,12.254841451801886,{},,29;30;59;89,3;6;18;22;27;42;48;51;54;55;62;63;71;74;75;76;80;84
1,2,4,C/40,1,physical_cluster,extra_trees,8.625889701313444,10.97459456871784,{},,29;30;59;89,3;6;18;22;27;42;48;51;54;55;62;63;71;74;75;76;80;84
1,2,4,0.05A,2,physical_cluster,ridge_physics,2.7445089552137585,3.7319916470002656,"{""alpha"": 1.0}",8.704307794570923,29;30;59;89,3;6;18;22;27;42;48;51;54;55;62;63;71;74;75;76;80;84
1,2,4,0.05A,2,physical_cluster,ridge_source,2.30182859632704,3.1320522454745974,"{""alpha"": 0.1}",7.301217794418335,29;30;59;89,3;6;18;22;27;42;48;51;54;55;62;63;71;74;75;76;80;84
1,2,4,0.05A,2,physical_cluster,ridge_input,7.045081668429905,8.620109821203112,"{""alpha"": 10.0}",11.772814989089966,29;30;59;89,3;6;18;22;27;42;48;51;54;55;62;63;71;74;75;76;80;84
1,2,4,0.05A,2,physical_cluster,krr_rbf,7.752923753526476,12.03300015560085,"{""alpha"": 1.0, ""gamma"": 0.05}",10.528368711471558,29;30;59;89,3;6;18;22;27;42;48;51;54;55;62;63;71;74;75;76;80;84
1,2,4,0.05A,2,physical_cluster,svr_rbf,11.904392573825683,14.701209839704363,"{""C"": 1.0, ""epsilon"": 0.2}",10.898883040539069,29;30;59;89,3;6;18;22;27;42;48;51;54;55;62;63;71;74;75;76;80;84
1,2,4,0.05A,2,physical_cluster,gp_rbf,9.199783933379068,13.437662838366291,"{""alpha"": 10.0, ""length"": 3.0}",10.926604128223891,29;30;59;89,3;6;18;22;27;42;48;51;54;55;62;63;71;74;75;76;80;84
1,2,4,0.05A,2,physical_cluster,catboost,9.09697014553577,11.312505216263624,{},,29;30;59;89,3;6;18;22;27;42;48;51;54;55;62;63;71;74;75;76;80;84
1,2,4,0.05A,2,physical_cluster,xgboost,8.678980933295357,12.01285386495294,{},,29;30;59;89,3;6;18;22;27;42;48;51;54;55;62;63;71;74;75;76;80;84
1,2,4,0.05A,2,physical_cluster,extra_trees,8.733358965979683,11.22562947796312,{},,29;30;59;89,3;6;18;22;27;42;48;51;54;55;62;63;71;74;75;76;80;84
1,2,4,C/10,3,physical_cluster,ridge_physics,2.226263258192274,3.798137491350438,"{""alpha"": 0.1}",3.081183671951294,29;30;59;89,3;6;18;22;27;42;48;51;54;55;62;63;71;74;75;76;80;84
1,2,4,C/10,3,physical_cluster,ridge_source,1.63972896999783,2.379745462751804,"{""alpha"": 0.1}",2.559364318847656,29;30;59;89,3;6;18;22;27;42;48;51;54;55;62;63;71;74;75;76;80;84
1,2,4,C/10,3,physical_cluster,ridge_input,5.670071919759114,6.6297469893776215,"{""alpha"": 0.1}",6.4860183000564575,29;30;59;89,3;6;18;22;27;42;48;51;54;55;62;63;71;74;75;76;80;84
1,2,4,C/10,3,physical_cluster,krr_rbf,4.964245266384548,12.125453103772246,"{""alpha"": 0.1, ""gamma"": 0.05}",8.183273196220398,29;30;59;89,3;6;18;22;27;42;48;51;54;55;62;63;71;74;75;76;80;84
1,2,4,C/10,3,physical_cluster,svr_rbf,7.527911032480871,11.945358582732368,"{""C"": 10.0, ""epsilon"": 0.2}",11.180253040974437,29;30;59;89,3;6;18;22;27;42;48;51;54;55;62;63;71;74;75;76;80;84
1,2,4,C/10,3,physical_cluster,gp_rbf,5.7033949495721386,12.62431456817399,"{""alpha"": 1.0, ""length"": 3.0}",8.01152254366087,29;30;59;89,3;6;18;22;27;42;48;51;54;55;62;63;71;74;75;76;80;84
1,2,4,C/10,3,physical_cluster,catboost,8.795237662734815,12.137952635659769,{},,29;30;59;89,3;6;18;22;27;42;48;51;54;55;62;63;71;74;75;76;80;84
1,2,4,C/10,3,physical_cluster,xgboost,9.01371849907769,13.141267906948125,{},,29;30;59;89,3;6;18;22;27;42;48;51;54;55;62;63;71;74;75;76;80;84
1,2,4,C/10,3,physical_cluster,extra_trees,8.784198729197186,11.660460258366689,{},,29;30;59;89,3;6;18;22;27;42;48;51;54;55;62;63;71;74;75;76;80;84
1,2,4,C/7,4,physical_cluster,ridge_physics,2.067445331149631,3.3099201295915166,"{""alpha"": 0.1}",2.955535411834717,29;30;59;89,3;6;18;22;27;42;48;51;54;55;62;63;71;74;75;76;80;84
1,2,4,C/7,4,physical_cluster,ridge_source,1.5735134548611112,2.307758406323095,"{""alpha"": 0.1}",1.9892137050628664,29;30;59;89,3;6;18;22;27;42;48;51;54;55;62;63;71;74;75;76;80;84
1,2,4,C/7,4,physical_cluster,ridge_input,5.238201141357422,6.032148454789732,"{""alpha"": 0.1}",6.499606609344482,29;30;59;89,3;6;18;22;27;42;48;51;54;55;62;63;71;74;75;76;80;84
1,2,4,C/7,4,physical_cluster,krr_rbf,4.947330686781141,12.517732601479558,"{""alpha"": 0.1, ""gamma"": 0.05}",8.313823580741882,29;30;59;89,3;6;18;22;27;42;48;51;54;55;62;63;71;74;75;76;80;84
1,2,4,C/7,4,physical_cluster,svr_rbf,7.538905190008399,12.237011509388264,"{""C"": 10.0, ""epsilon"": 0.2}",11.681529788141214,29;30;59;89,3;6;18;22;27;42;48;51;54;55;62;63;71;74;75;76;80;84
1,2,4,C/7,4,physical_cluster,gp_rbf,5.712829767525025,13.018919670797398,"{""alpha"": 1.0, ""length"": 3.0}",8.147186942051876,29;30;59;89,3;6;18;22;27;42;48;51;54;55;62;63;71;74;75;76;80;84
1,2,4,C/7,4,physical_cluster,catboost,8.81909956130989,12.289517636080596,{},,29;30;59;89,3;6;18;22;27;42;48;51;54;55;62;63;71;74;75;76;80;84
1,2,4,C/7,4,physical_cluster,xgboost,9.008938047620983,13.32308699027462,{},,29;30;59;89,3;6;18;22;27;42;48;51;54;55;62;63;71;74;75;76;80;84
1,2,4,C/7,4,physical_cluster,extra_trees,8.717705048455132,11.767716125644478,{},,29;30;59;89,3;6;18;22;27;42;48;51;54;55;62;63;71;74;75;76;80;84
1,2,4,C/5,5,physical_cluster,ridge_physics,2.3095946841769748,3.942099197146212,"{""alpha"": 0.1}",2.450807571411133,29;30;59;89,3;6;18;22;27;42;48;51;54;55;62;63;71;74;75;76;80;84
1,2,4,C/5,5,physical_cluster,ridge_source,1.7339806026882596,2.6617363334354014,"{""alpha"": 0.1}",2.1131386756896973,29;30;59;89,3;6;18;22;27;42;48;51;54;55;62;63;71;74;75;76;80;84
1,2,4,C/5,5,physical_cluster,ridge_input,5.577762815687391,6.458975094694094,"{""alpha"": 0.1}",5.954939246177673,29;30;59;89,3;6;18;22;27;42;48;51;54;55;62;63;71;74;75;76;80;84
1,2,4,C/5,5,physical_cluster,krr_rbf,5.172082053290473,13.083425108034488,"{""alpha"": 0.1, ""gamma"": 0.05}",7.934419870376587,29;30;59;89,3;6;18;22;27;42;48;51;54;55;62;63;71;74;75;76;80;84
1,2,4,C/5,5,physical_cluster,svr_rbf,7.586497509192512,12.559091663091117,"{""C"": 10.0, ""epsilon"": 0.2}",11.692771072716544,29;30;59;89,3;6;18;22;27;42;48;51;54;55;62;63;71;74;75;76;80;84
1,2,4,C/5,5,physical_cluster,gp_rbf,5.924413635885916,13.574484897499609,"{""alpha"": 1.0, ""length"": 3.0}",7.831230657797995,29;30;59;89,3;6;18;22;27;42;48;51;54;55;62;63;71;74;75;76;80;84
1,2,4,C/5,5,physical_cluster,catboost,8.963922839760347,12.65532899603184,{},,29;30;59;89,3;6;18;22;27;42;48;51;54;55;62;63;71;74;75;76;80;84
1,2,4,C/5,5,physical_cluster,xgboost,9.151041030883787,13.660690072645842,{},,29;30;59;89,3;6;18;22;27;42;48;51;54;55;62;63;71;74;75;76;80;84
1,2,4,C/5,5,physical_cluster,extra_trees,8.854036235809325,12.10909826292265,{},,29;30;59;89,3;6;18;22;27;42;48;51;54;55;62;63;71;74;75;76;80;84
1,2,4,C/80,0,input_cluster,ridge_physics,2.3319053649902344,2.8923611179151574,"{""alpha"": 1.0}",6.050372004508972,0;29;50;73,3;6;18;22;27;42;48;51;54;55;62;63;71;74;75;76;80;84
1,2,4,C/80,0,input_cluster,ridge_source,2.212982601589627,2.7352945485930142,"{""alpha"": 0.1}",3.976257562637329,0;29;50;73,3;6;18;22;27;42;48;51;54;55;62;63;71;74;75;76;80;84
1,2,4,C/80,0,input_cluster,ridge_input,4.757499482896593,6.213637327181393,"{""alpha"": 1.0}",11.803979635238647,0;29;50;73,3;6;18;22;27;42;48;51;54;55;62;63;71;74;75;76;80;84
1,2,4,C/80,0,input_cluster,krr_rbf,4.156920539008246,9.145372345762857,"{""alpha"": 0.1, ""gamma"": 0.05}",8.049919605255127,0;29;50;73,3;6;18;22;27;42;48;51;54;55;62;63;71;74;75;76;80;84
1,2,4,C/80,0,input_cluster,svr_rbf,7.022858948026586,10.166313305365223,"{""C"": 10.0, ""epsilon"": 0.2}",10.151849099020414,0;29;50;73,3;6;18;22;27;42;48;51;54;55;62;63;71;74;75;76;80;84
1,2,4,C/80,0,input_cluster,gp_rbf,4.750772491678976,9.576197192728616,"{""alpha"": 1.0, ""length"": 3.0}",7.747588552231546,0;29;50;73,3;6;18;22;27;42;48;51;54;55;62;63;71;74;75;76;80;84
1,2,4,C/80,0,input_cluster,catboost,8.787613682276818,10.611944709701504,{},,0;29;50;73,3;6;18;22;27;42;48;51;54;55;62;63;71;74;75;76;80;84
1,2,4,C/80,0,input_cluster,xgboost,8.266685485839844,11.474588654768274,{},,0;29;50;73,3;6;18;22;27;42;48;51;54;55;62;63;71;74;75;76;80;84
1,2,4,C/80,0,input_cluster,extra_trees,7.675282910135059,9.017539723848126,{},,0;29;50;73,3;6;18;22;27;42;48;51;54;55;62;63;71;74;75;76;80;84
1,2,4,C/40,1,input_cluster,ridge_physics,2.1097999148898654,2.768114652271493,"{""alpha"": 1.0}",5.0321279764175415,0;29;50;73,3;6;18;22;27;42;48;51;54;55;62;63;71;74;75;76;80;84
1,2,4,C/40,1,input_cluster,ridge_source,1.650795618693034,2.2323210681974843,"{""alpha"": 0.1}",2.841892719268799,0;29;50;73,3;6;18;22;27;42;48;51;54;55;62;63;71;74;75;76;80;84
1,2,4,C/40,1,input_cluster,ridge_input,4.545760684543186,6.278277442838307,"{""alpha"": 1.0}",10.854712724685667,0;29;50;73,3;6;18;22;27;42;48;51;54;55;62;63;71;74;75;76;80;84
1,2,4,C/40,1,input_cluster,krr_rbf,4.363504197862413,9.754089004695974,"{""alpha"": 0.1, ""gamma"": 0.05}",7.564151763916016,0;29;50;73,3;6;18;22;27;42;48;51;54;55;62;63;71;74;75;76;80;84
1,2,4,C/40,1,input_cluster,svr_rbf,6.600453044408984,10.246227184804605,"{""C"": 10.0, ""epsilon"": 0.2}",11.154333395623702,0;29;50;73,3;6;18;22;27;42;48;51;54;55;62;63;71;74;75;76;80;84
1,2,4,C/40,1,input_cluster,gp_rbf,4.88760948512794,10.184549633933951,"{""alpha"": 1.0, ""length"": 3.0}",7.304501115590362,0;29;50;73,3;6;18;22;27;42;48;51;54;55;62;63;71;74;75;76;80;84
1,2,4,C/40,1,input_cluster,catboost,8.766098882992079,10.605100088610907,{},,0;29;50;73,3;6;18;22;27;42;48;51;54;55;62;63;71;74;75;76;80;84
1,2,4,C/40,1,input_cluster,xgboost,8.414002736409506,11.694721970043563,{},,0;29;50;73,3;6;18;22;27;42;48;51;54;55;62;63;71;74;75;76;80;84
1,2,4,C/40,1,input_cluster,extra_trees,7.635572542084587,9.038126455522043,{},,0;29;50;73,3;6;18;22;27;42;48;51;54;55;62;63;71;74;75;76;80;84
1,2,4,0.05A,2,input_cluster,ridge_physics,2.400878482394748,2.913793978270918,"{""alpha"": 1.0}",6.209825873374939,0;29;50;73,3;6;18;22;27;42;48;51;54;55;62;63;71;74;75;76;80;84
1,2,4,0.05A,2,input_cluster,ridge_source,2.309525807698568,2.785188341438984,"{""alpha"": 0.1}",4.136088609695435,0;29;50;73,3;6;18;22;27;42;48;51;54;55;62;63;71;74;75;76;80;84
1,2,4,0.05A,2,input_cluster,ridge_input,4.755505243937175,6.1751566901995165,"{""alpha"": 1.0}",11.939221143722534,0;29;50;73,3;6;18;22;27;42;48;51;54;55;62;63;71;74;75;76;80;84
1,2,4,0.05A,2,input_cluster,krr_rbf,4.160624610053168,9.049183728044822,"{""alpha"": 0.1, ""gamma"": 0.05}",8.167558312416077,0;29;50;73,3;6;18;22;27;42;48;51;54;55;62;63;71;74;75;76;80;84
1,2,4,0.05A,2,input_cluster,svr_rbf,7.094723337413548,10.123042560723718,"{""C"": 10.0, ""epsilon"": 0.2}",9.86139803044679,0;29;50;73,3;6;18;22;27;42;48;51;54;55;62;63;71;74;75;76;80;84
1,2,4,0.05A,2,input_cluster,gp_rbf,4.746128734732801,9.479463414567707,"{""alpha"": 1.0, ""length"": 3.0}",7.83947280982055,0;29;50;73,3;6;18;22;27;42;48;51;54;55;62;63;71;74;75;76;80;84
1,2,4,0.05A,2,input_cluster,catboost,8.821331160580506,10.617304406794272,{},,0;29;50;73,3;6;18;22;27;42;48;51;54;55;62;63;71;74;75;76;80;84
1,2,4,0.05A,2,input_cluster,xgboost,8.224493662516275,11.38219280235374,{},,0;29;50;73,3;6;18;22;27;42;48;51;54;55;62;63;71;74;75;76;80;84
1,2,4,0.05A,2,input_cluster,extra_trees,7.528620484140183,8.869725232806319,{},,0;29;50;73,3;6;18;22;27;42;48;51;54;55;62;63;71;74;75;76;80;84
1,2,4,C/10,3,input_cluster,ridge_physics,1.6524539523654511,2.2101019351217466,"{""alpha"": 1.0}",4.195667266845703,0;29;50;73,3;6;18;22;27;42;48;51;54;55;62;63;71;74;75;76;80;84
1,2,4,C/10,3,input_cluster,ridge_source,1.3221761915418837,1.8417727306107068,"{""alpha"": 0.1}",2.0924746990203857,0;29;50;73,3;6;18;22;27;42;48;51;54;55;62;63;71;74;75;76;80;84
1,2,4,C/10,3,input_cluster,ridge_input,4.153312259250217,5.679092147400048,"{""alpha"": 1.0}",10.12742280960083,0;29;50;73,3;6;18;22;27;42;48;51;54;55;62;63;71;74;75;76;80;84
1,2,4,C/10,3,input_cluster,krr_rbf,4.754586537679036,11.541478857910418,"{""alpha"": 0.1, ""gamma"": 0.05}",7.072990655899048,0;29;50;73,3;6;18;22;27;42;48;51;54;55;62;63;71;74;75;76;80;84
1,2,4,C/10,3,input_cluster,svr_rbf,6.691824668885683,11.35314689878752,"{""C"": 10.0, ""epsilon"": 0.2}",12.204048596301782,0;29;50;73,3;6;18;22;27;42;48;51;54;55;62;63;71;74;75;76;80;84
1,2,4,C/10,3,input_cluster,gp_rbf,5.34578515288686,11.956395313044847,"{""alpha"": 1.0, ""length"": 3.0}",6.874420464095425,0;29;50;73,3;6;18;22;27;42;48;51;54;55;62;63;71;74;75;76;80;84
1,2,4,C/10,3,input_cluster,catboost,9.239752213393253,11.501498981005454,{},,0;29;50;73,3;6;18;22;27;42;48;51;54;55;62;63;71;74;75;76;80;84
1,2,4,C/10,3,input_cluster,xgboost,8.918909708658854,12.636430916692262,{},,0;29;50;73,3;6;18;22;27;42;48;51;54;55;62;63;71;74;75;76;80;84
1,2,4,C/10,3,input_cluster,extra_trees,7.690079530080159,9.633873169938798,{},,0;29;50;73,3;6;18;22;27;42;48;51;54;55;62;63;71;74;75;76;80;84
1,2,4,C/7,4,input_cluster,ridge_physics,1.534706751505534,2.0920132442371147,"{""alpha"": 1.0}",3.591081380844116,0;29;50;73,3;6;18;22;27;42;48;51;54;55;62;63;71;74;75;76;80;84
1,2,4,C/7,4,input_cluster,ridge_source,1.349753697713216,1.8360270160074608,"{""alpha"": 0.1}",1.788330078125,0;29;50;73,3;6;18;22;27;42;48;51;54;55;62;63;71;74;75;76;80;84
1,2,4,C/7,4,input_cluster,ridge_input,4.038745244344075,5.513421059182502,"{""alpha"": 1.0}",9.511096239089966,0;29;50;73,3;6;18;22;27;42;48;51;54;55;62;63;71;74;75;76;80;84
1,2,4,C/7,4,input_cluster,krr_rbf,4.811476177639431,12.017443994746667,"{""alpha"": 0.1, ""gamma"": 0.05}",6.518863320350647,0;29;50;73,3;6;18;22;27;42;48;51;54;55;62;63;71;74;75;76;80;84
1,2,4,C/7,4,input_cluster,svr_rbf,4.043333133460498,10.228239897803077,"{""C"": 100.0, ""epsilon"": 1.0}",12.185109900938288,0;29;50;73,3;6;18;22;27;42;48;51;54;55;62;63;71;74;75;76;80;84
1,2,4,C/7,4,input_cluster,gp_rbf,5.395364067061704,12.415466561706848,"{""alpha"": 1.0, ""length"": 3.0}",6.5535593394702,0;29;50;73,3;6;18;22;27;42;48;51;54;55;62;63;71;74;75;76;80;84
1,2,4,C/7,4,input_cluster,catboost,9.34490314716259,11.718476504963538,{},,0;29;50;73,3;6;18;22;27;42;48;51;54;55;62;63;71;74;75;76;80;84
1,2,4,C/7,4,input_cluster,xgboost,9.074029922485352,12.874887576922344,{},,0;29;50;73,3;6;18;22;27;42;48;51;54;55;62;63;71;74;75;76;80;84
1,2,4,C/7,4,input_cluster,extra_trees,7.603771646817525,9.732748003430135,{},,0;29;50;73,3;6;18;22;27;42;48;51;54;55;62;63;71;74;75;76;80;84
1,2,4,C/5,5,input_cluster,ridge_physics,1.451632817586263,2.0209394027359813,"{""alpha"": 1.0}",3.974177360534668,0;29;50;73,3;6;18;22;27;42;48;51;54;55;62;63;71;74;75;76;80;84
1,2,4,C/5,5,input_cluster,ridge_source,1.4581339094373915,2.0095003388284733,"{""alpha"": 0.1}",2.2641773223876958,0;29;50;73,3;6;18;22;27;42;48;51;54;55;62;63;71;74;75;76;80;84
1,2,4,C/5,5,input_cluster,ridge_input,4.041859732733832,5.433740410793886,"{""alpha"": 1.0}",10.006015300750732,0;29;50;73,3;6;18;22;27;42;48;51;54;55;62;63;71;74;75;76;80;84
1,2,4,C/5,5,input_cluster,krr_rbf,4.884282218085395,12.496028924935528,"{""alpha"": 0.1, ""gamma"": 0.05}",6.940428733825684,0;29;50;73,3;6;18;22;27;42;48;51;54;55;62;63;71;74;75;76;80;84
1,2,4,C/5,5,input_cluster,svr_rbf,4.203050482611863,10.676187127053586,"{""C"": 100.0, ""epsilon"": 1.0}",12.678768806445952,0;29;50;73,3;6;18;22;27;42;48;51;54;55;62;63;71;74;75;76;80;84
1,2,4,C/5,5,input_cluster,gp_rbf,5.527932827977568,12.913981296366588,"{""alpha"": 1.0, ""length"": 3.0}",6.764653820639162,0;29;50;73,3;6;18;22;27;42;48;51;54;55;62;63;71;74;75;76;80;84
1,2,4,C/5,5,input_cluster,catboost,9.522502542477811,12.026919162231351,{},,0;29;50;73,3;6;18;22;27;42;48;51;54;55;62;63;71;74;75;76;80;84
1,2,4,C/5,5,input_cluster,xgboost,9.235184775458444,13.15153271299407,{},,0;29;50;73,3;6;18;22;27;42;48;51;54;55;62;63;71;74;75;76;80;84
1,2,4,C/5,5,input_cluster,extra_trees,7.663873036702474,9.97135316612282,{},,0;29;50;73,3;6;18;22;27;42;48;51;54;55;62;63;71;74;75;76;80;84