fold,repeat,k,rate,rate_idx,policy,method,soh_mae_pp,soh_rmse_pp,selected_hyperparameters,labeled_loo_mae,label_ids,test_ids
2,0,4,C/80,0,random,ridge_physics,2.650771247016059,3.3010082113401507,"{""alpha"": 0.1}",1.9769130945205688,6;16;41;87,0;4;5;11;15;17;23;28;34;35;38;40;50;52;56;60;81;82
2,0,4,C/80,0,random,ridge_source,1.89669926961263,2.2112678276046025,"{""alpha"": 0.1}",1.3973339200019836,6;16;41;87,0;4;5;11;15;17;23;28;34;35;38;40;50;52;56;60;81;82
2,0,4,C/80,0,random,ridge_input,4.988578796386719,7.103216617227502,"{""alpha"": 1.0}",5.702833414077759,6;16;41;87,0;4;5;11;15;17;23;28;34;35;38;40;50;52;56;60;81;82
2,0,4,C/80,0,random,krr_rbf,6.016841464572483,7.542980866245418,"{""alpha"": 0.1, ""gamma"": 0.05}",2.6869510412216187,6;16;41;87,0;4;5;11;15;17;23;28;34;35;38;40;50;52;56;60;81;82
2,0,4,C/80,0,random,svr_rbf,9.380726821271274,12.230379958480158,"{""C"": 10.0, ""epsilon"": 0.2}",2.55878557723892,6;16;41;87,0;4;5;11;15;17;23;28;34;35;38;40;50;52;56;60;81;82
2,0,4,C/80,0,random,gp_rbf,10.17308429715266,13.269546274281566,"{""alpha"": 1.0, ""length"": 1.0}",3.451806283131185,6;16;41;87,0;4;5;11;15;17;23;28;34;35;38;40;50;52;56;60;81;82
2,0,4,C/80,0,random,catboost,8.390764996115111,10.451271189600742,{},,6;16;41;87,0;4;5;11;15;17;23;28;34;35;38;40;50;52;56;60;81;82
2,0,4,C/80,0,random,xgboost,8.62681155734592,11.065998408640402,{},,6;16;41;87,0;4;5;11;15;17;23;28;34;35;38;40;50;52;56;60;81;82
2,0,4,C/80,0,random,extra_trees,7.2638108942243775,8.881959216985832,{},,6;16;41;87,0;4;5;11;15;17;23;28;34;35;38;40;50;52;56;60;81;82
2,0,4,C/40,1,random,ridge_physics,2.3927400377061634,2.945299303702128,"{""alpha"": 1.0}",2.549376606941223,6;16;41;87,0;4;5;11;15;17;23;28;34;35;38;40;50;52;56;60;81;82
2,0,4,C/40,1,random,ridge_source,1.6864183213975694,2.0366003717315357,"{""alpha"": 0.1}",2.125126540660858,6;16;41;87,0;4;5;11;15;17;23;28;34;35;38;40;50;52;56;60;81;82
2,0,4,C/40,1,random,ridge_input,5.349581400553386,7.578714542054496,"{""alpha"": 1.0}",5.43756103515625,6;16;41;87,0;4;5;11;15;17;23;28;34;35;38;40;50;52;56;60;81;82
2,0,4,C/40,1,random,krr_rbf,6.362838321261936,8.225060424702612,"{""alpha"": 0.1, ""gamma"": 0.05}",2.594165802001953,6;16;41;87,0;4;5;11;15;17;23;28;34;35;38;40;50;52;56;60;81;82
2,0,4,C/40,1,random,svr_rbf,9.445773917655693,12.388122759810855,"{""C"": 10.0, ""epsilon"": 0.2}",2.458573121665169,6;16;41;87,0;4;5;11;15;17;23;28;34;35;38;40;50;52;56;60;81;82
2,0,4,C/40,1,random,gp_rbf,10.39361486473666,13.701523977649464,"{""alpha"": 1.0, ""length"": 1.0}",3.427258270593198,6;16;41;87,0;4;5;11;15;17;23;28;34;35;38;40;50;52;56;60;81;82
2,0,4,C/40,1,random,catboost,8.523857683353954,10.698321297543554,{},,6;16;41;87,0;4;5;11;15;17;23;28;34;35;38;40;50;52;56;60;81;82
2,0,4,C/40,1,random,xgboost,8.996449788411459,11.320837860406272,{},,6;16;41;87,0;4;5;11;15;17;23;28;34;35;38;40;50;52;56;60;81;82
2,0,4,C/40,1,random,extra_trees,7.341618204116823,9.137156521965531,{},,6;16;41;87,0;4;5;11;15;17;23;28;34;35;38;40;50;52;56;60;81;82
2,0,4,0.05A,2,random,ridge_physics,3.0319862365722656,3.6731467035049343,"{""alpha"": 0.1}",1.9830336570739744,6;16;41;87,0;4;5;11;15;17;23;28;34;35;38;40;50;52;56;60;81;82
2,0,4,0.05A,2,random,ridge_source,2.032855139838325,2.459397695863701,"{""alpha"": 0.1}",1.4278226494789124,6;16;41;87,0;4;5;11;15;17;23;28;34;35;38;40;50;52;56;60;81;82
2,0,4,0.05A,2,random,ridge_input,5.056747860378689,6.546241074232011,"{""alpha"": 0.1}",5.502525568008423,6;16;41;87,0;4;5;11;15;17;23;28;34;35;38;40;50;52;56;60;81;82
2,0,4,0.05A,2,random,krr_rbf,5.873012966579861,7.296823617992171,"{""alpha"": 0.1, ""gamma"": 0.05}",2.73616635799408,6;16;41;87,0;4;5;11;15;17;23;28;34;35;38;40;50;52;56;60;81;82
2,0,4,0.05A,2,random,svr_rbf,9.285949381749614,12.055416419660526,"{""C"": 10.0, ""epsilon"": 0.2}",2.709002786890576,6;16;41;87,0;4;5;11;15;17;23;28;34;35;38;40;50;52;56;60;81;82
2,0,4,0.05A,2,random,gp_rbf,10.071505836060124,13.111258387018932,"{""alpha"": 1.0, ""length"": 1.0}",3.595015575090124,6;16;41;87,0;4;5;11;15;17;23;28;34;35;38;40;50;52;56;60;81;82
2,0,4,0.05A,2,random,catboost,8.303557224013211,10.256592712375737,{},,6;16;41;87,0;4;5;11;15;17;23;28;34;35;38;40;50;52;56;60;81;82
2,0,4,0.05A,2,random,xgboost,8.525797526041666,10.851047214640564,{},,6;16;41;87,0;4;5;11;15;17;23;28;34;35;38;40;50;52;56;60;81;82
2,0,4,0.05A,2,random,extra_trees,7.187050225999617,8.681730137867845,{},,6;16;41;87,0;4;5;11;15;17;23;28;34;35;38;40;50;52;56;60;81;82
2,0,4,C/10,3,random,ridge_physics,3.0831192864312067,3.70157257890546,"{""alpha"": 1.0}",2.982651948928833,6;16;41;87,0;4;5;11;15;17;23;28;34;35;38;40;50;52;56;60;81;82
2,0,4,C/10,3,random,ridge_source,2.2034420437282987,2.692015324907988,"{""alpha"": 0.1}",2.604120552539825,6;16;41;87,0;4;5;11;15;17;23;28;34;35;38;40;50;52;56;60;81;82
2,0,4,C/10,3,random,ridge_input,5.888555314805773,8.036714807584437,"{""alpha"": 1.0}",5.209936022758484,6;16;41;87,0;4;5;11;15;17;23;28;34;35;38;40;50;52;56;60;81;82
2,0,4,C/10,3,random,krr_rbf,6.991114722357856,9.134169097462117,"{""alpha"": 0.1, ""gamma"": 0.05}",2.5115344524383545,6;16;41;87,0;4;5;11;15;17;23;28;34;35;38;40;50;52;56;60;81;82
2,0,4,C/10,3,random,svr_rbf,9.720195224733173,12.71504514092081,"{""C"": 10.0, ""epsilon"": 0.2}",2.378278213315258,6;16;41;87,0;4;5;11;15;17;23;28;34;35;38;40;50;52;56;60;81;82
2,0,4,C/10,3,random,gp_rbf,10.808839063445244,14.53135387680732,"{""alpha"": 1.0, ""length"": 1.0}",3.5519403179700277,6;16;41;87,0;4;5;11;15;17;23;28;34;35;38;40;50;52;56;60;81;82
2,0,4,C/10,3,random,catboost,8.853855205978435,11.112050401736598,{},,6;16;41;87,0;4;5;11;15;17;23;28;34;35;38;40;50;52;56;60;81;82
2,0,4,C/10,3,random,xgboost,9.47820790608724,11.74148366152469,{},,6;16;41;87,0;4;5;11;15;17;23;28;34;35;38;40;50;52;56;60;81;82
2,0,4,C/10,3,random,extra_trees,7.579343212975399,9.573221829990588,{},,6;16;41;87,0;4;5;11;15;17;23;28;34;35;38;40;50;52;56;60;81;82
2,0,4,C/7,4,random,ridge_physics,3.234980265299479,3.830425578579529,"{""alpha"": 1.0}",3.024994134902954,6;16;41;87,0;4;5;11;15;17;23;28;34;35;38;40;50;52;56;60;81;82
2,0,4,C/7,4,random,ridge_source,2.3571751912434897,2.8302414126378506,"{""alpha"": 0.1}",2.650465726852417,6;16;41;87,0;4;5;11;15;17;23;28;34;35;38;40;50;52;56;60;81;82
2,0,4,C/7,4,random,ridge_input,5.964491102430555,8.07846362322915,"{""alpha"": 1.0}",5.203454852104187,6;16;41;87,0;4;5;11;15;17;23;28;34;35;38;40;50;52;56;60;81;82
2,0,4,C/7,4,random,krr_rbf,7.154335021972656,9.364965659732608,"{""alpha"": 0.1, ""gamma"": 0.05}",2.508969783782959,6;16;41;87,0;4;5;11;15;17;23;28;34;35;38;40;50;52;56;60;81;82
2,0,4,C/7,4,random,svr_rbf,9.802117921770597,12.821467478707625,"{""C"": 10.0, ""epsilon"": 0.2}",2.362252504758424,6;16;41;87,0;4;5;11;15;17;23;28;34;35;38;40;50;52;56;60;81;82
2,0,4,C/7,4,random,gp_rbf,10.95291762406075,14.83547157107083,"{""alpha"": 1.0, ""length"": 1.0}",3.5917349331319435,6;16;41;87,0;4;5;11;15;17;23;28;34;35;38;40;50;52;56;60;81;82
2,0,4,C/7,4,random,catboost,8.94877247379555,11.22760676614466,{},,6;16;41;87,0;4;5;11;15;17;23;28;34;35;38;40;50;52;56;60;81;82
2,0,4,C/7,4,random,xgboost,9.603278266059029,11.861098107549674,{},,6;16;41;87,0;4;5;11;15;17;23;28;34;35;38;40;50;52;56;60;81;82
2,0,4,C/7,4,random,extra_trees,7.658269060982595,9.687195946564058,{},,6;16;41;87,0;4;5;11;15;17;23;28;34;35;38;40;50;52;56;60;81;82
2,0,4,C/5,5,random,ridge_physics,3.3954870435926647,3.9985880925730535,"{""alpha"": 1.0}",3.1049424409866333,6;16;41;87,0;4;5;11;15;17;23;28;34;35;38;40;50;52;56;60;81;82
2,0,4,C/5,5,random,ridge_source,2.513524373372396,3.0209569497336557,"{""alpha"": 0.1}",2.731729745864868,6;16;41;87,0;4;5;11;15;17;23;28;34;35;38;40;50;52;56;60;81;82
2,0,4,C/5,5,random,ridge_input,6.036287943522136,8.138661589232859,"{""alpha"": 1.0}",5.226254820823669,6;16;41;87,0;4;5;11;15;17;23;28;34;35;38;40;50;52;56;60;81;82
2,0,4,C/5,5,random,krr_rbf,7.345087687174479,9.666718471225304,"{""alpha"": 0.1, ""gamma"": 0.05}",2.5270590782165527,6;16;41;87,0;4;5;11;15;17;23;28;34;35;38;40;50;52;56;60;81;82
2,0,4,C/5,5,random,svr_rbf,9.95189027402776,13.004639326588787,"{""C"": 10.0, ""epsilon"": 0.2}",2.39078425732494,6;16;41;87,0;4;5;11;15;17;23;28;34;35;38;40;50;52;56;60;81;82
2,0,4,C/5,5,random,gp_rbf,11.150495770422843,15.23051634430271,"{""alpha"": 1.0, ""length"": 1.0}",3.710019107736628,6;16;41;87,0;4;5;11;15;17;23;28;34;35;38;40;50;52;56;60;81;82
2,0,4,C/5,5,random,catboost,9.081261347966723,11.411988229200182,{},,6;16;41;87,0;4;5;11;15;17;23;28;34;35;38;40;50;52;56;60;81;82
2,0,4,C/5,5,random,xgboost,9.780103047688804,12.055600481110346,{},,6;16;41;87,0;4;5;11;15;17;23;28;34;35;38;40;50;52;56;60;81;82
2,0,4,C/5,5,random,extra_trees,7.782748513751561,9.857435488818856,{},,6;16;41;87,0;4;5;11;15;17;23;28;34;35;38;40;50;52;56;60;81;82
2,0,4,C/80,0,source_cluster,ridge_physics,1.9746568467881944,2.5891534831117298,"{""alpha"": 1.0}",2.9572840332984924,14;29;58;62,0;4;5;11;15;17;23;28;34;35;38;40;50;52;56;60;81;82
2,0,4,C/80,0,source_cluster,ridge_source,1.9259630839029949,2.542047644599536,"{""alpha"": 0.1}",2.259754717350006,14;29;58;62,0;4;5;11;15;17;23;28;34;35;38;40;50;52;56;60;81;82
2,0,4,C/80,0,source_cluster,ridge_input,3.7369266086154513,4.847682579041567,"{""alpha"": 0.1}",6.888491630554199,14;29;58;62,0;4;5;11;15;17;23;28;34;35;38;40;50;52;56;60;81;82
2,0,4,C/80,0,source_cluster,krr_rbf,2.3350355360243054,2.748324885138984,"{""alpha"": 0.1, ""gamma"": 0.05}",16.675068497657776,14;29;58;62,0;4;5;11;15;17;23;28;34;35;38;40;50;52;56;60;81;82
2,0,4,C/80,0,source_cluster,svr_rbf,1.903914839249822,2.27982664437022,"{""C"": 100.0, ""epsilon"": 1.0}",19.47659634639416,14;29;58;62,0;4;5;11;15;17;23;28;34;35;38;40;50;52;56;60;81;82
2,0,4,C/80,0,source_cluster,gp_rbf,3.0403310733015214,3.717352291071472,"{""alpha"": 1.0, ""length"": 3.0}",17.50960444806276,14;29;58;62,0;4;5;11;15;17;23;28;34;35;38;40;50;52;56;60;81;82
2,0,4,C/80,0,source_cluster,catboost,5.422614457961071,7.424908704109179,{},,14;29;58;62,0;4;5;11;15;17;23;28;34;35;38;40;50;52;56;60;81;82
2,0,4,C/80,0,source_cluster,xgboost,8.170349968804253,10.585685440544642,{},,14;29;58;62,0;4;5;11;15;17;23;28;34;35;38;40;50;52;56;60;81;82
2,0,4,C/80,0,source_cluster,extra_trees,5.56937902768453,6.726128375918004,{},,14;29;58;62,0;4;5;11;15;17;23;28;34;35;38;40;50;52;56;60;81;82
2,0,4,C/40,1,source_cluster,ridge_physics,1.6516973707411025,2.260276816597152,"{""alpha"": 0.1}",1.938405215740204,14;29;58;62,0;4;5;11;15;17;23;28;34;35;38;40;50;52;56;60;81;82
2,0,4,C/40,1,source_cluster,ridge_source,1.500335693359375,2.123174488133232,"{""alpha"": 0.1}",0.6244819760322571,14;29;58;62,0;4;5;11;15;17;23;28;34;35;38;40;50;52;56;60;81;82
2,0,4,C/40,1,source_cluster,ridge_input,3.4686851501464844,4.65972345660643,"{""alpha"": 0.1}",6.4633272886276245,14;29;58;62,0;4;5;11;15;17;23;28;34;35;38;40;50;52;56;60;81;82
2,0,4,C/40,1,source_cluster,krr_rbf,1.9480730692545571,2.621609091604882,"{""alpha"": 0.1, ""gamma"": 0.05}",17.144240021705627,14;29;58;62,0;4;5;11;15;17;23;28;34;35;38;40;50;52;56;60;81;82
2,0,4,C/40,1,source_cluster,svr_rbf,1.6867012979559055,2.2646574816529474,"{""C"": 100.0, ""epsilon"": 1.0}",19.699910420422963,14;29;58;62,0;4;5;11;15;17;23;28;34;35;38;40;50;52;56;60;81;82
2,0,4,C/40,1,source_cluster,gp_rbf,2.8755519621190526,3.703605050502465,"{""alpha"": 1.0, ""length"": 3.0}",18.04629320044122,14;29;58;62,0;4;5;11;15;17;23;28;34;35;38;40;50;52;56;60;81;82
2,0,4,C/40,1,source_cluster,catboost,5.422249330867825,7.599495989241047,{},,14;29;58;62,0;4;5;11;15;17;23;28;34;35;38;40;50;52;56;60;81;82
2,0,4,C/40,1,source_cluster,xgboost,8.41836675008138,10.85865629146514,{},,14;29;58;62,0;4;5;11;15;17;23;28;34;35;38;40;50;52;56;60;81;82
2,0,4,C/40,1,source_cluster,extra_trees,5.954147150781419,6.86402109679189,{},,14;29;58;62,0;4;5;11;15;17;23;28;34;35;38;40;50;52;56;60;81;82
2,0,4,0.05A,2,source_cluster,ridge_physics,2.084324730767144,2.643081324235482,"{""alpha"": 1.0}",2.9309890270233154,14;29;58;62,0;4;5;11;15;17;23;28;34;35;38;40;50;52;56;60;81;82
2,0,4,0.05A,2,source_cluster,ridge_source,2.033524831136068,2.5884667673604853,"{""alpha"": 0.1}",2.1561651825904846,14;29;58;62,0;4;5;11;15;17;23;28;34;35;38;40;50;52;56;60;81;82
2,0,4,0.05A,2,source_cluster,ridge_input,3.724164750840929,4.812393454409658,"{""alpha"": 0.1}",6.931241035461426,14;29;58;62,0;4;5;11;15;17;23;28;34;35;38;40;50;52;56;60;81;82
2,0,4,0.05A,2,source_cluster,krr_rbf,2.50626458062066,2.8854842059272765,"{""alpha"": 0.1, ""gamma"": 0.05}",16.476563692092896,14;29;58;62,0;4;5;11;15;17;23;28;34;35;38;40;50;52;56;60;81;82
2,0,4,0.05A,2,source_cluster,svr_rbf,2.0140071920120297,2.37534597845156,"{""C"": 100.0, ""epsilon"": 1.0}",19.32748152186091,14;29;58;62,0;4;5;11;15;17;23;28;34;35;38;40;50;52;56;60;81;82
2,0,4,0.05A,2,source_cluster,gp_rbf,3.157617810006596,3.782039599048837,"{""alpha"": 1.0, ""length"": 3.0}",17.295387391842024,14;29;58;62,0;4;5;11;15;17;23;28;34;35;38;40;50;52;56;60;81;82
2,0,4,0.05A,2,source_cluster,catboost,5.445169581625707,7.328527467695143,{},,14;29;58;62,0;4;5;11;15;17;23;28;34;35;38;40;50;52;56;60;81;82
2,0,4,0.05A,2,source_cluster,xgboost,8.119696723090279,10.36849478823016,{},,14;29;58;62,0;4;5;11;15;17;23;28;34;35;38;40;50;52;56;60;81;82
2,0,4,0.05A,2,source_cluster,extra_trees,5.287364469634162,6.505402418374536,{},,14;29;58;62,0;4;5;11;15;17;23;28;34;35;38;40;50;52;56;60;81;82
2,0,4,C/10,3,source_cluster,ridge_physics,1.6829647488064237,2.4265203314580197,"{""alpha"": 0.1}",2.4306684732437134,14;29;58;62,0;4;5;11;15;17;23;28;34;35;38;40;50;52;56;60;81;82
2,0,4,C/10,3,source_cluster,ridge_source,1.6182776557074652,1.991405998312155,"{""alpha"": 0.1}",3.3745287656784058,14;29;58;62,0;4;5;11;15;17;23;28;34;35;38;40;50;52;56;60;81;82
2,0,4,C/10,3,source_cluster,ridge_input,3.1612027486165366,4.352136741461938,"{""alpha"": 0.1}",6.875345945358276,14;29;58;62,0;4;5;11;15;17;23;28;34;35;38;40;50;52;56;60;81;82
2,0,4,C/10,3,source_cluster,krr_rbf,1.9792539808485243,2.7181843945418334,"{""alpha"": 0.1, ""gamma"": 0.05}",18.92572385072708,14;29;58;62,0;4;5;11;15;17;23;28;34;35;38;40;50;52;56;60;81;82
2,0,4,C/10,3,source_cluster,svr_rbf,1.8905712421127947,2.5582927887065674,"{""C"": 100.0, ""epsilon"": 1.0}",21.54283538814227,14;29;58;62,0;4;5;11;15;17;23;28;34;35;38;40;50;52;56;60;81;82
2,0,4,C/10,3,source_cluster,gp_rbf,2.9723554668775054,3.786941019751487,"{""alpha"": 1.0, ""length"": 3.0}",19.95014081574641,14;29;58;62,0;4;5;11;15;17;23;28;34;35;38;40;50;52;56;60;81;82
2,0,4,C/10,3,source_cluster,catboost,5.899543729968869,8.02993401441947,{},,14;29;58;62,0;4;5;11;15;17;23;28;34;35;38;40;50;52;56;60;81;82
2,0,4,C/10,3,source_cluster,xgboost,8.71307627360026,11.036680677670718,{},,14;29;58;62,0;4;5;11;15;17;23;28;34;35;38;40;50;52;56;60;81;82
2,0,4,C/10,3,source_cluster,extra_trees,6.812969403796725,7.59427254674207,{},,14;29;58;62,0;4;5;11;15;17;23;28;34;35;38;40;50;52;56;60;81;82
2,0,4,C/7,4,source_cluster,ridge_physics,1.659076690673828,2.3828579921641944,"{""alpha"": 0.1}",1.2473423480987549,14;29;58;62,0;4;5;11;15;17;23;28;34;35;38;40;50;52;56;60;81;82
2,0,4,C/7,4,source_cluster,ridge_source,1.8734253777398004,2.1763835155194315,"{""alpha"": 0.1}",3.896485328674317,14;29;58;62,0;4;5;11;15;17;23;28;34;35;38;40;50;52;56;60;81;82
2,0,4,C/7,4,source_cluster,ridge_input,3.128634558783637,4.1760396202433885,"{""alpha"": 0.1}",6.577873229980469,14;29;58;62,0;4;5;11;15;17;23;28;34;35;38;40;50;52;56;60;81;82
2,0,4,C/7,4,source_cluster,krr_rbf,1.916886223687066,2.56878446370189,"{""alpha"": 0.1, ""gamma"": 0.05}",19.449935257434845,14;29;58;62,0;4;5;11;15;17;23;28;34;35;38;40;50;52;56;60;81;82
2,0,4,C/7,4,source_cluster,svr_rbf,1.9378863032379203,2.660379206852707,"{""C"": 100.0, ""epsilon"": 1.0}",21.66762731467997,14;29;58;62,0;4;5;11;15;17;23;28;34;35;38;40;50;52;56;60;81;82
2,0,4,C/7,4,source_cluster,gp_rbf,2.812858013101909,3.5914683264357734,"{""alpha"": 1.0, ""length"": 3.0}",20.546679406787888,14;29;58;62,0;4;5;11;15;17;23;28;34;35;38;40;50;52;56;60;81;82
2,0,4,C/7,4,source_cluster,catboost,5.776513067726424,8.053414319454061,{},,14;29;58;62,0;4;5;11;15;17;23;28;34;35;38;40;50;52;56;60;81;82
2,0,4,C/7,4,source_cluster,xgboost,8.695474836561415,11.073403476150842,{},,14;29;58;62,0;4;5;11;15;17;23;28;34;35;38;40;50;52;56;60;81;82
2,0,4,C/7,4,source_cluster,extra_trees,7.052560065852271,7.887200928929335,{},,14;29;58;62,0;4;5;11;15;17;23;28;34;35;38;40;50;52;56;60;81;82
2,0,4,C/5,5,source_cluster,ridge_physics,1.7881825764973958,2.5596632655165648,"{""alpha"": 0.1}",2.559386968612671,14;29;58;62,0;4;5;11;15;17;23;28;34;35;38;40;50;52;56;60;81;82
2,0,4,C/5,5,source_cluster,ridge_source,2.0131382412380643,2.310444045689893,"{""alpha"": 0.1}",5.204554557800293,14;29;58;62,0;4;5;11;15;17;23;28;34;35;38;40;50;52;56;60;81;82
2,0,4,C/5,5,source_cluster,ridge_input,3.140740712483724,4.306551294823308,"{""alpha"": 0.1}",7.058637499809265,14;29;58;62,0;4;5;11;15;17;23;28;34;35;38;40;50;52;56;60;81;82
2,0,4,C/5,5,source_cluster,krr_rbf,2.1160206264919705,2.860558508476444,"{""alpha"": 0.1, ""gamma"": 0.05}",19.92338228225708,14;29;58;62,0;4;5;11;15;17;23;28;34;35;38;40;50;52;56;60;81;82
2,0,4,C/5,5,source_cluster,svr_rbf,2.0524416651054653,2.75675580487509,"{""C"": 100.0, ""epsilon"": 1.0}",22.54771598015125,14;29;58;62,0;4;5;11;15;17;23;28;34;35;38;40;50;52;56;60;81;82
2,0,4,C/5,5,source_cluster,gp_rbf,3.091248224585448,3.9414397644436887,"{""alpha"": 1.0, ""length"": 3.0}",21.028237922465173,14;29;58;62,0;4;5;11;15;17;23;28;34;35;38;40;50;52;56;60;81;82
2,0,4,C/5,5,source_cluster,catboost,6.166917452916839,8.232519749372118,{},,14;29;58;62,0;4;5;11;15;17;23;28;34;35;38;40;50;52;56;60;81;82
2,0,4,C/5,5,source_cluster,xgboost,8.938682556152344,11.2287497844246,{},,14;29;58;62,0;4;5;11;15;17;23;28;34;35;38;40;50;52;56;60;81;82
2,0,4,C/5,5,source_cluster,extra_trees,7.093526430924734,7.953319179227054,{},,14;29;58;62,0;4;5;11;15;17;23;28;34;35;38;40;50;52;56;60;81;82
2,0,4,C/80,0,physical_cluster,ridge_physics,2.015600840250651,2.455663497105367,"{""alpha"": 0.1}",2.174053013324737,14;29;57;62,0;4;5;11;15;17;23;28;34;35;38;40;50;52;56;60;81;82
2,0,4,C/80,0,physical_cluster,ridge_source,2.035520341661241,2.5276646609279907,"{""alpha"": 0.1}",0.9071630239486694,14;29;57;62,0;4;5;11;15;17;23;28;34;35;38;40;50;52;56;60;81;82
2,0,4,C/80,0,physical_cluster,ridge_input,5.971053653293186,7.018243939704947,"{""alpha"": 10.0}",10.086638689041138,14;29;57;62,0;4;5;11;15;17;23;28;34;35;38;40;50;52;56;60;81;82
2,0,4,C/80,0,physical_cluster,krr_rbf,2.5332878960503478,2.97818616323772,"{""alpha"": 0.1, ""gamma"": 0.05}",15.979936957359314,14;29;57;62,0;4;5;11;15;17;23;28;34;35;38;40;50;52;56;60;81;82
2,0,4,C/80,0,physical_cluster,svr_rbf,2.0496670712322835,2.5098260063786118,"{""C"": 100.0, ""epsilon"": 1.0}",18.186275926979167,14;29;57;62,0;4;5;11;15;17;23;28;34;35;38;40;50;52;56;60;81;82
2,0,4,C/80,0,physical_cluster,gp_rbf,3.343913166381208,4.002818591085519,"{""alpha"": 1.0, ""length"": 3.0}",16.838848945664015,14;29;57;62,0;4;5;11;15;17;23;28;34;35;38;40;50;52;56;60;81;82
2,0,4,C/80,0,physical_cluster,catboost,5.754263867014664,7.909301347649026,{},,14;29;57;62,0;4;5;11;15;17;23;28;34;35;38;40;50;52;56;60;81;82
2,0,4,C/80,0,physical_cluster,xgboost,8.422737969292534,10.832909208359691,{},,14;29;57;62,0;4;5;11;15;17;23;28;34;35;38;40;50;52;56;60;81;82
2,0,4,C/80,0,physical_cluster,extra_trees,5.46228207482232,6.899596870900618,{},,14;29;57;62,0;4;5;11;15;17;23;28;34;35;38;40;50;52;56;60;81;82
2,0,4,C/40,1,physical_cluster,ridge_physics,1.6915376451280382,2.2801172070154787,"{""alpha"": 0.1}",1.4843183755874634,14;29;57;62,0;4;5;11;15;17;23;28;34;35;38;40;50;52;56;60;81;82
2,0,4,C/40,1,physical_cluster,ridge_source,1.6061566670735676,2.0859609850086174,"{""alpha"": 0.1}",0.4816100597381592,14;29;57;62,0;4;5;11;15;17;23;28;34;35;38;40;50;52;56;60;81;82
2,0,4,C/40,1,physical_cluster,ridge_input,5.960642496744792,6.951467891668332,"{""alpha"": 10.0}",10.402990341186523,14;29;57;62,0;4;5;11;15;17;23;28;34;35;38;40;50;52;56;60;81;82
2,0,4,C/40,1,physical_cluster,krr_rbf,2.116480933295356,2.7381993392617976,"{""alpha"": 0.1, ""gamma"": 0.05}",16.770708084106445,14;29;57;62,0;4;5;11;15;17;23;28;34;35;38;40;50;52;56;60;81;82
2,0,4,C/40,1,physical_cluster,svr_rbf,1.818639187259408,2.3609404617876413,"{""C"": 100.0, ""epsilon"": 1.0}",18.962294654442147,14;29;57;62,0;4;5;11;15;17;23;28;34;35;38;40;50;52;56;60;81;82
2,0,4,C/40,1,physical_cluster,gp_rbf,3.040585981141692,3.8508317907097136,"{""alpha"": 1.0, ""length"": 3.0}",17.691167198970504,14;29;57;62,0;4;5;11;15;17;23;28;34;35;38;40;50;52;56;60;81;82
2,0,4,C/40,1,physical_cluster,catboost,5.608669118175389,7.858307464045615,{},,14;29;57;62,0;4;5;11;15;17;23;28;34;35;38;40;50;52;56;60;81;82
2,0,4,C/40,1,physical_cluster,xgboost,8.44802220662435,10.877426480669689,{},,14;29;57;62,0;4;5;11;15;17;23;28;34;35;38;40;50;52;56;60;81;82
2,0,4,C/40,1,physical_cluster,extra_trees,5.927377541859944,6.988262185505889,{},,14;29;57;62,0;4;5;11;15;17;23;28;34;35;38;40;50;52;56;60;81;82
2,0,4,0.05A,2,physical_cluster,ridge_physics,2.283312055799696,2.845275433506216,"{""alpha"": 1.0}",2.033486545085907,14;29;57;62,0;4;5;11;15;17;23;28;34;35;38;40;50;52;56;60;81;82
2,0,4,0.05A,2,physical_cluster,ridge_source,2.156476762559679,2.637422023853329,"{""alpha"": 0.1}",0.6651037931442261,14;29;57;62,0;4;5;11;15;17;23;28;34;35;38;40;50;52;56;60;81;82
2,0,4,0.05A,2,physical_cluster,ridge_input,5.777023315429688,6.8542395928357065,"{""alpha"": 10.0}",9.798157393932344,14;29;57;62,0;4;5;11;15;17;23;28;34;35;38;40;50;52;56;60;81;82
2,0,4,0.05A,2,physical_cluster,krr_rbf,2.738988240559896,3.1571647494846227,"{""alpha"": 0.1, ""gamma"": 0.05}",15.621125400066376,14;29;57;62,0;4;5;11;15;17;23;28;34;35;38;40;50;52;56;60;81;82
2,0,4,0.05A,2,physical_cluster,svr_rbf,2.202699846440576,2.660495761431189,"{""C"": 100.0, ""epsilon"": 1.0}",17.7579030159206,14;29;57;62,0;4;5;11;15;17;23;28;34;35;38;40;50;52;56;60;81;82
2,0,4,0.05A,2,physical_cluster,gp_rbf,3.5243729891102933,4.122429944660052,"{""alpha"": 1.0, ""length"": 3.0}",16.466896767176948,14;29;57;62,0;4;5;11;15;17;23;28;34;35;38;40;50;52;56;60;81;82
2,0,4,0.05A,2,physical_cluster,catboost,5.802413909412694,7.88593727414588,{},,14;29;57;62,0;4;5;11;15;17;23;28;34;35;38;40;50;52;56;60;81;82
2,0,4,0.05A,2,physical_cluster,xgboost,8.413806915283203,10.651885186284929,{},,14;29;57;62,0;4;5;11;15;17;23;28;34;35;38;40;50;52;56;60;81;82
2,0,4,0.05A,2,physical_cluster,extra_trees,5.141458373599583,6.7255412294938814,{},,14;29;57;62,0;4;5;11;15;17;23;28;34;35;38;40;50;52;56;60;81;82
2,0,4,C/10,3,physical_cluster,ridge_physics,1.6777356465657551,2.405002818698116,"{""alpha"": 0.1}",2.3337481021881104,14;29;57;62,0;4;5;11;15;17;23;28;34;35;38;40;50;52;56;60;81;82
2,0,4,C/10,3,physical_cluster,ridge_source,1.6219389173719618,1.9876083887860296,"{""alpha"": 0.1}",3.550104856491089,14;29;57;62,0;4;5;11;15;17;23;28;34;35;38;40;50;52;56;60;81;82
2,0,4,C/10,3,physical_cluster,ridge_input,5.63397937350803,6.587547023894707,"{""alpha"": 10.0}",11.34746026992798,14;29;57;62,0;4;5;11;15;17;23;28;34;35;38;40;50;52;56;60;81;82
2,0,4,C/10,3,physical_cluster,krr_rbf,2.0430751376681857,2.7496799870780504,"{""alpha"": 0.1, ""gamma"": 0.05}",18.782403588294983,14;29;57;62,0;4;5;11;15;17;23;28;34;35;38;40;50;52;56;60;81;82
2,0,4,C/10,3,physical_cluster,svr_rbf,1.9672568349375423,2.5672184388621435,"{""C"": 100.0, ""epsilon"": 1.0}",21.219443566012306,14;29;57;62,0;4;5;11;15;17;23;28;34;35;38;40;50;52;56;60;81;82
2,0,4,C/10,3,physical_cluster,gp_rbf,3.047272685984906,3.839162629834282,"{""alpha"": 1.0, ""length"": 3.0}",19.820615291397463,14;29;57;62,0;4;5;11;15;17;23;28;34;35;38;40;50;52;56;60;81;82
2,0,4,C/10,3,physical_cluster,catboost,5.951217761693614,8.127167223159288,{},,14;29;57;62,0;4;5;11;15;17;23;28;34;35;38;40;50;52;56;60;81;82
2,0,4,C/10,3,physical_cluster,xgboost,8.73084470960829,11.059573208110956,{},,14;29;57;62,0;4;5;11;15;17;23;28;34;35;38;40;50;52;56;60;81;82
2,0,4,C/10,3,physical_cluster,extra_trees,6.849850442674425,7.681689021910647,{},,14;29;57;62,0;4;5;11;15;17;23;28;34;35;38;40;50;52;56;60;81;82
2,0,4,C/7,4,physical_cluster,ridge_physics,1.6469264560275607,2.3687195122143967,"{""alpha"": 0.1}",1.2395126819610596,14;29;57;62,0;4;5;11;15;17;23;28;34;35;38;40;50;52;56;60;81;82
2,0,4,C/7,4,physical_cluster,ridge_source,1.8788634406195743,2.1800311306174747,"{""alpha"": 0.1}",3.996666669845581,14;29;57;62,0;4;5;11;15;17;23;28;34;35;38;40;50;52;56;60;81;82
2,0,4,C/7,4,physical_cluster,ridge_input,5.36073727077908,6.364582510401309,"{""alpha"": 10.0}",11.454817652702332,14;29;57;62,0;4;5;11;15;17;23;28;34;35;38;40;50;52;56;60;81;82
2,0,4,C/7,4,physical_cluster,krr_rbf,1.966905805799696,2.5922638870141257,"{""alpha"": 0.1, ""gamma"": 0.05}",19.33793079853058,14;29;57;62,0;4;5;11;15;17;23;28;34;35;38;40;50;52;56;60;81;82
2,0,4,C/7,4,physical_cluster,svr_rbf,2.004015721593523,2.660398846454715,"{""C"": 100.0, ""epsilon"": 1.0}",21.406683096658163,14;29;57;62,0;4;5;11;15;17;23;28;34;35;38;40;50;52;56;60;81;82
2,0,4,C/7,4,physical_cluster,gp_rbf,2.875347589270989,3.6338220720986616,"{""alpha"": 1.0, ""length"": 3.0}",20.447948947892968,14;29;57;62,0;4;5;11;15;17;23;28;34;35;38;40;50;52;56;60;81;82
2,0,4,C/7,4,physical_cluster,catboost,5.860873288513931,8.149629702245276,{},,14;29;57;62,0;4;5;11;15;17;23;28;34;35;38;40;50;52;56;60;81;82
2,0,4,C/7,4,physical_cluster,xgboost,8.714799245198568,11.09836174585056,{},,14;29;57;62,0;4;5;11;15;17;23;28;34;35;38;40;50;52;56;60;81;82
2,0,4,C/7,4,physical_cluster,extra_trees,7.100032814343772,7.964629458976005,{},,14;29;57;62,0;4;5;11;15;17;23;28;34;35;38;40;50;52;56;60;81;82
2,0,4,C/5,5,physical_cluster,ridge_physics,1.787512037489149,2.537463038092504,"{""alpha"": 0.1}",2.479098320007324,14;29;57;62,0;4;5;11;15;17;23;28;34;35;38;40;50;52;56;60;81;82
2,0,4,C/5,5,physical_cluster,ridge_source,2.0192222595214844,2.312525875947481,"{""alpha"": 0.1}",5.312809228897095,14;29;57;62,0;4;5;11;15;17;23;28;34;35;38;40;50;52;56;60;81;82
2,0,4,C/5,5,physical_cluster,ridge_input,3.6808158026801214,5.004386620606095,"{""alpha"": 1.0}",11.361828088760376,14;29;57;62,0;4;5;11;15;17;23;28;34;35;38;40;50;52;56;60;81;82
2,0,4,C/5,5,physical_cluster,krr_rbf,2.167663998074002,2.880724615744967,"{""alpha"": 0.1, ""gamma"": 0.05}",19.80502361059189,14;29;57;62,0;4;5;11;15;17;23;28;34;35;38;40;50;52;56;60;81;82
2,0,4,C/5,5,physical_cluster,svr_rbf,2.1177267804472857,2.753265984206141,"{""C"": 100.0, ""epsilon"": 1.0}",22.24114755689137,14;29;57;62,0;4;5;11;15;17;23;28;34;35;38;40;50;52;56;60;81;82
2,0,4,C/5,5,physical_cluster,gp_rbf,3.160068835587585,3.9798271031005727,"{""alpha"": 1.0, ""length"": 3.0}",20.92290534105348,14;29;57;62,0;4;5;11;15;17;23;28;34;35;38;40;50;52;56;60;81;82
2,0,4,C/5,5,physical_cluster,catboost,6.212509118256879,8.321271072109617,{},,14;29;57;62,0;4;5;11;15;17;23;28;34;35;38;40;50;52;56;60;81;82
2,0,4,C/5,5,physical_cluster,xgboost,8.946265750461155,11.250956736639823,{},,14;29;57;62,0;4;5;11;15;17;23;28;34;35;38;40;50;52;56;60;81;82
2,0,4,C/5,5,physical_cluster,extra_trees,7.134484145376417,8.032028467406722,{},,14;29;57;62,0;4;5;11;15;17;23;28;34;35;38;40;50;52;56;60;81;82
2,0,4,C/80,0,input_cluster,ridge_physics,4.559026930067274,5.8635851315917815,"{""alpha"": 10.0}",5.707228660583496,3;62;86;90,0;4;5;11;15;17;23;28;34;35;38;40;50;52;56;60;81;82
2,0,4,C/80,0,input_cluster,ridge_source,3.5631900363498263,4.302806219336165,"{""alpha"": 1.0}",4.898370265960693,3;62;86;90,0;4;5;11;15;17;23;28;34;35;38;40;50;52;56;60;81;82
2,0,4,C/80,0,input_cluster,ridge_input,6.85567389594184,9.586903199954635,"{""alpha"": 10.0}",7.970620393753052,3;62;86;90,0;4;5;11;15;17;23;28;34;35;38;40;50;52;56;60;81;82
2,0,4,C/80,0,input_cluster,krr_rbf,4.856686486138238,6.310236847089798,"{""alpha"": 0.1, ""gamma"": 0.05}",14.621179401874542,3;62;86;90,0;4;5;11;15;17;23;28;34;35;38;40;50;52;56;60;81;82
2,0,4,C/80,0,input_cluster,svr_rbf,8.016666689190114,12.637144198473909,"{""C"": 100.0, ""epsilon"": 0.2}",9.195004378161045,3;62;86;90,0;4;5;11;15;17;23;28;34;35;38;40;50;52;56;60;81;82
2,0,4,C/80,0,input_cluster,gp_rbf,4.090919726085983,6.113563377983349,"{""alpha"": 1.0, ""length"": 3.0}",15.3176702626375,3;62;86;90,0;4;5;11;15;17;23;28;34;35;38;40;50;52;56;60;81;82
2,0,4,C/80,0,input_cluster,catboost,8.080627367920549,11.276146957059176,{},,3;62;86;90,0;4;5;11;15;17;23;28;34;35;38;40;50;52;56;60;81;82
2,0,4,C/80,0,input_cluster,xgboost,9.466126335991753,12.758644925547806,{},,3;62;86;90,0;4;5;11;15;17;23;28;34;35;38;40;50;52;56;60;81;82
2,0,4,C/80,0,input_cluster,extra_trees,8.562822172376846,10.359860709104636,{},,3;62;86;90,0;4;5;11;15;17;23;28;34;35;38;40;50;52;56;60;81;82
2,0,4,C/40,1,input_cluster,ridge_physics,4.105129241943359,5.111081961240508,"{""alpha"": 10.0}",6.130836248397827,3;62;86;90,0;4;5;11;15;17;23;28;34;35;38;40;50;52;56;60;81;82
2,0,4,C/40,1,input_cluster,ridge_source,3.045166439480252,3.418437304965942,"{""alpha"": 1.0}",4.320214509963989,3;62;86;90,0;4;5;11;15;17;23;28;34;35;38;40;50;52;56;60;81;82
2,0,4,C/40,1,input_cluster,ridge_input,6.567576514350043,9.197383001466864,"{""alpha"": 10.0}",7.586500644683838,3;62;86;90,0;4;5;11;15;17;23;28;34;35;38;40;50;52;56;60;81;82
2,0,4,C/40,1,input_cluster,krr_rbf,4.381860944959852,5.845554850475354,"{""alpha"": 0.1, ""gamma"": 0.05}",15.323758959770204,3;62;86;90,0;4;5;11;15;17;23;28;34;35;38;40;50;52;56;60;81;82
2,0,4,C/40,1,input_cluster,svr_rbf,7.504757682148895,11.926752352342492,"{""C"": 100.0, ""epsilon"": 0.2}",9.482647835139328,3;62;86;90,0;4;5;11;15;17;23;28;34;35;38;40;50;52;56;60;81;82
2,0,4,C/40,1,input_cluster,gp_rbf,3.705761888220869,5.673249494690086,"{""alpha"": 1.0, ""length"": 3.0}",16.237734121309913,3;62;86;90,0;4;5;11;15;17;23;28;34;35;38;40;50;52;56;60;81;82
2,0,4,C/40,1,input_cluster,catboost,7.912961247511829,11.044554999966053,{},,3;62;86;90,0;4;5;11;15;17;23;28;34;35;38;40;50;52;56;60;81;82
2,0,4,C/40,1,input_cluster,xgboost,9.457181294759115,12.684722665571256,{},,3;62;86;90,0;4;5;11;15;17;23;28;34;35;38;40;50;52;56;60;81;82
2,0,4,C/40,1,input_cluster,extra_trees,8.475057495964897,10.302887755533837,{},,3;62;86;90,0;4;5;11;15;17;23;28;34;35;38;40;50;52;56;60;81;82
2,0,4,0.05A,2,input_cluster,ridge_physics,4.546231587727864,5.875299459403326,"{""alpha"": 10.0}",5.617281436920166,3;62;86;90,0;4;5;11;15;17;23;28;34;35;38;40;50;52;56;60;81;82
2,0,4,0.05A,2,input_cluster,ridge_source,3.552399105495877,4.388784581751884,"{""alpha"": 1.0}",4.7224414348602295,3;62;86;90,0;4;5;11;15;17;23;28;34;35;38;40;50;52;56;60;81;82
2,0,4,0.05A,2,input_cluster,ridge_input,6.8279745313856335,9.468107835279186,"{""alpha"": 10.0}",7.732845306396484,3;62;86;90,0;4;5;11;15;17;23;28;34;35;38;40;50;52;56;60;81;82
2,0,4,0.05A,2,input_cluster,krr_rbf,4.843800862630208,6.222533544527173,"{""alpha"": 0.1, ""gamma"": 0.05}",14.578099608421326,3;62;86;90,0;4;5;11;15;17;23;28;34;35;38;40;50;52;56;60;81;82
2,0,4,0.05A,2,input_cluster,svr_rbf,7.5459871961398255,11.631179918604907,"{""C"": 100.0, ""epsilon"": 1.0}",9.219257288113551,3;62;86;90,0;4;5;11;15;17;23;28;34;35;38;40;50;52;56;60;81;82
2,0,4,0.05A,2,input_cluster,gp_rbf,4.099632216237551,6.03077733411342,"{""alpha"": 1.0, ""length"": 3.0}",15.214514113073683,3;62;86;90,0;4;5;11;15;17;23;28;34;35;38;40;50;52;56;60;81;82
2,0,4,0.05A,2,input_cluster,catboost,8.009757029494413,11.145373570793726,{},,3;62;86;90,0;4;5;11;15;17;23;28;34;35;38;40;50;52;56;60;81;82
2,0,4,0.05A,2,input_cluster,xgboost,9.43304443359375,12.615625081139012,{},,3;62;86;90,0;4;5;11;15;17;23;28;34;35;38;40;50;52;56;60;81;82
2,0,4,0.05A,2,input_cluster,extra_trees,8.51465162701077,10.245293735120615,{},,3;62;86;90,0;4;5;11;15;17;23;28;34;35;38;40;50;52;56;60;81;82
2,0,4,C/10,3,input_cluster,ridge_physics,2.1133558485243054,2.596850456174688,"{""alpha"": 1.0}",5.990390300750732,3;62;86;90,0;4;5;11;15;17;23;28;34;35;38;40;50;52;56;60;81;82
2,0,4,C/10,3,input_cluster,ridge_source,2.1688931783040366,2.5131382145117667,"{""alpha"": 0.1}",3.882838368415833,3;62;86;90,0;4;5;11;15;17;23;28;34;35;38;40;50;52;56;60;81;82
2,0,4,C/10,3,input_cluster,ridge_input,6.150672064887153,8.664008106559928,"{""alpha"": 10.0}",6.576586723327637,3;62;86;90,0;4;5;11;15;17;23;28;34;35;38;40;50;52;56;60;81;82
2,0,4,C/10,3,input_cluster,krr_rbf,3.956375122070313,5.413896121988326,"{""alpha"": 0.1, ""gamma"": 0.05}",17.343348264694214,3;62;86;90,0;4;5;11;15;17;23;28;34;35;38;40;50;52;56;60;81;82
2,0,4,C/10,3,input_cluster,svr_rbf,7.211151867951965,11.3792496240877,"{""C"": 100.0, ""epsilon"": 0.2}",10.589623298595107,3;62;86;90,0;4;5;11;15;17;23;28;34;35;38;40;50;52;56;60;81;82
2,0,4,C/10,3,input_cluster,gp_rbf,3.4002849440967395,5.234838619218468,"{""alpha"": 1.0, ""length"": 3.0}",18.342854207530166,3;62;86;90,0;4;5;11;15;17;23;28;34;35;38;40;50;52;56;60;81;82
2,0,4,C/10,3,input_cluster,catboost,8.09382609599996,11.188385202075237,{},,3;62;86;90,0;4;5;11;15;17;23;28;34;35;38;40;50;52;56;60;81;82
2,0,4,C/10,3,input_cluster,xgboost,9.905250549316406,13.03348062079558,{},,3;62;86;90,0;4;5;11;15;17;23;28;34;35;38;40;50;52;56;60;81;82
2,0,4,C/10,3,input_cluster,extra_trees,9.302803664737278,11.1947894518443,{},,3;62;86;90,0;4;5;11;15;17;23;28;34;35;38;40;50;52;56;60;81;82
2,0,4,C/7,4,input_cluster,ridge_physics,2.133273230658637,2.648508955467252,"{""alpha"": 1.0}",5.382941842079163,3;62;86;90,0;4;5;11;15;17;23;28;34;35;38;40;50;52;56;60;81;82
2,0,4,C/7,4,input_cluster,ridge_source,2.3532172309027777,2.714553269703955,"{""alpha"": 0.1}",3.2047356367111206,3;62;86;90,0;4;5;11;15;17;23;28;34;35;38;40;50;52;56;60;81;82
2,0,4,C/7,4,input_cluster,ridge_input,6.071340772840712,8.543349951018754,"{""alpha"": 10.0}",6.800559759140015,3;62;86;90,0;4;5;11;15;17;23;28;34;35;38;40;50;52;56;60;81;82
2,0,4,C/7,4,input_cluster,krr_rbf,3.844775729709201,5.258041533759908,"{""alpha"": 0.1, ""gamma"": 0.05}",17.88572108745575,3;62;86;90,0;4;5;11;15;17;23;28;34;35;38;40;50;52;56;60;81;82
2,0,4,C/7,4,input_cluster,svr_rbf,7.238997780926458,11.493242315250953,"{""C"": 100.0, ""epsilon"": 0.2}",10.940539212047552,3;62;86;90,0;4;5;11;15;17;23;28;34;35;38;40;50;52;56;60;81;82
2,0,4,C/7,4,input_cluster,gp_rbf,3.353626695789797,5.0902036711302925,"{""alpha"": 1.0, ""length"": 3.0}",18.900544048337824,3;62;86;90,0;4;5;11;15;17;23;28;34;35;38;40;50;52;56;60;81;82
2,0,4,C/7,4,input_cluster,catboost,8.148454267935655,11.252740679033485,{},,3;62;86;90,0;4;5;11;15;17;23;28;34;35;38;40;50;52;56;60;81;82
2,0,4,C/7,4,input_cluster,xgboost,9.995899200439451,13.139279269903694,{},,3;62;86;90,0;4;5;11;15;17;23;28;34;35;38;40;50;52;56;60;81;82
2,0,4,C/7,4,input_cluster,extra_trees,9.50205938021342,11.412317608949806,{},,3;62;86;90,0;4;5;11;15;17;23;28;34;35;38;40;50;52;56;60;81;82
2,0,4,C/5,5,input_cluster,ridge_physics,2.180902269151476,2.71768660166892,"{""alpha"": 1.0}",4.857925295829773,3;62;86;90,0;4;5;11;15;17;23;28;34;35;38;40;50;52;56;60;81;82
2,0,4,C/5,5,input_cluster,ridge_source,2.523524390326606,2.955182822345156,"{""alpha"": 0.1}",2.606745958328247,3;62;86;90,0;4;5;11;15;17;23;28;34;35;38;40;50;52;56;60;81;82
2,0,4,C/5,5,input_cluster,ridge_input,6.0267007615831165,8.448435491654239,"{""alpha"": 10.0}",7.031447172164917,3;62;86;90,0;4;5;11;15;17;23;28;34;35;38;40;50;52;56;60;81;82
2,0,4,C/5,5,input_cluster,krr_rbf,3.712427775065104,5.110418424816615,"{""alpha"": 0.1, ""gamma"": 0.05}",18.45422601699829,3;62;86;90,0;4;5;11;15;17;23;28;34;35;38;40;50;52;56;60;81;82
2,0,4,C/5,5,input_cluster,svr_rbf,7.24533388294256,11.61627902524944,"{""C"": 100.0, ""epsilon"": 0.2}",11.30149340971132,3;62;86;90,0;4;5;11;15;17;23;28;34;35;38;40;50;52;56;60;81;82
2,0,4,C/5,5,input_cluster,gp_rbf,3.3466416089892927,4.968115587361239,"{""alpha"": 1.0, ""length"": 3.0}",19.486880806172376,3;62;86;90,0;4;5;11;15;17;23;28;34;35;38;40;50;52;56;60;81;82
2,0,4,C/5,5,input_cluster,catboost,8.146341568038302,11.277914937220906,{},,3;62;86;90,0;4;5;11;15;17;23;28;34;35;38;40;50;52;56;60;81;82
2,0,4,C/5,5,input_cluster,xgboost,10.12933095296224,13.283238842532157,{},,3;62;86;90,0;4;5;11;15;17;23;28;34;35;38;40;50;52;56;60;81;82
2,0,4,C/5,5,input_cluster,extra_trees,9.691394686698914,11.61673756100019,{},,3;62;86;90,0;4;5;11;15;17;23;28;34;35;38;40;50;52;56;60;81;82
2,1,4,C/80,0,random,ridge_physics,3.970845540364584,5.293207850049479,"{""alpha"": 0.1}",1.684563934803009,9;12;41;88,0;4;5;11;15;17;23;28;34;35;38;40;50;52;56;60;81;82
2,1,4,C/80,0,random,ridge_source,3.710452185736762,4.302430806282539,"{""alpha"": 0.1}",2.344365656375885,9;12;41;88,0;4;5;11;15;17;23;28;34;35;38;40;50;52;56;60;81;82
2,1,4,C/80,0,random,ridge_input,5.108850267198351,6.407837287312264,"{""alpha"": 0.1}",2.0193541049957275,9;12;41;88,0;4;5;11;15;17;23;28;34;35;38;40;50;52;56;60;81;82
2,1,4,C/80,0,random,krr_rbf,4.104487525092231,5.534463022030774,"{""alpha"": 0.1, ""gamma"": 0.05}",4.56288868188858,9;12;41;88,0;4;5;11;15;17;23;28;34;35;38;40;50;52;56;60;81;82
2,1,4,C/80,0,random,svr_rbf,6.837349834482333,11.448971412030447,"{""C"": 10.0, ""epsilon"": 0.2}",6.716628299704018,9;12;41;88,0;4;5;11;15;17;23;28;34;35;38;40;50;52;56;60;81;82
2,1,4,C/80,0,random,gp_rbf,4.183426910811378,5.858539825761669,"{""alpha"": 1.0, ""length"": 3.0}",5.019176134888697,9;12;41;88,0;4;5;11;15;17;23;28;34;35;38;40;50;52;56;60;81;82
2,1,4,C/80,0,random,catboost,6.560273992846842,9.294360511838324,{},,9;12;41;88,0;4;5;11;15;17;23;28;34;35;38;40;50;52;56;60;81;82
2,1,4,C/80,0,random,xgboost,7.920470343695746,10.401126319234416,{},,9;12;41;88,0;4;5;11;15;17;23;28;34;35;38;40;50;52;56;60;81;82
2,1,4,C/80,0,random,extra_trees,5.163525337643093,7.882709206598179,{},,9;12;41;88,0;4;5;11;15;17;23;28;34;35;38;40;50;52;56;60;81;82
2,1,4,C/40,1,random,ridge_physics,3.4344314999050565,4.803274451400961,"{""alpha"": 0.1}",1.6568800806999209,9;12;41;88,0;4;5;11;15;17;23;28;34;35;38;40;50;52;56;60;81;82
2,1,4,C/40,1,random,ridge_source,3.2388916015625,3.765784431095921,"{""alpha"": 0.1}",2.3099602460861206,9;12;41;88,0;4;5;11;15;17;23;28;34;35;38;40;50;52;56;60;81;82
2,1,4,C/40,1,random,ridge_input,4.86609861585829,6.341301183788054,"{""alpha"": 0.1}",1.882297158241272,9;12;41;88,0;4;5;11;15;17;23;28;34;35;38;40;50;52;56;60;81;82
2,1,4,C/40,1,random,krr_rbf,3.829189724392361,5.29593936450354,"{""alpha"": 0.1, ""gamma"": 0.05}",4.431083083152771,9;12;41;88,0;4;5;11;15;17;23;28;34;35;38;40;50;52;56;60;81;82
2,1,4,C/40,1,random,svr_rbf,6.507638707041351,11.294782056502823,"{""C"": 10.0, ""epsilon"": 0.2}",6.57031742792751,9;12;41;88,0;4;5;11;15;17;23;28;34;35;38;40;50;52;56;60;81;82
2,1,4,C/40,1,random,gp_rbf,3.931671396850376,5.726533093920339,"{""alpha"": 1.0, ""length"": 3.0}",5.02804490592945,9;12;41;88,0;4;5;11;15;17;23;28;34;35;38;40;50;52;56;60;81;82
2,1,4,C/40,1,random,catboost,6.651529094501546,9.316825546641088,{},,9;12;41;88,0;4;5;11;15;17;23;28;34;35;38;40;50;52;56;60;81;82
2,1,4,C/40,1,random,xgboost,7.999473995632595,10.439657335689017,{},,9;12;41;88,0;4;5;11;15;17;23;28;34;35;38;40;50;52;56;60;81;82
2,1,4,C/40,1,random,extra_trees,5.039362165662977,7.774490556059231,{},,9;12;41;88,0;4;5;11;15;17;23;28;34;35;38;40;50;52;56;60;81;82
2,1,4,0.05A,2,random,ridge_physics,4.042039023505317,5.275689538522463,"{""alpha"": 0.1}",1.9004308581352236,9;12;41;88,0;4;5;11;15;17;23;28;34;35;38;40;50;52;56;60;81;82
2,1,4,0.05A,2,random,ridge_source,3.789812299940321,4.3583271932536745,"{""alpha"": 0.1}",2.518042206764221,9;12;41;88,0;4;5;11;15;17;23;28;34;35;38;40;50;52;56;60;81;82
2,1,4,0.05A,2,random,ridge_input,5.038037618001302,6.204491334705709,"{""alpha"": 0.1}",2.241657853126526,9;12;41;88,0;4;5;11;15;17;23;28;34;35;38;40;50;52;56;60;81;82
2,1,4,0.05A,2,random,krr_rbf,4.129554748535156,5.467637017917516,"{""alpha"": 0.1, ""gamma"": 0.05}",4.709281384944916,9;12;41;88,0;4;5;11;15;17;23;28;34;35;38;40;50;52;56;60;81;82
2,1,4,0.05A,2,random,svr_rbf,6.841032146122048,11.24436176414257,"{""C"": 10.0, ""epsilon"": 0.2}",6.91846326343294,9;12;41;88,0;4;5;11;15;17;23;28;34;35;38;40;50;52;56;60;81;82
2,1,4,0.05A,2,random,gp_rbf,4.186985032349253,5.788779702438847,"{""alpha"": 1.0, ""length"": 3.0}",5.042370715407292,9;12;41;88,0;4;5;11;15;17;23;28;34;35;38;40;50;52;56;60;81;82
2,1,4,0.05A,2,random,catboost,6.569148060939546,9.169310298897395,{},,9;12;41;88,0;4;5;11;15;17;23;28;34;35;38;40;50;52;56;60;81;82
2,1,4,0.05A,2,random,xgboost,7.891004774305555,10.25745102236666,{},,9;12;41;88,0;4;5;11;15;17;23;28;34;35;38;40;50;52;56;60;81;82
2,1,4,0.05A,2,random,extra_trees,5.239906207720439,7.794371580748423,{},,9;12;41;88,0;4;5;11;15;17;23;28;34;35;38;40;50;52;56;60;81;82
2,1,4,C/10,3,random,ridge_physics,2.9707565307617188,4.357913810201301,"{""alpha"": 0.1}",1.6944139003753662,9;12;41;88,0;4;5;11;15;17;23;28;34;35;38;40;50;52;56;60;81;82
2,1,4,C/10,3,random,ridge_source,2.8379143608940973,3.384784795008229,"{""alpha"": 0.1}",2.395388126373291,9;12;41;88,0;4;5;11;15;17;23;28;34;35;38;40;50;52;56;60;81;82
2,1,4,C/10,3,random,ridge_input,4.713142818874783,6.24049935479039,"{""alpha"": 0.1}",1.8029091358184812,9;12;41;88,0;4;5;11;15;17;23;28;34;35;38;40;50;52;56;60;81;82
2,1,4,C/10,3,random,krr_rbf,3.546697828504774,5.030102645284338,"{""alpha"": 0.1, ""gamma"": 0.05}",4.422924816608429,9;12;41;88,0;4;5;11;15;17;23;28;34;35;38;40;50;52;56;60;81;82
2,1,4,C/10,3,random,svr_rbf,6.474059115365332,11.26068200692451,"{""C"": 10.0, ""epsilon"": 0.2}",6.4892424166328695,9;12;41;88,0;4;5;11;15;17;23;28;34;35;38;40;50;52;56;60;81;82
2,1,4,C/10,3,random,gp_rbf,3.9791357458499417,5.650347918295612,"{""alpha"": 1.0, ""length"": 3.0}",5.049845500460332,9;12;41;88,0;4;5;11;15;17;23;28;34;35;38;40;50;52;56;60;81;82
2,1,4,C/10,3,random,catboost,7.005156998408904,9.442363612026064,{},,9;12;41;88,0;4;5;11;15;17;23;28;34;35;38;40;50;52;56;60;81;82
2,1,4,C/10,3,random,xgboost,8.281829833984375,10.60532456370651,{},,9;12;41;88,0;4;5;11;15;17;23;28;34;35;38;40;50;52;56;60;81;82
2,1,4,C/10,3,random,extra_trees,5.20749151441786,7.784870714326527,{},,9;12;41;88,0;4;5;11;15;17;23;28;34;35;38;40;50;52;56;60;81;82
2,1,4,C/7,4,random,ridge_physics,2.842094209459093,4.224098564730456,"{""alpha"": 0.1}",1.6247016191482544,9;12;41;88,0;4;5;11;15;17;23;28;34;35;38;40;50;52;56;60;81;82
2,1,4,C/7,4,random,ridge_source,2.763547685411241,3.3195256413419942,"{""alpha"": 0.1}",2.300965428352356,9;12;41;88,0;4;5;11;15;17;23;28;34;35;38;40;50;52;56;60;81;82
2,1,4,C/7,4,random,ridge_input,4.6480560302734375,6.133024201070952,"{""alpha"": 0.1}",1.7861913442611694,9;12;41;88,0;4;5;11;15;17;23;28;34;35;38;40;50;52;56;60;81;82
2,1,4,C/7,4,random,krr_rbf,3.4871092902289496,4.911022217471826,"{""alpha"": 0.1, ""gamma"": 0.05}",4.4500269293785095,9;12;41;88,0;4;5;11;15;17;23;28;34;35;38;40;50;52;56;60;81;82
2,1,4,C/7,4,random,svr_rbf,6.514845048245961,11.268534336101176,"{""C"": 10.0, ""epsilon"": 0.2}",6.481715200654226,9;12;41;88,0;4;5;11;15;17;23;28;34;35;38;40;50;52;56;60;81;82
2,1,4,C/7,4,random,gp_rbf,4.05650461784961,5.615709159095641,"{""alpha"": 1.0, ""length"": 3.0}",5.04152670018337,9;12;41;88,0;4;5;11;15;17;23;28;34;35;38;40;50;52;56;60;81;82
2,1,4,C/7,4,random,catboost,7.109808016546888,9.469363101132688,{},,9;12;41;88,0;4;5;11;15;17;23;28;34;35;38;40;50;52;56;60;81;82
2,1,4,C/7,4,random,xgboost,8.385648939344618,10.651558673731552,{},,9;12;41;88,0;4;5;11;15;17;23;28;34;35;38;40;50;52;56;60;81;82
2,1,4,C/7,4,random,extra_trees,5.263702858818902,7.784806349985477,{},,9;12;41;88,0;4;5;11;15;17;23;28;34;35;38;40;50;52;56;60;81;82
2,1,4,C/5,5,random,ridge_physics,2.7427270677354603,4.073882539048488,"{""alpha"": 0.1}",1.541720628738403,9;12;41;88,0;4;5;11;15;17;23;28;34;35;38;40;50;52;56;60;81;82
2,1,4,C/5,5,random,ridge_source,2.673155466715494,3.2583597628994565,"{""alpha"": 0.1}",2.2434756755828857,9;12;41;88,0;4;5;11;15;17;23;28;34;35;38;40;50;52;56;60;81;82
2,1,4,C/5,5,random,ridge_input,4.553497738308376,6.000472511517431,"{""alpha"": 0.1}",1.7541539669036863,9;12;41;88,0;4;5;11;15;17;23;28;34;35;38;40;50;52;56;60;81;82
2,1,4,C/5,5,random,krr_rbf,3.413145701090494,4.820528448675927,"{""alpha"": 0.1, ""gamma"": 0.05}",4.451843738555908,9;12;41;88,0;4;5;11;15;17;23;28;34;35;38;40;50;52;56;60;81;82
2,1,4,C/5,5,random,svr_rbf,6.53821077469811,11.29812322727058,"{""C"": 10.0, ""epsilon"": 0.2}",6.439711722290554,9;12;41;88,0;4;5;11;15;17;23;28;34;35;38;40;50;52;56;60;81;82
2,1,4,C/5,5,random,gp_rbf,4.179104754524922,5.630785260100494,"{""alpha"": 1.0, ""length"": 3.0}",5.036249127029307,9;12;41;88,0;4;5;11;15;17;23;28;34;35;38;40;50;52;56;60;81;82
2,1,4,C/5,5,random,catboost,7.262809285710997,9.536256904572816,{},,9;12;41;88,0;4;5;11;15;17;23;28;34;35;38;40;50;52;56;60;81;82
2,1,4,C/5,5,random,xgboost,8.537389967176649,10.746569646460134,{},,9;12;41;88,0;4;5;11;15;17;23;28;34;35;38;40;50;52;56;60;81;82
2,1,4,C/5,5,random,extra_trees,5.363651275634766,7.813522205231147,{},,9;12;41;88,0;4;5;11;15;17;23;28;34;35;38;40;50;52;56;60;81;82
2,1,4,C/80,0,source_cluster,ridge_physics,1.9746568467881944,2.5891534831117298,"{""alpha"": 1.0}",2.9572840332984924,14;29;58;62,0;4;5;11;15;17;23;28;34;35;38;40;50;52;56;60;81;82
2,1,4,C/80,0,source_cluster,ridge_source,1.9259630839029949,2.542047644599536,"{""alpha"": 0.1}",2.259754717350006,14;29;58;62,0;4;5;11;15;17;23;28;34;35;38;40;50;52;56;60;81;82
2,1,4,C/80,0,source_cluster,ridge_input,3.7369266086154513,4.847682579041567,"{""alpha"": 0.1}",6.888491630554199,14;29;58;62,0;4;5;11;15;17;23;28;34;35;38;40;50;52;56;60;81;82
2,1,4,C/80,0,source_cluster,krr_rbf,2.3350355360243054,2.748324885138984,"{""alpha"": 0.1, ""gamma"": 0.05}",16.675068497657776,14;29;58;62,0;4;5;11;15;17;23;28;34;35;38;40;50;52;56;60;81;82
2,1,4,C/80,0,source_cluster,svr_rbf,1.903914839249822,2.27982664437022,"{""C"": 100.0, ""epsilon"": 1.0}",19.47659634639416,14;29;58;62,0;4;5;11;15;17;23;28;34;35;38;40;50;52;56;60;81;82
2,1,4,C/80,0,source_cluster,gp_rbf,3.0403310733015214,3.717352291071472,"{""alpha"": 1.0, ""length"": 3.0}",17.50960444806276,14;29;58;62,0;4;5;11;15;17;23;28;34;35;38;40;50;52;56;60;81;82
2,1,4,C/80,0,source_cluster,catboost,5.422614457961071,7.424908704109179,{},,14;29;58;62,0;4;5;11;15;17;23;28;34;35;38;40;50;52;56;60;81;82
2,1,4,C/80,0,source_cluster,xgboost,8.170349968804253,10.585685440544642,{},,14;29;58;62,0;4;5;11;15;17;23;28;34;35;38;40;50;52;56;60;81;82
2,1,4,C/80,0,source_cluster,extra_trees,5.56937902768453,6.726128375918004,{},,14;29;58;62,0;4;5;11;15;17;23;28;34;35;38;40;50;52;56;60;81;82
2,1,4,C/40,1,source_cluster,ridge_physics,1.6516973707411025,2.260276816597152,"{""alpha"": 0.1}",1.938405215740204,14;29;58;62,0;4;5;11;15;17;23;28;34;35;38;40;50;52;56;60;81;82
2,1,4,C/40,1,source_cluster,ridge_source,1.500335693359375,2.123174488133232,"{""alpha"": 0.1}",0.6244819760322571,14;29;58;62,0;4;5;11;15;17;23;28;34;35;38;40;50;52;56;60;81;82
2,1,4,C/40,1,source_cluster,ridge_input,3.4686851501464844,4.65972345660643,"{""alpha"": 0.1}",6.4633272886276245,14;29;58;62,0;4;5;11;15;17;23;28;34;35;38;40;50;52;56;60;81;82
2,1,4,C/40,1,source_cluster,krr_rbf,1.9480730692545571,2.621609091604882,"{""alpha"": 0.1, ""gamma"": 0.05}",17.144240021705627,14;29;58;62,0;4;5;11;15;17;23;28;34;35;38;40;50;52;56;60;81;82
2,1,4,C/40,1,source_cluster,svr_rbf,1.6867012979559055,2.2646574816529474,"{""C"": 100.0, ""epsilon"": 1.0}",19.699910420422963,14;29;58;62,0;4;5;11;15;17;23;28;34;35;38;40;50;52;56;60;81;82
2,1,4,C/40,1,source_cluster,gp_rbf,2.8755519621190526,3.703605050502465,"{""alpha"": 1.0, ""length"": 3.0}",18.04629320044122,14;29;58;62,0;4;5;11;15;17;23;28;34;35;38;40;50;52;56;60;81;82
2,1,4,C/40,1,source_cluster,catboost,5.422249330867825,7.599495989241047,{},,14;29;58;62,0;4;5;11;15;17;23;28;34;35;38;40;50;52;56;60;81;82
2,1,4,C/40,1,source_cluster,xgboost,8.41836675008138,10.85865629146514,{},,14;29;58;62,0;4;5;11;15;17;23;28;34;35;38;40;50;52;56;60;81;82
2,1,4,C/40,1,source_cluster,extra_trees,5.954147150781419,6.86402109679189,{},,14;29;58;62,0;4;5;11;15;17;23;28;34;35;38;40;50;52;56;60;81;82
2,1,4,0.05A,2,source_cluster,ridge_physics,2.084324730767144,2.643081324235482,"{""alpha"": 1.0}",2.9309890270233154,14;29;58;62,0;4;5;11;15;17;23;28;34;35;38;40;50;52;56;60;81;82
2,1,4,0.05A,2,source_cluster,ridge_source,2.033524831136068,2.5884667673604853,"{""alpha"": 0.1}",2.1561651825904846,14;29;58;62,0;4;5;11;15;17;23;28;34;35;38;40;50;52;56;60;81;82
2,1,4,0.05A,2,source_cluster,ridge_input,3.724164750840929,4.812393454409658,"{""alpha"": 0.1}",6.931241035461426,14;29;58;62,0;4;5;11;15;17;23;28;34;35;38;40;50;52;56;60;81;82
2,1,4,0.05A,2,source_cluster,krr_rbf,2.50626458062066,2.8854842059272765,"{""alpha"": 0.1, ""gamma"": 0.05}",16.476563692092896,14;29;58;62,0;4;5;11;15;17;23;28;34;35;38;40;50;52;56;60;81;82
2,1,4,0.05A,2,source_cluster,svr_rbf,2.0140071920120297,2.37534597845156,"{""C"": 100.0, ""epsilon"": 1.0}",19.32748152186091,14;29;58;62,0;4;5;11;15;17;23;28;34;35;38;40;50;52;56;60;81;82
2,1,4,0.05A,2,source_cluster,gp_rbf,3.157617810006596,3.782039599048837,"{""alpha"": 1.0, ""length"": 3.0}",17.295387391842024,14;29;58;62,0;4;5;11;15;17;23;28;34;35;38;40;50;52;56;60;81;82
2,1,4,0.05A,2,source_cluster,catboost,5.445169581625707,7.328527467695143,{},,14;29;58;62,0;4;5;11;15;17;23;28;34;35;38;40;50;52;56;60;81;82
2,1,4,0.05A,2,source_cluster,xgboost,8.119696723090279,10.36849478823016,{},,14;29;58;62,0;4;5;11;15;17;23;28;34;35;38;40;50;52;56;60;81;82
2,1,4,0.05A,2,source_cluster,extra_trees,5.287364469634162,6.505402418374536,{},,14;29;58;62,0;4;5;11;15;17;23;28;34;35;38;40;50;52;56;60;81;82
2,1,4,C/10,3,source_cluster,ridge_physics,1.6829647488064237,2.4265203314580197,"{""alpha"": 0.1}",2.4306684732437134,14;29;58;62,0;4;5;11;15;17;23;28;34;35;38;40;50;52;56;60;81;82
2,1,4,C/10,3,source_cluster,ridge_source,1.6182776557074652,1.991405998312155,"{""alpha"": 0.1}",3.3745287656784058,14;29;58;62,0;4;5;11;15;17;23;28;34;35;38;40;50;52;56;60;81;82
2,1,4,C/10,3,source_cluster,ridge_input,3.1612027486165366,4.352136741461938,"{""alpha"": 0.1}",6.875345945358276,14;29;58;62,0;4;5;11;15;17;23;28;34;35;38;40;50;52;56;60;81;82
2,1,4,C/10,3,source_cluster,krr_rbf,1.9792539808485243,2.7181843945418334,"{""alpha"": 0.1, ""gamma"": 0.05}",18.92572385072708,14;29;58;62,0;4;5;11;15;17;23;28;34;35;38;40;50;52;56;60;81;82
2,1,4,C/10,3,source_cluster,svr_rbf,1.8905712421127947,2.5582927887065674,"{""C"": 100.0, ""epsilon"": 1.0}",21.54283538814227,14;29;58;62,0;4;5;11;15;17;23;28;34;35;38;40;50;52;56;60;81;82
2,1,4,C/10,3,source_cluster,gp_rbf,2.9723554668775054,3.786941019751487,"{""alpha"": 1.0, ""length"": 3.0}",19.95014081574641,14;29;58;62,0;4;5;11;15;17;23;28;34;35;38;40;50;52;56;60;81;82
2,1,4,C/10,3,source_cluster,catboost,5.899543729968869,8.02993401441947,{},,14;29;58;62,0;4;5;11;15;17;23;28;34;35;38;40;50;52;56;60;81;82
2,1,4,C/10,3,source_cluster,xgboost,8.71307627360026,11.036680677670718,{},,14;29;58;62,0;4;5;11;15;17;23;28;34;35;38;40;50;52;56;60;81;82
2,1,4,C/10,3,source_cluster,extra_trees,6.812969403796725,7.59427254674207,{},,14;29;58;62,0;4;5;11;15;17;23;28;34;35;38;40;50;52;56;60;81;82
2,1,4,C/7,4,source_cluster,ridge_physics,1.659076690673828,2.3828579921641944,"{""alpha"": 0.1}",1.2473423480987549,14;29;58;62,0;4;5;11;15;17;23;28;34;35;38;40;50;52;56;60;81;82
2,1,4,C/7,4,source_cluster,ridge_source,1.8734253777398004,2.1763835155194315,"{""alpha"": 0.1}",3.896485328674317,14;29;58;62,0;4;5;11;15;17;23;28;34;35;38;40;50;52;56;60;81;82
2,1,4,C/7,4,source_cluster,ridge_input,3.128634558783637,4.1760396202433885,"{""alpha"": 0.1}",6.577873229980469,14;29;58;62,0;4;5;11;15;17;23;28;34;35;38;40;50;52;56;60;81;82
2,1,4,C/7,4,source_cluster,krr_rbf,1.916886223687066,2.56878446370189,"{""alpha"": 0.1, ""gamma"": 0.05}",19.449935257434845,14;29;58;62,0;4;5;11;15;17;23;28;34;35;38;40;50;52;56;60;81;82
2,1,4,C/7,4,source_cluster,svr_rbf,1.9378863032379203,2.660379206852707,"{""C"": 100.0, ""epsilon"": 1.0}",21.66762731467997,14;29;58;62,0;4;5;11;15;17;23;28;34;35;38;40;50;52;56;60;81;82
2,1,4,C/7,4,source_cluster,gp_rbf,2.812858013101909,3.5914683264357734,"{""alpha"": 1.0, ""length"": 3.0}",20.546679406787888,14;29;58;62,0;4;5;11;15;17;23;28;34;35;38;40;50;52;56;60;81;82
2,1,4,C/7,4,source_cluster,catboost,5.776513067726424,8.053414319454061,{},,14;29;58;62,0;4;5;11;15;17;23;28;34;35;38;40;50;52;56;60;81;82
2,1,4,C/7,4,source_cluster,xgboost,8.695474836561415,11.073403476150842,{},,14;29;58;62,0;4;5;11;15;17;23;28;34;35;38;40;50;52;56;60;81;82
2,1,4,C/7,4,source_cluster,extra_trees,7.052560065852271,7.887200928929335,{},,14;29;58;62,0;4;5;11;15;17;23;28;34;35;38;40;50;52;56;60;81;82
2,1,4,C/5,5,source_cluster,ridge_physics,1.7881825764973958,2.5596632655165648,"{""alpha"": 0.1}",2.559386968612671,14;29;58;62,0;4;5;11;15;17;23;28;34;35;38;40;50;52;56;60;81;82
2,1,4,C/5,5,source_cluster,ridge_source,2.0131382412380643,2.310444045689893,"{""alpha"": 0.1}",5.204554557800293,14;29;58;62,0;4;5;11;15;17;23;28;34;35;38;40;50;52;56;60;81;82
2,1,4,C/5,5,source_cluster,ridge_input,3.140740712483724,4.306551294823308,"{""alpha"": 0.1}",7.058637499809265,14;29;58;62,0;4;5;11;15;17;23;28;34;35;38;40;50;52;56;60;81;82
2,1,4,C/5,5,source_cluster,krr_rbf,2.1160206264919705,2.860558508476444,"{""alpha"": 0.1, ""gamma"": 0.05}",19.92338228225708,14;29;58;62,0;4;5;11;15;17;23;28;34;35;38;40;50;52;56;60;81;82
2,1,4,C/5,5,source_cluster,svr_rbf,2.0524416651054653,2.75675580487509,"{""C"": 100.0, ""epsilon"": 1.0}",22.54771598015125,14;29;58;62,0;4;5;11;15;17;23;28;34;35;38;40;50;52;56;60;81;82
2,1,4,C/5,5,source_cluster,gp_rbf,3.091248224585448,3.9414397644436887,"{""alpha"": 1.0, ""length"": 3.0}",21.028237922465173,14;29;58;62,0;4;5;11;15;17;23;28;34;35;38;40;50;52;56;60;81;82
2,1,4,C/5,5,source_cluster,catboost,6.166917452916839,8.232519749372118,{},,14;29;58;62,0;4;5;11;15;17;23;28;34;35;38;40;50;52;56;60;81;82
2,1,4,C/5,5,source_cluster,xgboost,8.938682556152344,11.2287497844246,{},,14;29;58;62,0;4;5;11;15;17;23;28;34;35;38;40;50;52;56;60;81;82
2,1,4,C/5,5,source_cluster,extra_trees,7.093526430924734,7.953319179227054,{},,14;29;58;62,0;4;5;11;15;17;23;28;34;35;38;40;50;52;56;60;81;82
2,1,4,C/80,0,physical_cluster,ridge_physics,2.015600840250651,2.455663497105367,"{""alpha"": 0.1}",2.174053013324737,14;29;57;62,0;4;5;11;15;17;23;28;34;35;38;40;50;52;56;60;81;82
2,1,4,C/80,0,physical_cluster,ridge_source,2.035520341661241,2.5276646609279907,"{""alpha"": 0.1}",0.9071630239486694,14;29;57;62,0;4;5;11;15;17;23;28;34;35;38;40;50;52;56;60;81;82
2,1,4,C/80,0,physical_cluster,ridge_input,5.971053653293186,7.018243939704947,"{""alpha"": 10.0}",10.086638689041138,14;29;57;62,0;4;5;11;15;17;23;28;34;35;38;40;50;52;56;60;81;82
2,1,4,C/80,0,physical_cluster,krr_rbf,2.5332878960503478,2.97818616323772,"{""alpha"": 0.1, ""gamma"": 0.05}",15.979936957359314,14;29;57;62,0;4;5;11;15;17;23;28;34;35;38;40;50;52;56;60;81;82
2,1,4,C/80,0,physical_cluster,svr_rbf,2.0496670712322835,2.5098260063786118,"{""C"": 100.0, ""epsilon"": 1.0}",18.186275926979167,14;29;57;62,0;4;5;11;15;17;23;28;34;35;38;40;50;52;56;60;81;82
2,1,4,C/80,0,physical_cluster,gp_rbf,3.343913166381208,4.002818591085519,"{""alpha"": 1.0, ""length"": 3.0}",16.838848945664015,14;29;57;62,0;4;5;11;15;17;23;28;34;35;38;40;50;52;56;60;81;82
2,1,4,C/80,0,physical_cluster,catboost,5.754263867014664,7.909301347649026,{},,14;29;57;62,0;4;5;11;15;17;23;28;34;35;38;40;50;52;56;60;81;82
2,1,4,C/80,0,physical_cluster,xgboost,8.422737969292534,10.832909208359691,{},,14;29;57;62,0;4;5;11;15;17;23;28;34;35;38;40;50;52;56;60;81;82
2,1,4,C/80,0,physical_cluster,extra_trees,5.46228207482232,6.899596870900618,{},,14;29;57;62,0;4;5;11;15;17;23;28;34;35;38;40;50;52;56;60;81;82
2,1,4,C/40,1,physical_cluster,ridge_physics,1.6915376451280382,2.2801172070154787,"{""alpha"": 0.1}",1.4843183755874634,14;29;57;62,0;4;5;11;15;17;23;28;34;35;38;40;50;52;56;60;81;82
2,1,4,C/40,1,physical_cluster,ridge_source,1.6061566670735676,2.0859609850086174,"{""alpha"": 0.1}",0.4816100597381592,14;29;57;62,0;4;5;11;15;17;23;28;34;35;38;40;50;52;56;60;81;82
2,1,4,C/40,1,physical_cluster,ridge_input,5.960642496744792,6.951467891668332,"{""alpha"": 10.0}",10.402990341186523,14;29;57;62,0;4;5;11;15;17;23;28;34;35;38;40;50;52;56;60;81;82
2,1,4,C/40,1,physical_cluster,krr_rbf,2.116480933295356,2.7381993392617976,"{""alpha"": 0.1, ""gamma"": 0.05}",16.770708084106445,14;29;57;62,0;4;5;11;15;17;23;28;34;35;38;40;50;52;56;60;81;82
2,1,4,C/40,1,physical_cluster,svr_rbf,1.818639187259408,2.3609404617876413,"{""C"": 100.0, ""epsilon"": 1.0}",18.962294654442147,14;29;57;62,0;4;5;11;15;17;23;28;34;35;38;40;50;52;56;60;81;82
2,1,4,C/40,1,physical_cluster,gp_rbf,3.040585981141692,3.8508317907097136,"{""alpha"": 1.0, ""length"": 3.0}",17.691167198970504,14;29;57;62,0;4;5;11;15;17;23;28;34;35;38;40;50;52;56;60;81;82
2,1,4,C/40,1,physical_cluster,catboost,5.608669118175389,7.858307464045615,{},,14;29;57;62,0;4;5;11;15;17;23;28;34;35;38;40;50;52;56;60;81;82
2,1,4,C/40,1,physical_cluster,xgboost,8.44802220662435,10.877426480669689,{},,14;29;57;62,0;4;5;11;15;17;23;28;34;35;38;40;50;52;56;60;81;82
2,1,4,C/40,1,physical_cluster,extra_trees,5.927377541859944,6.988262185505889,{},,14;29;57;62,0;4;5;11;15;17;23;28;34;35;38;40;50;52;56;60;81;82
2,1,4,0.05A,2,physical_cluster,ridge_physics,2.283312055799696,2.845275433506216,"{""alpha"": 1.0}",2.033486545085907,14;29;57;62,0;4;5;11;15;17;23;28;34;35;38;40;50;52;56;60;81;82
2,1,4,0.05A,2,physical_cluster,ridge_source,2.156476762559679,2.637422023853329,"{""alpha"": 0.1}",0.6651037931442261,14;29;57;62,0;4;5;11;15;17;23;28;34;35;38;40;50;52;56;60;81;82
2,1,4,0.05A,2,physical_cluster,ridge_input,5.777023315429688,6.8542395928357065,"{""alpha"": 10.0}",9.798157393932344,14;29;57;62,0;4;5;11;15;17;23;28;34;35;38;40;50;52;56;60;81;82
2,1,4,0.05A,2,physical_cluster,krr_rbf,2.738988240559896,3.1571647494846227,"{""alpha"": 0.1, ""gamma"": 0.05}",15.621125400066376,14;29;57;62,0;4;5;11;15;17;23;28;34;35;38;40;50;52;56;60;81;82
2,1,4,0.05A,2,physical_cluster,svr_rbf,2.202699846440576,2.660495761431189,"{""C"": 100.0, ""epsilon"": 1.0}",17.7579030159206,14;29;57;62,0;4;5;11;15;17;23;28;34;35;38;40;50;52;56;60;81;82
2,1,4,0.05A,2,physical_cluster,gp_rbf,3.5243729891102933,4.122429944660052,"{""alpha"": 1.0, ""length"": 3.0}",16.466896767176948,14;29;57;62,0;4;5;11;15;17;23;28;34;35;38;40;50;52;56;60;81;82
2,1,4,0.05A,2,physical_cluster,catboost,5.802413909412694,7.88593727414588,{},,14;29;57;62,0;4;5;11;15;17;23;28;34;35;38;40;50;52;56;60;81;82
2,1,4,0.05A,2,physical_cluster,xgboost,8.413806915283203,10.651885186284929,{},,14;29;57;62,0;4;5;11;15;17;23;28;34;35;38;40;50;52;56;60;81;82
2,1,4,0.05A,2,physical_cluster,extra_trees,5.141458373599583,6.7255412294938814,{},,14;29;57;62,0;4;5;11;15;17;23;28;34;35;38;40;50;52;56;60;81;82
2,1,4,C/10,3,physical_cluster,ridge_physics,1.6777356465657551,2.405002818698116,"{""alpha"": 0.1}",2.3337481021881104,14;29;57;62,0;4;5;11;15;17;23;28;34;35;38;40;50;52;56;60;81;82
2,1,4,C/10,3,physical_cluster,ridge_source,1.6219389173719618,1.9876083887860296,"{""alpha"": 0.1}",3.550104856491089,14;29;57;62,0;4;5;11;15;17;23;28;34;35;38;40;50;52;56;60;81;82
2,1,4,C/10,3,physical_cluster,ridge_input,5.63397937350803,6.587547023894707,"{""alpha"": 10.0}",11.34746026992798,14;29;57;62,0;4;5;11;15;17;23;28;34;35;38;40;50;52;56;60;81;82
2,1,4,C/10,3,physical_cluster,krr_rbf,2.0430751376681857,2.7496799870780504,"{""alpha"": 0.1, ""gamma"": 0.05}",18.782403588294983,14;29;57;62,0;4;5;11;15;17;23;28;34;35;38;40;50;52;56;60;81;82
2,1,4,C/10,3,physical_cluster,svr_rbf,1.9672568349375423,2.5672184388621435,"{""C"": 100.0, ""epsilon"": 1.0}",21.219443566012306,14;29;57;62,0;4;5;11;15;17;23;28;34;35;38;40;50;52;56;60;81;82
2,1,4,C/10,3,physical_cluster,gp_rbf,3.047272685984906,3.839162629834282,"{""alpha"": 1.0, ""length"": 3.0}",19.820615291397463,14;29;57;62,0;4;5;11;15;17;23;28;34;35;38;40;50;52;56;60;81;82
2,1,4,C/10,3,physical_cluster,catboost,5.951217761693614,8.127167223159288,{},,14;29;57;62,0;4;5;11;15;17;23;28;34;35;38;40;50;52;56;60;81;82
2,1,4,C/10,3,physical_cluster,xgboost,8.73084470960829,11.059573208110956,{},,14;29;57;62,0;4;5;11;15;17;23;28;34;35;38;40;50;52;56;60;81;82
2,1,4,C/10,3,physical_cluster,extra_trees,6.849850442674425,7.681689021910647,{},,14;29;57;62,0;4;5;11;15;17;23;28;34;35;38;40;50;52;56;60;81;82
2,1,4,C/7,4,physical_cluster,ridge_physics,1.6469264560275607,2.3687195122143967,"{""alpha"": 0.1}",1.2395126819610596,14;29;57;62,0;4;5;11;15;17;23;28;34;35;38;40;50;52;56;60;81;82
2,1,4,C/7,4,physical_cluster,ridge_source,1.8788634406195743,2.1800311306174747,"{""alpha"": 0.1}",3.996666669845581,14;29;57;62,0;4;5;11;15;17;23;28;34;35;38;40;50;52;56;60;81;82
2,1,4,C/7,4,physical_cluster,ridge_input,5.36073727077908,6.364582510401309,"{""alpha"": 10.0}",11.454817652702332,14;29;57;62,0;4;5;11;15;17;23;28;34;35;38;40;50;52;56;60;81;82
2,1,4,C/7,4,physical_cluster,krr_rbf,1.966905805799696,2.5922638870141257,"{""alpha"": 0.1, ""gamma"": 0.05}",19.33793079853058,14;29;57;62,0;4;5;11;15;17;23;28;34;35;38;40;50;52;56;60;81;82
2,1,4,C/7,4,physical_cluster,svr_rbf,2.004015721593523,2.660398846454715,"{""C"": 100.0, ""epsilon"": 1.0}",21.406683096658163,14;29;57;62,0;4;5;11;15;17;23;28;34;35;38;40;50;52;56;60;81;82
2,1,4,C/7,4,physical_cluster,gp_rbf,2.875347589270989,3.6338220720986616,"{""alpha"": 1.0, ""length"": 3.0}",20.447948947892968,14;29;57;62,0;4;5;11;15;17;23;28;34;35;38;40;50;52;56;60;81;82
2,1,4,C/7,4,physical_cluster,catboost,5.860873288513931,8.149629702245276,{},,14;29;57;62,0;4;5;11;15;17;23;28;34;35;38;40;50;52;56;60;81;82
2,1,4,C/7,4,physical_cluster,xgboost,8.714799245198568,11.09836174585056,{},,14;29;57;62,0;4;5;11;15;17;23;28;34;35;38;40;50;52;56;60;81;82
2,1,4,C/7,4,physical_cluster,extra_trees,7.100032814343772,7.964629458976005,{},,14;29;57;62,0;4;5;11;15;17;23;28;34;35;38;40;50;52;56;60;81;82
2,1,4,C/5,5,physical_cluster,ridge_physics,1.787512037489149,2.537463038092504,"{""alpha"": 0.1}",2.479098320007324,14;29;57;62,0;4;5;11;15;17;23;28;34;35;38;40;50;52;56;60;81;82
2,1,4,C/5,5,physical_cluster,ridge_source,2.0192222595214844,2.312525875947481,"{""alpha"": 0.1}",5.312809228897095,14;29;57;62,0;4;5;11;15;17;23;28;34;35;38;40;50;52;56;60;81;82
2,1,4,C/5,5,physical_cluster,ridge_input,3.6808158026801214,5.004386620606095,"{""alpha"": 1.0}",11.361828088760376,14;29;57;62,0;4;5;11;15;17;23;28;34;35;38;40;50;52;56;60;81;82
2,1,4,C/5,5,physical_cluster,krr_rbf,2.167663998074002,2.880724615744967,"{""alpha"": 0.1, ""gamma"": 0.05}",19.80502361059189,14;29;57;62,0;4;5;11;15;17;23;28;34;35;38;40;50;52;56;60;81;82
2,1,4,C/5,5,physical_cluster,svr_rbf,2.1177267804472857,2.753265984206141,"{""C"": 100.0, ""epsilon"": 1.0}",22.24114755689137,14;29;57;62,0;4;5;11;15;17;23;28;34;35;38;40;50;52;56;60;81;82
2,1,4,C/5,5,physical_cluster,gp_rbf,3.160068835587585,3.9798271031005727,"{""alpha"": 1.0, ""length"": 3.0}",20.92290534105348,14;29;57;62,0;4;5;11;15;17;23;28;34;35;38;40;50;52;56;60;81;82
2,1,4,C/5,5,physical_cluster,catboost,6.212509118256879,8.321271072109617,{},,14;29;57;62,0;4;5;11;15;17;23;28;34;35;38;40;50;52;56;60;81;82
2,1,4,C/5,5,physical_cluster,xgboost,8.946265750461155,11.250956736639823,{},,14;29;57;62,0;4;5;11;15;17;23;28;34;35;38;40;50;52;56;60;81;82
2,1,4,C/5,5,physical_cluster,extra_trees,7.134484145376417,8.032028467406722,{},,14;29;57;62,0;4;5;11;15;17;23;28;34;35;38;40;50;52;56;60;81;82
2,1,4,C/80,0,input_cluster,ridge_physics,4.559026930067274,5.8635851315917815,"{""alpha"": 10.0}",5.707228660583496,3;62;86;90,0;4;5;11;15;17;23;28;34;35;38;40;50;52;56;60;81;82
2,1,4,C/80,0,input_cluster,ridge_source,3.5631900363498263,4.302806219336165,"{""alpha"": 1.0}",4.898370265960693,3;62;86;90,0;4;5;11;15;17;23;28;34;35;38;40;50;52;56;60;81;82
2,1,4,C/80,0,input_cluster,ridge_input,6.85567389594184,9.586903199954635,"{""alpha"": 10.0}",7.970620393753052,3;62;86;90,0;4;5;11;15;17;23;28;34;35;38;40;50;52;56;60;81;82
2,1,4,C/80,0,input_cluster,krr_rbf,4.856686486138238,6.310236847089798,"{""alpha"": 0.1, ""gamma"": 0.05}",14.621179401874542,3;62;86;90,0;4;5;11;15;17;23;28;34;35;38;40;50;52;56;60;81;82
2,1,4,C/80,0,input_cluster,svr_rbf,8.016666689190114,12.637144198473909,"{""C"": 100.0, ""epsilon"": 0.2}",9.195004378161045,3;62;86;90,0;4;5;11;15;17;23;28;34;35;38;40;50;52;56;60;81;82
2,1,4,C/80,0,input_cluster,gp_rbf,4.090919726085983,6.113563377983349,"{""alpha"": 1.0, ""length"": 3.0}",15.3176702626375,3;62;86;90,0;4;5;11;15;17;23;28;34;35;38;40;50;52;56;60;81;82
2,1,4,C/80,0,input_cluster,catboost,8.080627367920549,11.276146957059176,{},,3;62;86;90,0;4;5;11;15;17;23;28;34;35;38;40;50;52;56;60;81;82
2,1,4,C/80,0,input_cluster,xgboost,9.466126335991753,12.758644925547806,{},,3;62;86;90,0;4;5;11;15;17;23;28;34;35;38;40;50;52;56;60;81;82
2,1,4,C/80,0,input_cluster,extra_trees,8.562822172376846,10.359860709104636,{},,3;62;86;90,0;4;5;11;15;17;23;28;34;35;38;40;50;52;56;60;81;82
2,1,4,C/40,1,input_cluster,ridge_physics,4.105129241943359,5.111081961240508,"{""alpha"": 10.0}",6.130836248397827,3;62;86;90,0;4;5;11;15;17;23;28;34;35;38;40;50;52;56;60;81;82
2,1,4,C/40,1,input_cluster,ridge_source,3.045166439480252,3.418437304965942,"{""alpha"": 1.0}",4.320214509963989,3;62;86;90,0;4;5;11;15;17;23;28;34;35;38;40;50;52;56;60;81;82
2,1,4,C/40,1,input_cluster,ridge_input,6.567576514350043,9.197383001466864,"{""alpha"": 10.0}",7.586500644683838,3;62;86;90,0;4;5;11;15;17;23;28;34;35;38;40;50;52;56;60;81;82
2,1,4,C/40,1,input_cluster,krr_rbf,4.381860944959852,5.845554850475354,"{""alpha"": 0.1, ""gamma"": 0.05}",15.323758959770204,3;62;86;90,0;4;5;11;15;17;23;28;34;35;38;40;50;52;56;60;81;82
2,1,4,C/40,1,input_cluster,svr_rbf,7.504757682148895,11.926752352342492,"{""C"": 100.0, ""epsilon"": 0.2}",9.482647835139328,3;62;86;90,0;4;5;11;15;17;23;28;34;35;38;40;50;52;56;60;81;82
2,1,4,C/40,1,input_cluster,gp_rbf,3.705761888220869,5.673249494690086,"{""alpha"": 1.0, ""length"": 3.0}",16.237734121309913,3;62;86;90,0;4;5;11;15;17;23;28;34;35;38;40;50;52;56;60;81;82
2,1,4,C/40,1,input_cluster,catboost,7.912961247511829,11.044554999966053,{},,3;62;86;90,0;4;5;11;15;17;23;28;34;35;38;40;50;52;56;60;81;82
2,1,4,C/40,1,input_cluster,xgboost,9.457181294759115,12.684722665571256,{},,3;62;86;90,0;4;5;11;15;17;23;28;34;35;38;40;50;52;56;60;81;82
2,1,4,C/40,1,input_cluster,extra_trees,8.475057495964897,10.302887755533837,{},,3;62;86;90,0;4;5;11;15;17;23;28;34;35;38;40;50;52;56;60;81;82
2,1,4,0.05A,2,input_cluster,ridge_physics,4.546231587727864,5.875299459403326,"{""alpha"": 10.0}",5.617281436920166,3;62;86;90,0;4;5;11;15;17;23;28;34;35;38;40;50;52;56;60;81;82
2,1,4,0.05A,2,input_cluster,ridge_source,3.552399105495877,4.388784581751884,"{""alpha"": 1.0}",4.7224414348602295,3;62;86;90,0;4;5;11;15;17;23;28;34;35;38;40;50;52;56;60;81;82
2,1,4,0.05A,2,input_cluster,ridge_input,6.8279745313856335,9.468107835279186,"{""alpha"": 10.0}",7.732845306396484,3;62;86;90,0;4;5;11;15;17;23;28;34;35;38;40;50;52;56;60;81;82
2,1,4,0.05A,2,input_cluster,krr_rbf,4.843800862630208,6.222533544527173,"{""alpha"": 0.1, ""gamma"": 0.05}",14.578099608421326,3;62;86;90,0;4;5;11;15;17;23;28;34;35;38;40;50;52;56;60;81;82
2,1,4,0.05A,2,input_cluster,svr_rbf,7.5459871961398255,11.631179918604907,"{""C"": 100.0, ""epsilon"": 1.0}",9.219257288113551,3;62;86;90,0;4;5;11;15;17;23;28;34;35;38;40;50;52;56;60;81;82
2,1,4,0.05A,2,input_cluster,gp_rbf,4.099632216237551,6.03077733411342,"{""alpha"": 1.0, ""length"": 3.0}",15.214514113073683,3;62;86;90,0;4;5;11;15;17;23;28;34;35;38;40;50;52;56;60;81;82
2,1,4,0.05A,2,input_cluster,catboost,8.009757029494413,11.145373570793726,{},,3;62;86;90,0;4;5;11;15;17;23;28;34;35;38;40;50;52;56;60;81;82
2,1,4,0.05A,2,input_cluster,xgboost,9.43304443359375,12.615625081139012,{},,3;62;86;90,0;4;5;11;15;17;23;28;34;35;38;40;50;52;56;60;81;82
2,1,4,0.05A,2,input_cluster,extra_trees,8.51465162701077,10.245293735120615,{},,3;62;86;90,0;4;5;11;15;17;23;28;34;35;38;40;50;52;56;60;81;82
2,1,4,C/10,3,input_cluster,ridge_physics,2.1133558485243054,2.596850456174688,"{""alpha"": 1.0}",5.990390300750732,3;62;86;90,0;4;5;11;15;17;23;28;34;35;38;40;50;52;56;60;81;82
2,1,4,C/10,3,input_cluster,ridge_source,2.1688931783040366,2.5131382145117667,"{""alpha"": 0.1}",3.882838368415833,3;62;86;90,0;4;5;11;15;17;23;28;34;35;38;40;50;52;56;60;81;82
2,1,4,C/10,3,input_cluster,ridge_input,6.150672064887153,8.664008106559928,"{""alpha"": 10.0}",6.576586723327637,3;62;86;90,0;4;5;11;15;17;23;28;34;35;38;40;50;52;56;60;81;82
2,1,4,C/10,3,input_cluster,krr_rbf,3.956375122070313,5.413896121988326,"{""alpha"": 0.1, ""gamma"": 0.05}",17.343348264694214,3;62;86;90,0;4;5;11;15;17;23;28;34;35;38;40;50;52;56;60;81;82
2,1,4,C/10,3,input_cluster,svr_rbf,7.211151867951965,11.3792496240877,"{""C"": 100.0, ""epsilon"": 0.2}",10.589623298595107,3;62;86;90,0;4;5;11;15;17;23;28;34;35;38;40;50;52;56;60;81;82
2,1,4,C/10,3,input_cluster,gp_rbf,3.4002849440967395,5.234838619218468,"{""alpha"": 1.0, ""length"": 3.0}",18.342854207530166,3;62;86;90,0;4;5;11;15;17;23;28;34;35;38;40;50;52;56;60;81;82
2,1,4,C/10,3,input_cluster,catboost,8.09382609599996,11.188385202075237,{},,3;62;86;90,0;4;5;11;15;17;23;28;34;35;38;40;50;52;56;60;81;82
2,1,4,C/10,3,input_cluster,xgboost,9.905250549316406,13.03348062079558,{},,3;62;86;90,0;4;5;11;15;17;23;28;34;35;38;40;50;52;56;60;81;82
2,1,4,C/10,3,input_cluster,extra_trees,9.302803664737278,11.1947894518443,{},,3;62;86;90,0;4;5;11;15;17;23;28;34;35;38;40;50;52;56;60;81;82
2,1,4,C/7,4,input_cluster,ridge_physics,2.133273230658637,2.648508955467252,"{""alpha"": 1.0}",5.382941842079163,3;62;86;90,0;4;5;11;15;17;23;28;34;35;38;40;50;52;56;60;81;82
2,1,4,C/7,4,input_cluster,ridge_source,2.3532172309027777,2.714553269703955,"{""alpha"": 0.1}",3.2047356367111206,3;62;86;90,0;4;5;11;15;17;23;28;34;35;38;40;50;52;56;60;81;82
2,1,4,C/7,4,input_cluster,ridge_input,6.071340772840712,8.543349951018754,"{""alpha"": 10.0}",6.800559759140015,3;62;86;90,0;4;5;11;15;17;23;28;34;35;38;40;50;52;56;60;81;82
2,1,4,C/7,4,input_cluster,krr_rbf,3.844775729709201,5.258041533759908,"{""alpha"": 0.1, ""gamma"": 0.05}",17.88572108745575,3;62;86;90,0;4;5;11;15;17;23;28;34;35;38;40;50;52;56;60;81;82
2,1,4,C/7,4,input_cluster,svr_rbf,7.238997780926458,11.493242315250953,"{""C"": 100.0, ""epsilon"": 0.2}",10.940539212047552,3;62;86;90,0;4;5;11;15;17;23;28;34;35;38;40;50;52;56;60;81;82
2,1,4,C/7,4,input_cluster,gp_rbf,3.353626695789797,5.0902036711302925,"{""alpha"": 1.0, ""length"": 3.0}",18.900544048337824,3;62;86;90,0;4;5;11;15;17;23;28;34;35;38;40;50;52;56;60;81;82
2,1,4,C/7,4,input_cluster,catboost,8.148454267935655,11.252740679033485,{},,3;62;86;90,0;4;5;11;15;17;23;28;34;35;38;40;50;52;56;60;81;82
2,1,4,C/7,4,input_cluster,xgboost,9.995899200439451,13.139279269903694,{},,3;62;86;90,0;4;5;11;15;17;23;28;34;35;38;40;50;52;56;60;81;82
2,1,4,C/7,4,input_cluster,extra_trees,9.50205938021342,11.412317608949806,{},,3;62;86;90,0;4;5;11;15;17;23;28;34;35;38;40;50;52;56;60;81;82
2,1,4,C/5,5,input_cluster,ridge_physics,2.180902269151476,2.71768660166892,"{""alpha"": 1.0}",4.857925295829773,3;62;86;90,0;4;5;11;15;17;23;28;34;35;38;40;50;52;56;60;81;82
2,1,4,C/5,5,input_cluster,ridge_source,2.523524390326606,2.955182822345156,"{""alpha"": 0.1}",2.606745958328247,3;62;86;90,0;4;5;11;15;17;23;28;34;35;38;40;50;52;56;60;81;82
2,1,4,C/5,5,input_cluster,ridge_input,6.0267007615831165,8.448435491654239,"{""alpha"": 10.0}",7.031447172164917,3;62;86;90,0;4;5;11;15;17;23;28;34;35;38;40;50;52;56;60;81;82
2,1,4,C/5,5,input_cluster,krr_rbf,3.712427775065104,5.110418424816615,"{""alpha"": 0.1, ""gamma"": 0.05}",18.45422601699829,3;62;86;90,0;4;5;11;15;17;23;28;34;35;38;40;50;52;56;60;81;82
2,1,4,C/5,5,input_cluster,svr_rbf,7.24533388294256,11.61627902524944,"{""C"": 100.0, ""epsilon"": 0.2}",11.30149340971132,3;62;86;90,0;4;5;11;15;17;23;28;34;35;38;40;50;52;56;60;81;82
2,1,4,C/5,5,input_cluster,gp_rbf,3.3466416089892927,4.968115587361239,"{""alpha"": 1.0, ""length"": 3.0}",19.486880806172376,3;62;86;90,0;4;5;11;15;17;23;28;34;35;38;40;50;52;56;60;81;82
2,1,4,C/5,5,input_cluster,catboost,8.146341568038302,11.277914937220906,{},,3;62;86;90,0;4;5;11;15;17;23;28;34;35;38;40;50;52;56;60;81;82
2,1,4,C/5,5,input_cluster,xgboost,10.12933095296224,13.283238842532157,{},,3;62;86;90,0;4;5;11;15;17;23;28;34;35;38;40;50;52;56;60;81;82
2,1,4,C/5,5,input_cluster,extra_trees,9.691394686698914,11.61673756100019,{},,3;62;86;90,0;4;5;11;15;17;23;28;34;35;38;40;50;52;56;60;81;82
2,2,4,C/80,0,random,ridge_physics,2.8844507005479603,3.708383230104027,"{""alpha"": 1.0}",3.019850730895996,19;21;51;71,0;4;5;11;15;17;23;28;34;35;38;40;50;52;56;60;81;82
2,2,4,C/80,0,random,ridge_source,2.406529320610894,3.0598794017634425,"{""alpha"": 0.1}",3.29812240600586,19;21;51;71,0;4;5;11;15;17;23;28;34;35;38;40;50;52;56;60;81;82
2,2,4,C/80,0,random,ridge_input,4.553362104627821,6.234535988211323,"{""alpha"": 0.1}",7.821436405181885,19;21;51;71,0;4;5;11;15;17;23;28;34;35;38;40;50;52;56;60;81;82
2,2,4,C/80,0,random,krr_rbf,7.333726247151692,9.273684857764504,"{""alpha"": 0.1, ""gamma"": 0.5}",9.503363475203514,19;21;51;71,0;4;5;11;15;17;23;28;34;35;38;40;50;52;56;60;81;82
2,2,4,C/80,0,random,svr_rbf,11.523304136734154,13.628650048502308,"{""C"": 1.0, ""epsilon"": 0.2}",10.070299857010184,19;21;51;71,0;4;5;11;15;17;23;28;34;35;38;40;50;52;56;60;81;82
2,2,4,C/80,0,random,gp_rbf,7.944893670284809,9.736424222036112,"{""alpha"": 1.0, ""length"": 1.0}",9.543862980869957,19;21;51;71,0;4;5;11;15;17;23;28;34;35;38;40;50;52;56;60;81;82
2,2,4,C/80,0,random,catboost,7.587565698308762,8.907642687408604,{},,19;21;51;71,0;4;5;11;15;17;23;28;34;35;38;40;50;52;56;60;81;82
2,2,4,C/80,0,random,xgboost,11.215324401855469,13.153239586185263,{},,19;21;51;71,0;4;5;11;15;17;23;28;34;35;38;40;50;52;56;60;81;82
2,2,4,C/80,0,random,extra_trees,9.090229198667735,11.16971777422637,{},,19;21;51;71,0;4;5;11;15;17;23;28;34;35;38;40;50;52;56;60;81;82
2,2,4,C/40,1,random,ridge_physics,2.462550693088108,3.3210480988248543,"{""alpha"": 1.0}",3.2129266262054443,19;21;51;71,0;4;5;11;15;17;23;28;34;35;38;40;50;52;56;60;81;82
2,2,4,C/40,1,random,ridge_source,1.886018541124132,2.7360918484881203,"{""alpha"": 0.1}",2.538974940776825,19;21;51;71,0;4;5;11;15;17;23;28;34;35;38;40;50;52;56;60;81;82
2,2,4,C/40,1,random,ridge_input,5.035175323486328,5.958751530468673,"{""alpha"": 1.0}",8.890501737594604,19;21;51;71,0;4;5;11;15;17;23;28;34;35;38;40;50;52;56;60;81;82
2,2,4,C/40,1,random,krr_rbf,7.347087012396918,9.625446940189835,"{""alpha"": 0.1, ""gamma"": 0.5}",9.951652854681017,19;21;51;71,0;4;5;11;15;17;23;28;34;35;38;40;50;52;56;60;81;82
2,2,4,C/40,1,random,svr_rbf,11.327312834575135,13.582061282439051,"{""C"": 1.0, ""epsilon"": 0.2}",10.577823156340813,19;21;51;71,0;4;5;11;15;17;23;28;34;35;38;40;50;52;56;60;81;82
2,2,4,C/40,1,random,gp_rbf,7.9815334548878525,10.082266647175588,"{""alpha"": 1.0, ""length"": 1.0}",10.052677055338124,19;21;51;71,0;4;5;11;15;17;23;28;34;35;38;40;50;52;56;60;81;82
2,2,4,C/40,1,random,catboost,7.317216262956982,8.756145225366543,{},,19;21;51;71,0;4;5;11;15;17;23;28;34;35;38;40;50;52;56;60;81;82
2,2,4,C/40,1,random,xgboost,10.938560061984592,12.93413383744641,{},,19;21;51;71,0;4;5;11;15;17;23;28;34;35;38;40;50;52;56;60;81;82
2,2,4,C/40,1,random,extra_trees,9.010783216688369,11.192829405797134,{},,19;21;51;71,0;4;5;11;15;17;23;28;34;35;38;40;50;52;56;60;81;82
2,2,4,0.05A,2,random,ridge_physics,3.1105389065212674,3.824603464275255,"{""alpha"": 1.0}",2.9005656838417053,19;21;51;71,0;4;5;11;15;17;23;28;34;35;38;40;50;52;56;60;81;82
2,2,4,0.05A,2,random,ridge_source,2.59535641140408,3.1744205046119363,"{""alpha"": 0.1}",4.049282014369965,19;21;51;71,0;4;5;11;15;17;23;28;34;35;38;40;50;52;56;60;81;82
2,2,4,0.05A,2,random,ridge_input,4.489785512288411,5.980542807779174,"{""alpha"": 0.1}",6.515397310256958,19;21;51;71,0;4;5;11;15;17;23;28;34;35;38;40;50;52;56;60;81;82
2,2,4,0.05A,2,random,krr_rbf,7.310053083631727,9.16432185656138,"{""alpha"": 0.1, ""gamma"": 0.5}",9.31816951930523,19;21;51;71,0;4;5;11;15;17;23;28;34;35;38;40;50;52;56;60;81;82
2,2,4,0.05A,2,random,svr_rbf,11.55297612363194,13.622648166530068,"{""C"": 1.0, ""epsilon"": 0.2}",9.797190118886588,19;21;51;71,0;4;5;11;15;17;23;28;34;35;38;40;50;52;56;60;81;82
2,2,4,0.05A,2,random,gp_rbf,7.902953572734557,9.62932180182226,"{""alpha"": 1.0, ""length"": 1.0}",9.314604378264107,19;21;51;71,0;4;5;11;15;17;23;28;34;35;38;40;50;52;56;60;81;82
2,2,4,0.05A,2,random,catboost,7.578545782450488,8.850957620956589,{},,19;21;51;71,0;4;5;11;15;17;23;28;34;35;38;40;50;52;56;60;81;82
2,2,4,0.05A,2,random,xgboost,11.193362765842014,13.164624272768872,{},,19;21;51;71,0;4;5;11;15;17;23;28;34;35;38;40;50;52;56;60;81;82
2,2,4,0.05A,2,random,extra_trees,9.06947151290046,11.05989662523551,{},,19;21;51;71,0;4;5;11;15;17;23;28;34;35;38;40;50;52;56;60;81;82
2,2,4,C/10,3,random,ridge_physics,2.19930182562934,3.1618047582436284,"{""alpha"": 1.0}",3.3309723138809204,19;21;51;71,0;4;5;11;15;17;23;28;34;35;38;40;50;52;56;60;81;82
2,2,4,C/10,3,random,ridge_source,1.7540978325737848,2.62723201440398,"{""alpha"": 0.1}",2.2689667344093323,19;21;51;71,0;4;5;11;15;17;23;28;34;35;38;40;50;52;56;60;81;82
2,2,4,C/10,3,random,ridge_input,4.946651882595486,5.933983928008329,"{""alpha"": 1.0}",9.205304861068726,19;21;51;71,0;4;5;11;15;17;23;28;34;35;38;40;50;52;56;60;81;82
2,2,4,C/10,3,random,krr_rbf,7.758700476752387,10.42074263186842,"{""alpha"": 0.1, ""gamma"": 0.5}",10.410650074481964,19;21;51;71,0;4;5;11;15;17;23;28;34;35;38;40;50;52;56;60;81;82
2,2,4,C/10,3,random,svr_rbf,11.313350435130408,13.70091912265168,"{""C"": 1.0, ""epsilon"": 0.2}",10.95489072225878,19;21;51;71,0;4;5;11;15;17;23;28;34;35;38;40;50;52;56;60;81;82
2,2,4,C/10,3,random,gp_rbf,8.391756688143591,10.898632139385896,"{""alpha"": 1.0, ""length"": 1.0}",10.593943132378335,19;21;51;71,0;4;5;11;15;17;23;28;34;35;38;40;50;52;56;60;81;82
2,2,4,C/10,3,random,catboost,7.285426280263475,8.791885764983256,{},,19;21;51;71,0;4;5;11;15;17;23;28;34;35;38;40;50;52;56;60;81;82
2,2,4,C/10,3,random,xgboost,10.81734890407986,12.988454752662395,{},,19;21;51;71,0;4;5;11;15;17;23;28;34;35;38;40;50;52;56;60;81;82
2,2,4,C/10,3,random,extra_trees,9.15380643738641,11.346032707469876,{},,19;21;51;71,0;4;5;11;15;17;23;28;34;35;38;40;50;52;56;60;81;82
2,2,4,C/7,4,random,ridge_physics,2.154385036892361,3.1506305166189827,"{""alpha"": 1.0}",3.376918494701385,19;21;51;71,0;4;5;11;15;17;23;28;34;35;38;40;50;52;56;60;81;82
2,2,4,C/7,4,random,ridge_source,1.764290279812283,2.6136287800613545,"{""alpha"": 0.1}",2.397110342979431,19;21;51;71,0;4;5;11;15;17;23;28;34;35;38;40;50;52;56;60;81;82
2,2,4,C/7,4,random,ridge_input,4.888452741834852,5.891957991834387,"{""alpha"": 1.0}",9.278828382492064,19;21;51;71,0;4;5;11;15;17;23;28;34;35;38;40;50;52;56;60;81;82
2,2,4,C/7,4,random,krr_rbf,7.948708852132161,10.719745893260956,"{""alpha"": 0.1, ""gamma"": 0.5}",10.540921807289124,19;21;51;71,0;4;5;11;15;17;23;28;34;35;38;40;50;52;56;60;81;82
2,2,4,C/7,4,random,svr_rbf,11.384557269711571,13.80222622212438,"{""C"": 1.0, ""epsilon"": 0.2}",11.042392248137686,19;21;51;71,0;4;5;11;15;17;23;28;34;35;38;40;50;52;56;60;81;82
2,2,4,C/7,4,random,gp_rbf,8.589398216072762,11.208210822385276,"{""alpha"": 1.0, ""length"": 1.0}",10.747444585696725,19;21;51;71,0;4;5;11;15;17;23;28;34;35;38;40;50;52;56;60;81;82
2,2,4,C/7,4,random,catboost,7.348504993780988,8.832836560647271,{},,19;21;51;71,0;4;5;11;15;17;23;28;34;35;38;40;50;52;56;60;81;82
2,2,4,C/7,4,random,xgboost,10.850812276204428,13.08446395632327,{},,19;21;51;71,0;4;5;11;15;17;23;28;34;35;38;40;50;52;56;60;81;82
2,2,4,C/7,4,random,extra_trees,9.203093534045754,11.41151080920179,{},,19;21;51;71,0;4;5;11;15;17;23;28;34;35;38;40;50;52;56;60;81;82
2,2,4,C/5,5,random,ridge_physics,2.18597412109375,3.232631320169738,"{""alpha"": 1.0}",3.423254430294037,19;21;51;71,0;4;5;11;15;17;23;28;34;35;38;40;50;52;56;60;81;82
2,2,4,C/5,5,random,ridge_source,1.8368148803710935,2.688611208415657,"{""alpha"": 0.1}",2.574833631515503,19;21;51;71,0;4;5;11;15;17;23;28;34;35;38;40;50;52;56;60;81;82
2,2,4,C/5,5,random,ridge_input,4.875423007541233,5.93276379999497,"{""alpha"": 1.0}",9.346296906471252,19;21;51;71,0;4;5;11;15;17;23;28;34;35;38;40;50;52;56;60;81;82
2,2,4,C/5,5,random,krr_rbf,8.191219753689236,11.098867777717537,"{""alpha"": 0.1, ""gamma"": 0.5}",10.665003299713137,19;21;51;71,0;4;5;11;15;17;23;28;34;35;38;40;50;52;56;60;81;82
2,2,4,C/5,5,random,svr_rbf,11.528434934913394,14.001762075786496,"{""C"": 1.0, ""epsilon"": 0.2}",11.121682638152334,19;21;51;71,0;4;5;11;15;17;23;28;34;35;38;40;50;52;56;60;81;82
2,2,4,C/5,5,random,gp_rbf,8.839691220173501,11.599476973151958,"{""alpha"": 1.0, ""length"": 1.0}",10.891890401042389,19;21;51;71,0;4;5;11;15;17;23;28;34;35;38;40;50;52;56;60;81;82
2,2,4,C/5,5,random,catboost,7.475365414102337,8.96355346678605,{},,19;21;51;71,0;4;5;11;15;17;23;28;34;35;38;40;50;52;56;60;81;82
2,2,4,C/5,5,random,xgboost,10.978039211697048,13.293808481558475,{},,19;21;51;71,0;4;5;11;15;17;23;28;34;35;38;40;50;52;56;60;81;82
2,2,4,C/5,5,random,extra_trees,9.31297731399536,11.560114068030652,{},,19;21;51;71,0;4;5;11;15;17;23;28;34;35;38;40;50;52;56;60;81;82
2,2,4,C/80,0,source_cluster,ridge_physics,1.9746568467881944,2.5891534831117298,"{""alpha"": 1.0}",2.9572840332984924,14;29;58;62,0;4;5;11;15;17;23;28;34;35;38;40;50;52;56;60;81;82
2,2,4,C/80,0,source_cluster,ridge_source,1.9259630839029949,2.542047644599536,"{""alpha"": 0.1}",2.259754717350006,14;29;58;62,0;4;5;11;15;17;23;28;34;35;38;40;50;52;56;60;81;82
2,2,4,C/80,0,source_cluster,ridge_input,3.7369266086154513,4.847682579041567,"{""alpha"": 0.1}",6.888491630554199,14;29;58;62,0;4;5;11;15;17;23;28;34;35;38;40;50;52;56;60;81;82
2,2,4,C/80,0,source_cluster,krr_rbf,2.3350355360243054,2.748324885138984,"{""alpha"": 0.1, ""gamma"": 0.05}",16.675068497657776,14;29;58;62,0;4;5;11;15;17;23;28;34;35;38;40;50;52;56;60;81;82
2,2,4,C/80,0,source_cluster,svr_rbf,1.903914839249822,2.27982664437022,"{""C"": 100.0, ""epsilon"": 1.0}",19.47659634639416,14;29;58;62,0;4;5;11;15;17;23;28;34;35;38;40;50;52;56;60;81;82
2,2,4,C/80,0,source_cluster,gp_rbf,3.0403310733015214,3.717352291071472,"{""alpha"": 1.0, ""length"": 3.0}",17.50960444806276,14;29;58;62,0;4;5;11;15;17;23;28;34;35;38;40;50;52;56;60;81;82
2,2,4,C/80,0,source_cluster,catboost,5.422614457961071,7.424908704109179,{},,14;29;58;62,0;4;5;11;15;17;23;28;34;35;38;40;50;52;56;60;81;82
2,2,4,C/80,0,source_cluster,xgboost,8.170349968804253,10.585685440544642,{},,14;29;58;62,0;4;5;11;15;17;23;28;34;35;38;40;50;52;56;60;81;82
2,2,4,C/80,0,source_cluster,extra_trees,5.56937902768453,6.726128375918004,{},,14;29;58;62,0;4;5;11;15;17;23;28;34;35;38;40;50;52;56;60;81;82
2,2,4,C/40,1,source_cluster,ridge_physics,1.6516973707411025,2.260276816597152,"{""alpha"": 0.1}",1.938405215740204,14;29;58;62,0;4;5;11;15;17;23;28;34;35;38;40;50;52;56;60;81;82
2,2,4,C/40,1,source_cluster,ridge_source,1.500335693359375,2.123174488133232,"{""alpha"": 0.1}",0.6244819760322571,14;29;58;62,0;4;5;11;15;17;23;28;34;35;38;40;50;52;56;60;81;82
2,2,4,C/40,1,source_cluster,ridge_input,3.4686851501464844,4.65972345660643,"{""alpha"": 0.1}",6.4633272886276245,14;29;58;62,0;4;5;11;15;17;23;28;34;35;38;40;50;52;56;60;81;82
2,2,4,C/40,1,source_cluster,krr_rbf,1.9480730692545571,2.621609091604882,"{""alpha"": 0.1, ""gamma"": 0.05}",17.144240021705627,14;29;58;62,0;4;5;11;15;17;23;28;34;35;38;40;50;52;56;60;81;82
2,2,4,C/40,1,source_cluster,svr_rbf,1.6867012979559055,2.2646574816529474,"{""C"": 100.0, ""epsilon"": 1.0}",19.699910420422963,14;29;58;62,0;4;5;11;15;17;23;28;34;35;38;40;50;52;56;60;81;82
2,2,4,C/40,1,source_cluster,gp_rbf,2.8755519621190526,3.703605050502465,"{""alpha"": 1.0, ""length"": 3.0}",18.04629320044122,14;29;58;62,0;4;5;11;15;17;23;28;34;35;38;40;50;52;56;60;81;82
2,2,4,C/40,1,source_cluster,catboost,5.422249330867825,7.599495989241047,{},,14;29;58;62,0;4;5;11;15;17;23;28;34;35;38;40;50;52;56;60;81;82
2,2,4,C/40,1,source_cluster,xgboost,8.41836675008138,10.85865629146514,{},,14;29;58;62,0;4;5;11;15;17;23;28;34;35;38;40;50;52;56;60;81;82
2,2,4,C/40,1,source_cluster,extra_trees,5.954147150781419,6.86402109679189,{},,14;29;58;62,0;4;5;11;15;17;23;28;34;35;38;40;50;52;56;60;81;82
2,2,4,0.05A,2,source_cluster,ridge_physics,2.084324730767144,2.643081324235482,"{""alpha"": 1.0}",2.9309890270233154,14;29;58;62,0;4;5;11;15;17;23;28;34;35;38;40;50;52;56;60;81;82
2,2,4,0.05A,2,source_cluster,ridge_source,2.033524831136068,2.5884667673604853,"{""alpha"": 0.1}",2.1561651825904846,14;29;58;62,0;4;5;11;15;17;23;28;34;35;38;40;50;52;56;60;81;82
2,2,4,0.05A,2,source_cluster,ridge_input,3.724164750840929,4.812393454409658,"{""alpha"": 0.1}",6.931241035461426,14;29;58;62,0;4;5;11;15;17;23;28;34;35;38;40;50;52;56;60;81;82
2,2,4,0.05A,2,source_cluster,krr_rbf,2.50626458062066,2.8854842059272765,"{""alpha"": 0.1, ""gamma"": 0.05}",16.476563692092896,14;29;58;62,0;4;5;11;15;17;23;28;34;35;38;40;50;52;56;60;81;82
2,2,4,0.05A,2,source_cluster,svr_rbf,2.0140071920120297,2.37534597845156,"{""C"": 100.0, ""epsilon"": 1.0}",19.32748152186091,14;29;58;62,0;4;5;11;15;17;23;28;34;35;38;40;50;52;56;60;81;82
2,2,4,0.05A,2,source_cluster,gp_rbf,3.157617810006596,3.782039599048837,"{""alpha"": 1.0, ""length"": 3.0}",17.295387391842024,14;29;58;62,0;4;5;11;15;17;23;28;34;35;38;40;50;52;56;60;81;82
2,2,4,0.05A,2,source_cluster,catboost,5.445169581625707,7.328527467695143,{},,14;29;58;62,0;4;5;11;15;17;23;28;34;35;38;40;50;52;56;60;81;82
2,2,4,0.05A,2,source_cluster,xgboost,8.119696723090279,10.36849478823016,{},,14;29;58;62,0;4;5;11;15;17;23;28;34;35;38;40;50;52;56;60;81;82
2,2,4,0.05A,2,source_cluster,extra_trees,5.287364469634162,6.505402418374536,{},,14;29;58;62,0;4;5;11;15;17;23;28;34;35;38;40;50;52;56;60;81;82
2,2,4,C/10,3,source_cluster,ridge_physics,1.6829647488064237,2.4265203314580197,"{""alpha"": 0.1}",2.4306684732437134,14;29;58;62,0;4;5;11;15;17;23;28;34;35;38;40;50;52;56;60;81;82
2,2,4,C/10,3,source_cluster,ridge_source,1.6182776557074652,1.991405998312155,"{""alpha"": 0.1}",3.3745287656784058,14;29;58;62,0;4;5;11;15;17;23;28;34;35;38;40;50;52;56;60;81;82
2,2,4,C/10,3,source_cluster,ridge_input,3.1612027486165366,4.352136741461938,"{""alpha"": 0.1}",6.875345945358276,14;29;58;62,0;4;5;11;15;17;23;28;34;35;38;40;50;52;56;60;81;82
2,2,4,C/10,3,source_cluster,krr_rbf,1.9792539808485243,2.7181843945418334,"{""alpha"": 0.1, ""gamma"": 0.05}",18.92572385072708,14;29;58;62,0;4;5;11;15;17;23;28;34;35;38;40;50;52;56;60;81;82
2,2,4,C/10,3,source_cluster,svr_rbf,1.8905712421127947,2.5582927887065674,"{""C"": 100.0, ""epsilon"": 1.0}",21.54283538814227,14;29;58;62,0;4;5;11;15;17;23;28;34;35;38;40;50;52;56;60;81;82
2,2,4,C/10,3,source_cluster,gp_rbf,2.9723554668775054,3.786941019751487,"{""alpha"": 1.0, ""length"": 3.0}",19.95014081574641,14;29;58;62,0;4;5;11;15;17;23;28;34;35;38;40;50;52;56;60;81;82
2,2,4,C/10,3,source_cluster,catboost,5.899543729968869,8.02993401441947,{},,14;29;58;62,0;4;5;11;15;17;23;28;34;35;38;40;50;52;56;60;81;82
2,2,4,C/10,3,source_cluster,xgboost,8.71307627360026,11.036680677670718,{},,14;29;58;62,0;4;5;11;15;17;23;28;34;35;38;40;50;52;56;60;81;82
2,2,4,C/10,3,source_cluster,extra_trees,6.812969403796725,7.59427254674207,{},,14;29;58;62,0;4;5;11;15;17;23;28;34;35;38;40;50;52;56;60;81;82
2,2,4,C/7,4,source_cluster,ridge_physics,1.659076690673828,2.3828579921641944,"{""alpha"": 0.1}",1.2473423480987549,14;29;58;62,0;4;5;11;15;17;23;28;34;35;38;40;50;52;56;60;81;82
2,2,4,C/7,4,source_cluster,ridge_source,1.8734253777398004,2.1763835155194315,"{""alpha"": 0.1}",3.896485328674317,14;29;58;62,0;4;5;11;15;17;23;28;34;35;38;40;50;52;56;60;81;82
2,2,4,C/7,4,source_cluster,ridge_input,3.128634558783637,4.1760396202433885,"{""alpha"": 0.1}",6.577873229980469,14;29;58;62,0;4;5;11;15;17;23;28;34;35;38;40;50;52;56;60;81;82
2,2,4,C/7,4,source_cluster,krr_rbf,1.916886223687066,2.56878446370189,"{""alpha"": 0.1, ""gamma"": 0.05}",19.449935257434845,14;29;58;62,0;4;5;11;15;17;23;28;34;35;38;40;50;52;56;60;81;82
2,2,4,C/7,4,source_cluster,svr_rbf,1.9378863032379203,2.660379206852707,"{""C"": 100.0, ""epsilon"": 1.0}",21.66762731467997,14;29;58;62,0;4;5;11;15;17;23;28;34;35;38;40;50;52;56;60;81;82
2,2,4,C/7,4,source_cluster,gp_rbf,2.812858013101909,3.5914683264357734,"{""alpha"": 1.0, ""length"": 3.0}",20.546679406787888,14;29;58;62,0;4;5;11;15;17;23;28;34;35;38;40;50;52;56;60;81;82
2,2,4,C/7,4,source_cluster,catboost,5.776513067726424,8.053414319454061,{},,14;29;58;62,0;4;5;11;15;17;23;28;34;35;38;40;50;52;56;60;81;82
2,2,4,C/7,4,source_cluster,xgboost,8.695474836561415,11.073403476150842,{},,14;29;58;62,0;4;5;11;15;17;23;28;34;35;38;40;50;52;56;60;81;82
2,2,4,C/7,4,source_cluster,extra_trees,7.052560065852271,7.887200928929335,{},,14;29;58;62,0;4;5;11;15;17;23;28;34;35;38;40;50;52;56;60;81;82
2,2,4,C/5,5,source_cluster,ridge_physics,1.7881825764973958,2.5596632655165648,"{""alpha"": 0.1}",2.559386968612671,14;29;58;62,0;4;5;11;15;17;23;28;34;35;38;40;50;52;56;60;81;82
2,2,4,C/5,5,source_cluster,ridge_source,2.0131382412380643,2.310444045689893,"{""alpha"": 0.1}",5.204554557800293,14;29;58;62,0;4;5;11;15;17;23;28;34;35;38;40;50;52;56;60;81;82
2,2,4,C/5,5,source_cluster,ridge_input,3.140740712483724,4.306551294823308,"{""alpha"": 0.1}",7.058637499809265,14;29;58;62,0;4;5;11;15;17;23;28;34;35;38;40;50;52;56;60;81;82
2,2,4,C/5,5,source_cluster,krr_rbf,2.1160206264919705,2.860558508476444,"{""alpha"": 0.1, ""gamma"": 0.05}",19.92338228225708,14;29;58;62,0;4;5;11;15;17;23;28;34;35;38;40;50;52;56;60;81;82
2,2,4,C/5,5,source_cluster,svr_rbf,2.0524416651054653,2.75675580487509,"{""C"": 100.0, ""epsilon"": 1.0}",22.54771598015125,14;29;58;62,0;4;5;11;15;17;23;28;34;35;38;40;50;52;56;60;81;82
2,2,4,C/5,5,source_cluster,gp_rbf,3.091248224585448,3.9414397644436887,"{""alpha"": 1.0, ""length"": 3.0}",21.028237922465173,14;29;58;62,0;4;5;11;15;17;23;28;34;35;38;40;50;52;56;60;81;82
2,2,4,C/5,5,source_cluster,catboost,6.166917452916839,8.232519749372118,{},,14;29;58;62,0;4;5;11;15;17;23;28;34;35;38;40;50;52;56;60;81;82
2,2,4,C/5,5,source_cluster,xgboost,8.938682556152344,11.2287497844246,{},,14;29;58;62,0;4;5;11;15;17;23;28;34;35;38;40;50;52;56;60;81;82
2,2,4,C/5,5,source_cluster,extra_trees,7.093526430924734,7.953319179227054,{},,14;29;58;62,0;4;5;11;15;17;23;28;34;35;38;40;50;52;56;60;81;82
2,2,4,C/80,0,physical_cluster,ridge_physics,2.015600840250651,2.455663497105367,"{""alpha"": 0.1}",2.174053013324737,14;29;57;62,0;4;5;11;15;17;23;28;34;35;38;40;50;52;56;60;81;82
2,2,4,C/80,0,physical_cluster,ridge_source,2.035520341661241,2.5276646609279907,"{""alpha"": 0.1}",0.9071630239486694,14;29;57;62,0;4;5;11;15;17;23;28;34;35;38;40;50;52;56;60;81;82
2,2,4,C/80,0,physical_cluster,ridge_input,5.971053653293186,7.018243939704947,"{""alpha"": 10.0}",10.086638689041138,14;29;57;62,0;4;5;11;15;17;23;28;34;35;38;40;50;52;56;60;81;82
2,2,4,C/80,0,physical_cluster,krr_rbf,2.5332878960503478,2.97818616323772,"{""alpha"": 0.1, ""gamma"": 0.05}",15.979936957359314,14;29;57;62,0;4;5;11;15;17;23;28;34;35;38;40;50;52;56;60;81;82
2,2,4,C/80,0,physical_cluster,svr_rbf,2.0496670712322835,2.5098260063786118,"{""C"": 100.0, ""epsilon"": 1.0}",18.186275926979167,14;29;57;62,0;4;5;11;15;17;23;28;34;35;38;40;50;52;56;60;81;82
2,2,4,C/80,0,physical_cluster,gp_rbf,3.343913166381208,4.002818591085519,"{""alpha"": 1.0, ""length"": 3.0}",16.838848945664015,14;29;57;62,0;4;5;11;15;17;23;28;34;35;38;40;50;52;56;60;81;82
2,2,4,C/80,0,physical_cluster,catboost,5.754263867014664,7.909301347649026,{},,14;29;57;62,0;4;5;11;15;17;23;28;34;35;38;40;50;52;56;60;81;82
2,2,4,C/80,0,physical_cluster,xgboost,8.422737969292534,10.832909208359691,{},,14;29;57;62,0;4;5;11;15;17;23;28;34;35;38;40;50;52;56;60;81;82
2,2,4,C/80,0,physical_cluster,extra_trees,5.46228207482232,6.899596870900618,{},,14;29;57;62,0;4;5;11;15;17;23;28;34;35;38;40;50;52;56;60;81;82
2,2,4,C/40,1,physical_cluster,ridge_physics,1.6915376451280382,2.2801172070154787,"{""alpha"": 0.1}",1.4843183755874634,14;29;57;62,0;4;5;11;15;17;23;28;34;35;38;40;50;52;56;60;81;82
2,2,4,C/40,1,physical_cluster,ridge_source,1.6061566670735676,2.0859609850086174,"{""alpha"": 0.1}",0.4816100597381592,14;29;57;62,0;4;5;11;15;17;23;28;34;35;38;40;50;52;56;60;81;82
2,2,4,C/40,1,physical_cluster,ridge_input,5.960642496744792,6.951467891668332,"{""alpha"": 10.0}",10.402990341186523,14;29;57;62,0;4;5;11;15;17;23;28;34;35;38;40;50;52;56;60;81;82
2,2,4,C/40,1,physical_cluster,krr_rbf,2.116480933295356,2.7381993392617976,"{""alpha"": 0.1, ""gamma"": 0.05}",16.770708084106445,14;29;57;62,0;4;5;11;15;17;23;28;34;35;38;40;50;52;56;60;81;82
2,2,4,C/40,1,physical_cluster,svr_rbf,1.818639187259408,2.3609404617876413,"{""C"": 100.0, ""epsilon"": 1.0}",18.962294654442147,14;29;57;62,0;4;5;11;15;17;23;28;34;35;38;40;50;52;56;60;81;82
2,2,4,C/40,1,physical_cluster,gp_rbf,3.040585981141692,3.8508317907097136,"{""alpha"": 1.0, ""length"": 3.0}",17.691167198970504,14;29;57;62,0;4;5;11;15;17;23;28;34;35;38;40;50;52;56;60;81;82
2,2,4,C/40,1,physical_cluster,catboost,5.608669118175389,7.858307464045615,{},,14;29;57;62,0;4;5;11;15;17;23;28;34;35;38;40;50;52;56;60;81;82
2,2,4,C/40,1,physical_cluster,xgboost,8.44802220662435,10.877426480669689,{},,14;29;57;62,0;4;5;11;15;17;23;28;34;35;38;40;50;52;56;60;81;82
2,2,4,C/40,1,physical_cluster,extra_trees,5.927377541859944,6.988262185505889,{},,14;29;57;62,0;4;5;11;15;17;23;28;34;35;38;40;50;52;56;60;81;82
2,2,4,0.05A,2,physical_cluster,ridge_physics,2.283312055799696,2.845275433506216,"{""alpha"": 1.0}",2.033486545085907,14;29;57;62,0;4;5;11;15;17;23;28;34;35;38;40;50;52;56;60;81;82
2,2,4,0.05A,2,physical_cluster,ridge_source,2.156476762559679,2.637422023853329,"{""alpha"": 0.1}",0.6651037931442261,14;29;57;62,0;4;5;11;15;17;23;28;34;35;38;40;50;52;56;60;81;82
2,2,4,0.05A,2,physical_cluster,ridge_input,5.777023315429688,6.8542395928357065,"{""alpha"": 10.0}",9.798157393932344,14;29;57;62,0;4;5;11;15;17;23;28;34;35;38;40;50;52;56;60;81;82
2,2,4,0.05A,2,physical_cluster,krr_rbf,2.738988240559896,3.1571647494846227,"{""alpha"": 0.1, ""gamma"": 0.05}",15.621125400066376,14;29;57;62,0;4;5;11;15;17;23;28;34;35;38;40;50;52;56;60;81;82
2,2,4,0.05A,2,physical_cluster,svr_rbf,2.202699846440576,2.660495761431189,"{""C"": 100.0, ""epsilon"": 1.0}",17.7579030159206,14;29;57;62,0;4;5;11;15;17;23;28;34;35;38;40;50;52;56;60;81;82
2,2,4,0.05A,2,physical_cluster,gp_rbf,3.5243729891102933,4.122429944660052,"{""alpha"": 1.0, ""length"": 3.0}",16.466896767176948,14;29;57;62,0;4;5;11;15;17;23;28;34;35;38;40;50;52;56;60;81;82
2,2,4,0.05A,2,physical_cluster,catboost,5.802413909412694,7.88593727414588,{},,14;29;57;62,0;4;5;11;15;17;23;28;34;35;38;40;50;52;56;60;81;82
2,2,4,0.05A,2,physical_cluster,xgboost,8.413806915283203,10.651885186284929,{},,14;29;57;62,0;4;5;11;15;17;23;28;34;35;38;40;50;52;56;60;81;82
2,2,4,0.05A,2,physical_cluster,extra_trees,5.141458373599583,6.7255412294938814,{},,14;29;57;62,0;4;5;11;15;17;23;28;34;35;38;40;50;52;56;60;81;82
2,2,4,C/10,3,physical_cluster,ridge_physics,1.6777356465657551,2.405002818698116,"{""alpha"": 0.1}",2.3337481021881104,14;29;57;62,0;4;5;11;15;17;23;28;34;35;38;40;50;52;56;60;81;82
2,2,4,C/10,3,physical_cluster,ridge_source,1.6219389173719618,1.9876083887860296,"{""alpha"": 0.1}",3.550104856491089,14;29;57;62,0;4;5;11;15;17;23;28;34;35;38;40;50;52;56;60;81;82
2,2,4,C/10,3,physical_cluster,ridge_input,5.63397937350803,6.587547023894707,"{""alpha"": 10.0}",11.34746026992798,14;29;57;62,0;4;5;11;15;17;23;28;34;35;38;40;50;52;56;60;81;82
2,2,4,C/10,3,physical_cluster,krr_rbf,2.0430751376681857,2.7496799870780504,"{""alpha"": 0.1, ""gamma"": 0.05}",18.782403588294983,14;29;57;62,0;4;5;11;15;17;23;28;34;35;38;40;50;52;56;60;81;82
2,2,4,C/10,3,physical_cluster,svr_rbf,1.9672568349375423,2.5672184388621435,"{""C"": 100.0, ""epsilon"": 1.0}",21.219443566012306,14;29;57;62,0;4;5;11;15;17;23;28;34;35;38;40;50;52;56;60;81;82
2,2,4,C/10,3,physical_cluster,gp_rbf,3.047272685984906,3.839162629834282,"{""alpha"": 1.0, ""length"": 3.0}",19.820615291397463,14;29;57;62,0;4;5;11;15;17;23;28;34;35;38;40;50;52;56;60;81;82
2,2,4,C/10,3,physical_cluster,catboost,5.951217761693614,8.127167223159288,{},,14;29;57;62,0;4;5;11;15;17;23;28;34;35;38;40;50;52;56;60;81;82
2,2,4,C/10,3,physical_cluster,xgboost,8.73084470960829,11.059573208110956,{},,14;29;57;62,0;4;5;11;15;17;23;28;34;35;38;40;50;52;56;60;81;82
2,2,4,C/10,3,physical_cluster,extra_trees,6.849850442674425,7.681689021910647,{},,14;29;57;62,0;4;5;11;15;17;23;28;34;35;38;40;50;52;56;60;81;82
2,2,4,C/7,4,physical_cluster,ridge_physics,1.6469264560275607,2.3687195122143967,"{""alpha"": 0.1}",1.2395126819610596,14;29;57;62,0;4;5;11;15;17;23;28;34;35;38;40;50;52;56;60;81;82
2,2,4,C/7,4,physical_cluster,ridge_source,1.8788634406195743,2.1800311306174747,"{""alpha"": 0.1}",3.996666669845581,14;29;57;62,0;4;5;11;15;17;23;28;34;35;38;40;50;52;56;60;81;82
2,2,4,C/7,4,physical_cluster,ridge_input,5.36073727077908,6.364582510401309,"{""alpha"": 10.0}",11.454817652702332,14;29;57;62,0;4;5;11;15;17;23;28;34;35;38;40;50;52;56;60;81;82
2,2,4,C/7,4,physical_cluster,krr_rbf,1.966905805799696,2.5922638870141257,"{""alpha"": 0.1, ""gamma"": 0.05}",19.33793079853058,14;29;57;62,0;4;5;11;15;17;23;28;34;35;38;40;50;52;56;60;81;82
2,2,4,C/7,4,physical_cluster,svr_rbf,2.004015721593523,2.660398846454715,"{""C"": 100.0, ""epsilon"": 1.0}",21.406683096658163,14;29;57;62,0;4;5;11;15;17;23;28;34;35;38;40;50;52;56;60;81;82
2,2,4,C/7,4,physical_cluster,gp_rbf,2.875347589270989,3.6338220720986616,"{""alpha"": 1.0, ""length"": 3.0}",20.447948947892968,14;29;57;62,0;4;5;11;15;17;23;28;34;35;38;40;50;52;56;60;81;82
2,2,4,C/7,4,physical_cluster,catboost,5.860873288513931,8.149629702245276,{},,14;29;57;62,0;4;5;11;15;17;23;28;34;35;38;40;50;52;56;60;81;82
2,2,4,C/7,4,physical_cluster,xgboost,8.714799245198568,11.09836174585056,{},,14;29;57;62,0;4;5;11;15;17;23;28;34;35;38;40;50;52;56;60;81;82
2,2,4,C/7,4,physical_cluster,extra_trees,7.100032814343772,7.964629458976005,{},,14;29;57;62,0;4;5;11;15;17;23;28;34;35;38;40;50;52;56;60;81;82
2,2,4,C/5,5,physical_cluster,ridge_physics,1.787512037489149,2.537463038092504,"{""alpha"": 0.1}",2.479098320007324,14;29;57;62,0;4;5;11;15;17;23;28;34;35;38;40;50;52;56;60;81;82
2,2,4,C/5,5,physical_cluster,ridge_source,2.0192222595214844,2.312525875947481,"{""alpha"": 0.1}",5.312809228897095,14;29;57;62,0;4;5;11;15;17;23;28;34;35;38;40;50;52;56;60;81;82
2,2,4,C/5,5,physical_cluster,ridge_input,3.6808158026801214,5.004386620606095,"{""alpha"": 1.0}",11.361828088760376,14;29;57;62,0;4;5;11;15;17;23;28;34;35;38;40;50;52;56;60;81;82
2,2,4,C/5,5,physical_cluster,krr_rbf,2.167663998074002,2.880724615744967,"{""alpha"": 0.1, ""gamma"": 0.05}",19.80502361059189,14;29;57;62,0;4;5;11;15;17;23;28;34;35;38;40;50;52;56;60;81;82
2,2,4,C/5,5,physical_cluster,svr_rbf,2.1177267804472857,2.753265984206141,"{""C"": 100.0, ""epsilon"": 1.0}",22.24114755689137,14;29;57;62,0;4;5;11;15;17;23;28;34;35;38;40;50;52;56;60;81;82
2,2,4,C/5,5,physical_cluster,gp_rbf,3.160068835587585,3.9798271031005727,"{""alpha"": 1.0, ""length"": 3.0}",20.92290534105348,14;29;57;62,0;4;5;11;15;17;23;28;34;35;38;40;50;52;56;60;81;82
2,2,4,C/5,5,physical_cluster,catboost,6.212509118256879,8.321271072109617,{},,14;29;57;62,0;4;5;11;15;17;23;28;34;35;38;40;50;52;56;60;81;82
2,2,4,C/5,5,physical_cluster,xgboost,8.946265750461155,11.250956736639823,{},,14;29;57;62,0;4;5;11;15;17;23;28;34;35;38;40;50;52;56;60;81;82
2,2,4,C/5,5,physical_cluster,extra_trees,7.134484145376417,8.032028467406722,{},,14;29;57;62,0;4;5;11;15;17;23;28;34;35;38;40;50;52;56;60;81;82
2,2,4,C/80,0,input_cluster,ridge_physics,4.559026930067274,5.8635851315917815,"{""alpha"": 10.0}",5.707228660583496,3;62;86;90,0;4;5;11;15;17;23;28;34;35;38;40;50;52;56;60;81;82
2,2,4,C/80,0,input_cluster,ridge_source,3.5631900363498263,4.302806219336165,"{""alpha"": 1.0}",4.898370265960693,3;62;86;90,0;4;5;11;15;17;23;28;34;35;38;40;50;52;56;60;81;82
2,2,4,C/80,0,input_cluster,ridge_input,6.85567389594184,9.586903199954635,"{""alpha"": 10.0}",7.970620393753052,3;62;86;90,0;4;5;11;15;17;23;28;34;35;38;40;50;52;56;60;81;82
2,2,4,C/80,0,input_cluster,krr_rbf,4.856686486138238,6.310236847089798,"{""alpha"": 0.1, ""gamma"": 0.05}",14.621179401874542,3;62;86;90,0;4;5;11;15;17;23;28;34;35;38;40;50;52;56;60;81;82
2,2,4,C/80,0,input_cluster,svr_rbf,8.016666689190114,12.637144198473909,"{""C"": 100.0, ""epsilon"": 0.2}",9.195004378161045,3;62;86;90,0;4;5;11;15;17;23;28;34;35;38;40;50;52;56;60;81;82
2,2,4,C/80,0,input_cluster,gp_rbf,4.090919726085983,6.113563377983349,"{""alpha"": 1.0, ""length"": 3.0}",15.3176702626375,3;62;86;90,0;4;5;11;15;17;23;28;34;35;38;40;50;52;56;60;81;82
2,2,4,C/80,0,input_cluster,catboost,8.080627367920549,11.276146957059176,{},,3;62;86;90,0;4;5;11;15;17;23;28;34;35;38;40;50;52;56;60;81;82
2,2,4,C/80,0,input_cluster,xgboost,9.466126335991753,12.758644925547806,{},,3;62;86;90,0;4;5;11;15;17;23;28;34;35;38;40;50;52;56;60;81;82
2,2,4,C/80,0,input_cluster,extra_trees,8.562822172376846,10.359860709104636,{},,3;62;86;90,0;4;5;11;15;17;23;28;34;35;38;40;50;52;56;60;81;82
2,2,4,C/40,1,input_cluster,ridge_physics,4.105129241943359,5.111081961240508,"{""alpha"": 10.0}",6.130836248397827,3;62;86;90,0;4;5;11;15;17;23;28;34;35;38;40;50;52;56;60;81;82
2,2,4,C/40,1,input_cluster,ridge_source,3.045166439480252,3.418437304965942,"{""alpha"": 1.0}",4.320214509963989,3;62;86;90,0;4;5;11;15;17;23;28;34;35;38;40;50;52;56;60;81;82
2,2,4,C/40,1,input_cluster,ridge_input,6.567576514350043,9.197383001466864,"{""alpha"": 10.0}",7.586500644683838,3;62;86;90,0;4;5;11;15;17;23;28;34;35;38;40;50;52;56;60;81;82
2,2,4,C/40,1,input_cluster,krr_rbf,4.381860944959852,5.845554850475354,"{""alpha"": 0.1, ""gamma"": 0.05}",15.323758959770204,3;62;86;90,0;4;5;11;15;17;23;28;34;35;38;40;50;52;56;60;81;82
2,2,4,C/40,1,input_cluster,svr_rbf,7.504757682148895,11.926752352342492,"{""C"": 100.0, ""epsilon"": 0.2}",9.482647835139328,3;62;86;90,0;4;5;11;15;17;23;28;34;35;38;40;50;52;56;60;81;82
2,2,4,C/40,1,input_cluster,gp_rbf,3.705761888220869,5.673249494690086,"{""alpha"": 1.0, ""length"": 3.0}",16.237734121309913,3;62;86;90,0;4;5;11;15;17;23;28;34;35;38;40;50;52;56;60;81;82
2,2,4,C/40,1,input_cluster,catboost,7.912961247511829,11.044554999966053,{},,3;62;86;90,0;4;5;11;15;17;23;28;34;35;38;40;50;52;56;60;81;82
2,2,4,C/40,1,input_cluster,xgboost,9.457181294759115,12.684722665571256,{},,3;62;86;90,0;4;5;11;15;17;23;28;34;35;38;40;50;52;56;60;81;82
2,2,4,C/40,1,input_cluster,extra_trees,8.475057495964897,10.302887755533837,{},,3;62;86;90,0;4;5;11;15;17;23;28;34;35;38;40;50;52;56;60;81;82
2,2,4,0.05A,2,input_cluster,ridge_physics,4.546231587727864,5.875299459403326,"{""alpha"": 10.0}",5.617281436920166,3;62;86;90,0;4;5;11;15;17;23;28;34;35;38;40;50;52;56;60;81;82
2,2,4,0.05A,2,input_cluster,ridge_source,3.552399105495877,4.388784581751884,"{""alpha"": 1.0}",4.7224414348602295,3;62;86;90,0;4;5;11;15;17;23;28;34;35;38;40;50;52;56;60;81;82
2,2,4,0.05A,2,input_cluster,ridge_input,6.8279745313856335,9.468107835279186,"{""alpha"": 10.0}",7.732845306396484,3;62;86;90,0;4;5;11;15;17;23;28;34;35;38;40;50;52;56;60;81;82
2,2,4,0.05A,2,input_cluster,krr_rbf,4.843800862630208,6.222533544527173,"{""alpha"": 0.1, ""gamma"": 0.05}",14.578099608421326,3;62;86;90,0;4;5;11;15;17;23;28;34;35;38;40;50;52;56;60;81;82
2,2,4,0.05A,2,input_cluster,svr_rbf,7.5459871961398255,11.631179918604907,"{""C"": 100.0, ""epsilon"": 1.0}",9.219257288113551,3;62;86;90,0;4;5;11;15;17;23;28;34;35;38;40;50;52;56;60;81;82
2,2,4,0.05A,2,input_cluster,gp_rbf,4.099632216237551,6.03077733411342,"{""alpha"": 1.0, ""length"": 3.0}",15.214514113073683,3;62;86;90,0;4;5;11;15;17;23;28;34;35;38;40;50;52;56;60;81;82
2,2,4,0.05A,2,input_cluster,catboost,8.009757029494413,11.145373570793726,{},,3;62;86;90,0;4;5;11;15;17;23;28;34;35;38;40;50;52;56;60;81;82
2,2,4,0.05A,2,input_cluster,xgboost,9.43304443359375,12.615625081139012,{},,3;62;86;90,0;4;5;11;15;17;23;28;34;35;38;40;50;52;56;60;81;82
2,2,4,0.05A,2,input_cluster,extra_trees,8.51465162701077,10.245293735120615,{},,3;62;86;90,0;4;5;11;15;17;23;28;34;35;38;40;50;52;56;60;81;82
2,2,4,C/10,3,input_cluster,ridge_physics,2.1133558485243054,2.596850456174688,"{""alpha"": 1.0}",5.990390300750732,3;62;86;90,0;4;5;11;15;17;23;28;34;35;38;40;50;52;56;60;81;82
2,2,4,C/10,3,input_cluster,ridge_source,2.1688931783040366,2.5131382145117667,"{""alpha"": 0.1}",3.882838368415833,3;62;86;90,0;4;5;11;15;17;23;28;34;35;38;40;50;52;56;60;81;82
2,2,4,C/10,3,input_cluster,ridge_input,6.150672064887153,8.664008106559928,"{""alpha"": 10.0}",6.576586723327637,3;62;86;90,0;4;5;11;15;17;23;28;34;35;38;40;50;52;56;60;81;82
2,2,4,C/10,3,input_cluster,krr_rbf,3.956375122070313,5.413896121988326,"{""alpha"": 0.1, ""gamma"": 0.05}",17.343348264694214,3;62;86;90,0;4;5;11;15;17;23;28;34;35;38;40;50;52;56;60;81;82
2,2,4,C/10,3,input_cluster,svr_rbf,7.211151867951965,11.3792496240877,"{""C"": 100.0, ""epsilon"": 0.2}",10.589623298595107,3;62;86;90,0;4;5;11;15;17;23;28;34;35;38;40;50;52;56;60;81;82
2,2,4,C/10,3,input_cluster,gp_rbf,3.4002849440967395,5.234838619218468,"{""alpha"": 1.0, ""length"": 3.0}",18.342854207530166,3;62;86;90,0;4;5;11;15;17;23;28;34;35;38;40;50;52;56;60;81;82
2,2,4,C/10,3,input_cluster,catboost,8.09382609599996,11.188385202075237,{},,3;62;86;90,0;4;5;11;15;17;23;28;34;35;38;40;50;52;56;60;81;82
2,2,4,C/10,3,input_cluster,xgboost,9.905250549316406,13.03348062079558,{},,3;62;86;90,0;4;5;11;15;17;23;28;34;35;38;40;50;52;56;60;81;82
2,2,4,C/10,3,input_cluster,extra_trees,9.302803664737278,11.1947894518443,{},,3;62;86;90,0;4;5;11;15;17;23;28;34;35;38;40;50;52;56;60;81;82
2,2,4,C/7,4,input_cluster,ridge_physics,2.133273230658637,2.648508955467252,"{""alpha"": 1.0}",5.382941842079163,3;62;86;90,0;4;5;11;15;17;23;28;34;35;38;40;50;52;56;60;81;82
2,2,4,C/7,4,input_cluster,ridge_source,2.3532172309027777,2.714553269703955,"{""alpha"": 0.1}",3.2047356367111206,3;62;86;90,0;4;5;11;15;17;23;28;34;35;38;40;50;52;56;60;81;82
2,2,4,C/7,4,input_cluster,ridge_input,6.071340772840712,8.543349951018754,"{""alpha"": 10.0}",6.800559759140015,3;62;86;90,0;4;5;11;15;17;23;28;34;35;38;40;50;52;56;60;81;82
2,2,4,C/7,4,input_cluster,krr_rbf,3.844775729709201,5.258041533759908,"{""alpha"": 0.1, ""gamma"": 0.05}",17.88572108745575,3;62;86;90,0;4;5;11;15;17;23;28;34;35;38;40;50;52;56;60;81;82
2,2,4,C/7,4,input_cluster,svr_rbf,7.238997780926458,11.493242315250953,"{""C"": 100.0, ""epsilon"": 0.2}",10.940539212047552,3;62;86;90,0;4;5;11;15;17;23;28;34;35;38;40;50;52;56;60;81;82
2,2,4,C/7,4,input_cluster,gp_rbf,3.353626695789797,5.0902036711302925,"{""alpha"": 1.0, ""length"": 3.0}",18.900544048337824,3;62;86;90,0;4;5;11;15;17;23;28;34;35;38;40;50;52;56;60;81;82
2,2,4,C/7,4,input_cluster,catboost,8.148454267935655,11.252740679033485,{},,3;62;86;90,0;4;5;11;15;17;23;28;34;35;38;40;50;52;56;60;81;82
2,2,4,C/7,4,input_cluster,xgboost,9.995899200439451,13.139279269903694,{},,3;62;86;90,0;4;5;11;15;17;23;28;34;35;38;40;50;52;56;60;81;82
2,2,4,C/7,4,input_cluster,extra_trees,9.50205938021342,11.412317608949806,{},,3;62;86;90,0;4;5;11;15;17;23;28;34;35;38;40;50;52;56;60;81;82
2,2,4,C/5,5,input_cluster,ridge_physics,2.180902269151476,2.71768660166892,"{""alpha"": 1.0}",4.857925295829773,3;62;86;90,0;4;5;11;15;17;23;28;34;35;38;40;50;52;56;60;81;82
2,2,4,C/5,5,input_cluster,ridge_source,2.523524390326606,2.955182822345156,"{""alpha"": 0.1}",2.606745958328247,3;62;86;90,0;4;5;11;15;17;23;28;34;35;38;40;50;52;56;60;81;82
2,2,4,C/5,5,input_cluster,ridge_input,6.0267007615831165,8.448435491654239,"{""alpha"": 10.0}",7.031447172164917,3;62;86;90,0;4;5;11;15;17;23;28;34;35;38;40;50;52;56;60;81;82
2,2,4,C/5,5,input_cluster,krr_rbf,3.712427775065104,5.110418424816615,"{""alpha"": 0.1, ""gamma"": 0.05}",18.45422601699829,3;62;86;90,0;4;5;11;15;17;23;28;34;35;38;40;50;52;56;60;81;82
2,2,4,C/5,5,input_cluster,svr_rbf,7.24533388294256,11.61627902524944,"{""C"": 100.0, ""epsilon"": 0.2}",11.30149340971132,3;62;86;90,0;4;5;11;15;17;23;28;34;35;38;40;50;52;56;60;81;82
2,2,4,C/5,5,input_cluster,gp_rbf,3.3466416089892927,4.968115587361239,"{""alpha"": 1.0, ""length"": 3.0}",19.486880806172376,3;62;86;90,0;4;5;11;15;17;23;28;34;35;38;40;50;52;56;60;81;82
2,2,4,C/5,5,input_cluster,catboost,8.146341568038302,11.277914937220906,{},,3;62;86;90,0;4;5;11;15;17;23;28;34;35;38;40;50;52;56;60;81;82
2,2,4,C/5,5,input_cluster,xgboost,10.12933095296224,13.283238842532157,{},,3;62;86;90,0;4;5;11;15;17;23;28;34;35;38;40;50;52;56;60;81;82
2,2,4,C/5,5,input_cluster,extra_trees,9.691394686698914,11.61673756100019,{},,3;62;86;90,0;4;5;11;15;17;23;28;34;35;38;40;50;52;56;60;81;82