fold,repeat,k,rate,rate_idx,policy,method,soh_mae_pp,soh_rmse_pp,selected_hyperparameters,labeled_loo_mae,label_ids,test_ids
4,0,14,C/80,0,random,ridge_physics,2.1710408528645835,3.025733438494646,"{""alpha"": 0.1}",1.9141056537628172,2;7;14;41;45;49;51;56;62;63;69;73;78;80,9;12;21;25;36;37;39;44;46;47;58;64;65;67;70;72;83;87
4,0,14,C/80,0,random,ridge_source,2.2297456529405384,2.998305907690603,"{""alpha"": 1.0}",1.92962840625218,2;7;14;41;45;49;51;56;62;63;69;73;78;80,9;12;21;25;36;37;39;44;46;47;58;64;65;67;70;72;83;87
4,0,14,C/80,0,random,ridge_input,3.334405263264974,4.305754026686763,"{""alpha"": 1.0}",4.598260266440255,2;7;14;41;45;49;51;56;62;63;69;73;78;80,9;12;21;25;36;37;39;44;46;47;58;64;65;67;70;72;83;87
4,0,14,C/80,0,random,krr_rbf,2.06779056125217,2.8607921117282324,"{""alpha"": 0.1, ""gamma"": 0.05}",3.508437746337482,2;7;14;41;45;49;51;56;62;63;69;73;78;80,9;12;21;25;36;37;39;44;46;47;58;64;65;67;70;72;83;87
4,0,14,C/80,0,random,svr_rbf,2.075666433501697,2.91313661449785,"{""C"": 100.0, ""epsilon"": 0.2}",3.899797775750889,2;7;14;41;45;49;51;56;62;63;69;73;78;80,9;12;21;25;36;37;39;44;46;47;58;64;65;67;70;72;83;87
4,0,14,C/80,0,random,gp_rbf,2.180066317735764,2.966541291492309,"{""alpha"": 1.0, ""length"": 3.0}",4.2578400466058,2;7;14;41;45;49;51;56;62;63;69;73;78;80,9;12;21;25;36;37;39;44;46;47;58;64;65;67;70;72;83;87
4,0,14,C/80,0,random,catboost,2.863673514513852,3.913962649433578,{},,2;7;14;41;45;49;51;56;62;63;69;73;78;80,9;12;21;25;36;37;39;44;46;47;58;64;65;67;70;72;83;87
4,0,14,C/80,0,random,xgboost,3.583889855278863,4.4300955854250095,{},,2;7;14;41;45;49;51;56;62;63;69;73;78;80,9;12;21;25;36;37;39;44;46;47;58;64;65;67;70;72;83;87
4,0,14,C/80,0,random,extra_trees,2.0632204686270827,2.661077960902132,{},,2;7;14;41;45;49;51;56;62;63;69;73;78;80,9;12;21;25;36;37;39;44;46;47;58;64;65;67;70;72;83;87
4,0,14,C/40,1,random,ridge_physics,1.800295935736762,2.4740705354602643,"{""alpha"": 1.0}",1.516554764338902,2;7;14;41;45;49;51;56;62;63;69;73;78;80,9;12;21;25;36;37;39;44;46;47;58;64;65;67;70;72;83;87
4,0,14,C/40,1,random,ridge_source,1.7313474019368489,2.372891217980125,"{""alpha"": 0.1}",1.261716944830758,2;7;14;41;45;49;51;56;62;63;69;73;78;80,9;12;21;25;36;37;39;44;46;47;58;64;65;67;70;72;83;87
4,0,14,C/40,1,random,ridge_input,3.101929982503256,4.159771449912042,"{""alpha"": 1.0}",4.432727898870196,2;7;14;41;45;49;51;56;62;63;69;73;78;80,9;12;21;25;36;37;39;44;46;47;58;64;65;67;70;72;83;87
4,0,14,C/40,1,random,krr_rbf,1.8015738593207464,2.398907105961136,"{""alpha"": 0.1, ""gamma"": 0.05}",3.318117380142212,2;7;14;41;45;49;51;56;62;63;69;73;78;80,9;12;21;25;36;37;39;44;46;47;58;64;65;67;70;72;83;87
4,0,14,C/40,1,random,svr_rbf,1.7930077852295316,2.375652743677205,"{""C"": 100.0, ""epsilon"": 0.2}",3.6433149647125456,2;7;14;41;45;49;51;56;62;63;69;73;78;80,9;12;21;25;36;37;39;44;46;47;58;64;65;67;70;72;83;87
4,0,14,C/40,1,random,gp_rbf,1.8982600173245805,2.5111384943456114,"{""alpha"": 1.0, ""length"": 3.0}",4.196046451324103,2;7;14;41;45;49;51;56;62;63;69;73;78;80,9;12;21;25;36;37;39;44;46;47;58;64;65;67;70;72;83;87
4,0,14,C/40,1,random,catboost,2.7161007300610347,3.657720360110912,{},,2;7;14;41;45;49;51;56;62;63;69;73;78;80,9;12;21;25;36;37;39;44;46;47;58;64;65;67;70;72;83;87
4,0,14,C/40,1,random,xgboost,3.269257015652127,4.1873071067576335,{},,2;7;14;41;45;49;51;56;62;63;69;73;78;80,9;12;21;25;36;37;39;44;46;47;58;64;65;67;70;72;83;87
4,0,14,C/40,1,random,extra_trees,1.7602786443851617,2.30730552057874,{},,2;7;14;41;45;49;51;56;62;63;69;73;78;80,9;12;21;25;36;37;39;44;46;47;58;64;65;67;70;72;83;87
4,0,14,0.05A,2,random,ridge_physics,2.285499996609158,3.196105504993316,"{""alpha"": 0.1}",2.108403750828334,2;7;14;41;45;49;51;56;62;63;69;73;78;80,9;12;21;25;36;37;39;44;46;47;58;64;65;67;70;72;83;87
4,0,14,0.05A,2,random,ridge_source,2.365629408094618,3.155675740936956,"{""alpha"": 1.0}",2.0122598579951694,2;7;14;41;45;49;51;56;62;63;69;73;78;80,9;12;21;25;36;37;39;44;46;47;58;64;65;67;70;72;83;87
4,0,14,0.05A,2,random,ridge_input,3.362232632107205,4.293390419522092,"{""alpha"": 1.0}",4.671925629888262,2;7;14;41;45;49;51;56;62;63;69;73;78;80,9;12;21;25;36;37;39;44;46;47;58;64;65;67;70;72;83;87
4,0,14,0.05A,2,random,krr_rbf,2.1378050910102,2.9647860271698,"{""alpha"": 0.1, ""gamma"": 0.05}",3.632296713335173,2;7;14;41;45;49;51;56;62;63;69;73;78;80,9;12;21;25;36;37;39;44;46;47;58;64;65;67;70;72;83;87
4,0,14,0.05A,2,random,svr_rbf,2.2842113000712905,3.139246521889232,"{""C"": 100.0, ""epsilon"": 0.2}",3.9573520806695552,2;7;14;41;45;49;51;56;62;63;69;73;78;80,9;12;21;25;36;37;39;44;46;47;58;64;65;67;70;72;83;87
4,0,14,0.05A,2,random,gp_rbf,2.263277157179349,3.067695628830798,"{""alpha"": 1.0, ""length"": 3.0}",4.335672083716796,2;7;14;41;45;49;51;56;62;63;69;73;78;80,9;12;21;25;36;37;39;44;46;47;58;64;65;67;70;72;83;87
4,0,14,0.05A,2,random,catboost,2.886670309022303,3.9508001976791753,{},,2;7;14;41;45;49;51;56;62;63;69;73;78;80,9;12;21;25;36;37;39;44;46;47;58;64;65;67;70;72;83;87
4,0,14,0.05A,2,random,xgboost,3.519905514187283,4.371260254427661,{},,2;7;14;41;45;49;51;56;62;63;69;73;78;80,9;12;21;25;36;37;39;44;46;47;58;64;65;67;70;72;83;87
4,0,14,0.05A,2,random,extra_trees,2.0271198869634564,2.682528319281768,{},,2;7;14;41;45;49;51;56;62;63;69;73;78;80,9;12;21;25;36;37;39;44;46;47;58;64;65;67;70;72;83;87
4,0,14,C/10,3,random,ridge_physics,1.725568135579427,2.2153692299406056,"{""alpha"": 1.0}",1.0825824396950858,2;7;14;41;45;49;51;56;62;63;69;73;78;80,9;12;21;25;36;37;39;44;46;47;58;64;65;67;70;72;83;87
4,0,14,C/10,3,random,ridge_source,1.83417722913954,2.214302170074041,"{""alpha"": 0.1}",1.402599539075579,2;7;14;41;45;49;51;56;62;63;69;73;78;80,9;12;21;25;36;37;39;44;46;47;58;64;65;67;70;72;83;87
4,0,14,C/10,3,random,ridge_input,2.834283192952474,3.986972476265563,"{""alpha"": 1.0}",3.976526975631714,2;7;14;41;45;49;51;56;62;63;69;73;78;80,9;12;21;25;36;37;39;44;46;47;58;64;65;67;70;72;83;87
4,0,14,C/10,3,random,krr_rbf,1.8112119038899737,2.277783641976824,"{""alpha"": 0.1, ""gamma"": 0.05}",3.598877089364188,2;7;14;41;45;49;51;56;62;63;69;73;78;80,9;12;21;25;36;37;39;44;46;47;58;64;65;67;70;72;83;87
4,0,14,C/10,3,random,svr_rbf,1.6436198498178527,2.0257724063580254,"{""C"": 100.0, ""epsilon"": 1.0}",4.110397979992249,2;7;14;41;45;49;51;56;62;63;69;73;78;80,9;12;21;25;36;37;39;44;46;47;58;64;65;67;70;72;83;87
4,0,14,C/10,3,random,gp_rbf,1.9185624355945623,2.38515580957474,"{""alpha"": 1.0, ""length"": 3.0}",4.506059014490061,2;7;14;41;45;49;51;56;62;63;69;73;78;80,9;12;21;25;36;37;39;44;46;47;58;64;65;67;70;72;83;87
4,0,14,C/10,3,random,catboost,2.8934210063138317,3.758184502547749,{},,2;7;14;41;45;49;51;56;62;63;69;73;78;80,9;12;21;25;36;37;39;44;46;47;58;64;65;67;70;72;83;87
4,0,14,C/10,3,random,xgboost,3.160186343722873,4.169628242333081,{},,2;7;14;41;45;49;51;56;62;63;69;73;78;80,9;12;21;25;36;37;39;44;46;47;58;64;65;67;70;72;83;87
4,0,14,C/10,3,random,extra_trees,1.872245534261068,2.251905731344193,{},,2;7;14;41;45;49;51;56;62;63;69;73;78;80,9;12;21;25;36;37;39;44;46;47;58;64;65;67;70;72;83;87
4,0,14,C/7,4,random,ridge_physics,1.7349802652994792,2.1910594245719275,"{""alpha"": 1.0}",1.1473862784249442,2;7;14;41;45;49;51;56;62;63;69;73;78;80,9;12;21;25;36;37;39;44;46;47;58;64;65;67;70;72;83;87
4,0,14,C/7,4,random,ridge_source,1.9202088250054252,2.263910202446673,"{""alpha"": 0.1}",1.744237048285348,2;7;14;41;45;49;51;56;62;63;69;73;78;80,9;12;21;25;36;37;39;44;46;47;58;64;65;67;70;72;83;87
4,0,14,C/7,4,random,ridge_input,2.8169581095377603,3.963156856385327,"{""alpha"": 1.0}",3.973193577357701,2;7;14;41;45;49;51;56;62;63;69;73;78;80,9;12;21;25;36;37;39;44;46;47;58;64;65;67;70;72;83;87
4,0,14,C/7,4,random,krr_rbf,1.8201111687554252,2.26323046055838,"{""alpha"": 0.1, ""gamma"": 0.05}",3.7740495034626553,2;7;14;41;45;49;51;56;62;63;69;73;78;80,9;12;21;25;36;37;39;44;46;47;58;64;65;67;70;72;83;87
4,0,14,C/7,4,random,svr_rbf,1.6544158991815554,2.03743935766274,"{""C"": 100.0, ""epsilon"": 1.0}",4.277531636477503,2;7;14;41;45;49;51;56;62;63;69;73;78;80,9;12;21;25;36;37;39;44;46;47;58;64;65;67;70;72;83;87
4,0,14,C/7,4,random,gp_rbf,1.9276269742832537,2.3688437536461064,"{""alpha"": 1.0, ""length"": 3.0}",4.648396633757551,2;7;14;41;45;49;51;56;62;63;69;73;78;80,9;12;21;25;36;37;39;44;46;47;58;64;65;67;70;72;83;87
4,0,14,C/7,4,random,catboost,2.992370587139148,3.843379178261673,{},,2;7;14;41;45;49;51;56;62;63;69;73;78;80,9;12;21;25;36;37;39;44;46;47;58;64;65;67;70;72;83;87
4,0,14,C/7,4,random,xgboost,3.1642125447591147,4.172611169221004,{},,2;7;14;41;45;49;51;56;62;63;69;73;78;80,9;12;21;25;36;37;39;44;46;47;58;64;65;67;70;72;83;87
4,0,14,C/7,4,random,extra_trees,1.957935140971783,2.4667224407299733,{},,2;7;14;41;45;49;51;56;62;63;69;73;78;80,9;12;21;25;36;37;39;44;46;47;58;64;65;67;70;72;83;87
4,0,14,C/5,5,random,ridge_physics,1.7415301005045574,2.1738365596634277,"{""alpha"": 1.0}",1.227059773036412,2;7;14;41;45;49;51;56;62;63;69;73;78;80,9;12;21;25;36;37;39;44;46;47;58;64;65;67;70;72;83;87
4,0,14,C/5,5,random,ridge_source,2.002226087782118,2.341219778133748,"{""alpha"": 0.1}",2.101984977722168,2;7;14;41;45;49;51;56;62;63;69;73;78;80,9;12;21;25;36;37;39;44;46;47;58;64;65;67;70;72;83;87
4,0,14,C/5,5,random,ridge_input,2.8077413770887585,3.9502605522358456,"{""alpha"": 1.0}",3.967603274754115,2;7;14;41;45;49;51;56;62;63;69;73;78;80,9;12;21;25;36;37;39;44;46;47;58;64;65;67;70;72;83;87
4,0,14,C/5,5,random,krr_rbf,1.832734849717882,2.2515078707626413,"{""alpha"": 0.1, ""gamma"": 0.05}",3.945628489766802,2;7;14;41;45;49;51;56;62;63;69;73;78;80,9;12;21;25;36;37;39;44;46;47;58;64;65;67;70;72;83;87
4,0,14,C/5,5,random,svr_rbf,1.688858044540865,2.0536227433052883,"{""C"": 100.0, ""epsilon"": 1.0}",4.477434906910744,2;7;14;41;45;49;51;56;62;63;69;73;78;80,9;12;21;25;36;37;39;44;46;47;58;64;65;67;70;72;83;87
4,0,14,C/5,5,random,gp_rbf,1.940630893465613,2.3576799113657607,"{""alpha"": 1.0, ""length"": 3.0}",4.786929912276185,2;7;14;41;45;49;51;56;62;63;69;73;78;80,9;12;21;25;36;37;39;44;46;47;58;64;65;67;70;72;83;87
4,0,14,C/5,5,random,catboost,3.036131525150484,3.911240194404096,{},,2;7;14;41;45;49;51;56;62;63;69;73;78;80,9;12;21;25;36;37;39;44;46;47;58;64;65;67;70;72;83;87
4,0,14,C/5,5,random,xgboost,3.186335669623481,4.197186172854806,{},,2;7;14;41;45;49;51;56;62;63;69;73;78;80,9;12;21;25;36;37;39;44;46;47;58;64;65;67;70;72;83;87
4,0,14,C/5,5,random,extra_trees,2.025603614692338,2.5747097116131625,{},,2;7;14;41;45;49;51;56;62;63;69;73;78;80,9;12;21;25;36;37;39;44;46;47;58;64;65;67;70;72;83;87
4,0,14,C/80,0,source_cluster,ridge_physics,2.295152028401693,3.0813413041851048,"{""alpha"": 1.0}",2.7386175394058228,1;8;20;26;29;38;40;50;51;62;63;69;75;85,9;12;21;25;36;37;39;44;46;47;58;64;65;67;70;72;83;87
4,0,14,C/80,0,source_cluster,ridge_source,2.211941613091363,2.988465486167432,"{""alpha"": 0.1}",2.460521255220686,1;8;20;26;29;38;40;50;51;62;63;69;75;85,9;12;21;25;36;37;39;44;46;47;58;64;65;67;70;72;83;87
4,0,14,C/80,0,source_cluster,ridge_input,3.232455783420139,4.360377890362425,"{""alpha"": 10.0}",6.391031401497977,1;8;20;26;29;38;40;50;51;62;63;69;75;85,9;12;21;25;36;37;39;44;46;47;58;64;65;67;70;72;83;87
4,0,14,C/80,0,source_cluster,krr_rbf,2.090274810791016,2.871129751030981,"{""alpha"": 0.1, ""gamma"": 0.05}",4.740367906434195,1;8;20;26;29;38;40;50;51;62;63;69;75;85,9;12;21;25;36;37;39;44;46;47;58;64;65;67;70;72;83;87
4,0,14,C/80,0,source_cluster,svr_rbf,2.303714074677065,2.966081807638772,"{""C"": 100.0, ""epsilon"": 0.2}",4.3194376128301775,1;8;20;26;29;38;40;50;51;62;63;69;75;85,9;12;21;25;36;37;39;44;46;47;58;64;65;67;70;72;83;87
4,0,14,C/80,0,source_cluster,gp_rbf,2.193905726603145,2.956131527362362,"{""alpha"": 1.0, ""length"": 3.0}",5.180706451217546,1;8;20;26;29;38;40;50;51;62;63;69;75;85,9;12;21;25;36;37;39;44;46;47;58;64;65;67;70;72;83;87
4,0,14,C/80,0,source_cluster,catboost,2.8841661440379585,4.073086791322712,{},,1;8;20;26;29;38;40;50;51;62;63;69;75;85,9;12;21;25;36;37;39;44;46;47;58;64;65;67;70;72;83;87
4,0,14,C/80,0,source_cluster,xgboost,2.798392401801215,4.439666886802297,{},,1;8;20;26;29;38;40;50;51;62;63;69;75;85,9;12;21;25;36;37;39;44;46;47;58;64;65;67;70;72;83;87
4,0,14,C/80,0,source_cluster,extra_trees,2.13843905886645,2.580048427778192,{},,1;8;20;26;29;38;40;50;51;62;63;69;75;85,9;12;21;25;36;37;39;44;46;47;58;64;65;67;70;72;83;87
4,0,14,C/40,1,source_cluster,ridge_physics,1.9281158447265625,2.5124298417302064,"{""alpha"": 1.0}",2.3357694489615306,1;8;20;26;29;38;40;50;51;62;63;69;75;85,9;12;21;25;36;37;39;44;46;47;58;64;65;67;70;72;83;87
4,0,14,C/40,1,source_cluster,ridge_source,1.8838102552625868,2.450433826958175,"{""alpha"": 0.1}",2.0737757682800293,1;8;20;26;29;38;40;50;51;62;63;69;75;85,9;12;21;25;36;37;39;44;46;47;58;64;65;67;70;72;83;87
4,0,14,C/40,1,source_cluster,ridge_input,2.7582728068033853,4.040352797243577,"{""alpha"": 10.0}",6.493580307279315,1;8;20;26;29;38;40;50;51;62;63;69;75;85,9;12;21;25;36;37;39;44;46;47;58;64;65;67;70;72;83;87
4,0,14,C/40,1,source_cluster,krr_rbf,1.8245324028862848,2.3923690335201586,"{""alpha"": 0.1, ""gamma"": 0.05}",4.674689761229923,1;8;20;26;29;38;40;50;51;62;63;69;75;85,9;12;21;25;36;37;39;44;46;47;58;64;65;67;70;72;83;87
4,0,14,C/40,1,source_cluster,svr_rbf,1.7061898994422673,2.230177237817744,"{""C"": 100.0, ""epsilon"": 0.2}",3.667653351802582,1;8;20;26;29;38;40;50;51;62;63;69;75;85,9;12;21;25;36;37;39;44;46;47;58;64;65;67;70;72;83;87
4,0,14,C/40,1,source_cluster,gp_rbf,1.916225551495747,2.482500397658373,"{""alpha"": 1.0, ""length"": 3.0}",5.12000979791483,1;8;20;26;29;38;40;50;51;62;63;69;75;85,9;12;21;25;36;37;39;44;46;47;58;64;65;67;70;72;83;87
4,0,14,C/40,1,source_cluster,catboost,2.650153121678033,3.6649256421725593,{},,1;8;20;26;29;38;40;50;51;62;63;69;75;85,9;12;21;25;36;37;39;44;46;47;58;64;65;67;70;72;83;87
4,0,14,C/40,1,source_cluster,xgboost,2.4911460876464844,4.1248031769553615,{},,1;8;20;26;29;38;40;50;51;62;63;69;75;85,9;12;21;25;36;37;39;44;46;47;58;64;65;67;70;72;83;87
4,0,14,C/40,1,source_cluster,extra_trees,1.8793805958732728,2.3294284821308406,{},,1;8;20;26;29;38;40;50;51;62;63;69;75;85,9;12;21;25;36;37;39;44;46;47;58;64;65;67;70;72;83;87
4,0,14,0.05A,2,source_cluster,ridge_physics,2.481448279486762,3.2628338109843016,"{""alpha"": 1.0}",2.826771174158369,1;8;20;26;29;38;40;50;51;62;63;69;75;85,9;12;21;25;36;37;39;44;46;47;58;64;65;67;70;72;83;87
4,0,14,0.05A,2,source_cluster,ridge_source,2.6011670430501304,3.34212832652264,"{""alpha"": 1.0}",2.4665150131498064,1;8;20;26;29;38;40;50;51;62;63;69;75;85,9;12;21;25;36;37;39;44;46;47;58;64;65;67;70;72;83;87
4,0,14,0.05A,2,source_cluster,ridge_input,3.311165279812283,4.405191198681597,"{""alpha"": 10.0}",6.316926905087063,1;8;20;26;29;38;40;50;51;62;63;69;75;85,9;12;21;25;36;37;39;44;46;47;58;64;65;67;70;72;83;87
4,0,14,0.05A,2,source_cluster,krr_rbf,2.1771409776475696,3.009018775427333,"{""alpha"": 0.1, ""gamma"": 0.05}",4.741730885846274,1;8;20;26;29;38;40;50;51;62;63;69;75;85,9;12;21;25;36;37;39;44;46;47;58;64;65;67;70;72;83;87
4,0,14,0.05A,2,source_cluster,svr_rbf,2.4542544375980047,3.1245773616539894,"{""C"": 100.0, ""epsilon"": 0.2}",4.411310368453476,1;8;20;26;29;38;40;50;51;62;63;69;75;85,9;12;21;25;36;37;39;44;46;47;58;64;65;67;70;72;83;87
4,0,14,0.05A,2,source_cluster,gp_rbf,2.2712510058578195,3.0897520925392565,"{""alpha"": 1.0, ""length"": 3.0}",5.174565880430462,1;8;20;26;29;38;40;50;51;62;63;69;75;85,9;12;21;25;36;37;39;44;46;47;58;64;65;67;70;72;83;87
4,0,14,0.05A,2,source_cluster,catboost,2.9088132556098367,4.124943711324828,{},,1;8;20;26;29;38;40;50;51;62;63;69;75;85,9;12;21;25;36;37;39;44;46;47;58;64;65;67;70;72;83;87
4,0,14,0.05A,2,source_cluster,xgboost,2.837298499213325,4.482873232091705,{},,1;8;20;26;29;38;40;50;51;62;63;69;75;85,9;12;21;25;36;37;39;44;46;47;58;64;65;67;70;72;83;87
4,0,14,0.05A,2,source_cluster,extra_trees,2.182774049138265,2.6952815458092005,{},,1;8;20;26;29;38;40;50;51;62;63;69;75;85,9;12;21;25;36;37;39;44;46;47;58;64;65;67;70;72;83;87
4,0,14,C/10,3,source_cluster,ridge_physics,1.7509765625,2.164358264527116,"{""alpha"": 1.0}",1.98573865209307,1;8;20;26;29;38;40;50;51;62;63;69;75;85,9;12;21;25;36;37;39;44;46;47;58;64;65;67;70;72;83;87
4,0,14,C/10,3,source_cluster,ridge_source,1.911359151204427,2.304943605278852,"{""alpha"": 0.1}",2.072208677019392,1;8;20;26;29;38;40;50;51;62;63;69;75;85,9;12;21;25;36;37;39;44;46;47;58;64;65;67;70;72;83;87
4,0,14,C/10,3,source_cluster,ridge_input,2.742558797200521,3.8511156102901527,"{""alpha"": 10.0}",5.972902400153024,1;8;20;26;29;38;40;50;51;62;63;69;75;85,9;12;21;25;36;37;39;44;46;47;58;64;65;67;70;72;83;87
4,0,14,C/10,3,source_cluster,krr_rbf,1.881842295328776,2.279815696866974,"{""alpha"": 0.1, ""gamma"": 0.05}",5.050254038402012,1;8;20;26;29;38;40;50;51;62;63;69;75;85,9;12;21;25;36;37;39;44;46;47;58;64;65;67;70;72;83;87
4,0,14,C/10,3,source_cluster,svr_rbf,1.5907436749842807,2.0041657207117525,"{""C"": 100.0, ""epsilon"": 0.2}",4.5237360953588,1;8;20;26;29;38;40;50;51;62;63;69;75;85,9;12;21;25;36;37;39;44;46;47;58;64;65;67;70;72;83;87
4,0,14,C/10,3,source_cluster,gp_rbf,1.958189440636272,2.356045990784549,"{""alpha"": 1.0, ""length"": 3.0}",5.523369911073186,1;8;20;26;29;38;40;50;51;62;63;69;75;85,9;12;21;25;36;37;39;44;46;47;58;64;65;67;70;72;83;87
4,0,14,C/10,3,source_cluster,catboost,2.509159519184336,3.592908575105504,{},,1;8;20;26;29;38;40;50;51;62;63;69;75;85,9;12;21;25;36;37;39;44;46;47;58;64;65;67;70;72;83;87
4,0,14,C/10,3,source_cluster,xgboost,2.492344750298394,4.138960185602411,{},,1;8;20;26;29;38;40;50;51;62;63;69;75;85,9;12;21;25;36;37;39;44;46;47;58;64;65;67;70;72;83;87
4,0,14,C/10,3,source_cluster,extra_trees,1.98068771051982,2.5067615199864437,{},,1;8;20;26;29;38;40;50;51;62;63;69;75;85,9;12;21;25;36;37;39;44;46;47;58;64;65;67;70;72;83;87
4,0,14,C/7,4,source_cluster,ridge_physics,1.5490862528483074,1.8545552380870516,"{""alpha"": 0.1}",1.942695208958217,1;8;20;26;29;38;40;50;51;62;63;69;75;85,9;12;21;25;36;37;39;44;46;47;58;64;65;67;70;72;83;87
4,0,14,C/7,4,source_cluster,ridge_source,1.9923693339029949,2.3637756071873333,"{""alpha"": 0.1}",2.258343424115862,1;8;20;26;29;38;40;50;51;62;63;69;75;85,9;12;21;25;36;37;39;44;46;47;58;64;65;67;70;72;83;87
4,0,14,C/7,4,source_cluster,ridge_input,2.740342458089193,3.7841399404372185,"{""alpha"": 10.0}",5.908660275595529,1;8;20;26;29;38;40;50;51;62;63;69;75;85,9;12;21;25;36;37;39;44;46;47;58;64;65;67;70;72;83;87
4,0,14,C/7,4,source_cluster,krr_rbf,1.8910467359754772,2.2745725290018237,"{""alpha"": 0.1, ""gamma"": 0.05}",5.121921028409686,1;8;20;26;29;38;40;50;51;62;63;69;75;85,9;12;21;25;36;37;39;44;46;47;58;64;65;67;70;72;83;87
4,0,14,C/7,4,source_cluster,svr_rbf,1.5553929592364442,1.9120866976230575,"{""C"": 100.0, ""epsilon"": 0.2}",4.725256257257892,1;8;20;26;29;38;40;50;51;62;63;69;75;85,9;12;21;25;36;37;39;44;46;47;58;64;65;67;70;72;83;87
4,0,14,C/7,4,source_cluster,gp_rbf,1.962309258839612,2.343448816652244,"{""alpha"": 1.0, ""length"": 3.0}",5.596026813433914,1;8;20;26;29;38;40;50;51;62;63;69;75;85,9;12;21;25;36;37;39;44;46;47;58;64;65;67;70;72;83;87
4,0,14,C/7,4,source_cluster,catboost,2.502803776468318,3.5798366771552974,{},,1;8;20;26;29;38;40;50;51;62;63;69;75;85,9;12;21;25;36;37;39;44;46;47;58;64;65;67;70;72;83;87
4,0,14,C/7,4,source_cluster,xgboost,2.5031581454806857,4.151270690152032,{},,1;8;20;26;29;38;40;50;51;62;63;69;75;85,9;12;21;25;36;37;39;44;46;47;58;64;65;67;70;72;83;87
4,0,14,C/7,4,source_cluster,extra_trees,2.0033629500298287,2.559951095046342,{},,1;8;20;26;29;38;40;50;51;62;63;69;75;85,9;12;21;25;36;37;39;44;46;47;58;64;65;67;70;72;83;87
4,0,14,C/5,5,source_cluster,ridge_physics,1.5912729899088542,1.848172964327804,"{""alpha"": 0.1}",1.96186249596732,1;8;20;26;29;38;40;50;51;62;63;69;75;85,9;12;21;25;36;37;39;44;46;47;58;64;65;67;70;72;83;87
4,0,14,C/5,5,source_cluster,ridge_source,2.046688503689236,2.415801814933902,"{""alpha"": 0.1}",2.570626974105835,1;8;20;26;29;38;40;50;51;62;63;69;75;85,9;12;21;25;36;37;39;44;46;47;58;64;65;67;70;72;83;87
4,0,14,C/5,5,source_cluster,ridge_input,2.7860226101345487,3.788226580172819,"{""alpha"": 10.0}",5.775246722357614,1;8;20;26;29;38;40;50;51;62;63;69;75;85,9;12;21;25;36;37;39;44;46;47;58;64;65;67;70;72;83;87
4,0,14,C/5,5,source_cluster,krr_rbf,1.8769989013671875,2.271436291676977,"{""alpha"": 0.1, ""gamma"": 0.05}",5.273338394505637,1;8;20;26;29;38;40;50;51;62;63;69;75;85,9;12;21;25;36;37;39;44;46;47;58;64;65;67;70;72;83;87
4,0,14,C/5,5,source_cluster,svr_rbf,1.6186166742195145,1.958262398844217,"{""C"": 100.0, ""epsilon"": 0.2}",4.926324329286975,1;8;20;26;29;38;40;50;51;62;63;69;75;85,9;12;21;25;36;37;39;44;46;47;58;64;65;67;70;72;83;87
4,0,14,C/5,5,source_cluster,gp_rbf,1.9539002475244331,2.342610972593433,"{""alpha"": 1.0, ""length"": 3.0}",5.789038468258438,1;8;20;26;29;38;40;50;51;62;63;69;75;85,9;12;21;25;36;37;39;44;46;47;58;64;65;67;70;72;83;87
4,0,14,C/5,5,source_cluster,catboost,2.488869025675744,3.5906569631641343,{},,1;8;20;26;29;38;40;50;51;62;63;69;75;85,9;12;21;25;36;37;39;44;46;47;58;64;65;67;70;72;83;87
4,0,14,C/5,5,source_cluster,xgboost,2.5114241706000437,4.185243412093356,{},,1;8;20;26;29;38;40;50;51;62;63;69;75;85,9;12;21;25;36;37;39;44;46;47;58;64;65;67;70;72;83;87
4,0,14,C/5,5,source_cluster,extra_trees,2.023632416535936,2.5947149797026343,{},,1;8;20;26;29;38;40;50;51;62;63;69;75;85,9;12;21;25;36;37;39;44;46;47;58;64;65;67;70;72;83;87
4,0,14,C/80,0,physical_cluster,ridge_physics,2.827716827392578,3.4825160296271704,"{""alpha"": 1.0}",2.338139040129525,0;18;20;23;45;57;62;63;68;69;71;74;76;88,9;12;21;25;36;37;39;44;46;47;58;64;65;67;70;72;83;87
4,0,14,C/80,0,physical_cluster,ridge_source,2.646092732747396,3.33646906566997,"{""alpha"": 0.1}",2.2014565808432445,0;18;20;23;45;57;62;63;68;69;71;74;76;88,9;12;21;25;36;37;39;44;46;47;58;64;65;67;70;72;83;87
4,0,14,C/80,0,physical_cluster,ridge_input,4.732916090223524,5.959179165563992,"{""alpha"": 10.0}",4.829089369092669,0;18;20;23;45;57;62;63;68;69;71;74;76;88,9;12;21;25;36;37;39;44;46;47;58;64;65;67;70;72;83;87
4,0,14,C/80,0,physical_cluster,krr_rbf,2.3405859205457897,3.113283668937089,"{""alpha"": 0.1, ""gamma"": 0.05}",4.677750996180943,0;18;20;23;45;57;62;63;68;69;71;74;76;88,9;12;21;25;36;37;39;44;46;47;58;64;65;67;70;72;83;87
4,0,14,C/80,0,physical_cluster,svr_rbf,2.666246411265188,3.181016127156205,"{""C"": 100.0, ""epsilon"": 0.2}",5.672312786990541,0;18;20;23;45;57;62;63;68;69;71;74;76;88,9;12;21;25;36;37;39;44;46;47;58;64;65;67;70;72;83;87
4,0,14,C/80,0,physical_cluster,gp_rbf,2.418712415400952,3.2447050386155976,"{""alpha"": 1.0, ""length"": 3.0}",4.950008904224726,0;18;20;23;45;57;62;63;68;69;71;74;76;88,9;12;21;25;36;37;39;44;46;47;58;64;65;67;70;72;83;87
4,0,14,C/80,0,physical_cluster,catboost,3.797889441308736,5.397807446635743,{},,0;18;20;23;45;57;62;63;68;69;71;74;76;88,9;12;21;25;36;37;39;44;46;47;58;64;65;67;70;72;83;87
4,0,14,C/80,0,physical_cluster,xgboost,3.9555447896321616,5.942665720066676,{},,0;18;20;23;45;57;62;63;68;69;71;74;76;88,9;12;21;25;36;37;39;44;46;47;58;64;65;67;70;72;83;87
4,0,14,C/80,0,physical_cluster,extra_trees,2.7620045431076536,3.9210434151295055,{},,0;18;20;23;45;57;62;63;68;69;71;74;76;88,9;12;21;25;36;37;39;44;46;47;58;64;65;67;70;72;83;87
4,0,14,C/40,1,physical_cluster,ridge_physics,2.2355465359157987,2.7948373380329263,"{""alpha"": 1.0}",1.852556790624346,0;18;20;23;45;57;62;63;68;69;71;74;76;88,9;12;21;25;36;37;39;44;46;47;58;64;65;67;70;72;83;87
4,0,14,C/40,1,physical_cluster,ridge_source,2.0904261271158853,2.6313055383548787,"{""alpha"": 0.1}",1.6399683952331543,0;18;20;23;45;57;62;63;68;69;71;74;76;88,9;12;21;25;36;37;39;44;46;47;58;64;65;67;70;72;83;87
4,0,14,C/40,1,physical_cluster,ridge_input,3.997675577799479,5.23705076317801,"{""alpha"": 10.0}",4.674417495727539,0;18;20;23;45;57;62;63;68;69;71;74;76;88,9;12;21;25;36;37;39;44;46;47;58;64;65;67;70;72;83;87
4,0,14,C/40,1,physical_cluster,krr_rbf,2.0605006747775607,2.5435650630151514,"{""alpha"": 0.1, ""gamma"": 0.05}",4.3690328512872965,0;18;20;23;45;57;62;63;68;69;71;74;76;88,9;12;21;25;36;37;39;44;46;47;58;64;65;67;70;72;83;87
4,0,14,C/40,1,physical_cluster,svr_rbf,2.247692470808827,2.553513982001171,"{""C"": 100.0, ""epsilon"": 1.0}",5.7021546576474575,0;18;20;23;45;57;62;63;68;69;71;74;76;88,9;12;21;25;36;37;39;44;46;47;58;64;65;67;70;72;83;87
4,0,14,C/40,1,physical_cluster,gp_rbf,2.1126999400735564,2.660662980700509,"{""alpha"": 1.0, ""length"": 3.0}",4.601710250481232,0;18;20;23;45;57;62;63;68;69;71;74;76;88,9;12;21;25;36;37;39;44;46;47;58;64;65;67;70;72;83;87
4,0,14,C/40,1,physical_cluster,catboost,3.328930753342549,4.873957292370393,{},,0;18;20;23;45;57;62;63;68;69;71;74;76;88,9;12;21;25;36;37;39;44;46;47;58;64;65;67;70;72;83;87
4,0,14,C/40,1,physical_cluster,xgboost,3.535678015814887,5.537106287873627,{},,0;18;20;23;45;57;62;63;68;69;71;74;76;88,9;12;21;25;36;37;39;44;46;47;58;64;65;67;70;72;83;87
4,0,14,C/40,1,physical_cluster,extra_trees,2.805232573175765,3.6509278683820376,{},,0;18;20;23;45;57;62;63;68;69;71;74;76;88,9;12;21;25;36;37;39;44;46;47;58;64;65;67;70;72;83;87
4,0,14,0.05A,2,physical_cluster,ridge_physics,3.05061764187283,3.72169889963888,"{""alpha"": 1.0}",2.42541446004595,0;18;20;23;45;57;62;63;68;69;71;74;76;88,9;12;21;25;36;37;39;44;46;47;58;64;65;67;70;72;83;87
4,0,14,0.05A,2,physical_cluster,ridge_source,2.859195285373264,3.5772124601008497,"{""alpha"": 0.1}",2.235895224979945,0;18;20;23;45;57;62;63;68;69;71;74;76;88,9;12;21;25;36;37;39;44;46;47;58;64;65;67;70;72;83;87
4,0,14,0.05A,2,physical_cluster,ridge_input,4.934566921657986,6.1194114931935175,"{""alpha"": 10.0}",4.833199841635568,0;18;20;23;45;57;62;63;68;69;71;74;76;88,9;12;21;25;36;37;39;44;46;47;58;64;65;67;70;72;83;87
4,0,14,0.05A,2,physical_cluster,krr_rbf,2.469515906439887,3.259321429116296,"{""alpha"": 0.1, ""gamma"": 0.05}",4.822526063237872,0;18;20;23;45;57;62;63;68;69;71;74;76;88,9;12;21;25;36;37;39;44;46;47;58;64;65;67;70;72;83;87
4,0,14,0.05A,2,physical_cluster,svr_rbf,2.839545869502361,3.386111769170089,"{""C"": 100.0, ""epsilon"": 0.2}",5.573458065946191,0;18;20;23;45;57;62;63;68;69;71;74;76;88,9;12;21;25;36;37;39;44;46;47;58;64;65;67;70;72;83;87
4,0,14,0.05A,2,physical_cluster,gp_rbf,2.5595815479831643,3.3946754075683767,"{""alpha"": 1.0, ""length"": 3.0}",5.067075851354704,0;18;20;23;45;57;62;63;68;69;71;74;76;88,9;12;21;25;36;37;39;44;46;47;58;64;65;67;70;72;83;87
4,0,14,0.05A,2,physical_cluster,catboost,3.8479677823369514,5.429170803941252,{},,0;18;20;23;45;57;62;63;68;69;71;74;76;88,9;12;21;25;36;37;39;44;46;47;58;64;65;67;70;72;83;87
4,0,14,0.05A,2,physical_cluster,xgboost,4.06163830227322,5.999031375537939,{},,0;18;20;23;45;57;62;63;68;69;71;74;76;88,9;12;21;25;36;37;39;44;46;47;58;64;65;67;70;72;83;87
4,0,14,0.05A,2,physical_cluster,extra_trees,2.817879823891994,3.942887789460755,{},,0;18;20;23;45;57;62;63;68;69;71;74;76;88,9;12;21;25;36;37;39;44;46;47;58;64;65;67;70;72;83;87
4,0,14,C/10,3,physical_cluster,ridge_physics,1.90816158718533,2.327872334806796,"{""alpha"": 1.0}",1.4006133079528809,0;18;20;23;45;57;62;63;68;69;71;74;76;88,9;12;21;25;36;37;39;44;46;47;58;64;65;67;70;72;83;87
4,0,14,C/10,3,physical_cluster,ridge_source,1.9180946350097656,2.29326221682688,"{""alpha"": 0.1}",1.4059418269566126,0;18;20;23;45;57;62;63;68;69;71;74;76;88,9;12;21;25;36;37;39;44;46;47;58;64;65;67;70;72;83;87
4,0,14,C/10,3,physical_cluster,ridge_input,3.3638233608669705,4.631761245614284,"{""alpha"": 10.0}",4.259009190968105,0;18;20;23;45;57;62;63;68;69;71;74;76;88,9;12;21;25;36;37;39;44;46;47;58;64;65;67;70;72;83;87
4,0,14,C/10,3,physical_cluster,krr_rbf,2.0020209418402777,2.353790127858953,"{""alpha"": 0.1, ""gamma"": 0.05}",4.665210613182613,0;18;20;23;45;57;62;63;68;69;71;74;76;88,9;12;21;25;36;37;39;44;46;47;58;64;65;67;70;72;83;87
4,0,14,C/10,3,physical_cluster,svr_rbf,2.1774040630451257,2.517648174287729,"{""C"": 100.0, ""epsilon"": 1.0}",6.314041155042169,0;18;20;23;45;57;62;63;68;69;71;74;76;88,9;12;21;25;36;37;39;44;46;47;58;64;65;67;70;72;83;87
4,0,14,C/10,3,physical_cluster,gp_rbf,2.0505304732942684,2.4393460578838075,"{""alpha"": 1.0, ""length"": 3.0}",5.021910750750957,0;18;20;23;45;57;62;63;68;69;71;74;76;88,9;12;21;25;36;37;39;44;46;47;58;64;65;67;70;72;83;87
4,0,14,C/10,3,physical_cluster,catboost,3.2818555045508,4.754468498194943,{},,0;18;20;23;45;57;62;63;68;69;71;74;76;88,9;12;21;25;36;37;39;44;46;47;58;64;65;67;70;72;83;87
4,0,14,C/10,3,physical_cluster,xgboost,3.45858637491862,5.416096585437086,{},,0;18;20;23;45;57;62;63;68;69;71;74;76;88,9;12;21;25;36;37;39;44;46;47;58;64;65;67;70;72;83;87
4,0,14,C/10,3,physical_cluster,extra_trees,2.881767726926366,3.590698261706049,{},,0;18;20;23;45;57;62;63;68;69;71;74;76;88,9;12;21;25;36;37;39;44;46;47;58;64;65;67;70;72;83;87
4,0,14,C/7,4,physical_cluster,ridge_physics,1.8962054782443576,2.293582940137748,"{""alpha"": 1.0}",1.3572922093527655,0;18;20;23;45;57;62;63;68;69;71;74;76;88,9;12;21;25;36;37;39;44;46;47;58;64;65;67;70;72;83;87
4,0,14,C/7,4,physical_cluster,ridge_source,1.980634053548177,2.3220754749602173,"{""alpha"": 0.1}",1.5428455216544017,0;18;20;23;45;57;62;63;68;69;71;74;76;88,9;12;21;25;36;37;39;44;46;47;58;64;65;67;70;72;83;87
4,0,14,C/7,4,physical_cluster,ridge_input,3.325776841905382,4.5722868156002034,"{""alpha"": 10.0}",4.227769919804165,0;18;20;23;45;57;62;63;68;69;71;74;76;88,9;12;21;25;36;37;39;44;46;47;58;64;65;67;70;72;83;87
4,0,14,C/7,4,physical_cluster,krr_rbf,2.000618828667535,2.348233809408548,"{""alpha"": 0.1, ""gamma"": 0.05}",4.743812927177975,0;18;20;23;45;57;62;63;68;69;71;74;76;88,9;12;21;25;36;37;39;44;46;47;58;64;65;67;70;72;83;87
4,0,14,C/7,4,physical_cluster,svr_rbf,2.166252689818601,2.503679860113388,"{""C"": 100.0, ""epsilon"": 1.0}",6.371879651987874,0;18;20;23;45;57;62;63;68;69;71;74;76;88,9;12;21;25;36;37;39;44;46;47;58;64;65;67;70;72;83;87
4,0,14,C/7,4,physical_cluster,gp_rbf,2.048202535722184,2.423655408692563,"{""alpha"": 1.0, ""length"": 3.0}",5.144400928515213,0;18;20;23;45;57;62;63;68;69;71;74;76;88,9;12;21;25;36;37;39;44;46;47;58;64;65;67;70;72;83;87
4,0,14,C/7,4,physical_cluster,catboost,3.3085703725589104,4.780902684519014,{},,0;18;20;23;45;57;62;63;68;69;71;74;76;88,9;12;21;25;36;37;39;44;46;47;58;64;65;67;70;72;83;87
4,0,14,C/7,4,physical_cluster,xgboost,3.4837184482150607,5.408440543810499,{},,0;18;20;23;45;57;62;63;68;69;71;74;76;88,9;12;21;25;36;37;39;44;46;47;58;64;65;67;70;72;83;87
4,0,14,C/7,4,physical_cluster,extra_trees,2.901115847368718,3.615487547835439,{},,0;18;20;23;45;57;62;63;68;69;71;74;76;88,9;12;21;25;36;37;39;44;46;47;58;64;65;67;70;72;83;87
4,0,14,C/5,5,physical_cluster,ridge_physics,1.8965263366699217,2.2781804548567246,"{""alpha"": 1.0}",1.3405937126704626,0;18;20;23;45;57;62;63;68;69;71;74;76;88,9;12;21;25;36;37;39;44;46;47;58;64;65;67;70;72;83;87
4,0,14,C/5,5,physical_cluster,ridge_source,2.046565161810981,2.381968915396452,"{""alpha"": 0.1}",1.67571793283735,0;18;20;23;45;57;62;63;68;69;71;74;76;88,9;12;21;25;36;37;39;44;46;47;58;64;65;67;70;72;83;87
4,0,14,C/5,5,physical_cluster,ridge_input,3.3299984402126737,4.567889656855563,"{""alpha"": 10.0}",4.195437942232404,0;18;20;23;45;57;62;63;68;69;71;74;76;88,9;12;21;25;36;37;39;44;46;47;58;64;65;67;70;72;83;87
4,0,14,C/5,5,physical_cluster,krr_rbf,2.006098429361979,2.349378740361768,"{""alpha"": 0.1, ""gamma"": 0.05}",4.814011463097164,0;18;20;23;45;57;62;63;68;69;71;74;76;88,9;12;21;25;36;37;39;44;46;47;58;64;65;67;70;72;83;87
4,0,14,C/5,5,physical_cluster,svr_rbf,2.125258186347681,2.4517322657354037,"{""C"": 100.0, ""epsilon"": 1.0}",6.371696525271168,0;18;20;23;45;57;62;63;68;69;71;74;76;88,9;12;21;25;36;37;39;44;46;47;58;64;65;67;70;72;83;87
4,0,14,C/5,5,physical_cluster,gp_rbf,2.0545197302019584,2.4200725404592105,"{""alpha"": 1.0, ""length"": 3.0}",5.304102455375445,0;18;20;23;45;57;62;63;68;69;71;74;76;88,9;12;21;25;36;37;39;44;46;47;58;64;65;67;70;72;83;87
4,0,14,C/5,5,physical_cluster,catboost,3.410019619196158,4.87359210795733,{},,0;18;20;23;45;57;62;63;68;69;71;74;76;88,9;12;21;25;36;37;39;44;46;47;58;64;65;67;70;72;83;87
4,0,14,C/5,5,physical_cluster,xgboost,3.4969859653049045,5.412750274038891,{},,0;18;20;23;45;57;62;63;68;69;71;74;76;88,9;12;21;25;36;37;39;44;46;47;58;64;65;67;70;72;83;87
4,0,14,C/5,5,physical_cluster,extra_trees,2.8735333388665376,3.582905163318721,{},,0;18;20;23;45;57;62;63;68;69;71;74;76;88,9;12;21;25;36;37;39;44;46;47;58;64;65;67;70;72;83;87
4,0,14,C/80,0,input_cluster,ridge_physics,2.1970303853352866,2.862565578497202,"{""alpha"": 0.1}",3.630981070654733,0;8;13;20;29;30;31;42;52;55;62;68;69;89,9;12;21;25;36;37;39;44;46;47;58;64;65;67;70;72;83;87
4,0,14,C/80,0,input_cluster,ridge_source,2.2270495096842446,3.0048445103349386,"{""alpha"": 0.1}",3.3223202228546143,0;8;13;20;29;30;31;42;52;55;62;68;69;89,9;12;21;25;36;37;39;44;46;47;58;64;65;67;70;72;83;87
4,0,14,C/80,0,input_cluster,ridge_input,3.2299406263563366,4.442067997227737,"{""alpha"": 10.0}",6.870728628976004,0;8;13;20;29;30;31;42;52;55;62;68;69;89,9;12;21;25;36;37;39;44;46;47;58;64;65;67;70;72;83;87
4,0,14,C/80,0,input_cluster,krr_rbf,1.9978052775065105,2.74919240478423,"{""alpha"": 0.1, ""gamma"": 0.05}",5.033347436359951,0;8;13;20;29;30;31;42;52;55;62;68;69;89,9;12;21;25;36;37;39;44;46;47;58;64;65;67;70;72;83;87
4,0,14,C/80,0,input_cluster,svr_rbf,2.2807356589420675,2.649592834038011,"{""C"": 100.0, ""epsilon"": 0.2}",4.994994540103873,0;8;13;20;29;30;31;42;52;55;62;68;69;89,9;12;21;25;36;37;39;44;46;47;58;64;65;67;70;72;83;87
4,0,14,C/80,0,input_cluster,gp_rbf,2.114010458838233,2.842112081719212,"{""alpha"": 1.0, ""length"": 3.0}",5.578195711384102,0;8;13;20;29;30;31;42;52;55;62;68;69;89,9;12;21;25;36;37;39;44;46;47;58;64;65;67;70;72;83;87
4,0,14,C/80,0,input_cluster,catboost,3.2373103255198448,4.571568757441652,{},,0;8;13;20;29;30;31;42;52;55;62;68;69;89,9;12;21;25;36;37;39;44;46;47;58;64;65;67;70;72;83;87
4,0,14,C/80,0,input_cluster,xgboost,3.332943386501736,4.976869605892476,{},,0;8;13;20;29;30;31;42;52;55;62;68;69;89,9;12;21;25;36;37;39;44;46;47;58;64;65;67;70;72;83;87
4,0,14,C/80,0,input_cluster,extra_trees,2.1312580563403927,2.690587792595845,{},,0;8;13;20;29;30;31;42;52;55;62;68;69;89,9;12;21;25;36;37;39;44;46;47;58;64;65;67;70;72;83;87
4,0,14,C/40,1,input_cluster,ridge_physics,1.641053941514757,2.2487253430831644,"{""alpha"": 0.1}",2.6473396846226285,0;8;13;20;29;30;31;42;52;55;62;68;69;89,9;12;21;25;36;37;39;44;46;47;58;64;65;67;70;72;83;87
4,0,14,C/40,1,input_cluster,ridge_source,1.9199447631835935,2.48289072673598,"{""alpha"": 0.1}",2.318378584725516,0;8;13;20;29;30;31;42;52;55;62;68;69;89,9;12;21;25;36;37;39;44;46;47;58;64;65;67;70;72;83;87
4,0,14,C/40,1,input_cluster,ridge_input,2.8547566731770835,3.936577261244297,"{""alpha"": 10.0}",6.324248313903809,0;8;13;20;29;30;31;42;52;55;62;68;69;89,9;12;21;25;36;37;39;44;46;47;58;64;65;67;70;72;83;87
4,0,14,C/40,1,input_cluster,krr_rbf,1.8175163269042969,2.3207818199557706,"{""alpha"": 0.1, ""gamma"": 0.05}",4.431826131684439,0;8;13;20;29;30;31;42;52;55;62;68;69;89,9;12;21;25;36;37;39;44;46;47;58;64;65;67;70;72;83;87
4,0,14,C/40,1,input_cluster,svr_rbf,1.5643839564037378,2.034787129234192,"{""C"": 100.0, ""epsilon"": 0.2}",4.394226991074499,0;8;13;20;29;30;31;42;52;55;62;68;69;89,9;12;21;25;36;37;39;44;46;47;58;64;65;67;70;72;83;87
4,0,14,C/40,1,input_cluster,gp_rbf,1.906576695704632,2.4160893923579727,"{""alpha"": 1.0, ""length"": 3.0}",5.077513677899722,0;8;13;20;29;30;31;42;52;55;62;68;69;89,9;12;21;25;36;37;39;44;46;47;58;64;65;67;70;72;83;87
4,0,14,C/40,1,input_cluster,catboost,2.868949301033888,4.167739169841703,{},,0;8;13;20;29;30;31;42;52;55;62;68;69;89,9;12;21;25;36;37;39;44;46;47;58;64;65;67;70;72;83;87
4,0,14,C/40,1,input_cluster,xgboost,2.674759758843316,4.521919038050405,{},,0;8;13;20;29;30;31;42;52;55;62;68;69;89,9;12;21;25;36;37;39;44;46;47;58;64;65;67;70;72;83;87
4,0,14,C/40,1,input_cluster,extra_trees,1.856364148634452,2.2988701225234256,{},,0;8;13;20;29;30;31;42;52;55;62;68;69;89,9;12;21;25;36;37;39;44;46;47;58;64;65;67;70;72;83;87
4,0,14,0.05A,2,input_cluster,ridge_physics,2.387991163465712,3.046008815660218,"{""alpha"": 0.1}",3.9441732679094583,0;8;13;20;29;30;31;42;52;55;62;68;69;89,9;12;21;25;36;37;39;44;46;47;58;64;65;67;70;72;83;87
4,0,14,0.05A,2,input_cluster,ridge_source,2.6844635009765625,3.4106573057136456,"{""alpha"": 1.0}",3.6356893266950334,0;8;13;20;29;30;31;42;52;55;62;68;69;89,9;12;21;25;36;37;39;44;46;47;58;64;65;67;70;72;83;87
4,0,14,0.05A,2,input_cluster,ridge_input,3.3385713365342884,4.549414462198745,"{""alpha"": 10.0}",7.14523230280195,0;8;13;20;29;30;31;42;52;55;62;68;69;89,9;12;21;25;36;37;39;44;46;47;58;64;65;67;70;72;83;87
4,0,14,0.05A,2,input_cluster,krr_rbf,2.090943654378256,2.843834676822856,"{""alpha"": 0.1, ""gamma"": 0.05}",5.350263919149127,0;8;13;20;29;30;31;42;52;55;62;68;69;89,9;12;21;25;36;37;39;44;46;47;58;64;65;67;70;72;83;87
4,0,14,0.05A,2,input_cluster,svr_rbf,2.24591398039578,2.6827230847627823,"{""C"": 100.0, ""epsilon"": 1.0}",5.315185034271235,0;8;13;20;29;30;31;42;52;55;62;68;69;89,9;12;21;25;36;37;39;44;46;47;58;64;65;67;70;72;83;87
4,0,14,0.05A,2,input_cluster,gp_rbf,2.1409250437136254,2.938844451735325,"{""alpha"": 1.0, ""length"": 3.0}",5.83648659019939,0;8;13;20;29;30;31;42;52;55;62;68;69;89,9;12;21;25;36;37;39;44;46;47;58;64;65;67;70;72;83;87
4,0,14,0.05A,2,input_cluster,catboost,3.324739480487468,4.577507037953514,{},,0;8;13;20;29;30;31;42;52;55;62;68;69;89,9;12;21;25;36;37;39;44;46;47;58;64;65;67;70;72;83;87
4,0,14,0.05A,2,input_cluster,xgboost,3.631442175971137,5.126265170518237,{},,0;8;13;20;29;30;31;42;52;55;62;68;69;89,9;12;21;25;36;37;39;44;46;47;58;64;65;67;70;72;83;87
4,0,14,0.05A,2,input_cluster,extra_trees,2.262799964569232,2.7918992149693085,{},,0;8;13;20;29;30;31;42;52;55;62;68;69;89,9;12;21;25;36;37;39;44;46;47;58;64;65;67;70;72;83;87
4,0,14,C/10,3,input_cluster,ridge_physics,1.4683125813802085,1.8774380904099377,"{""alpha"": 0.1}",1.7804692132132394,0;8;13;20;29;30;31;42;52;55;62;68;69;89,9;12;21;25;36;37;39;44;46;47;58;64;65;67;70;72;83;87
4,0,14,C/10,3,input_cluster,ridge_source,1.976376003689236,2.3623494058262966,"{""alpha"": 0.1}",1.7136179038456507,0;8;13;20;29;30;31;42;52;55;62;68;69;89,9;12;21;25;36;37;39;44;46;47;58;64;65;67;70;72;83;87
4,0,14,C/10,3,input_cluster,ridge_input,2.5913238525390625,3.585387657738617,"{""alpha"": 10.0}",5.462637662887573,0;8;13;20;29;30;31;42;52;55;62;68;69;89,9;12;21;25;36;37;39;44;46;47;58;64;65;67;70;72;83;87
4,0,14,C/10,3,input_cluster,krr_rbf,1.870041741265191,2.2098946810582785,"{""alpha"": 0.1, ""gamma"": 0.05}",4.507086915629251,0;8;13;20;29;30;31;42;52;55;62;68;69;89,9;12;21;25;36;37;39;44;46;47;58;64;65;67;70;72;83;87
4,0,14,C/10,3,input_cluster,svr_rbf,1.619839898095214,2.025246220942232,"{""C"": 100.0, ""epsilon"": 1.0}",4.475738005111574,0;8;13;20;29;30;31;42;52;55;62;68;69;89,9;12;21;25;36;37;39;44;46;47;58;64;65;67;70;72;83;87
4,0,14,C/10,3,input_cluster,gp_rbf,1.941858783142965,2.29207639984913,"{""alpha"": 1.0, ""length"": 3.0}",5.201404841429816,0;8;13;20;29;30;31;42;52;55;62;68;69;89,9;12;21;25;36;37;39;44;46;47;58;64;65;67;70;72;83;87
4,0,14,C/10,3,input_cluster,catboost,2.782178861085227,4.0240815383727,{},,0;8;13;20;29;30;31;42;52;55;62;68;69;89,9;12;21;25;36;37;39;44;46;47;58;64;65;67;70;72;83;87
4,0,14,C/10,3,input_cluster,xgboost,2.783068339029948,4.451593052945868,{},,0;8;13;20;29;30;31;42;52;55;62;68;69;89,9;12;21;25;36;37;39;44;46;47;58;64;65;67;70;72;83;87
4,0,14,C/10,3,input_cluster,extra_trees,1.8910860389628728,2.274268622265059,{},,0;8;13;20;29;30;31;42;52;55;62;68;69;89,9;12;21;25;36;37;39;44;46;47;58;64;65;67;70;72;83;87
4,0,14,C/7,4,input_cluster,ridge_physics,1.4820488823784723,1.866979216153661,"{""alpha"": 0.1}",1.692062991006034,0;8;13;20;29;30;31;42;52;55;62;68;69;89,9;12;21;25;36;37;39;44;46;47;58;64;65;67;70;72;83;87
4,0,14,C/7,4,input_cluster,ridge_source,2.061584048800998,2.4358714037081235,"{""alpha"": 0.1}",1.8595908709934776,0;8;13;20;29;30;31;42;52;55;62;68;69;89,9;12;21;25;36;37;39;44;46;47;58;64;65;67;70;72;83;87
4,0,14,C/7,4,input_cluster,ridge_input,2.594264136420356,3.5313883222249194,"{""alpha"": 10.0}",5.369057314736502,0;8;13;20;29;30;31;42;52;55;62;68;69;89,9;12;21;25;36;37;39;44;46;47;58;64;65;67;70;72;83;87
4,0,14,C/7,4,input_cluster,krr_rbf,1.8761609395345047,2.205711066546713,"{""alpha"": 0.1, ""gamma"": 0.05}",4.519612533705575,0;8;13;20;29;30;31;42;52;55;62;68;69;89,9;12;21;25;36;37;39;44;46;47;58;64;65;67;70;72;83;87
4,0,14,C/7,4,input_cluster,svr_rbf,1.6694588468504874,2.0199531634771835,"{""C"": 100.0, ""epsilon"": 1.0}",4.378246194687479,0;8;13;20;29;30;31;42;52;55;62;68;69;89,9;12;21;25;36;37;39;44;46;47;58;64;65;67;70;72;83;87
4,0,14,C/7,4,input_cluster,gp_rbf,1.9439000687008088,2.281631581209052,"{""alpha"": 1.0, ""length"": 3.0}",5.232907619092701,0;8;13;20;29;30;31;42;52;55;62;68;69;89,9;12;21;25;36;37;39;44;46;47;58;64;65;67;70;72;83;87
4,0,14,C/7,4,input_cluster,catboost,2.76440898629366,4.013115128270938,{},,0;8;13;20;29;30;31;42;52;55;62;68;69;89,9;12;21;25;36;37;39;44;46;47;58;64;65;67;70;72;83;87
4,0,14,C/7,4,input_cluster,xgboost,2.769576602511936,4.441383870668608,{},,0;8;13;20;29;30;31;42;52;55;62;68;69;89,9;12;21;25;36;37;39;44;46;47;58;64;65;67;70;72;83;87
4,0,14,C/7,4,input_cluster,extra_trees,1.9259546080278984,2.319767795583734,{},,0;8;13;20;29;30;31;42;52;55;62;68;69;89,9;12;21;25;36;37;39;44;46;47;58;64;65;67;70;72;83;87
4,0,14,C/5,5,input_cluster,ridge_physics,1.46823247273763,1.8273185545167885,"{""alpha"": 0.1}",1.6952486038208008,0;8;13;20;29;30;31;42;52;55;62;68;69;89,9;12;21;25;36;37;39;44;46;47;58;64;65;67;70;72;83;87
4,0,14,C/5,5,input_cluster,ridge_source,2.130621168348524,2.512605884994717,"{""alpha"": 0.1}",2.1337746552058627,0;8;13;20;29;30;31;42;52;55;62;68;69;89,9;12;21;25;36;37;39;44;46;47;58;64;65;67;70;72;83;87
4,0,14,C/5,5,input_cluster,ridge_input,2.617120530870226,3.5346376254605367,"{""alpha"": 10.0}",5.28648465020316,0;8;13;20;29;30;31;42;52;55;62;68;69;89,9;12;21;25;36;37;39;44;46;47;58;64;65;67;70;72;83;87
4,0,14,C/5,5,input_cluster,krr_rbf,1.869945102267795,2.1981530192671506,"{""alpha"": 0.1, ""gamma"": 0.05}",4.630298342023577,0;8;13;20;29;30;31;42;52;55;62;68;69;89,9;12;21;25;36;37;39;44;46;47;58;64;65;67;70;72;83;87
4,0,14,C/5,5,input_cluster,svr_rbf,1.66307873626061,1.9865138394050224,"{""C"": 100.0, ""epsilon"": 1.0}",4.488143309562301,0;8;13;20;29;30;31;42;52;55;62;68;69;89,9;12;21;25;36;37;39;44;46;47;58;64;65;67;70;72;83;87
4,0,14,C/5,5,input_cluster,gp_rbf,1.9368711280975344,2.2763444287467256,"{""alpha"": 1.0, ""length"": 3.0}",5.373856600157508,0;8;13;20;29;30;31;42;52;55;62;68;69;89,9;12;21;25;36;37;39;44;46;47;58;64;65;67;70;72;83;87
4,0,14,C/5,5,input_cluster,catboost,2.868519487292125,4.082663623888055,{},,0;8;13;20;29;30;31;42;52;55;62;68;69;89,9;12;21;25;36;37;39;44;46;47;58;64;65;67;70;72;83;87
4,0,14,C/5,5,input_cluster,xgboost,2.755094740125868,4.469650751412182,{},,0;8;13;20;29;30;31;42;52;55;62;68;69;89,9;12;21;25;36;37;39;44;46;47;58;64;65;67;70;72;83;87
4,0,14,C/5,5,input_cluster,extra_trees,1.9512381043068328,2.3631356608868783,{},,0;8;13;20;29;30;31;42;52;55;62;68;69;89,9;12;21;25;36;37;39;44;46;47;58;64;65;67;70;72;83;87
4,1,14,C/80,0,random,ridge_physics,2.1098141140407987,2.6716256139153978,"{""alpha"": 0.1}",2.3995554447174072,0;2;3;8;30;32;40;48;51;57;61;69;73;81,9;12;21;25;36;37;39;44;46;47;58;64;65;67;70;72;83;87
4,1,14,C/80,0,random,ridge_source,2.439059787326389,3.157086394271887,"{""alpha"": 1.0}",2.469971554619925,0;2;3;8;30;32;40;48;51;57;61;69;73;81,9;12;21;25;36;37;39;44;46;47;58;64;65;67;70;72;83;87
4,1,14,C/80,0,random,ridge_input,2.517681121826172,3.036248049829642,"{""alpha"": 0.1}",3.933261258261545,0;2;3;8;30;32;40;48;51;57;61;69;73;81,9;12;21;25;36;37;39;44;46;47;58;64;65;67;70;72;83;87
4,1,14,C/80,0,random,krr_rbf,2.0601993136935763,2.5785724901277267,"{""alpha"": 0.1, ""gamma"": 0.05}",3.3537987300327847,0;2;3;8;30;32;40;48;51;57;61;69;73;81,9;12;21;25;36;37;39;44;46;47;58;64;65;67;70;72;83;87
4,1,14,C/80,0,random,svr_rbf,2.168771433517364,2.8412404648579166,"{""C"": 100.0, ""epsilon"": 1.0}",4.164841865707509,0;2;3;8;30;32;40;48;51;57;61;69;73;81,9;12;21;25;36;37;39;44;46;47;58;64;65;67;70;72;83;87
4,1,14,C/80,0,random,gp_rbf,2.160963457355512,2.6883331656727263,"{""alpha"": 1.0, ""length"": 3.0}",3.6992770864260174,0;2;3;8;30;32;40;48;51;57;61;69;73;81,9;12;21;25;36;37;39;44;46;47;58;64;65;67;70;72;83;87
4,1,14,C/80,0,random,catboost,2.744583425858903,3.9714569350981614,{},,0;2;3;8;30;32;40;48;51;57;61;69;73;81,9;12;21;25;36;37;39;44;46;47;58;64;65;67;70;72;83;87
4,1,14,C/80,0,random,xgboost,2.9195357428656683,4.371017021334811,{},,0;2;3;8;30;32;40;48;51;57;61;69;73;81,9;12;21;25;36;37;39;44;46;47;58;64;65;67;70;72;83;87
4,1,14,C/80,0,random,extra_trees,2.4313159752775118,3.0359275126050966,{},,0;2;3;8;30;32;40;48;51;57;61;69;73;81,9;12;21;25;36;37;39;44;46;47;58;64;65;67;70;72;83;87
4,1,14,C/40,1,random,ridge_physics,1.6164919535319011,2.0580221109544987,"{""alpha"": 0.1}",1.615588699068342,0;2;3;8;30;32;40;48;51;57;61;69;73;81,9;12;21;25;36;37;39;44;46;47;58;64;65;67;70;72;83;87
4,1,14,C/40,1,random,ridge_source,2.19453854031033,2.722390122230961,"{""alpha"": 1.0}",1.8657501425061904,0;2;3;8;30;32;40;48;51;57;61;69;73;81,9;12;21;25;36;37;39;44;46;47;58;64;65;67;70;72;83;87
4,1,14,C/40,1,random,ridge_input,1.966416252983941,2.554127080870351,"{""alpha"": 0.1}",3.561703511646816,0;2;3;8;30;32;40;48;51;57;61;69;73;81,9;12;21;25;36;37;39;44;46;47;58;64;65;67;70;72;83;87
4,1,14,C/40,1,random,krr_rbf,1.8818965488009984,2.2662980513618107,"{""alpha"": 0.1, ""gamma"": 0.05}",2.570871991770608,0;2;3;8;30;32;40;48;51;57;61;69;73;81,9;12;21;25;36;37;39;44;46;47;58;64;65;67;70;72;83;87
4,1,14,C/40,1,random,svr_rbf,1.6812611598519829,2.1769976510958946,"{""C"": 100.0, ""epsilon"": 1.0}",2.616750655876108,0;2;3;8;30;32;40;48;51;57;61;69;73;81,9;12;21;25;36;37;39;44;46;47;58;64;65;67;70;72;83;87
4,1,14,C/40,1,random,gp_rbf,1.987953709030272,2.376242781104926,"{""alpha"": 1.0, ""length"": 3.0}",2.948197772248864,0;2;3;8;30;32;40;48;51;57;61;69;73;81,9;12;21;25;36;37;39;44;46;47;58;64;65;67;70;72;83;87
4,1,14,C/40,1,random,catboost,2.552761225299834,3.504650413381172,{},,0;2;3;8;30;32;40;48;51;57;61;69;73;81,9;12;21;25;36;37;39;44;46;47;58;64;65;67;70;72;83;87
4,1,14,C/40,1,random,xgboost,2.486502753363715,4.004892700847329,{},,0;2;3;8;30;32;40;48;51;57;61;69;73;81,9;12;21;25;36;37;39;44;46;47;58;64;65;67;70;72;83;87
4,1,14,C/40,1,random,extra_trees,1.988626306145281,2.54234369561142,{},,0;2;3;8;30;32;40;48;51;57;61;69;73;81,9;12;21;25;36;37;39;44;46;47;58;64;65;67;70;72;83;87
4,1,14,0.05A,2,random,ridge_physics,2.287417941623264,2.8663032841703027,"{""alpha"": 0.1}",2.6352769477026805,0;2;3;8;30;32;40;48;51;57;61;69;73;81,9;12;21;25;36;37;39;44;46;47;58;64;65;67;70;72;83;87
4,1,14,0.05A,2,random,ridge_source,2.6370307074652777,3.3833634230012035,"{""alpha"": 1.0}",2.815972668784005,0;2;3;8;30;32;40;48;51;57;61;69;73;81,9;12;21;25;36;37;39;44;46;47;58;64;65;67;70;72;83;87
4,1,14,0.05A,2,random,ridge_input,2.7088356018066406,3.176587714012776,"{""alpha"": 0.1}",3.9268224920545305,0;2;3;8;30;32;40;48;51;57;61;69;73;81,9;12;21;25;36;37;39;44;46;47;58;64;65;67;70;72;83;87
4,1,14,0.05A,2,random,krr_rbf,2.1252513461642795,2.693246918036515,"{""alpha"": 0.1, ""gamma"": 0.05}",3.5574954407555714,0;2;3;8;30;32;40;48;51;57;61;69;73;81,9;12;21;25;36;37;39;44;46;47;58;64;65;67;70;72;83;87
4,1,14,0.05A,2,random,svr_rbf,2.310406474446525,2.986894039908288,"{""C"": 100.0, ""epsilon"": 1.0}",4.324712783002676,0;2;3;8;30;32;40;48;51;57;61;69;73;81,9;12;21;25;36;37;39;44;46;47;58;64;65;67;70;72;83;87
4,1,14,0.05A,2,random,gp_rbf,2.222047647068486,2.7985637011474847,"{""alpha"": 1.0, ""length"": 3.0}",3.884967222918386,0;2;3;8;30;32;40;48;51;57;61;69;73;81,9;12;21;25;36;37;39;44;46;47;58;64;65;67;70;72;83;87
4,1,14,0.05A,2,random,catboost,2.8773949035534847,4.044725382381007,{},,0;2;3;8;30;32;40;48;51;57;61;69;73;81,9;12;21;25;36;37;39;44;46;47;58;64;65;67;70;72;83;87
4,1,14,0.05A,2,random,xgboost,3.000537872314453,4.433256367346887,{},,0;2;3;8;30;32;40;48;51;57;61;69;73;81,9;12;21;25;36;37;39;44;46;47;58;64;65;67;70;72;83;87
4,1,14,0.05A,2,random,extra_trees,2.570362091064452,3.1661764735715323,{},,0;2;3;8;30;32;40;48;51;57;61;69;73;81,9;12;21;25;36;37;39;44;46;47;58;64;65;67;70;72;83;87
4,1,14,C/10,3,random,ridge_physics,1.493507809109158,1.823400142548545,"{""alpha"": 0.1}",1.0728189604622975,0;2;3;8;30;32;40;48;51;57;61;69;73;81,9;12;21;25;36;37;39;44;46;47;58;64;65;67;70;72;83;87
4,1,14,C/10,3,random,ridge_source,2.1595353020562067,2.569847391498016,"{""alpha"": 0.1}",1.7996674265180317,0;2;3;8;30;32;40;48;51;57;61;69;73;81,9;12;21;25;36;37;39;44;46;47;58;64;65;67;70;72;83;87
4,1,14,C/10,3,random,ridge_input,1.752288818359375,2.332118096955441,"{""alpha"": 0.1}",3.5997700691223145,0;2;3;8;30;32;40;48;51;57;61;69;73;81,9;12;21;25;36;37;39;44;46;47;58;64;65;67;70;72;83;87
4,1,14,C/10,3,random,krr_rbf,1.8964856465657551,2.234315431282199,"{""alpha"": 0.1, ""gamma"": 0.05}",2.43069669178554,0;2;3;8;30;32;40;48;51;57;61;69;73;81,9;12;21;25;36;37;39;44;46;47;58;64;65;67;70;72;83;87
4,1,14,C/10,3,random,svr_rbf,1.591651226346843,1.9167071282444184,"{""C"": 100.0, ""epsilon"": 1.0}",2.400734708339766,0;2;3;8;30;32;40;48;51;57;61;69;73;81,9;12;21;25;36;37;39;44;46;47;58;64;65;67;70;72;83;87
4,1,14,C/10,3,random,gp_rbf,2.001519381749107,2.3349224411165275,"{""alpha"": 1.0, ""length"": 3.0}",2.866200524041595,0;2;3;8;30;32;40;48;51;57;61;69;73;81,9;12;21;25;36;37;39;44;46;47;58;64;65;67;70;72;83;87
4,1,14,C/10,3,random,catboost,2.6004134647925423,3.413245060780941,{},,0;2;3;8;30;32;40;48;51;57;61;69;73;81,9;12;21;25;36;37;39;44;46;47;58;64;65;67;70;72;83;87
4,1,14,C/10,3,random,xgboost,2.4082955254448786,3.912961846102035,{},,0;2;3;8;30;32;40;48;51;57;61;69;73;81,9;12;21;25;36;37;39;44;46;47;58;64;65;67;70;72;83;87
4,1,14,C/10,3,random,extra_trees,1.9294069987756244,2.4147498023947063,{},,0;2;3;8;30;32;40;48;51;57;61;69;73;81,9;12;21;25;36;37;39;44;46;47;58;64;65;67;70;72;83;87
4,1,14,C/7,4,random,ridge_physics,1.5106035868326824,1.809890178172128,"{""alpha"": 0.1}",1.036144460950579,0;2;3;8;30;32;40;48;51;57;61;69;73;81,9;12;21;25;36;37;39;44;46;47;58;64;65;67;70;72;83;87
4,1,14,C/7,4,random,ridge_source,2.204211764865452,2.619348326253032,"{""alpha"": 0.1}",1.9141157354627336,0;2;3;8;30;32;40;48;51;57;61;69;73;81,9;12;21;25;36;37;39;44;46;47;58;64;65;67;70;72;83;87
4,1,14,C/7,4,random,ridge_input,1.708677503797743,2.280553326037696,"{""alpha"": 0.1}",3.659292459487915,0;2;3;8;30;32;40;48;51;57;61;69;73;81,9;12;21;25;36;37;39;44;46;47;58;64;65;67;70;72;83;87
4,1,14,C/7,4,random,krr_rbf,1.8894983927408853,2.2323688413546563,"{""alpha"": 0.1, ""gamma"": 0.05}",2.4641826323100497,0;2;3;8;30;32;40;48;51;57;61;69;73;81,9;12;21;25;36;37;39;44;46;47;58;64;65;67;70;72;83;87
4,1,14,C/7,4,random,svr_rbf,1.6060891313227568,1.9376619375044848,"{""C"": 100.0, ""epsilon"": 1.0}",2.449690620028976,0;2;3;8;30;32;40;48;51;57;61;69;73;81,9;12;21;25;36;37;39;44;46;47;58;64;65;67;70;72;83;87
4,1,14,C/7,4,random,gp_rbf,1.992493636444479,2.329703834026273,"{""alpha"": 1.0, ""length"": 3.0}",2.889652043499331,0;2;3;8;30;32;40;48;51;57;61;69;73;81,9;12;21;25;36;37;39;44;46;47;58;64;65;67;70;72;83;87
4,1,14,C/7,4,random,catboost,2.603249198579469,3.4161465734784096,{},,0;2;3;8;30;32;40;48;51;57;61;69;73;81,9;12;21;25;36;37;39;44;46;47;58;64;65;67;70;72;83;87
4,1,14,C/7,4,random,xgboost,2.423722161187066,3.905562060203748,{},,0;2;3;8;30;32;40;48;51;57;61;69;73;81,9;12;21;25;36;37;39;44;46;47;58;64;65;67;70;72;83;87
4,1,14,C/7,4,random,extra_trees,1.934473620962213,2.4315599393992704,{},,0;2;3;8;30;32;40;48;51;57;61;69;73;81,9;12;21;25;36;37;39;44;46;47;58;64;65;67;70;72;83;87
4,1,14,C/5,5,random,ridge_physics,1.5301568773057723,1.8083270782005572,"{""alpha"": 0.1}",1.020789963858468,0;2;3;8;30;32;40;48;51;57;61;69;73;81,9;12;21;25;36;37;39;44;46;47;58;64;65;67;70;72;83;87
4,1,14,C/5,5,random,ridge_source,2.258552975124783,2.695732063324298,"{""alpha"": 0.1}",2.0737858159201488,0;2;3;8;30;32;40;48;51;57;61;69;73;81,9;12;21;25;36;37;39;44;46;47;58;64;65;67;70;72;83;87
4,1,14,C/5,5,random,ridge_input,1.6775021023220489,2.23390976566199,"{""alpha"": 0.1}",3.692366327558245,0;2;3;8;30;32;40;48;51;57;61;69;73;81,9;12;21;25;36;37;39;44;46;47;58;64;65;67;70;72;83;87
4,1,14,C/5,5,random,krr_rbf,1.8851352267795136,2.23674527964498,"{""alpha"": 0.1, ""gamma"": 0.05}",2.4987992474011014,0;2;3;8;30;32;40;48;51;57;61;69;73;81,9;12;21;25;36;37;39;44;46;47;58;64;65;67;70;72;83;87
4,1,14,C/5,5,random,svr_rbf,1.5057220346963602,1.8295681347032808,"{""C"": 100.0, ""epsilon"": 0.2}",2.444205126372073,0;2;3;8;30;32;40;48;51;57;61;69;73;81,9;12;21;25;36;37;39;44;46;47;58;64;65;67;70;72;83;87
4,1,14,C/5,5,random,gp_rbf,1.986849292480456,2.3341969717390354,"{""alpha"": 1.0, ""length"": 3.0}",2.919129514278013,0;2;3;8;30;32;40;48;51;57;61;69;73;81,9;12;21;25;36;37;39;44;46;47;58;64;65;67;70;72;83;87
4,1,14,C/5,5,random,catboost,2.6282617798626333,3.4460170672621664,{},,0;2;3;8;30;32;40;48;51;57;61;69;73;81,9;12;21;25;36;37;39;44;46;47;58;64;65;67;70;72;83;87
4,1,14,C/5,5,random,xgboost,2.4522679646809897,3.9208318037352057,{},,0;2;3;8;30;32;40;48;51;57;61;69;73;81,9;12;21;25;36;37;39;44;46;47;58;64;65;67;70;72;83;87
4,1,14,C/5,5,random,extra_trees,1.954436828295391,2.457488372811717,{},,0;2;3;8;30;32;40;48;51;57;61;69;73;81,9;12;21;25;36;37;39;44;46;47;58;64;65;67;70;72;83;87
4,1,14,C/80,0,source_cluster,ridge_physics,2.768569098578559,3.447916334550268,"{""alpha"": 1.0}",2.3464597293308804,1;8;11;20;29;38;50;51;62;63;66;85;89;90,9;12;21;25;36;37;39;44;46;47;58;64;65;67;70;72;83;87
4,1,14,C/80,0,source_cluster,ridge_source,2.768674638536241,3.470095293783751,"{""alpha"": 1.0}",2.578658717019217,1;8;11;20;29;38;50;51;62;63;66;85;89;90,9;12;21;25;36;37;39;44;46;47;58;64;65;67;70;72;83;87
4,1,14,C/80,0,source_cluster,ridge_input,3.2254876030815973,4.390250210344327,"{""alpha"": 10.0}",6.510366269520351,1;8;11;20;29;38;50;51;62;63;66;85;89;90,9;12;21;25;36;37;39;44;46;47;58;64;65;67;70;72;83;87
4,1,14,C/80,0,source_cluster,krr_rbf,2.9034207661946616,3.5894173247545296,"{""alpha"": 0.1, ""gamma"": 0.05}",4.762056027139936,1;8;11;20;29;38;50;51;62;63;66;85;89;90,9;12;21;25;36;37;39;44;46;47;58;64;65;67;70;72;83;87
4,1,14,C/80,0,source_cluster,svr_rbf,2.5611762835400325,3.215979738455053,"{""C"": 100.0, ""epsilon"": 0.2}",4.939240084224378,1;8;11;20;29;38;50;51;62;63;66;85;89;90,9;12;21;25;36;37;39;44;46;47;58;64;65;67;70;72;83;87
4,1,14,C/80,0,source_cluster,gp_rbf,2.9458958543069897,3.617297028285978,"{""alpha"": 1.0, ""length"": 3.0}",5.116298205582445,1;8;11;20;29;38;50;51;62;63;66;85;89;90,9;12;21;25;36;37;39;44;46;47;58;64;65;67;70;72;83;87
4,1,14,C/80,0,source_cluster,catboost,4.192774043104733,5.127461537100672,{},,1;8;11;20;29;38;50;51;62;63;66;85;89;90,9;12;21;25;36;37;39;44;46;47;58;64;65;67;70;72;83;87
4,1,14,C/80,0,source_cluster,xgboost,3.652329338921441,5.2925043053026,{},,1;8;11;20;29;38;50;51;62;63;66;85;89;90,9;12;21;25;36;37;39;44;46;47;58;64;65;67;70;72;83;87
4,1,14,C/80,0,source_cluster,extra_trees,2.933287057838742,3.534209828001233,{},,1;8;11;20;29;38;50;51;62;63;66;85;89;90,9;12;21;25;36;37;39;44;46;47;58;64;65;67;70;72;83;87
4,1,14,C/40,1,source_cluster,ridge_physics,1.831133524576823,2.4149052818481613,"{""alpha"": 0.1}",2.032607214791434,1;8;11;20;29;38;50;51;62;63;66;85;89;90,9;12;21;25;36;37;39;44;46;47;58;64;65;67;70;72;83;87
4,1,14,C/40,1,source_cluster,ridge_source,2.218103196885851,2.7589645159692617,"{""alpha"": 1.0}",2.235611268452236,1;8;11;20;29;38;50;51;62;63;66;85;89;90,9;12;21;25;36;37;39;44;46;47;58;64;65;67;70;72;83;87
4,1,14,C/40,1,source_cluster,ridge_input,2.8942468431260853,4.164771709686341,"{""alpha"": 10.0}",6.542079363550458,1;8;11;20;29;38;50;51;62;63;66;85;89;90,9;12;21;25;36;37;39;44;46;47;58;64;65;67;70;72;83;87
4,1,14,C/40,1,source_cluster,krr_rbf,2.104691399468316,2.7072866311964043,"{""alpha"": 0.1, ""gamma"": 0.05}",4.712525750909533,1;8;11;20;29;38;50;51;62;63;66;85;89;90,9;12;21;25;36;37;39;44;46;47;58;64;65;67;70;72;83;87
4,1,14,C/40,1,source_cluster,svr_rbf,1.695169680486857,2.2890635748947084,"{""C"": 100.0, ""epsilon"": 0.2}",4.645197256241949,1;8;11;20;29;38;50;51;62;63;66;85;89;90,9;12;21;25;36;37;39;44;46;47;58;64;65;67;70;72;83;87
4,1,14,C/40,1,source_cluster,gp_rbf,2.207042134638286,2.784348672601693,"{""alpha"": 1.0, ""length"": 3.0}",5.0039467931033546,1;8;11;20;29;38;50;51;62;63;66;85;89;90,9;12;21;25;36;37;39;44;46;47;58;64;65;67;70;72;83;87
4,1,14,C/40,1,source_cluster,catboost,3.031158130833264,4.045383805363918,{},,1;8;11;20;29;38;50;51;62;63;66;85;89;90,9;12;21;25;36;37;39;44;46;47;58;64;65;67;70;72;83;87
4,1,14,C/40,1,source_cluster,xgboost,2.8155687120225696,4.493353762304482,{},,1;8;11;20;29;38;50;51;62;63;66;85;89;90,9;12;21;25;36;37;39;44;46;47;58;64;65;67;70;72;83;87
4,1,14,C/40,1,source_cluster,extra_trees,2.141218014116641,2.5995478077110614,{},,1;8;11;20;29;38;50;51;62;63;66;85;89;90,9;12;21;25;36;37;39;44;46;47;58;64;65;67;70;72;83;87
4,1,14,0.05A,2,source_cluster,ridge_physics,2.994697994656033,3.6979597781930216,"{""alpha"": 1.0}",2.471955980573381,1;8;11;20;29;38;50;51;62;63;66;85;89;90,9;12;21;25;36;37;39;44;46;47;58;64;65;67;70;72;83;87
4,1,14,0.05A,2,source_cluster,ridge_source,3.006367577446832,3.701250215890923,"{""alpha"": 1.0}",2.6402331250054494,1;8;11;20;29;38;50;51;62;63;66;85;89;90,9;12;21;25;36;37;39;44;46;47;58;64;65;67;70;72;83;87
4,1,14,0.05A,2,source_cluster,ridge_input,3.2966842651367188,4.42578638587724,"{""alpha"": 10.0}",6.44217232295445,1;8;11;20;29;38;50;51;62;63;66;85;89;90,9;12;21;25;36;37;39;44;46;47;58;64;65;67;70;72;83;87
4,1,14,0.05A,2,source_cluster,krr_rbf,3.1422831217447915,3.849116251044943,"{""alpha"": 0.1, ""gamma"": 0.05}",4.812907346657345,1;8;11;20;29;38;50;51;62;63;66;85;89;90,9;12;21;25;36;37;39;44;46;47;58;64;65;67;70;72;83;87
4,1,14,0.05A,2,source_cluster,svr_rbf,2.477571549000308,3.172339569269544,"{""C"": 100.0, ""epsilon"": 1.0}",5.055172731909386,1;8;11;20;29;38;50;51;62;63;66;85;89;90,9;12;21;25;36;37;39;44;46;47;58;64;65;67;70;72;83;87
4,1,14,0.05A,2,source_cluster,gp_rbf,3.180301145664577,3.863113614552148,"{""alpha"": 1.0, ""length"": 3.0}",5.169733258002275,1;8;11;20;29;38;50;51;62;63;66;85;89;90,9;12;21;25;36;37;39;44;46;47;58;64;65;67;70;72;83;87
4,1,14,0.05A,2,source_cluster,catboost,4.400984811001385,5.352147047815994,{},,1;8;11;20;29;38;50;51;62;63;66;85;89;90,9;12;21;25;36;37;39;44;46;47;58;64;65;67;70;72;83;87
4,1,14,0.05A,2,source_cluster,xgboost,3.9072240193684897,5.508319795700024,{},,1;8;11;20;29;38;50;51;62;63;66;85;89;90,9;12;21;25;36;37;39;44;46;47;58;64;65;67;70;72;83;87
4,1,14,0.05A,2,source_cluster,extra_trees,3.1721831401189187,3.8218089793914576,{},,1;8;11;20;29;38;50;51;62;63;66;85;89;90,9;12;21;25;36;37;39;44;46;47;58;64;65;67;70;72;83;87
4,1,14,C/10,3,source_cluster,ridge_physics,1.6099060906304254,1.9473351673521344,"{""alpha"": 0.1}",1.832200186593192,1;8;11;20;29;38;50;51;62;63;66;85;89;90,9;12;21;25;36;37;39;44;46;47;58;64;65;67;70;72;83;87
4,1,14,C/10,3,source_cluster,ridge_source,1.8366940816243489,2.2897250310933708,"{""alpha"": 0.1}",2.281662975038801,1;8;11;20;29;38;50;51;62;63;66;85;89;90,9;12;21;25;36;37;39;44;46;47;58;64;65;67;70;72;83;87
4,1,14,C/10,3,source_cluster,ridge_input,3.07655758327908,4.100517561242671,"{""alpha"": 10.0}",5.850987366267613,1;8;11;20;29;38;50;51;62;63;66;85;89;90,9;12;21;25;36;37;39;44;46;47;58;64;65;67;70;72;83;87
4,1,14,C/10,3,source_cluster,krr_rbf,1.9813334147135415,2.4211224412438104,"{""alpha"": 0.1, ""gamma"": 0.05}",5.135297494275229,1;8;11;20;29;38;50;51;62;63;66;85;89;90,9;12;21;25;36;37;39;44;46;47;58;64;65;67;70;72;83;87
4,1,14,C/10,3,source_cluster,svr_rbf,1.5805556287198153,2.0027858835062755,"{""C"": 100.0, ""epsilon"": 0.2}",4.85072426927412,1;8;11;20;29;38;50;51;62;63;66;85;89;90,9;12;21;25;36;37;39;44;46;47;58;64;65;67;70;72;83;87
4,1,14,C/10,3,source_cluster,gp_rbf,2.082810629594311,2.503727958863287,"{""alpha"": 1.0, ""length"": 3.0}",5.306470940384619,1;8;11;20;29;38;50;51;62;63;66;85;89;90,9;12;21;25;36;37;39;44;46;47;58;64;65;67;70;72;83;87
4,1,14,C/10,3,source_cluster,catboost,2.68519220445599,3.660998371306136,{},,1;8;11;20;29;38;50;51;62;63;66;85;89;90,9;12;21;25;36;37;39;44;46;47;58;64;65;67;70;72;83;87
4,1,14,C/10,3,source_cluster,xgboost,2.547520955403646,4.231458847488464,{},,1;8;11;20;29;38;50;51;62;63;66;85;89;90,9;12;21;25;36;37;39;44;46;47;58;64;65;67;70;72;83;87
4,1,14,C/10,3,source_cluster,extra_trees,2.0246138987465514,2.4188447477592008,{},,1;8;11;20;29;38;50;51;62;63;66;85;89;90,9;12;21;25;36;37;39;44;46;47;58;64;65;67;70;72;83;87
4,1,14,C/7,4,source_cluster,ridge_physics,1.6119812859429254,1.913084824265203,"{""alpha"": 0.1}",1.9269113881247384,1;8;11;20;29;38;50;51;62;63;66;85;89;90,9;12;21;25;36;37;39;44;46;47;58;64;65;67;70;72;83;87
4,1,14,C/7,4,source_cluster,ridge_source,1.8950055440266929,2.3126781417148563,"{""alpha"": 0.1}",2.4174517563411166,1;8;11;20;29;38;50;51;62;63;66;85;89;90,9;12;21;25;36;37;39;44;46;47;58;64;65;67;70;72;83;87
4,1,14,C/7,4,source_cluster,ridge_input,3.050239986843533,4.039363608957759,"{""alpha"": 10.0}",5.765920877456665,1;8;11;20;29;38;50;51;62;63;66;85;89;90,9;12;21;25;36;37;39;44;46;47;58;64;65;67;70;72;83;87
4,1,14,C/7,4,source_cluster,krr_rbf,1.97993893093533,2.4140738053896853,"{""alpha"": 0.1, ""gamma"": 0.05}",5.223177569253104,1;8;11;20;29;38;50;51;62;63;66;85;89;90,9;12;21;25;36;37;39;44;46;47;58;64;65;67;70;72;83;87
4,1,14,C/7,4,source_cluster,svr_rbf,1.5664387018930168,1.9513582393509024,"{""C"": 100.0, ""epsilon"": 0.2}",4.837871086568886,1;8;11;20;29;38;50;51;62;63;66;85;89;90,9;12;21;25;36;37;39;44;46;47;58;64;65;67;70;72;83;87
4,1,14,C/7,4,source_cluster,gp_rbf,2.0808863162910862,2.4890745275467907,"{""alpha"": 1.0, ""length"": 3.0}",5.378284882544329,1;8;11;20;29;38;50;51;62;63;66;85;89;90,9;12;21;25;36;37;39;44;46;47;58;64;65;67;70;72;83;87
4,1,14,C/7,4,source_cluster,catboost,2.658061629742388,3.620108799146608,{},,1;8;11;20;29;38;50;51;62;63;66;85;89;90,9;12;21;25;36;37;39;44;46;47;58;64;65;67;70;72;83;87
4,1,14,C/7,4,source_cluster,xgboost,2.55806138780382,4.22401829384753,{},,1;8;11;20;29;38;50;51;62;63;66;85;89;90,9;12;21;25;36;37;39;44;46;47;58;64;65;67;70;72;83;87
4,1,14,C/7,4,source_cluster,extra_trees,2.050879226342712,2.457244072090145,{},,1;8;11;20;29;38;50;51;62;63;66;85;89;90,9;12;21;25;36;37;39;44;46;47;58;64;65;67;70;72;83;87
4,1,14,C/5,5,source_cluster,ridge_physics,1.664065466986762,1.9162552666709864,"{""alpha"": 0.1}",1.9132365839821952,1;8;11;20;29;38;50;51;62;63;66;85;89;90,9;12;21;25;36;37;39;44;46;47;58;64;65;67;70;72;83;87
4,1,14,C/5,5,source_cluster,ridge_source,1.994487762451172,2.452293279803706,"{""alpha"": 1.0}",2.65521046093532,1;8;11;20;29;38;50;51;62;63;66;85;89;90,9;12;21;25;36;37;39;44;46;47;58;64;65;67;70;72;83;87
4,1,14,C/5,5,source_cluster,ridge_input,3.082363552517361,4.046641630209859,"{""alpha"": 10.0}",5.5645944731576105,1;8;11;20;29;38;50;51;62;63;66;85;89;90,9;12;21;25;36;37;39;44;46;47;58;64;65;67;70;72;83;87
4,1,14,C/5,5,source_cluster,krr_rbf,2.0141622755262585,2.423299126110232,"{""alpha"": 0.1, ""gamma"": 0.05}",5.331253400870732,1;8;11;20;29;38;50;51;62;63;66;85;89;90,9;12;21;25;36;37;39;44;46;47;58;64;65;67;70;72;83;87
4,1,14,C/5,5,source_cluster,svr_rbf,1.6270496721420982,1.9925713439722168,"{""C"": 100.0, ""epsilon"": 0.2}",4.965300981888116,1;8;11;20;29;38;50;51;62;63;66;85;89;90,9;12;21;25;36;37;39;44;46;47;58;64;65;67;70;72;83;87
4,1,14,C/5,5,source_cluster,gp_rbf,2.1121562852536147,2.5004597380605253,"{""alpha"": 1.0, ""length"": 3.0}",5.49372951982765,1;8;11;20;29;38;50;51;62;63;66;85;89;90,9;12;21;25;36;37;39;44;46;47;58;64;65;67;70;72;83;87
4,1,14,C/5,5,source_cluster,catboost,2.72431155654164,3.6885717394877098,{},,1;8;11;20;29;38;50;51;62;63;66;85;89;90,9;12;21;25;36;37;39;44;46;47;58;64;65;67;70;72;83;87
4,1,14,C/5,5,source_cluster,xgboost,2.566676245795356,4.236797571285021,{},,1;8;11;20;29;38;50;51;62;63;66;85;89;90,9;12;21;25;36;37;39;44;46;47;58;64;65;67;70;72;83;87
4,1,14,C/5,5,source_cluster,extra_trees,2.082721631533253,2.506958007526607,{},,1;8;11;20;29;38;50;51;62;63;66;85;89;90,9;12;21;25;36;37;39;44;46;47;58;64;65;67;70;72;83;87
4,1,14,C/80,0,physical_cluster,ridge_physics,2.4519661797417536,3.2046101813347736,"{""alpha"": 0.1}",1.8370591402053835,18;20;23;28;29;45;57;62;63;68;69;71;76;88,9;12;21;25;36;37;39;44;46;47;58;64;65;67;70;72;83;87
4,1,14,C/80,0,physical_cluster,ridge_source,2.80794440375434,3.516099657412142,"{""alpha"": 1.0}",1.5469926595687866,18;20;23;28;29;45;57;62;63;68;69;71;76;88,9;12;21;25;36;37;39;44;46;47;58;64;65;67;70;72;83;87
4,1,14,C/80,0,physical_cluster,ridge_input,4.33453369140625,5.113350630495682,"{""alpha"": 1.0}",4.076519216809954,18;20;23;28;29;45;57;62;63;68;69;71;76;88,9;12;21;25;36;37;39;44;46;47;58;64;65;67;70;72;83;87
4,1,14,C/80,0,physical_cluster,krr_rbf,2.606337653266059,3.414759984093981,"{""alpha"": 0.1, ""gamma"": 0.05}",4.12073905978884,18;20;23;28;29;45;57;62;63;68;69;71;76;88,9;12;21;25;36;37;39;44;46;47;58;64;65;67;70;72;83;87
4,1,14,C/80,0,physical_cluster,svr_rbf,2.8707323469992776,3.5224736216222783,"{""C"": 100.0, ""epsilon"": 0.2}",5.2072874153257205,18;20;23;28;29;45;57;62;63;68;69;71;76;88,9;12;21;25;36;37;39;44;46;47;58;64;65;67;70;72;83;87
4,1,14,C/80,0,physical_cluster,gp_rbf,2.6620586330247016,3.5223660062067617,"{""alpha"": 1.0, ""length"": 3.0}",4.472520733073627,18;20;23;28;29;45;57;62;63;68;69;71;76;88,9;12;21;25;36;37;39;44;46;47;58;64;65;67;70;72;83;87
4,1,14,C/80,0,physical_cluster,catboost,4.012702457156006,5.571185444787455,{},,18;20;23;28;29;45;57;62;63;68;69;71;76;88,9;12;21;25;36;37;39;44;46;47;58;64;65;67;70;72;83;87
4,1,14,C/80,0,physical_cluster,xgboost,3.862304263644748,5.87935029755786,{},,18;20;23;28;29;45;57;62;63;68;69;71;76;88,9;12;21;25;36;37;39;44;46;47;58;64;65;67;70;72;83;87
4,1,14,C/80,0,physical_cluster,extra_trees,2.965803365026201,4.159613088076319,{},,18;20;23;28;29;45;57;62;63;68;69;71;76;88,9;12;21;25;36;37;39;44;46;47;58;64;65;67;70;72;83;87
4,1,14,C/40,1,physical_cluster,ridge_physics,1.9028892517089844,2.4922533400167866,"{""alpha"": 0.1}",1.2078354358673096,18;20;23;28;29;45;57;62;63;68;69;71;76;88,9;12;21;25;36;37;39;44;46;47;58;64;65;67;70;72;83;87
4,1,14,C/40,1,physical_cluster,ridge_source,1.97188483344184,2.5509206561973223,"{""alpha"": 0.1}",1.124091352735247,18;20;23;28;29;45;57;62;63;68;69;71;76;88,9;12;21;25;36;37;39;44;46;47;58;64;65;67;70;72;83;87
4,1,14,C/40,1,physical_cluster,ridge_input,3.663996802435981,4.436307553996051,"{""alpha"": 1.0}",4.115851470402309,18;20;23;28;29;45;57;62;63;68;69;71;76;88,9;12;21;25;36;37;39;44;46;47;58;64;65;67;70;72;83;87
4,1,14,C/40,1,physical_cluster,krr_rbf,2.183560265435113,2.763306078733012,"{""alpha"": 0.1, ""gamma"": 0.05}",3.827442816325597,18;20;23;28;29;45;57;62;63;68;69;71;76;88,9;12;21;25;36;37;39;44;46;47;58;64;65;67;70;72;83;87
4,1,14,C/40,1,physical_cluster,svr_rbf,2.09002374840857,2.60240209725502,"{""C"": 100.0, ""epsilon"": 0.2}",4.732284444848925,18;20;23;28;29;45;57;62;63;68;69;71;76;88,9;12;21;25;36;37;39;44;46;47;58;64;65;67;70;72;83;87
4,1,14,C/40,1,physical_cluster,gp_rbf,2.2503727574542878,2.874179338583876,"{""alpha"": 1.0, ""length"": 3.0}",4.272780228478906,18;20;23;28;29;45;57;62;63;68;69;71;76;88,9;12;21;25;36;37;39;44;46;47;58;64;65;67;70;72;83;87
4,1,14,C/40,1,physical_cluster,catboost,3.54420271790085,5.047794910312145,{},,18;20;23;28;29;45;57;62;63;68;69;71;76;88,9;12;21;25;36;37;39;44;46;47;58;64;65;67;70;72;83;87
4,1,14,C/40,1,physical_cluster,xgboost,3.400475819905599,5.424900687648464,{},,18;20;23;28;29;45;57;62;63;68;69;71;76;88,9;12;21;25;36;37;39;44;46;47;58;64;65;67;70;72;83;87
4,1,14,C/40,1,physical_cluster,extra_trees,2.8152697501064816,3.757886093556842,{},,18;20;23;28;29;45;57;62;63;68;69;71;76;88,9;12;21;25;36;37;39;44;46;47;58;64;65;67;70;72;83;87
4,1,14,0.05A,2,physical_cluster,ridge_physics,2.700061374240452,3.426622660850364,"{""alpha"": 0.1}",1.9993399722235543,18;20;23;28;29;45;57;62;63;68;69;71;76;88,9;12;21;25;36;37;39;44;46;47;58;64;65;67;70;72;83;87
4,1,14,0.05A,2,physical_cluster,ridge_source,3.032616933186849,3.7269981711214353,"{""alpha"": 1.0}",1.5706359999520438,18;20;23;28;29;45;57;62;63;68;69;71;76;88,9;12;21;25;36;37;39;44;46;47;58;64;65;67;70;72;83;87
4,1,14,0.05A,2,physical_cluster,ridge_input,4.444535149468316,5.262676742708425,"{""alpha"": 1.0}",3.980359656470162,18;20;23;28;29;45;57;62;63;68;69;71;76;88,9;12;21;25;36;37;39;44;46;47;58;64;65;67;70;72;83;87
4,1,14,0.05A,2,physical_cluster,krr_rbf,2.789024353027344,3.5726111811846915,"{""alpha"": 0.1, ""gamma"": 0.05}",4.28304466179439,18;20;23;28;29;45;57;62;63;68;69;71;76;88,9;12;21;25;36;37;39;44;46;47;58;64;65;67;70;72;83;87
4,1,14,0.05A,2,physical_cluster,svr_rbf,3.139443803195541,3.822383024856496,"{""C"": 100.0, ""epsilon"": 0.2}",5.029583311957521,18;20;23;28;29;45;57;62;63;68;69;71;76;88,9;12;21;25;36;37;39;44;46;47;58;64;65;67;70;72;83;87
4,1,14,0.05A,2,physical_cluster,gp_rbf,2.848745971177125,3.682589637581093,"{""alpha"": 1.0, ""length"": 3.0}",4.606786950294717,18;20;23;28;29;45;57;62;63;68;69;71;76;88,9;12;21;25;36;37;39;44;46;47;58;64;65;67;70;72;83;87
4,1,14,0.05A,2,physical_cluster,catboost,4.103133160241235,5.623016815208192,{},,18;20;23;28;29;45;57;62;63;68;69;71;76;88,9;12;21;25;36;37;39;44;46;47;58;64;65;67;70;72;83;87
4,1,14,0.05A,2,physical_cluster,xgboost,4.03183110555013,5.968387061932916,{},,18;20;23;28;29;45;57;62;63;68;69;71;76;88,9;12;21;25;36;37;39;44;46;47;58;64;65;67;70;72;83;87
4,1,14,0.05A,2,physical_cluster,extra_trees,2.9606387784598787,4.147981525926942,{},,18;20;23;28;29;45;57;62;63;68;69;71;76;88,9;12;21;25;36;37;39;44;46;47;58;64;65;67;70;72;83;87
4,1,14,C/10,3,physical_cluster,ridge_physics,1.6596082051595051,2.0637019305725333,"{""alpha"": 0.1}",1.0211522919791085,18;20;23;28;29;45;57;62;63;68;69;71;76;88,9;12;21;25;36;37;39;44;46;47;58;64;65;67;70;72;83;87
4,1,14,C/10,3,physical_cluster,ridge_source,1.7994778951009114,2.204606658924783,"{""alpha"": 0.1}",1.2729171344212122,18;20;23;28;29;45;57;62;63;68;69;71;76;88,9;12;21;25;36;37;39;44;46;47;58;64;65;67;70;72;83;87
4,1,14,C/10,3,physical_cluster,ridge_input,3.191545698377821,4.38763328503381,"{""alpha"": 10.0}",3.9111951419285367,18;20;23;28;29;45;57;62;63;68;69;71;76;88,9;12;21;25;36;37;39;44;46;47;58;64;65;67;70;72;83;87
4,1,14,C/10,3,physical_cluster,krr_rbf,2.087269253200955,2.4994346424786174,"{""alpha"": 0.1, ""gamma"": 0.05}",4.108071399586541,18;20;23;28;29;45;57;62;63;68;69;71;76;88,9;12;21;25;36;37;39;44;46;47;58;64;65;67;70;72;83;87
4,1,14,C/10,3,physical_cluster,svr_rbf,2.0089455185931024,2.414897206829054,"{""C"": 100.0, ""epsilon"": 0.2}",5.321623774068414,18;20;23;28;29;45;57;62;63;68;69;71;76;88,9;12;21;25;36;37;39;44;46;47;58;64;65;67;70;72;83;87
4,1,14,C/10,3,physical_cluster,gp_rbf,2.150483246154391,2.5888588210257355,"{""alpha"": 1.0, ""length"": 3.0}",4.646777791892128,18;20;23;28;29;45;57;62;63;68;69;71;76;88,9;12;21;25;36;37;39;44;46;47;58;64;65;67;70;72;83;87
4,1,14,C/10,3,physical_cluster,catboost,3.5777153860623105,4.97372613407972,{},,18;20;23;28;29;45;57;62;63;68;69;71;76;88,9;12;21;25;36;37;39;44;46;47;58;64;65;67;70;72;83;87
4,1,14,C/10,3,physical_cluster,xgboost,3.332319895426432,5.306821518859875,{},,18;20;23;28;29;45;57;62;63;68;69;71;76;88,9;12;21;25;36;37;39;44;46;47;58;64;65;67;70;72;83;87
4,1,14,C/10,3,physical_cluster,extra_trees,2.8607439106145645,3.643122535004949,{},,18;20;23;28;29;45;57;62;63;68;69;71;76;88,9;12;21;25;36;37;39;44;46;47;58;64;65;67;70;72;83;87
4,1,14,C/7,4,physical_cluster,ridge_physics,1.6488444010416667,2.013259116812261,"{""alpha"": 0.1}",1.039353336606707,18;20;23;28;29;45;57;62;63;68;69;71;76;88,9;12;21;25;36;37;39;44;46;47;58;64;65;67;70;72;83;87
4,1,14,C/7,4,physical_cluster,ridge_source,1.862362755669488,2.2226703637387057,"{""alpha"": 0.1}",1.4528402260371618,18;20;23;28;29;45;57;62;63;68;69;71;76;88,9;12;21;25;36;37;39;44;46;47;58;64;65;67;70;72;83;87
4,1,14,C/7,4,physical_cluster,ridge_input,3.183883243136936,4.321073085812122,"{""alpha"": 10.0}",3.913451739719936,18;20;23;28;29;45;57;62;63;68;69;71;76;88,9;12;21;25;36;37;39;44;46;47;58;64;65;67;70;72;83;87
4,1,14,C/7,4,physical_cluster,krr_rbf,2.081917232937283,2.4616020793672275,"{""alpha"": 0.1, ""gamma"": 0.05}",4.192960091999599,18;20;23;28;29;45;57;62;63;68;69;71;76;88,9;12;21;25;36;37;39;44;46;47;58;64;65;67;70;72;83;87
4,1,14,C/7,4,physical_cluster,svr_rbf,1.9477731396777933,2.316515618517302,"{""C"": 100.0, ""epsilon"": 0.2}",5.69824044281983,18;20;23;28;29;45;57;62;63;68;69;71;76;88,9;12;21;25;36;37;39;44;46;47;58;64;65;67;70;72;83;87
4,1,14,C/7,4,physical_cluster,gp_rbf,2.1439827592346368,2.5421979029109147,"{""alpha"": 1.0, ""length"": 3.0}",4.77225262757556,18;20;23;28;29;45;57;62;63;68;69;71;76;88,9;12;21;25;36;37;39;44;46;47;58;64;65;67;70;72;83;87
4,1,14,C/7,4,physical_cluster,catboost,3.5676889644817416,4.955296164424435,{},,18;20;23;28;29;45;57;62;63;68;69;71;76;88,9;12;21;25;36;37;39;44;46;47;58;64;65;67;70;72;83;87
4,1,14,C/7,4,physical_cluster,xgboost,3.371773613823785,5.310725755550492,{},,18;20;23;28;29;45;57;62;63;68;69;71;76;88,9;12;21;25;36;37;39;44;46;47;58;64;65;67;70;72;83;87
4,1,14,C/7,4,physical_cluster,extra_trees,2.8704154580831536,3.630972698531691,{},,18;20;23;28;29;45;57;62;63;68;69;71;76;88,9;12;21;25;36;37;39;44;46;47;58;64;65;67;70;72;83;87
4,1,14,C/5,5,physical_cluster,ridge_physics,1.653688218858507,1.967101274168501,"{""alpha"": 0.1}",1.1397903306143624,18;20;23;28;29;45;57;62;63;68;69;71;76;88,9;12;21;25;36;37;39;44;46;47;58;64;65;67;70;72;83;87
4,1,14,C/5,5,physical_cluster,ridge_source,1.9213231404622395,2.256061907597292,"{""alpha"": 0.1}",1.7071684428623743,18;20;23;28;29;45;57;62;63;68;69;71;76;88,9;12;21;25;36;37;39;44;46;47;58;64;65;67;70;72;83;87
4,1,14,C/5,5,physical_cluster,ridge_input,3.1894679599338107,4.322257557128447,"{""alpha"": 10.0}",3.88110021182469,18;20;23;28;29;45;57;62;63;68;69;71;76;88,9;12;21;25;36;37;39;44;46;47;58;64;65;67;70;72;83;87
4,1,14,C/5,5,physical_cluster,krr_rbf,2.100757598876953,2.4577529192486898,"{""alpha"": 0.1, ""gamma"": 0.05}",4.43862520796912,18;20;23;28;29;45;57;62;63;68;69;71;76;88,9;12;21;25;36;37;39;44;46;47;58;64;65;67;70;72;83;87
4,1,14,C/5,5,physical_cluster,svr_rbf,1.978648049972074,2.320984808999732,"{""C"": 100.0, ""epsilon"": 0.2}",5.758850336586805,18;20;23;28;29;45;57;62;63;68;69;71;76;88,9;12;21;25;36;37;39;44;46;47;58;64;65;67;70;72;83;87
4,1,14,C/5,5,physical_cluster,gp_rbf,2.1621590724080644,2.534733721023355,"{""alpha"": 1.0, ""length"": 3.0}",5.032538229424614,18;20;23;28;29;45;57;62;63;68;69;71;76;88,9;12;21;25;36;37;39;44;46;47;58;64;65;67;70;72;83;87
4,1,14,C/5,5,physical_cluster,catboost,3.6937650899951446,5.054401359893563,{},,18;20;23;28;29;45;57;62;63;68;69;71;76;88,9;12;21;25;36;37;39;44;46;47;58;64;65;67;70;72;83;87
4,1,14,C/5,5,physical_cluster,xgboost,3.374908871120877,5.304642014708749,{},,18;20;23;28;29;45;57;62;63;68;69;71;76;88,9;12;21;25;36;37;39;44;46;47;58;64;65;67;70;72;83;87
4,1,14,C/5,5,physical_cluster,extra_trees,2.859099506433047,3.607813627044313,{},,18;20;23;28;29;45;57;62;63;68;69;71;76;88,9;12;21;25;36;37;39;44;46;47;58;64;65;67;70;72;83;87
4,1,14,C/80,0,input_cluster,ridge_physics,2.027915954589844,2.6885674890965263,"{""alpha"": 0.1}",3.287320102964129,0;7;8;13;20;27;29;31;42;52;55;62;68;69,9;12;21;25;36;37;39;44;46;47;58;64;65;67;70;72;83;87
4,1,14,C/80,0,input_cluster,ridge_source,2.0597093370225696,2.840916328671491,"{""alpha"": 0.1}",2.8338511330740794,0;7;8;13;20;27;29;31;42;52;55;62;68;69,9;12;21;25;36;37;39;44;46;47;58;64;65;67;70;72;83;87
4,1,14,C/80,0,input_cluster,ridge_input,3.238770378960504,4.4092785733453965,"{""alpha"": 10.0}",6.564355645860944,0;7;8;13;20;27;29;31;42;52;55;62;68;69,9;12;21;25;36;37;39;44;46;47;58;64;65;67;70;72;83;87
4,1,14,C/80,0,input_cluster,krr_rbf,1.97486326429579,2.577217423717424,"{""alpha"": 0.1, ""gamma"": 0.05}",4.357109529631479,0;7;8;13;20;27;29;31;42;52;55;62;68;69,9;12;21;25;36;37;39;44;46;47;58;64;65;67;70;72;83;87
4,1,14,C/80,0,input_cluster,svr_rbf,2.261259422966652,2.628921431945209,"{""C"": 100.0, ""epsilon"": 0.2}",4.62817117870259,0;7;8;13;20;27;29;31;42;52;55;62;68;69,9;12;21;25;36;37;39;44;46;47;58;64;65;67;70;72;83;87
4,1,14,C/80,0,input_cluster,gp_rbf,2.076344168250907,2.686055559310637,"{""alpha"": 1.0, ""length"": 3.0}",4.781424593204208,0;7;8;13;20;27;29;31;42;52;55;62;68;69,9;12;21;25;36;37;39;44;46;47;58;64;65;67;70;72;83;87
4,1,14,C/80,0,input_cluster,catboost,2.9721327201041854,4.273739883508118,{},,0;7;8;13;20;27;29;31;42;52;55;62;68;69,9;12;21;25;36;37;39;44;46;47;58;64;65;67;70;72;83;87
4,1,14,C/80,0,input_cluster,xgboost,3.4805547926161022,4.986307415356306,{},,0;7;8;13;20;27;29;31;42;52;55;62;68;69,9;12;21;25;36;37;39;44;46;47;58;64;65;67;70;72;83;87
4,1,14,C/80,0,input_cluster,extra_trees,2.206865553704517,2.509070712891335,{},,0;7;8;13;20;27;29;31;42;52;55;62;68;69,9;12;21;25;36;37;39;44;46;47;58;64;65;67;70;72;83;87
4,1,14,C/40,1,input_cluster,ridge_physics,1.8532045152452257,2.448990841583475,"{""alpha"": 1.0}",2.5662807737077986,0;7;8;13;20;27;29;31;42;52;55;62;68;69,9;12;21;25;36;37;39;44;46;47;58;64;65;67;70;72;83;87
4,1,14,C/40,1,input_cluster,ridge_source,1.7937965393066406,2.37555447361908,"{""alpha"": 0.1}",2.1664368765694757,0;7;8;13;20;27;29;31;42;52;55;62;68;69,9;12;21;25;36;37;39;44;46;47;58;64;65;67;70;72;83;87
4,1,14,C/40,1,input_cluster,ridge_input,2.7485118442111545,3.951759922884064,"{""alpha"": 10.0}",6.037068537303379,0;7;8;13;20;27;29;31;42;52;55;62;68;69,9;12;21;25;36;37;39;44;46;47;58;64;65;67;70;72;83;87
4,1,14,C/40,1,input_cluster,krr_rbf,1.8289888170030384,2.2483655149640613,"{""alpha"": 0.1, ""gamma"": 0.05}",4.161113807133266,0;7;8;13;20;27;29;31;42;52;55;62;68;69,9;12;21;25;36;37;39;44;46;47;58;64;65;67;70;72;83;87
4,1,14,C/40,1,input_cluster,svr_rbf,1.7679715473744697,2.232905010613119,"{""C"": 100.0, ""epsilon"": 0.2}",3.79578216879315,0;7;8;13;20;27;29;31;42;52;55;62;68;69,9;12;21;25;36;37;39;44;46;47;58;64;65;67;70;72;83;87
4,1,14,C/40,1,input_cluster,gp_rbf,1.9114557058889745,2.349526872148019,"{""alpha"": 1.0, ""length"": 3.0}",4.761079440305603,0;7;8;13;20;27;29;31;42;52;55;62;68;69,9;12;21;25;36;37;39;44;46;47;58;64;65;67;70;72;83;87
4,1,14,C/40,1,input_cluster,catboost,2.874367501656897,4.060147224197561,{},,0;7;8;13;20;27;29;31;42;52;55;62;68;69,9;12;21;25;36;37;39;44;46;47;58;64;65;67;70;72;83;87
4,1,14,C/40,1,input_cluster,xgboost,2.988242679172092,4.561585454787225,{},,0;7;8;13;20;27;29;31;42;52;55;62;68;69,9;12;21;25;36;37;39;44;46;47;58;64;65;67;70;72;83;87
4,1,14,C/40,1,input_cluster,extra_trees,1.970983606444463,2.3499004014543448,{},,0;7;8;13;20;27;29;31;42;52;55;62;68;69,9;12;21;25;36;37;39;44;46;47;58;64;65;67;70;72;83;87
4,1,14,0.05A,2,input_cluster,ridge_physics,2.185594346788194,2.844751450790605,"{""alpha"": 0.1}",3.538596817425319,0;7;8;13;20;27;29;31;42;52;55;62;68;69,9;12;21;25;36;37;39;44;46;47;58;64;65;67;70;72;83;87
4,1,14,0.05A,2,input_cluster,ridge_source,2.213944329155816,2.998030092226577,"{""alpha"": 0.1}",3.120245150157384,0;7;8;13;20;27;29;31;42;52;55;62;68;69,9;12;21;25;36;37;39;44;46;47;58;64;65;67;70;72;83;87
4,1,14,0.05A,2,input_cluster,ridge_input,3.2912224663628478,4.481520330406325,"{""alpha"": 10.0}",6.679274320602417,0;7;8;13;20;27;29;31;42;52;55;62;68;69,9;12;21;25;36;37;39;44;46;47;58;64;65;67;70;72;83;87
4,1,14,0.05A,2,input_cluster,krr_rbf,2.090856764051649,2.6643277101564213,"{""alpha"": 0.1, ""gamma"": 0.05}",4.424505582877568,0;7;8;13;20;27;29;31;42;52;55;62;68;69,9;12;21;25;36;37;39;44;46;47;58;64;65;67;70;72;83;87
4,1,14,0.05A,2,input_cluster,svr_rbf,2.2687765116214647,2.6649434653358344,"{""C"": 100.0, ""epsilon"": 0.2}",4.696376709944034,0;7;8;13;20;27;29;31;42;52;55;62;68;69,9;12;21;25;36;37;39;44;46;47;58;64;65;67;70;72;83;87
4,1,14,0.05A,2,input_cluster,gp_rbf,2.1636382763871853,2.76698204591128,"{""alpha"": 1.0, ""length"": 3.0}",4.826634619519679,0;7;8;13;20;27;29;31;42;52;55;62;68;69,9;12;21;25;36;37;39;44;46;47;58;64;65;67;70;72;83;87
4,1,14,0.05A,2,input_cluster,catboost,3.03985196404663,4.272678726444494,{},,0;7;8;13;20;27;29;31;42;52;55;62;68;69,9;12;21;25;36;37;39;44;46;47;58;64;65;67;70;72;83;87
4,1,14,0.05A,2,input_cluster,xgboost,3.544150882297092,5.053142048360107,{},,0;7;8;13;20;27;29;31;42;52;55;62;68;69,9;12;21;25;36;37;39;44;46;47;58;64;65;67;70;72;83;87
4,1,14,0.05A,2,input_cluster,extra_trees,2.293828839221329,2.586758432432348,{},,0;7;8;13;20;27;29;31;42;52;55;62;68;69,9;12;21;25;36;37;39;44;46;47;58;64;65;67;70;72;83;87
4,1,14,C/10,3,input_cluster,ridge_physics,1.4623853895399306,1.8393937579248545,"{""alpha"": 0.1}",1.9398349693843295,0;7;8;13;20;27;29;31;42;52;55;62;68;69,9;12;21;25;36;37;39;44;46;47;58;64;65;67;70;72;83;87
4,1,14,C/10,3,input_cluster,ridge_source,1.951621585422092,2.3103926449328265,"{""alpha"": 0.1}",1.7897331033434187,0;7;8;13;20;27;29;31;42;52;55;62;68;69,9;12;21;25;36;37;39;44;46;47;58;64;65;67;70;72;83;87
4,1,14,C/10,3,input_cluster,ridge_input,2.5599522060818143,3.6332824297279713,"{""alpha"": 10.0}",5.316533974238804,0;7;8;13;20;27;29;31;42;52;55;62;68;69,9;12;21;25;36;37;39;44;46;47;58;64;65;67;70;72;83;87
4,1,14,C/10,3,input_cluster,krr_rbf,1.843037499321832,2.1830832272662297,"{""alpha"": 0.1, ""gamma"": 0.05}",4.548382444041116,0;7;8;13;20;27;29;31;42;52;55;62;68;69,9;12;21;25;36;37;39;44;46;47;58;64;65;67;70;72;83;87
4,1,14,C/10,3,input_cluster,svr_rbf,1.6971825209319131,2.0734863766858407,"{""C"": 100.0, ""epsilon"": 0.2}",4.146710666613676,0;7;8;13;20;27;29;31;42;52;55;62;68;69,9;12;21;25;36;37;39;44;46;47;58;64;65;67;70;72;83;87
4,1,14,C/10,3,input_cluster,gp_rbf,1.923659491783063,2.2716112376451765,"{""alpha"": 1.0, ""length"": 3.0}",5.224171591094328,0;7;8;13;20;27;29;31;42;52;55;62;68;69,9;12;21;25;36;37;39;44;46;47;58;64;65;67;70;72;83;87
4,1,14,C/10,3,input_cluster,catboost,2.950747683024164,4.145427218618054,{},,0;7;8;13;20;27;29;31;42;52;55;62;68;69,9;12;21;25;36;37;39;44;46;47;58;64;65;67;70;72;83;87
4,1,14,C/10,3,input_cluster,xgboost,2.973750220404731,4.454054409986837,{},,0;7;8;13;20;27;29;31;42;52;55;62;68;69,9;12;21;25;36;37;39;44;46;47;58;64;65;67;70;72;83;87
4,1,14,C/10,3,input_cluster,extra_trees,1.9695310045676249,2.512496570144892,{},,0;7;8;13;20;27;29;31;42;52;55;62;68;69,9;12;21;25;36;37;39;44;46;47;58;64;65;67;70;72;83;87
4,1,14,C/7,4,input_cluster,ridge_physics,1.4716182284884982,1.82354577134158,"{""alpha"": 0.1}",1.8289523805890764,0;7;8;13;20;27;29;31;42;52;55;62;68;69,9;12;21;25;36;37;39;44;46;47;58;64;65;67;70;72;83;87
4,1,14,C/7,4,input_cluster,ridge_source,2.032151540120443,2.3823241977558243,"{""alpha"": 0.1}",1.930809225354876,0;7;8;13;20;27;29;31;42;52;55;62;68;69,9;12;21;25;36;37;39;44;46;47;58;64;65;67;70;72;83;87
4,1,14,C/7,4,input_cluster,ridge_input,2.560347239176432,3.572976241356828,"{""alpha"": 10.0}",5.248947756631034,0;7;8;13;20;27;29;31;42;52;55;62;68;69,9;12;21;25;36;37;39;44;46;47;58;64;65;67;70;72;83;87
4,1,14,C/7,4,input_cluster,krr_rbf,1.8438453674316408,2.176221791094697,"{""alpha"": 0.1, ""gamma"": 0.05}",4.590048108782087,0;7;8;13;20;27;29;31;42;52;55;62;68;69,9;12;21;25;36;37;39;44;46;47;58;64;65;67;70;72;83;87
4,1,14,C/7,4,input_cluster,svr_rbf,1.6978513642456947,2.0629866058809685,"{""C"": 100.0, ""epsilon"": 0.2}",4.104361086310241,0;7;8;13;20;27;29;31;42;52;55;62;68;69,9;12;21;25;36;37;39;44;46;47;58;64;65;67;70;72;83;87
4,1,14,C/7,4,input_cluster,gp_rbf,1.9202174395519236,2.2602477309932403,"{""alpha"": 1.0, ""length"": 3.0}",5.285904012649836,0;7;8;13;20;27;29;31;42;52;55;62;68;69,9;12;21;25;36;37;39;44;46;47;58;64;65;67;70;72;83;87
4,1,14,C/7,4,input_cluster,catboost,3.034745748431821,4.199567210853601,{},,0;7;8;13;20;27;29;31;42;52;55;62;68;69,9;12;21;25;36;37;39;44;46;47;58;64;65;67;70;72;83;87
4,1,14,C/7,4,input_cluster,xgboost,2.967866685655382,4.434507701355807,{},,0;7;8;13;20;27;29;31;42;52;55;62;68;69,9;12;21;25;36;37;39;44;46;47;58;64;65;67;70;72;83;87
4,1,14,C/7,4,input_cluster,extra_trees,1.9707933316911983,2.5419917145970725,{},,0;7;8;13;20;27;29;31;42;52;55;62;68;69,9;12;21;25;36;37;39;44;46;47;58;64;65;67;70;72;83;87
4,1,14,C/5,5,input_cluster,ridge_physics,1.4929915534125433,1.7952146570784395,"{""alpha"": 0.1}",1.842625856399536,0;7;8;13;20;27;29;31;42;52;55;62;68;69,9;12;21;25;36;37;39;44;46;47;58;64;65;67;70;72;83;87
4,1,14,C/5,5,input_cluster,ridge_source,2.097938537597656,2.4612772011823494,"{""alpha"": 0.1}",2.224609681538173,0;7;8;13;20;27;29;31;42;52;55;62;68;69,9;12;21;25;36;37;39;44;46;47;58;64;65;67;70;72;83;87
4,1,14,C/5,5,input_cluster,ridge_input,2.59287601047092,3.586454817641782,"{""alpha"": 10.0}",5.158529417855399,0;7;8;13;20;27;29;31;42;52;55;62;68;69,9;12;21;25;36;37;39;44;46;47;58;64;65;67;70;72;83;87
4,1,14,C/5,5,input_cluster,krr_rbf,1.830933041042752,2.1641109443289954,"{""alpha"": 0.1, ""gamma"": 0.05}",4.730205646583012,0;7;8;13;20;27;29;31;42;52;55;62;68;69,9;12;21;25;36;37;39;44;46;47;58;64;65;67;70;72;83;87
4,1,14,C/5,5,input_cluster,svr_rbf,1.6561111912714803,2.0023290621407046,"{""C"": 100.0, ""epsilon"": 0.2}",4.0722521367287925,0;7;8;13;20;27;29;31;42;52;55;62;68;69,9;12;21;25;36;37;39;44;46;47;58;64;65;67;70;72;83;87
4,1,14,C/5,5,input_cluster,gp_rbf,1.9104907109771905,2.2534481095897805,"{""alpha"": 1.0, ""length"": 3.0}",5.457614997803014,0;7;8;13;20;27;29;31;42;52;55;62;68;69,9;12;21;25;36;37;39;44;46;47;58;64;65;67;70;72;83;87
4,1,14,C/5,5,input_cluster,catboost,3.120408087221888,4.280749229550273,{},,0;7;8;13;20;27;29;31;42;52;55;62;68;69,9;12;21;25;36;37;39;44;46;47;58;64;65;67;70;72;83;87
4,1,14,C/5,5,input_cluster,xgboost,2.949263678656684,4.446418870578661,{},,0;7;8;13;20;27;29;31;42;52;55;62;68;69,9;12;21;25;36;37;39;44;46;47;58;64;65;67;70;72;83;87
4,1,14,C/5,5,input_cluster,extra_trees,1.971308485338928,2.5599161269581394,{},,0;7;8;13;20;27;29;31;42;52;55;62;68;69,9;12;21;25;36;37;39;44;46;47;58;64;65;67;70;72;83;87
4,2,14,C/80,0,random,ridge_physics,1.9694268968370223,2.745676958333017,"{""alpha"": 1.0}",1.4130621126719884,7;17;18;27;31;35;40;42;56;59;69;73;85;86,9;12;21;25;36;37;39;44;46;47;58;64;65;67;70;72;83;87
4,2,14,C/80,0,random,ridge_source,1.9676687452528208,2.696008801860612,"{""alpha"": 0.1}",1.2746665648051672,7;17;18;27;31;35;40;42;56;59;69;73;85;86,9;12;21;25;36;37;39;44;46;47;58;64;65;67;70;72;83;87
4,2,14,C/80,0,random,ridge_input,2.719444274902344,3.4695878101138597,"{""alpha"": 0.1}",2.216862286840166,7;17;18;27;31;35;40;42;56;59;69;73;85;86,9;12;21;25;36;37;39;44;46;47;58;64;65;67;70;72;83;87
4,2,14,C/80,0,random,krr_rbf,1.931088341606988,2.6171941760681663,"{""alpha"": 0.1, ""gamma"": 0.05}",3.242325186729431,7;17;18;27;31;35;40;42;56;59;69;73;85;86,9;12;21;25;36;37;39;44;46;47;58;64;65;67;70;72;83;87
4,2,14,C/80,0,random,svr_rbf,2.6625261995101117,3.698523913512082,"{""C"": 100.0, ""epsilon"": 0.2}",3.489365825037137,7;17;18;27;31;35;40;42;56;59;69;73;85;86,9;12;21;25;36;37;39;44;46;47;58;64;65;67;70;72;83;87
4,2,14,C/80,0,random,gp_rbf,2.1353907794602267,2.8338390213696183,"{""alpha"": 1.0, ""length"": 3.0}",3.5363430970129537,7;17;18;27;31;35;40;42;56;59;69;73;85;86,9;12;21;25;36;37;39;44;46;47;58;64;65;67;70;72;83;87
4,2,14,C/80,0,random,catboost,3.730426358823678,5.634839609631294,{},,7;17;18;27;31;35;40;42;56;59;69;73;85;86,9;12;21;25;36;37;39;44;46;47;58;64;65;67;70;72;83;87
4,2,14,C/80,0,random,xgboost,4.397864023844401,5.975622222539908,{},,7;17;18;27;31;35;40;42;56;59;69;73;85;86,9;12;21;25;36;37;39;44;46;47;58;64;65;67;70;72;83;87
4,2,14,C/80,0,random,extra_trees,2.258188999456075,2.989574472884941,{},,7;17;18;27;31;35;40;42;56;59;69;73;85;86,9;12;21;25;36;37;39;44;46;47;58;64;65;67;70;72;83;87
4,2,14,C/40,1,random,ridge_physics,1.7388827006022136,2.366370233695648,"{""alpha"": 1.0}",1.2947360958371843,7;17;18;27;31;35;40;42;56;59;69;73;85;86,9;12;21;25;36;37;39;44;46;47;58;64;65;67;70;72;83;87
4,2,14,C/40,1,random,ridge_source,1.7113104926215277,2.312364443339241,"{""alpha"": 0.1}",1.2560963800975256,7;17;18;27;31;35;40;42;56;59;69;73;85;86,9;12;21;25;36;37;39;44;46;47;58;64;65;67;70;72;83;87
4,2,14,C/40,1,random,ridge_input,2.3802392747667103,2.788713383535258,"{""alpha"": 0.1}",1.707343510219029,7;17;18;27;31;35;40;42;56;59;69;73;85;86,9;12;21;25;36;37;39;44;46;47;58;64;65;67;70;72;83;87
4,2,14,C/40,1,random,krr_rbf,1.709225548638238,2.265280196333204,"{""alpha"": 0.1, ""gamma"": 0.05}",3.084593755858285,7;17;18;27;31;35;40;42;56;59;69;73;85;86,9;12;21;25;36;37;39;44;46;47;58;64;65;67;70;72;83;87
4,2,14,C/40,1,random,svr_rbf,2.1454040131775605,3.2255320769958526,"{""C"": 100.0, ""epsilon"": 0.2}",3.2252711875753155,7;17;18;27;31;35;40;42;56;59;69;73;85;86,9;12;21;25;36;37;39;44;46;47;58;64;65;67;70;72;83;87
4,2,14,C/40,1,random,gp_rbf,1.8938514333626928,2.4929836553720395,"{""alpha"": 1.0, ""length"": 3.0}",3.363205763774625,7;17;18;27;31;35;40;42;56;59;69;73;85;86,9;12;21;25;36;37;39;44;46;47;58;64;65;67;70;72;83;87
4,2,14,C/40,1,random,catboost,3.383549414496101,5.356382341402489,{},,7;17;18;27;31;35;40;42;56;59;69;73;85;86,9;12;21;25;36;37;39;44;46;47;58;64;65;67;70;72;83;87
4,2,14,C/40,1,random,xgboost,4.218013763427734,5.867606215227662,{},,7;17;18;27;31;35;40;42;56;59;69;73;85;86,9;12;21;25;36;37;39;44;46;47;58;64;65;67;70;72;83;87
4,2,14,C/40,1,random,extra_trees,2.0901902734917943,2.8723567969368102,{},,7;17;18;27;31;35;40;42;56;59;69;73;85;86,9;12;21;25;36;37;39;44;46;47;58;64;65;67;70;72;83;87
4,2,14,0.05A,2,random,ridge_physics,2.103461795383029,2.8880241865825305,"{""alpha"": 1.0}",1.55334392615727,7;17;18;27;31;35;40;42;56;59;69;73;85;86,9;12;21;25;36;37;39;44;46;47;58;64;65;67;70;72;83;87
4,2,14,0.05A,2,random,ridge_source,2.0814954969618054,2.86852506207865,"{""alpha"": 0.1}",1.5187454223632812,7;17;18;27;31;35;40;42;56;59;69;73;85;86,9;12;21;25;36;37;39;44;46;47;58;64;65;67;70;72;83;87
4,2,14,0.05A,2,random,ridge_input,2.8463982476128478,3.696669246959841,"{""alpha"": 0.1}",2.343863640512739,7;17;18;27;31;35;40;42;56;59;69;73;85;86,9;12;21;25;36;37;39;44;46;47;58;64;65;67;70;72;83;87
4,2,14,0.05A,2,random,krr_rbf,2.0698941548665366,2.733053486042459,"{""alpha"": 0.1, ""gamma"": 0.05}",3.3532761675970897,7;17;18;27;31;35;40;42;56;59;69;73;85;86,9;12;21;25;36;37;39;44;46;47;58;64;65;67;70;72;83;87
4,2,14,0.05A,2,random,svr_rbf,2.811212934412064,3.90172443632142,"{""C"": 100.0, ""epsilon"": 0.2}",3.535959590924626,7;17;18;27;31;35;40;42;56;59;69;73;85;86,9;12;21;25;36;37;39;44;46;47;58;64;65;67;70;72;83;87
4,2,14,0.05A,2,random,gp_rbf,2.2780829492911274,2.9500131532475384,"{""alpha"": 1.0, ""length"": 3.0}",3.63328641879018,7;17;18;27;31;35;40;42;56;59;69;73;85;86,9;12;21;25;36;37;39;44;46;47;58;64;65;67;70;72;83;87
4,2,14,0.05A,2,random,catboost,3.792544033637315,5.621981339373376,{},,7;17;18;27;31;35;40;42;56;59;69;73;85;86,9;12;21;25;36;37;39;44;46;47;58;64;65;67;70;72;83;87
4,2,14,0.05A,2,random,xgboost,4.290017869737413,5.921917398596482,{},,7;17;18;27;31;35;40;42;56;59;69;73;85;86,9;12;21;25;36;37;39;44;46;47;58;64;65;67;70;72;83;87
4,2,14,0.05A,2,random,extra_trees,2.313872726114968,3.0188480045701933,{},,7;17;18;27;31;35;40;42;56;59;69;73;85;86,9;12;21;25;36;37;39;44;46;47;58;64;65;67;70;72;83;87
4,2,14,C/10,3,random,ridge_physics,1.7420399983723958,2.203718548302797,"{""alpha"": 1.0}",1.4328862598964147,7;17;18;27;31;35;40;42;56;59;69;73;85;86,9;12;21;25;36;37;39;44;46;47;58;64;65;67;70;72;83;87
4,2,14,C/10,3,random,ridge_source,1.7802662319607203,2.1914234095400027,"{""alpha"": 0.1}",1.6043572425842283,7;17;18;27;31;35;40;42;56;59;69;73;85;86,9;12;21;25;36;37;39;44;46;47;58;64;65;67;70;72;83;87
4,2,14,C/10,3,random,ridge_input,2.1073019239637585,2.393116413183293,"{""alpha"": 0.1}",1.6134748458862305,7;17;18;27;31;35;40;42;56;59;69;73;85;86,9;12;21;25;36;37;39;44;46;47;58;64;65;67;70;72;83;87
4,2,14,C/10,3,random,krr_rbf,1.7427876790364585,2.126851504101352,"{""alpha"": 0.1, ""gamma"": 0.05}",3.2635530063084195,7;17;18;27;31;35;40;42;56;59;69;73;85;86,9;12;21;25;36;37;39;44;46;47;58;64;65;67;70;72;83;87
4,2,14,C/10,3,random,svr_rbf,1.9181093668652291,2.775815412535501,"{""C"": 100.0, ""epsilon"": 0.2}",3.277022229435357,7;17;18;27;31;35;40;42;56;59;69;73;85;86,9;12;21;25;36;37;39;44;46;47;58;64;65;67;70;72;83;87
4,2,14,C/10,3,random,gp_rbf,1.899374481433144,2.3330472676486798,"{""alpha"": 1.0, ""length"": 3.0}",3.533483837282964,7;17;18;27;31;35;40;42;56;59;69;73;85;86,9;12;21;25;36;37;39;44;46;47;58;64;65;67;70;72;83;87
4,2,14,C/10,3,random,catboost,3.292088070177181,5.2601984040085945,{},,7;17;18;27;31;35;40;42;56;59;69;73;85;86,9;12;21;25;36;37;39;44;46;47;58;64;65;67;70;72;83;87
4,2,14,C/10,3,random,xgboost,4.092931535508898,5.894091911604203,{},,7;17;18;27;31;35;40;42;56;59;69;73;85;86,9;12;21;25;36;37;39;44;46;47;58;64;65;67;70;72;83;87
4,2,14,C/10,3,random,extra_trees,2.085205677198987,2.979824326944518,{},,7;17;18;27;31;35;40;42;56;59;69;73;85;86,9;12;21;25;36;37;39;44;46;47;58;64;65;67;70;72;83;87
4,2,14,C/7,4,random,ridge_physics,1.7409290737575955,2.1841380005861346,"{""alpha"": 1.0}",1.514984403337751,7;17;18;27;31;35;40;42;56;59;69;73;85;86,9;12;21;25;36;37;39;44;46;47;58;64;65;67;70;72;83;87
4,2,14,C/7,4,random,ridge_source,1.8175447252061632,2.3348198629307677,"{""alpha"": 1.0}",1.755087000983102,7;17;18;27;31;35;40;42;56;59;69;73;85;86,9;12;21;25;36;37;39;44;46;47;58;64;65;67;70;72;83;87
4,2,14,C/7,4,random,ridge_input,2.044005923800998,2.325133424611665,"{""alpha"": 0.1}",1.6050870759146554,7;17;18;27;31;35;40;42;56;59;69;73;85;86,9;12;21;25;36;37;39;44;46;47;58;64;65;67;70;72;83;87
4,2,14,C/7,4,random,krr_rbf,1.7486521402994792,2.110056628344229,"{""alpha"": 0.1, ""gamma"": 0.05}",3.36268847329276,7;17;18;27;31;35;40;42;56;59;69;73;85;86,9;12;21;25;36;37;39;44;46;47;58;64;65;67;70;72;83;87
4,2,14,C/7,4,random,svr_rbf,1.916726068741566,2.7355051928816043,"{""C"": 100.0, ""epsilon"": 0.2}",3.3476311634975926,7;17;18;27;31;35;40;42;56;59;69;73;85;86,9;12;21;25;36;37;39;44;46;47;58;64;65;67;70;72;83;87
4,2,14,C/7,4,random,gp_rbf,1.8978445414739724,2.306556058542216,"{""alpha"": 1.0, ""length"": 3.0}",3.636023817839921,7;17;18;27;31;35;40;42;56;59;69;73;85;86,9;12;21;25;36;37;39;44;46;47;58;64;65;67;70;72;83;87
4,2,14,C/7,4,random,catboost,3.302589413186773,5.287606440628005,{},,7;17;18;27;31;35;40;42;56;59;69;73;85;86,9;12;21;25;36;37;39;44;46;47;58;64;65;67;70;72;83;87
4,2,14,C/7,4,random,xgboost,4.077251434326172,5.91631046867381,{},,7;17;18;27;31;35;40;42;56;59;69;73;85;86,9;12;21;25;36;37;39;44;46;47;58;64;65;67;70;72;83;87
4,2,14,C/7,4,random,extra_trees,2.099365223526324,3.025927255142145,{},,7;17;18;27;31;35;40;42;56;59;69;73;85;86,9;12;21;25;36;37;39;44;46;47;58;64;65;67;70;72;83;87
4,2,14,C/5,5,random,ridge_physics,1.740553961859809,2.1645451795042057,"{""alpha"": 1.0}",1.6266340868813651,7;17;18;27;31;35;40;42;56;59;69;73;85;86,9;12;21;25;36;37;39;44;46;47;58;64;65;67;70;72;83;87
4,2,14,C/5,5,random,ridge_source,1.852938758002387,2.324107302077004,"{""alpha"": 1.0}",1.902107988085065,7;17;18;27;31;35;40;42;56;59;69;73;85;86,9;12;21;25;36;37;39;44;46;47;58;64;65;67;70;72;83;87
4,2,14,C/5,5,random,ridge_input,1.986472659640842,2.2731648994922145,"{""alpha"": 0.1}",1.6398817811693465,7;17;18;27;31;35;40;42;56;59;69;73;85;86,9;12;21;25;36;37;39;44;46;47;58;64;65;67;70;72;83;87
4,2,14,C/5,5,random,krr_rbf,1.7537066141764324,2.0951071692161283,"{""alpha"": 0.1, ""gamma"": 0.05}",3.497585194451468,7;17;18;27;31;35;40;42;56;59;69;73;85;86,9;12;21;25;36;37;39;44;46;47;58;64;65;67;70;72;83;87
4,2,14,C/5,5,random,svr_rbf,1.9198903491713637,2.700811380069941,"{""C"": 100.0, ""epsilon"": 0.2}",3.4558044732587403,7;17;18;27;31;35;40;42;56;59;69;73;85;86,9;12;21;25;36;37;39;44;46;47;58;64;65;67;70;72;83;87
4,2,14,C/5,5,random,gp_rbf,1.8974793747201804,2.2829024346451834,"{""alpha"": 1.0, ""length"": 3.0}",3.763826331382241,7;17;18;27;31;35;40;42;56;59;69;73;85;86,9;12;21;25;36;37;39;44;46;47;58;64;65;67;70;72;83;87
4,2,14,C/5,5,random,catboost,3.364936503637994,5.384757256887208,{},,7;17;18;27;31;35;40;42;56;59;69;73;85;86,9;12;21;25;36;37;39;44;46;47;58;64;65;67;70;72;83;87
4,2,14,C/5,5,random,xgboost,4.079374525282118,5.959183889047052,{},,7;17;18;27;31;35;40;42;56;59;69;73;85;86,9;12;21;25;36;37;39;44;46;47;58;64;65;67;70;72;83;87
4,2,14,C/5,5,random,extra_trees,2.021575707985611,3.1452489027416606,{},,7;17;18;27;31;35;40;42;56;59;69;73;85;86,9;12;21;25;36;37;39;44;46;47;58;64;65;67;70;72;83;87
4,2,14,C/80,0,source_cluster,ridge_physics,2.801013946533203,3.4511591112013904,"{""alpha"": 0.1}",2.586685061454773,1;2;3;20;28;38;57;62;63;66;69;85;89;90,9;12;21;25;36;37;39;44;46;47;58;64;65;67;70;72;83;87
4,2,14,C/80,0,source_cluster,ridge_source,2.948033650716146,3.5985240047326723,"{""alpha"": 0.1}",2.479986769812448,1;2;3;20;28;38;57;62;63;66;69;85;89;90,9;12;21;25;36;37;39;44;46;47;58;64;65;67;70;72;83;87
4,2,14,C/80,0,source_cluster,ridge_input,4.925882127549913,6.117994410247141,"{""alpha"": 10.0}",5.161650657653809,1;2;3;20;28;38;57;62;63;66;69;85;89;90,9;12;21;25;36;37;39;44;46;47;58;64;65;67;70;72;83;87
4,2,14,C/80,0,source_cluster,krr_rbf,2.949816385904948,3.598769634729779,"{""alpha"": 0.1, ""gamma"": 0.05}",5.093144352946963,1;2;3;20;28;38;57;62;63;66;69;85;89;90,9;12;21;25;36;37;39;44;46;47;58;64;65;67;70;72;83;87
4,2,14,C/80,0,source_cluster,svr_rbf,2.7067316934352994,3.2693804681203043,"{""C"": 100.0, ""epsilon"": 1.0}",6.260278182253458,1;2;3;20;28;38;57;62;63;66;69;85;89;90,9;12;21;25;36;37;39;44;46;47;58;64;65;67;70;72;83;87
4,2,14,C/80,0,source_cluster,gp_rbf,2.996155287003599,3.692523757887298,"{""alpha"": 1.0, ""length"": 3.0}",5.347939563962719,1;2;3;20;28;38;57;62;63;66;69;85;89;90,9;12;21;25;36;37;39;44;46;47;58;64;65;67;70;72;83;87
4,2,14,C/80,0,source_cluster,catboost,4.47181973538052,5.933005239828981,{},,1;2;3;20;28;38;57;62;63;66;69;85;89;90,9;12;21;25;36;37;39;44;46;47;58;64;65;67;70;72;83;87
4,2,14,C/80,0,source_cluster,xgboost,4.711577521430121,6.608724871771565,{},,1;2;3;20;28;38;57;62;63;66;69;85;89;90,9;12;21;25;36;37;39;44;46;47;58;64;65;67;70;72;83;87
4,2,14,C/80,0,source_cluster,extra_trees,3.368073910569388,4.322560682087757,{},,1;2;3;20;28;38;57;62;63;66;69;85;89;90,9;12;21;25;36;37;39;44;46;47;58;64;65;67;70;72;83;87
4,2,14,C/40,1,source_cluster,ridge_physics,1.9093301561143663,2.5051123467134344,"{""alpha"": 0.1}",2.307202543531145,1;2;3;20;28;38;57;62;63;66;69;85;89;90,9;12;21;25;36;37;39;44;46;47;58;64;65;67;70;72;83;87
4,2,14,C/40,1,source_cluster,ridge_source,2.185804155137804,2.717498816260511,"{""alpha"": 0.1}",2.1403027943202426,1;2;3;20;28;38;57;62;63;66;69;85;89;90,9;12;21;25;36;37;39;44;46;47;58;64;65;67;70;72;83;87
4,2,14,C/40,1,source_cluster,ridge_input,3.997253841824002,5.262632123431841,"{""alpha"": 10.0}",5.262661116463797,1;2;3;20;28;38;57;62;63;66;69;85;89;90,9;12;21;25;36;37;39;44;46;47;58;64;65;67;70;72;83;87
4,2,14,C/40,1,source_cluster,krr_rbf,2.1262194315592446,2.665287646441214,"{""alpha"": 0.1, ""gamma"": 0.05}",5.030332429068429,1;2;3;20;28;38;57;62;63;66;69;85;89;90,9;12;21;25;36;37;39;44;46;47;58;64;65;67;70;72;83;87
4,2,14,C/40,1,source_cluster,svr_rbf,1.6838041693044077,2.195514843277385,"{""C"": 100.0, ""epsilon"": 0.2}",6.129178348631017,1;2;3;20;28;38;57;62;63;66;69;85;89;90,9;12;21;25;36;37;39;44;46;47;58;64;65;67;70;72;83;87
4,2,14,C/40,1,source_cluster,gp_rbf,2.223909763274333,2.7950371012379374,"{""alpha"": 1.0, ""length"": 3.0}",5.288049140742763,1;2;3;20;28;38;57;62;63;66;69;85;89;90,9;12;21;25;36;37;39;44;46;47;58;64;65;67;70;72;83;87
4,2,14,C/40,1,source_cluster,catboost,3.540261134544969,5.068138141656212,{},,1;2;3;20;28;38;57;62;63;66;69;85;89;90,9;12;21;25;36;37;39;44;46;47;58;64;65;67;70;72;83;87
4,2,14,C/40,1,source_cluster,xgboost,3.890583038330078,5.839049729765912,{},,1;2;3;20;28;38;57;62;63;66;69;85;89;90,9;12;21;25;36;37;39;44;46;47;58;64;65;67;70;72;83;87
4,2,14,C/40,1,source_cluster,extra_trees,2.731274935398152,3.627852662910098,{},,1;2;3;20;28;38;57;62;63;66;69;85;89;90,9;12;21;25;36;37;39;44;46;47;58;64;65;67;70;72;83;87
4,2,14,0.05A,2,source_cluster,ridge_physics,3.134788089328342,3.782180355326826,"{""alpha"": 0.1}",2.644754205431257,1;2;3;20;28;38;57;62;63;66;69;85;89;90,9;12;21;25;36;37;39;44;46;47;58;64;65;67;70;72;83;87
4,2,14,0.05A,2,source_cluster,ridge_source,3.248355441623264,3.907773768273685,"{""alpha"": 0.1}",2.5259179898670743,1;2;3;20;28;38;57;62;63;66;69;85;89;90,9;12;21;25;36;37;39;44;46;47;58;64;65;67;70;72;83;87
4,2,14,0.05A,2,source_cluster,ridge_input,5.1875500149197045,6.329891846229516,"{""alpha"": 10.0}",5.117938382284982,1;2;3;20;28;38;57;62;63;66;69;85;89;90,9;12;21;25;36;37;39;44;46;47;58;64;65;67;70;72;83;87
4,2,14,0.05A,2,source_cluster,krr_rbf,3.222326490614149,3.887183181148023,"{""alpha"": 0.1, ""gamma"": 0.05}",5.042790838650295,1;2;3;20;28;38;57;62;63;66;69;85;89;90,9;12;21;25;36;37;39;44;46;47;58;64;65;67;70;72;83;87
4,2,14,0.05A,2,source_cluster,svr_rbf,2.938619672569613,3.4961295091993256,"{""C"": 100.0, ""epsilon"": 1.0}",6.332103440516804,1;2;3;20;28;38;57;62;63;66;69;85;89;90,9;12;21;25;36;37;39;44;46;47;58;64;65;67;70;72;83;87
4,2,14,0.05A,2,source_cluster,gp_rbf,3.265161833517962,3.9696387054730975,"{""alpha"": 1.0, ""length"": 3.0}",5.313825957335851,1;2;3;20;28;38;57;62;63;66;69;85;89;90,9;12;21;25;36;37;39;44;46;47;58;64;65;67;70;72;83;87
4,2,14,0.05A,2,source_cluster,catboost,4.737484310980541,6.156401407946427,{},,1;2;3;20;28;38;57;62;63;66;69;85;89;90,9;12;21;25;36;37;39;44;46;47;58;64;65;67;70;72;83;87
4,2,14,0.05A,2,source_cluster,xgboost,4.95202128092448,6.772493109780494,{},,1;2;3;20;28;38;57;62;63;66;69;85;89;90,9;12;21;25;36;37;39;44;46;47;58;64;65;67;70;72;83;87
4,2,14,0.05A,2,source_cluster,extra_trees,3.532668027486749,4.550616428045835,{},,1;2;3;20;28;38;57;62;63;66;69;85;89;90,9;12;21;25;36;37;39;44;46;47;58;64;65;67;70;72;83;87
4,2,14,C/10,3,source_cluster,ridge_physics,1.5382588704427085,1.9328798491643,"{""alpha"": 0.1}",1.8810900279453824,1;2;3;20;28;38;57;62;63;66;69;85;89;90,9;12;21;25;36;37;39;44;46;47;58;64;65;67;70;72;83;87
4,2,14,C/10,3,source_cluster,ridge_source,1.8920025295681424,2.273000233146352,"{""alpha"": 0.1}",2.075815575463431,1;2;3;20;28;38;57;62;63;66;69;85;89;90,9;12;21;25;36;37;39;44;46;47;58;64;65;67;70;72;83;87
4,2,14,C/10,3,source_cluster,ridge_input,3.414968702528212,4.601955944268674,"{""alpha"": 10.0}",4.735546963555472,1;2;3;20;28;38;57;62;63;66;69;85;89;90,9;12;21;25;36;37;39;44;46;47;58;64;65;67;70;72;83;87
4,2,14,C/10,3,source_cluster,krr_rbf,1.950677235921224,2.3284360967333546,"{""alpha"": 0.1, ""gamma"": 0.05}",5.394517728260586,1;2;3;20;28;38;57;62;63;66;69;85;89;90,9;12;21;25;36;37;39;44;46;47;58;64;65;67;70;72;83;87
4,2,14,C/10,3,source_cluster,svr_rbf,1.6460587685838592,2.048856057164083,"{""C"": 100.0, ""epsilon"": 0.2}",6.530831834286734,1;2;3;20;28;38;57;62;63;66;69;85;89;90,9;12;21;25;36;37;39;44;46;47;58;64;65;67;70;72;83;87
4,2,14,C/10,3,source_cluster,gp_rbf,2.0284583788606607,2.4430918547263016,"{""alpha"": 1.0, ""length"": 3.0}",5.775925660131676,1;2;3;20;28;38;57;62;63;66;69;85;89;90,9;12;21;25;36;37;39;44;46;47;58;64;65;67;70;72;83;87
4,2,14,C/10,3,source_cluster,catboost,3.263778630378196,4.788398795665138,{},,1;2;3;20;28;38;57;62;63;66;69;85;89;90,9;12;21;25;36;37;39;44;46;47;58;64;65;67;70;72;83;87
4,2,14,C/10,3,source_cluster,xgboost,3.5730599297417536,5.569800926757677,{},,1;2;3;20;28;38;57;62;63;66;69;85;89;90,9;12;21;25;36;37;39;44;46;47;58;64;65;67;70;72;83;87
4,2,14,C/10,3,source_cluster,extra_trees,2.679621041514886,3.5274410490056427,{},,1;2;3;20;28;38;57;62;63;66;69;85;89;90,9;12;21;25;36;37;39;44;46;47;58;64;65;67;70;72;83;87
4,2,14,C/7,4,source_cluster,ridge_physics,1.53223631117079,1.889508163497904,"{""alpha"": 0.1}",1.8391104085104808,1;2;3;20;28;38;57;62;63;66;69;85;89;90,9;12;21;25;36;37;39;44;46;47;58;64;65;67;70;72;83;87
4,2,14,C/7,4,source_cluster,ridge_source,1.9437717861599395,2.282871112409441,"{""alpha"": 0.1}",2.268406731741769,1;2;3;20;28;38;57;62;63;66;69;85;89;90,9;12;21;25;36;37;39;44;46;47;58;64;65;67;70;72;83;87
4,2,14,C/7,4,source_cluster,ridge_input,3.3799480862087674,4.543243649770404,"{""alpha"": 10.0}",4.68346507208688,1;2;3;20;28;38;57;62;63;66;69;85;89;90,9;12;21;25;36;37;39;44;46;47;58;64;65;67;70;72;83;87
4,2,14,C/7,4,source_cluster,krr_rbf,1.9364738464355469,2.311508387659421,"{""alpha"": 0.1, ""gamma"": 0.05}",5.526035496166775,1;2;3;20;28;38;57;62;63;66;69;85;89;90,9;12;21;25;36;37;39;44;46;47;58;64;65;67;70;72;83;87
4,2,14,C/7,4,source_cluster,svr_rbf,1.6491680480626605,2.028133393392351,"{""C"": 100.0, ""epsilon"": 0.2}",6.709881594374262,1;2;3;20;28;38;57;62;63;66;69;85;89;90,9;12;21;25;36;37;39;44;46;47;58;64;65;67;70;72;83;87
4,2,14,C/7,4,source_cluster,gp_rbf,2.0246897334419582,2.4175302998409887,"{""alpha"": 1.0, ""length"": 3.0}",5.938341849119692,1;2;3;20;28;38;57;62;63;66;69;85;89;90,9;12;21;25;36;37;39;44;46;47;58;64;65;67;70;72;83;87
4,2,14,C/7,4,source_cluster,catboost,3.3244491122082653,4.814094784214172,{},,1;2;3;20;28;38;57;62;63;66;69;85;89;90,9;12;21;25;36;37;39;44;46;47;58;64;65;67;70;72;83;87
4,2,14,C/7,4,source_cluster,xgboost,3.617360432942709,5.579833428583067,{},,1;2;3;20;28;38;57;62;63;66;69;85;89;90,9;12;21;25;36;37;39;44;46;47;58;64;65;67;70;72;83;87
4,2,14,C/7,4,source_cluster,extra_trees,2.6930201957623163,3.5380403294091245,{},,1;2;3;20;28;38;57;62;63;66;69;85;89;90,9;12;21;25;36;37;39;44;46;47;58;64;65;67;70;72;83;87
4,2,14,C/5,5,source_cluster,ridge_physics,1.5511567857530382,1.8634379732791089,"{""alpha"": 0.1}",1.8572724887302945,1;2;3;20;28;38;57;62;63;66;69;85;89;90,9;12;21;25;36;37;39;44;46;47;58;64;65;67;70;72;83;87
4,2,14,C/5,5,source_cluster,ridge_source,1.992340087890625,2.315151195731544,"{""alpha"": 0.1}",2.487675326211112,1;2;3;20;28;38;57;62;63;66;69;85;89;90,9;12;21;25;36;37;39;44;46;47;58;64;65;67;70;72;83;87
4,2,14,C/5,5,source_cluster,ridge_input,3.372545454237196,4.5221858393167365,"{""alpha"": 10.0}",4.648069892610822,1;2;3;20;28;38;57;62;63;66;69;85;89;90,9;12;21;25;36;37;39;44;46;47;58;64;65;67;70;72;83;87
4,2,14,C/5,5,source_cluster,krr_rbf,1.9475254482693145,2.305726600124145,"{""alpha"": 0.1, ""gamma"": 0.05}",5.675470181873867,1;2;3;20;28;38;57;62;63;66;69;85;89;90,9;12;21;25;36;37;39;44;46;47;58;64;65;67;70;72;83;87
4,2,14,C/5,5,source_cluster,svr_rbf,1.635204763598857,2.0097374128158108,"{""C"": 100.0, ""epsilon"": 0.2}",6.938090962082636,1;2;3;20;28;38;57;62;63;66;69;85;89;90,9;12;21;25;36;37;39;44;46;47;58;64;65;67;70;72;83;87
4,2,14,C/5,5,source_cluster,gp_rbf,2.032072846140702,2.4076555292689523,"{""alpha"": 1.0, ""length"": 3.0}",6.112189662440784,1;2;3;20;28;38;57;62;63;66;69;85;89;90,9;12;21;25;36;37;39;44;46;47;58;64;65;67;70;72;83;87
4,2,14,C/5,5,source_cluster,catboost,3.3717497581320397,4.836928557806052,{},,1;2;3;20;28;38;57;62;63;66;69;85;89;90,9;12;21;25;36;37;39;44;46;47;58;64;65;67;70;72;83;87
4,2,14,C/5,5,source_cluster,xgboost,3.689364963107639,5.623564279795394,{},,1;2;3;20;28;38;57;62;63;66;69;85;89;90,9;12;21;25;36;37;39;44;46;47;58;64;65;67;70;72;83;87
4,2,14,C/5,5,source_cluster,extra_trees,2.7075740110148803,3.56805792710736,{},,1;2;3;20;28;38;57;62;63;66;69;85;89;90,9;12;21;25;36;37;39;44;46;47;58;64;65;67;70;72;83;87
4,2,14,C/80,0,physical_cluster,ridge_physics,2.2850362989637585,3.0952790687360063,"{""alpha"": 1.0}",2.154839975493295,1;15;18;22;23;28;43;45;57;62;68;69;76;88,9;12;21;25;36;37;39;44;46;47;58;64;65;67;70;72;83;87
4,2,14,C/80,0,physical_cluster,ridge_source,2.444189283582899,3.2309934563535867,"{""alpha"": 1.0}",1.8739270653043476,1;15;18;22;23;28;43;45;57;62;68;69;76;88,9;12;21;25;36;37;39;44;46;47;58;64;65;67;70;72;83;87
4,2,14,C/80,0,physical_cluster,ridge_input,3.841340806749132,5.049508648495362,"{""alpha"": 0.1}",4.22227931022644,1;15;18;22;23;28;43;45;57;62;68;69;76;88,9;12;21;25;36;37;39;44;46;47;58;64;65;67;70;72;83;87
4,2,14,C/80,0,physical_cluster,krr_rbf,2.3310449388292103,3.1786852781731705,"{""alpha"": 0.1, ""gamma"": 0.05}",4.063341421740396,1;15;18;22;23;28;43;45;57;62;68;69;76;88,9;12;21;25;36;37;39;44;46;47;58;64;65;67;70;72;83;87
4,2,14,C/80,0,physical_cluster,svr_rbf,2.602191633040157,3.459949985045356,"{""C"": 100.0, ""epsilon"": 0.2}",3.9581435199159776,1;15;18;22;23;28;43;45;57;62;68;69;76;88,9;12;21;25;36;37;39;44;46;47;58;64;65;67;70;72;83;87
4,2,14,C/80,0,physical_cluster,gp_rbf,2.424073040853125,3.2820642682375403,"{""alpha"": 1.0, ""length"": 3.0}",4.588172723307694,1;15;18;22;23;28;43;45;57;62;68;69;76;88,9;12;21;25;36;37;39;44;46;47;58;64;65;67;70;72;83;87
4,2,14,C/80,0,physical_cluster,catboost,3.528292154723443,5.040861845787289,{},,1;15;18;22;23;28;43;45;57;62;68;69;76;88,9;12;21;25;36;37;39;44;46;47;58;64;65;67;70;72;83;87
4,2,14,C/80,0,physical_cluster,xgboost,3.2961192660861545,5.271388677362342,{},,1;15;18;22;23;28;43;45;57;62;68;69;76;88,9;12;21;25;36;37;39;44;46;47;58;64;65;67;70;72;83;87
4,2,14,C/80,0,physical_cluster,extra_trees,2.9746388979227216,3.9586289443992726,{},,1;15;18;22;23;28;43;45;57;62;68;69;76;88,9;12;21;25;36;37;39;44;46;47;58;64;65;67;70;72;83;87
4,2,14,C/40,1,physical_cluster,ridge_physics,1.8997756110297308,2.544798982967784,"{""alpha"": 1.0}",1.585691145488194,1;15;18;22;23;28;43;45;57;62;68;69;76;88,9;12;21;25;36;37;39;44;46;47;58;64;65;67;70;72;83;87
4,2,14,C/40,1,physical_cluster,ridge_source,1.8147866990831163,2.453205942681136,"{""alpha"": 0.1}",1.2701914991651262,1;15;18;22;23;28;43;45;57;62;68;69;76;88,9;12;21;25;36;37;39;44;46;47;58;64;65;67;70;72;83;87
4,2,14,C/40,1,physical_cluster,ridge_input,3.0983874003092446,4.156392438225551,"{""alpha"": 1.0}",4.2378222942352295,1;15;18;22;23;28;43;45;57;62;68;69;76;88,9;12;21;25;36;37;39;44;46;47;58;64;65;67;70;72;83;87
4,2,14,C/40,1,physical_cluster,krr_rbf,2.0661243862575955,2.6907881880057545,"{""alpha"": 0.1, ""gamma"": 0.05}",3.679276700530733,1;15;18;22;23;28;43;45;57;62;68;69;76;88,9;12;21;25;36;37;39;44;46;47;58;64;65;67;70;72;83;87
4,2,14,C/40,1,physical_cluster,svr_rbf,2.103335345833559,2.665227803832408,"{""C"": 100.0, ""epsilon"": 0.2}",3.844310772096097,1;15;18;22;23;28;43;45;57;62;68;69;76;88,9;12;21;25;36;37;39;44;46;47;58;64;65;67;70;72;83;87
4,2,14,C/40,1,physical_cluster,gp_rbf,2.1225865346320174,2.7917417851772184,"{""alpha"": 1.0, ""length"": 3.0}",4.25244643637833,1;15;18;22;23;28;43;45;57;62;68;69;76;88,9;12;21;25;36;37;39;44;46;47;58;64;65;67;70;72;83;87
4,2,14,C/40,1,physical_cluster,catboost,3.282783537135939,4.687080080347648,{},,1;15;18;22;23;28;43;45;57;62;68;69;76;88,9;12;21;25;36;37;39;44;46;47;58;64;65;67;70;72;83;87
4,2,14,C/40,1,physical_cluster,xgboost,2.9010963439941406,4.910008450579613,{},,1;15;18;22;23;28;43;45;57;62;68;69;76;88,9;12;21;25;36;37;39;44;46;47;58;64;65;67;70;72;83;87
4,2,14,C/40,1,physical_cluster,extra_trees,2.646756599874513,3.50211991893158,{},,1;15;18;22;23;28;43;45;57;62;68;69;76;88,9;12;21;25;36;37;39;44;46;47;58;64;65;67;70;72;83;87
4,2,14,0.05A,2,physical_cluster,ridge_physics,2.454136742485894,3.2584335267436657,"{""alpha"": 1.0}",2.426435078893389,1;15;18;22;23;28;43;45;57;62;68;69;76;88,9;12;21;25;36;37;39;44;46;47;58;64;65;67;70;72;83;87
4,2,14,0.05A,2,physical_cluster,ridge_source,2.635322994656033,3.387858746062508,"{""alpha"": 1.0}",1.9952337060655867,1;15;18;22;23;28;43;45;57;62;68;69;76;88,9;12;21;25;36;37;39;44;46;47;58;64;65;67;70;72;83;87
4,2,14,0.05A,2,physical_cluster,ridge_input,3.9258956909179688,5.184913284578236,"{""alpha"": 0.1}",3.970416716166905,1;15;18;22;23;28;43;45;57;62;68;69;76;88,9;12;21;25;36;37;39;44;46;47;58;64;65;67;70;72;83;87
4,2,14,0.05A,2,physical_cluster,krr_rbf,2.411480373806424,3.2657645700944573,"{""alpha"": 0.1, ""gamma"": 0.05}",4.24949101465089,1;15;18;22;23;28;43;45;57;62;68;69;76;88,9;12;21;25;36;37;39;44;46;47;58;64;65;67;70;72;83;87
4,2,14,0.05A,2,physical_cluster,svr_rbf,2.8174476013652847,3.731642324278465,"{""C"": 100.0, ""epsilon"": 0.2}",4.214811555469458,1;15;18;22;23;28;43;45;57;62;68;69;76;88,9;12;21;25;36;37;39;44;46;47;58;64;65;67;70;72;83;87
4,2,14,0.05A,2,physical_cluster,gp_rbf,2.487948766174948,3.3718946439942443,"{""alpha"": 1.0, ""length"": 3.0}",4.753724657632376,1;15;18;22;23;28;43;45;57;62;68;69;76;88,9;12;21;25;36;37;39;44;46;47;58;64;65;67;70;72;83;87
4,2,14,0.05A,2,physical_cluster,catboost,3.556331179807731,5.061165616611947,{},,1;15;18;22;23;28;43;45;57;62;68;69;76;88,9;12;21;25;36;37;39;44;46;47;58;64;65;67;70;72;83;87
4,2,14,0.05A,2,physical_cluster,xgboost,3.47037845187717,5.310863299679987,{},,1;15;18;22;23;28;43;45;57;62;68;69;76;88,9;12;21;25;36;37;39;44;46;47;58;64;65;67;70;72;83;87
4,2,14,0.05A,2,physical_cluster,extra_trees,3.027334120942172,3.9250389105440777,{},,1;15;18;22;23;28;43;45;57;62;68;69;76;88,9;12;21;25;36;37;39;44;46;47;58;64;65;67;70;72;83;87
4,2,14,C/10,3,physical_cluster,ridge_physics,1.6851014031304254,2.076556203931764,"{""alpha"": 0.1}",1.06928208896092,1;15;18;22;23;28;43;45;57;62;68;69;76;88,9;12;21;25;36;37;39;44;46;47;58;64;65;67;70;72;83;87
4,2,14,C/10,3,physical_cluster,ridge_source,1.7776048448350694,2.1861897706049747,"{""alpha"": 0.1}",1.3389640195029122,1;15;18;22;23;28;43;45;57;62;68;69;76;88,9;12;21;25;36;37;39;44;46;47;58;64;65;67;70;72;83;87
4,2,14,C/10,3,physical_cluster,ridge_input,2.8840306599934897,4.287809648498529,"{""alpha"": 10.0}",3.940434523991176,1;15;18;22;23;28;43;45;57;62;68;69;76;88,9;12;21;25;36;37;39;44;46;47;58;64;65;67;70;72;83;87
4,2,14,C/10,3,physical_cluster,krr_rbf,2.072074042426215,2.516814573329568,"{""alpha"": 0.1, ""gamma"": 0.05}",4.003711095878056,1;15;18;22;23;28;43;45;57;62;68;69;76;88,9;12;21;25;36;37;39;44;46;47;58;64;65;67;70;72;83;87
4,2,14,C/10,3,physical_cluster,svr_rbf,1.991530915388072,2.409626952512564,"{""C"": 100.0, ""epsilon"": 0.2}",4.608650129682474,1;15;18;22;23;28;43;45;57;62;68;69;76;88,9;12;21;25;36;37;39;44;46;47;58;64;65;67;70;72;83;87
4,2,14,C/10,3,physical_cluster,gp_rbf,2.112744240866451,2.6001502799138505,"{""alpha"": 1.0, ""length"": 3.0}",4.639601208600344,1;15;18;22;23;28;43;45;57;62;68;69;76;88,9;12;21;25;36;37;39;44;46;47;58;64;65;67;70;72;83;87
4,2,14,C/10,3,physical_cluster,catboost,3.318331808929441,4.632247257572407,{},,1;15;18;22;23;28;43;45;57;62;68;69;76;88,9;12;21;25;36;37;39;44;46;47;58;64;65;67;70;72;83;87
4,2,14,C/10,3,physical_cluster,xgboost,2.876349555121528,4.846813560069899,{},,1;15;18;22;23;28;43;45;57;62;68;69;76;88,9;12;21;25;36;37;39;44;46;47;58;64;65;67;70;72;83;87
4,2,14,C/10,3,physical_cluster,extra_trees,2.6976187613401468,3.37255837957615,{},,1;15;18;22;23;28;43;45;57;62;68;69;76;88,9;12;21;25;36;37;39;44;46;47;58;64;65;67;70;72;83;87
4,2,14,C/7,4,physical_cluster,ridge_physics,1.6868086920844183,2.034636494085785,"{""alpha"": 0.1}",1.1737259796687536,1;15;18;22;23;28;43;45;57;62;68;69;76;88,9;12;21;25;36;37;39;44;46;47;58;64;65;67;70;72;83;87
4,2,14,C/7,4,physical_cluster,ridge_source,1.8277342054578996,2.1976170790217453,"{""alpha"": 0.1}",1.5541152272905625,1;15;18;22;23;28;43;45;57;62;68;69;76;88,9;12;21;25;36;37;39;44;46;47;58;64;65;67;70;72;83;87
4,2,14,C/7,4,physical_cluster,ridge_input,2.8755777147081165,4.22626776072516,"{""alpha"": 10.0}",3.887197869164603,1;15;18;22;23;28;43;45;57;62;68;69;76;88,9;12;21;25;36;37;39;44;46;47;58;64;65;67;70;72;83;87
4,2,14,C/7,4,physical_cluster,krr_rbf,2.080876244439019,2.495944625313174,"{""alpha"": 0.1, ""gamma"": 0.05}",4.172641324145453,1;15;18;22;23;28;43;45;57;62;68;69;76;88,9;12;21;25;36;37;39;44;46;47;58;64;65;67;70;72;83;87
4,2,14,C/7,4,physical_cluster,svr_rbf,2.017747243317468,2.3980460750897543,"{""C"": 100.0, ""epsilon"": 0.2}",4.933992315855838,1;15;18;22;23;28;43;45;57;62;68;69;76;88,9;12;21;25;36;37;39;44;46;47;58;64;65;67;70;72;83;87
4,2,14,C/7,4,physical_cluster,gp_rbf,2.1190355195572668,2.5706622228091,"{""alpha"": 1.0, ""length"": 3.0}",4.828822924326886,1;15;18;22;23;28;43;45;57;62;68;69;76;88,9;12;21;25;36;37;39;44;46;47;58;64;65;67;70;72;83;87
4,2,14,C/7,4,physical_cluster,catboost,3.344458603462217,4.629329041162979,{},,1;15;18;22;23;28;43;45;57;62;68;69;76;88,9;12;21;25;36;37;39;44;46;47;58;64;65;67;70;72;83;87
4,2,14,C/7,4,physical_cluster,xgboost,2.880812750922309,4.827412039785208,{},,1;15;18;22;23;28;43;45;57;62;68;69;76;88,9;12;21;25;36;37;39;44;46;47;58;64;65;67;70;72;83;87
4,2,14,C/7,4,physical_cluster,extra_trees,2.701069026636699,3.3564570500094595,{},,1;15;18;22;23;28;43;45;57;62;68;69;76;88,9;12;21;25;36;37;39;44;46;47;58;64;65;67;70;72;83;87
4,2,14,C/5,5,physical_cluster,ridge_physics,1.680219014485677,1.9854893264406963,"{""alpha"": 0.1}",1.2191344669887,1;15;18;22;23;28;43;45;57;62;68;69;76;88,9;12;21;25;36;37;39;44;46;47;58;64;65;67;70;72;83;87
4,2,14,C/5,5,physical_cluster,ridge_source,1.884739769829644,2.2317692881929387,"{""alpha"": 0.1}",1.7761259419577462,1;15;18;22;23;28;43;45;57;62;68;69;76;88,9;12;21;25;36;37;39;44;46;47;58;64;65;67;70;72;83;87
4,2,14,C/5,5,physical_cluster,ridge_input,2.890672471788194,4.202963847014941,"{""alpha"": 10.0}",3.878367151532854,1;15;18;22;23;28;43;45;57;62;68;69;76;88,9;12;21;25;36;37;39;44;46;47;58;64;65;67;70;72;83;87
4,2,14,C/5,5,physical_cluster,krr_rbf,2.096612294514974,2.478510494869076,"{""alpha"": 0.1, ""gamma"": 0.05}",4.378636247345379,1;15;18;22;23;28;43;45;57;62;68;69;76;88,9;12;21;25;36;37;39;44;46;47;58;64;65;67;70;72;83;87
4,2,14,C/5,5,physical_cluster,svr_rbf,1.9880039248831427,2.3239262438825743,"{""C"": 100.0, ""epsilon"": 0.2}",5.1984350542558015,1;15;18;22;23;28;43;45;57;62;68;69;76;88,9;12;21;25;36;37;39;44;46;47;58;64;65;67;70;72;83;87
4,2,14,C/5,5,physical_cluster,gp_rbf,2.13397176633349,2.5480382141559126,"{""alpha"": 1.0, ""length"": 3.0}",5.047140291917223,1;15;18;22;23;28;43;45;57;62;68;69;76;88,9;12;21;25;36;37;39;44;46;47;58;64;65;67;70;72;83;87
4,2,14,C/5,5,physical_cluster,catboost,3.4728306574020613,4.709420839958447,{},,1;15;18;22;23;28;43;45;57;62;68;69;76;88,9;12;21;25;36;37;39;44;46;47;58;64;65;67;70;72;83;87
4,2,14,C/5,5,physical_cluster,xgboost,2.849379645453559,4.805900556554049,{},,1;15;18;22;23;28;43;45;57;62;68;69;76;88,9;12;21;25;36;37;39;44;46;47;58;64;65;67;70;72;83;87
4,2,14,C/5,5,physical_cluster,extra_trees,2.6858275017473456,3.320521396343626,{},,1;15;18;22;23;28;43;45;57;62;68;69;76;88,9;12;21;25;36;37;39;44;46;47;58;64;65;67;70;72;83;87
4,2,14,C/80,0,input_cluster,ridge_physics,2.1970303853352866,2.862565578497202,"{""alpha"": 0.1}",3.630981070654733,0;8;13;20;29;30;31;42;52;55;62;68;69;89,9;12;21;25;36;37;39;44;46;47;58;64;65;67;70;72;83;87
4,2,14,C/80,0,input_cluster,ridge_source,2.2270495096842446,3.0048445103349386,"{""alpha"": 0.1}",3.3223202228546143,0;8;13;20;29;30;31;42;52;55;62;68;69;89,9;12;21;25;36;37;39;44;46;47;58;64;65;67;70;72;83;87
4,2,14,C/80,0,input_cluster,ridge_input,3.2299406263563366,4.442067997227737,"{""alpha"": 10.0}",6.870728628976004,0;8;13;20;29;30;31;42;52;55;62;68;69;89,9;12;21;25;36;37;39;44;46;47;58;64;65;67;70;72;83;87
4,2,14,C/80,0,input_cluster,krr_rbf,1.9978052775065105,2.74919240478423,"{""alpha"": 0.1, ""gamma"": 0.05}",5.033347436359951,0;8;13;20;29;30;31;42;52;55;62;68;69;89,9;12;21;25;36;37;39;44;46;47;58;64;65;67;70;72;83;87
4,2,14,C/80,0,input_cluster,svr_rbf,2.2807356589420675,2.649592834038011,"{""C"": 100.0, ""epsilon"": 0.2}",4.994994540103873,0;8;13;20;29;30;31;42;52;55;62;68;69;89,9;12;21;25;36;37;39;44;46;47;58;64;65;67;70;72;83;87
4,2,14,C/80,0,input_cluster,gp_rbf,2.114010458838233,2.842112081719212,"{""alpha"": 1.0, ""length"": 3.0}",5.578195711384102,0;8;13;20;29;30;31;42;52;55;62;68;69;89,9;12;21;25;36;37;39;44;46;47;58;64;65;67;70;72;83;87
4,2,14,C/80,0,input_cluster,catboost,3.2373103255198448,4.571568757441652,{},,0;8;13;20;29;30;31;42;52;55;62;68;69;89,9;12;21;25;36;37;39;44;46;47;58;64;65;67;70;72;83;87
4,2,14,C/80,0,input_cluster,xgboost,3.332943386501736,4.976869605892476,{},,0;8;13;20;29;30;31;42;52;55;62;68;69;89,9;12;21;25;36;37;39;44;46;47;58;64;65;67;70;72;83;87
4,2,14,C/80,0,input_cluster,extra_trees,2.1312580563403927,2.690587792595845,{},,0;8;13;20;29;30;31;42;52;55;62;68;69;89,9;12;21;25;36;37;39;44;46;47;58;64;65;67;70;72;83;87
4,2,14,C/40,1,input_cluster,ridge_physics,1.641053941514757,2.2487253430831644,"{""alpha"": 0.1}",2.6473396846226285,0;8;13;20;29;30;31;42;52;55;62;68;69;89,9;12;21;25;36;37;39;44;46;47;58;64;65;67;70;72;83;87
4,2,14,C/40,1,input_cluster,ridge_source,1.9199447631835935,2.48289072673598,"{""alpha"": 0.1}",2.318378584725516,0;8;13;20;29;30;31;42;52;55;62;68;69;89,9;12;21;25;36;37;39;44;46;47;58;64;65;67;70;72;83;87
4,2,14,C/40,1,input_cluster,ridge_input,2.8547566731770835,3.936577261244297,"{""alpha"": 10.0}",6.324248313903809,0;8;13;20;29;30;31;42;52;55;62;68;69;89,9;12;21;25;36;37;39;44;46;47;58;64;65;67;70;72;83;87
4,2,14,C/40,1,input_cluster,krr_rbf,1.8175163269042969,2.3207818199557706,"{""alpha"": 0.1, ""gamma"": 0.05}",4.431826131684439,0;8;13;20;29;30;31;42;52;55;62;68;69;89,9;12;21;25;36;37;39;44;46;47;58;64;65;67;70;72;83;87
4,2,14,C/40,1,input_cluster,svr_rbf,1.5643839564037378,2.034787129234192,"{""C"": 100.0, ""epsilon"": 0.2}",4.394226991074499,0;8;13;20;29;30;31;42;52;55;62;68;69;89,9;12;21;25;36;37;39;44;46;47;58;64;65;67;70;72;83;87
4,2,14,C/40,1,input_cluster,gp_rbf,1.906576695704632,2.4160893923579727,"{""alpha"": 1.0, ""length"": 3.0}",5.077513677899722,0;8;13;20;29;30;31;42;52;55;62;68;69;89,9;12;21;25;36;37;39;44;46;47;58;64;65;67;70;72;83;87
4,2,14,C/40,1,input_cluster,catboost,2.868949301033888,4.167739169841703,{},,0;8;13;20;29;30;31;42;52;55;62;68;69;89,9;12;21;25;36;37;39;44;46;47;58;64;65;67;70;72;83;87
4,2,14,C/40,1,input_cluster,xgboost,2.674759758843316,4.521919038050405,{},,0;8;13;20;29;30;31;42;52;55;62;68;69;89,9;12;21;25;36;37;39;44;46;47;58;64;65;67;70;72;83;87
4,2,14,C/40,1,input_cluster,extra_trees,1.856364148634452,2.2988701225234256,{},,0;8;13;20;29;30;31;42;52;55;62;68;69;89,9;12;21;25;36;37;39;44;46;47;58;64;65;67;70;72;83;87
4,2,14,0.05A,2,input_cluster,ridge_physics,2.387991163465712,3.046008815660218,"{""alpha"": 0.1}",3.9441732679094583,0;8;13;20;29;30;31;42;52;55;62;68;69;89,9;12;21;25;36;37;39;44;46;47;58;64;65;67;70;72;83;87
4,2,14,0.05A,2,input_cluster,ridge_source,2.6844635009765625,3.4106573057136456,"{""alpha"": 1.0}",3.6356893266950334,0;8;13;20;29;30;31;42;52;55;62;68;69;89,9;12;21;25;36;37;39;44;46;47;58;64;65;67;70;72;83;87
4,2,14,0.05A,2,input_cluster,ridge_input,3.3385713365342884,4.549414462198745,"{""alpha"": 10.0}",7.14523230280195,0;8;13;20;29;30;31;42;52;55;62;68;69;89,9;12;21;25;36;37;39;44;46;47;58;64;65;67;70;72;83;87
4,2,14,0.05A,2,input_cluster,krr_rbf,2.090943654378256,2.843834676822856,"{""alpha"": 0.1, ""gamma"": 0.05}",5.350263919149127,0;8;13;20;29;30;31;42;52;55;62;68;69;89,9;12;21;25;36;37;39;44;46;47;58;64;65;67;70;72;83;87
4,2,14,0.05A,2,input_cluster,svr_rbf,2.24591398039578,2.6827230847627823,"{""C"": 100.0, ""epsilon"": 1.0}",5.315185034271235,0;8;13;20;29;30;31;42;52;55;62;68;69;89,9;12;21;25;36;37;39;44;46;47;58;64;65;67;70;72;83;87
4,2,14,0.05A,2,input_cluster,gp_rbf,2.1409250437136254,2.938844451735325,"{""alpha"": 1.0, ""length"": 3.0}",5.83648659019939,0;8;13;20;29;30;31;42;52;55;62;68;69;89,9;12;21;25;36;37;39;44;46;47;58;64;65;67;70;72;83;87
4,2,14,0.05A,2,input_cluster,catboost,3.324739480487468,4.577507037953514,{},,0;8;13;20;29;30;31;42;52;55;62;68;69;89,9;12;21;25;36;37;39;44;46;47;58;64;65;67;70;72;83;87
4,2,14,0.05A,2,input_cluster,xgboost,3.631442175971137,5.126265170518237,{},,0;8;13;20;29;30;31;42;52;55;62;68;69;89,9;12;21;25;36;37;39;44;46;47;58;64;65;67;70;72;83;87
4,2,14,0.05A,2,input_cluster,extra_trees,2.262799964569232,2.7918992149693085,{},,0;8;13;20;29;30;31;42;52;55;62;68;69;89,9;12;21;25;36;37;39;44;46;47;58;64;65;67;70;72;83;87
4,2,14,C/10,3,input_cluster,ridge_physics,1.4683125813802085,1.8774380904099377,"{""alpha"": 0.1}",1.7804692132132394,0;8;13;20;29;30;31;42;52;55;62;68;69;89,9;12;21;25;36;37;39;44;46;47;58;64;65;67;70;72;83;87
4,2,14,C/10,3,input_cluster,ridge_source,1.976376003689236,2.3623494058262966,"{""alpha"": 0.1}",1.7136179038456507,0;8;13;20;29;30;31;42;52;55;62;68;69;89,9;12;21;25;36;37;39;44;46;47;58;64;65;67;70;72;83;87
4,2,14,C/10,3,input_cluster,ridge_input,2.5913238525390625,3.585387657738617,"{""alpha"": 10.0}",5.462637662887573,0;8;13;20;29;30;31;42;52;55;62;68;69;89,9;12;21;25;36;37;39;44;46;47;58;64;65;67;70;72;83;87
4,2,14,C/10,3,input_cluster,krr_rbf,1.870041741265191,2.2098946810582785,"{""alpha"": 0.1, ""gamma"": 0.05}",4.507086915629251,0;8;13;20;29;30;31;42;52;55;62;68;69;89,9;12;21;25;36;37;39;44;46;47;58;64;65;67;70;72;83;87
4,2,14,C/10,3,input_cluster,svr_rbf,1.619839898095214,2.025246220942232,"{""C"": 100.0, ""epsilon"": 1.0}",4.475738005111574,0;8;13;20;29;30;31;42;52;55;62;68;69;89,9;12;21;25;36;37;39;44;46;47;58;64;65;67;70;72;83;87
4,2,14,C/10,3,input_cluster,gp_rbf,1.941858783142965,2.29207639984913,"{""alpha"": 1.0, ""length"": 3.0}",5.201404841429816,0;8;13;20;29;30;31;42;52;55;62;68;69;89,9;12;21;25;36;37;39;44;46;47;58;64;65;67;70;72;83;87
4,2,14,C/10,3,input_cluster,catboost,2.782178861085227,4.0240815383727,{},,0;8;13;20;29;30;31;42;52;55;62;68;69;89,9;12;21;25;36;37;39;44;46;47;58;64;65;67;70;72;83;87
4,2,14,C/10,3,input_cluster,xgboost,2.783068339029948,4.451593052945868,{},,0;8;13;20;29;30;31;42;52;55;62;68;69;89,9;12;21;25;36;37;39;44;46;47;58;64;65;67;70;72;83;87
4,2,14,C/10,3,input_cluster,extra_trees,1.8910860389628728,2.274268622265059,{},,0;8;13;20;29;30;31;42;52;55;62;68;69;89,9;12;21;25;36;37;39;44;46;47;58;64;65;67;70;72;83;87
4,2,14,C/7,4,input_cluster,ridge_physics,1.4820488823784723,1.866979216153661,"{""alpha"": 0.1}",1.692062991006034,0;8;13;20;29;30;31;42;52;55;62;68;69;89,9;12;21;25;36;37;39;44;46;47;58;64;65;67;70;72;83;87
4,2,14,C/7,4,input_cluster,ridge_source,2.061584048800998,2.4358714037081235,"{""alpha"": 0.1}",1.8595908709934776,0;8;13;20;29;30;31;42;52;55;62;68;69;89,9;12;21;25;36;37;39;44;46;47;58;64;65;67;70;72;83;87
4,2,14,C/7,4,input_cluster,ridge_input,2.594264136420356,3.5313883222249194,"{""alpha"": 10.0}",5.369057314736502,0;8;13;20;29;30;31;42;52;55;62;68;69;89,9;12;21;25;36;37;39;44;46;47;58;64;65;67;70;72;83;87
4,2,14,C/7,4,input_cluster,krr_rbf,1.8761609395345047,2.205711066546713,"{""alpha"": 0.1, ""gamma"": 0.05}",4.519612533705575,0;8;13;20;29;30;31;42;52;55;62;68;69;89,9;12;21;25;36;37;39;44;46;47;58;64;65;67;70;72;83;87
4,2,14,C/7,4,input_cluster,svr_rbf,1.6694588468504874,2.0199531634771835,"{""C"": 100.0, ""epsilon"": 1.0}",4.378246194687479,0;8;13;20;29;30;31;42;52;55;62;68;69;89,9;12;21;25;36;37;39;44;46;47;58;64;65;67;70;72;83;87
4,2,14,C/7,4,input_cluster,gp_rbf,1.9439000687008088,2.281631581209052,"{""alpha"": 1.0, ""length"": 3.0}",5.232907619092701,0;8;13;20;29;30;31;42;52;55;62;68;69;89,9;12;21;25;36;37;39;44;46;47;58;64;65;67;70;72;83;87
4,2,14,C/7,4,input_cluster,catboost,2.76440898629366,4.013115128270938,{},,0;8;13;20;29;30;31;42;52;55;62;68;69;89,9;12;21;25;36;37;39;44;46;47;58;64;65;67;70;72;83;87
4,2,14,C/7,4,input_cluster,xgboost,2.769576602511936,4.441383870668608,{},,0;8;13;20;29;30;31;42;52;55;62;68;69;89,9;12;21;25;36;37;39;44;46;47;58;64;65;67;70;72;83;87
4,2,14,C/7,4,input_cluster,extra_trees,1.9259546080278984,2.319767795583734,{},,0;8;13;20;29;30;31;42;52;55;62;68;69;89,9;12;21;25;36;37;39;44;46;47;58;64;65;67;70;72;83;87
4,2,14,C/5,5,input_cluster,ridge_physics,1.46823247273763,1.8273185545167885,"{""alpha"": 0.1}",1.6952486038208008,0;8;13;20;29;30;31;42;52;55;62;68;69;89,9;12;21;25;36;37;39;44;46;47;58;64;65;67;70;72;83;87
4,2,14,C/5,5,input_cluster,ridge_source,2.130621168348524,2.512605884994717,"{""alpha"": 0.1}",2.1337746552058627,0;8;13;20;29;30;31;42;52;55;62;68;69;89,9;12;21;25;36;37;39;44;46;47;58;64;65;67;70;72;83;87
4,2,14,C/5,5,input_cluster,ridge_input,2.617120530870226,3.5346376254605367,"{""alpha"": 10.0}",5.28648465020316,0;8;13;20;29;30;31;42;52;55;62;68;69;89,9;12;21;25;36;37;39;44;46;47;58;64;65;67;70;72;83;87
4,2,14,C/5,5,input_cluster,krr_rbf,1.869945102267795,2.1981530192671506,"{""alpha"": 0.1, ""gamma"": 0.05}",4.630298342023577,0;8;13;20;29;30;31;42;52;55;62;68;69;89,9;12;21;25;36;37;39;44;46;47;58;64;65;67;70;72;83;87
4,2,14,C/5,5,input_cluster,svr_rbf,1.66307873626061,1.9865138394050224,"{""C"": 100.0, ""epsilon"": 1.0}",4.488143309562301,0;8;13;20;29;30;31;42;52;55;62;68;69;89,9;12;21;25;36;37;39;44;46;47;58;64;65;67;70;72;83;87
4,2,14,C/5,5,input_cluster,gp_rbf,1.9368711280975344,2.2763444287467256,"{""alpha"": 1.0, ""length"": 3.0}",5.373856600157508,0;8;13;20;29;30;31;42;52;55;62;68;69;89,9;12;21;25;36;37;39;44;46;47;58;64;65;67;70;72;83;87
4,2,14,C/5,5,input_cluster,catboost,2.868519487292125,4.082663623888055,{},,0;8;13;20;29;30;31;42;52;55;62;68;69;89,9;12;21;25;36;37;39;44;46;47;58;64;65;67;70;72;83;87
4,2,14,C/5,5,input_cluster,xgboost,2.755094740125868,4.469650751412182,{},,0;8;13;20;29;30;31;42;52;55;62;68;69;89,9;12;21;25;36;37;39;44;46;47;58;64;65;67;70;72;83;87
4,2,14,C/5,5,input_cluster,extra_trees,1.9512381043068328,2.3631356608868783,{},,0;8;13;20;29;30;31;42;52;55;62;68;69;89,9;12;21;25;36;37;39;44;46;47;58;64;65;67;70;72;83;87