fold,repeat,k,rate,rate_idx,policy,method,soh_mae_pp,soh_rmse_pp,selected_hyperparameters,labeled_loo_mae,label_ids,test_ids
3,0,4,C/80,0,random,ridge_physics,3.3396119011773004,4.23424501510592,"{""alpha"": 1.0}",2.559026598930359,6;17;42;86,1;10;14;19;20;29;31;32;49;57;61;69;73;77;78;85;88;89
3,0,4,C/80,0,random,ridge_source,2.769301096598307,3.44100584133818,"{""alpha"": 0.1}",1.9594791531562803,6;17;42;86,1;10;14;19;20;29;31;32;49;57;61;69;73;77;78;85;88;89
3,0,4,C/80,0,random,ridge_input,6.789569854736328,8.877013682889405,"{""alpha"": 0.1}",1.8446673154830933,6;17;42;86,1;10;14;19;20;29;31;32;49;57;61;69;73;77;78;85;88;89
3,0,4,C/80,0,random,krr_rbf,5.802349090576172,8.5781256631761,"{""alpha"": 0.1, ""gamma"": 0.05}",2.7242602109909058,6;17;42;86,1;10;14;19;20;29;31;32;49;57;61;69;73;77;78;85;88;89
3,0,4,C/80,0,random,svr_rbf,7.245694998244185,10.735836744376334,"{""C"": 10.0, ""epsilon"": 1.0}",3.047401449395696,6;17;42;86,1;10;14;19;20;29;31;32;49;57;61;69;73;77;78;85;88;89
3,0,4,C/80,0,random,gp_rbf,7.377826723167177,11.476387245841376,"{""alpha"": 1.0, ""length"": 1.0}",3.5558341337930157,6;17;42;86,1;10;14;19;20;29;31;32;49;57;61;69;73;77;78;85;88;89
3,0,4,C/80,0,random,catboost,6.795657455802521,9.753277605710691,{},,6;17;42;86,1;10;14;19;20;29;31;32;49;57;61;69;73;77;78;85;88;89
3,0,4,C/80,0,random,xgboost,7.452109018961589,10.16255316652958,{},,6;17;42;86,1;10;14;19;20;29;31;32;49;57;61;69;73;77;78;85;88;89
3,0,4,C/80,0,random,extra_trees,6.192338095770944,8.882634978753039,{},,6;17;42;86,1;10;14;19;20;29;31;32;49;57;61;69;73;77;78;85;88;89
3,0,4,C/40,1,random,ridge_physics,2.898274739583333,3.7293158723855,"{""alpha"": 1.0}",2.630413770675659,6;17;42;86,1;10;14;19;20;29;31;32;49;57;61;69;73;77;78;85;88;89
3,0,4,C/40,1,random,ridge_source,2.211823357476129,2.7831739667267623,"{""alpha"": 0.1}",2.3808239698410034,6;17;42;86,1;10;14;19;20;29;31;32;49;57;61;69;73;77;78;85;88;89
3,0,4,C/40,1,random,ridge_input,5.556908501519097,8.012867433974158,"{""alpha"": 0.1}",2.104752779006958,6;17;42;86,1;10;14;19;20;29;31;32;49;57;61;69;73;77;78;85;88;89
3,0,4,C/40,1,random,krr_rbf,5.390425364176433,8.578931036922796,"{""alpha"": 0.1, ""gamma"": 0.05}",2.811302661895752,6;17;42;86,1;10;14;19;20;29;31;32;49;57;61;69;73;77;78;85;88;89
3,0,4,C/40,1,random,svr_rbf,6.821767825402876,10.731355508674424,"{""C"": 10.0, ""epsilon"": 1.0}",2.77189774597334,6;17;42;86,1;10;14;19;20;29;31;32;49;57;61;69;73;77;78;85;88;89
3,0,4,C/40,1,random,gp_rbf,6.8354410374763805,11.655689092861646,"{""alpha"": 1.0, ""length"": 1.0}",3.399879661565864,6;17;42;86,1;10;14;19;20;29;31;32;49;57;61;69;73;77;78;85;88;89
3,0,4,C/40,1,random,catboost,6.345204052353608,9.650898573187884,{},,6;17;42;86,1;10;14;19;20;29;31;32;49;57;61;69;73;77;78;85;88;89
3,0,4,C/40,1,random,xgboost,6.95913569132487,10.045691632303631,{},,6;17;42;86,1;10;14;19;20;29;31;32;49;57;61;69;73;77;78;85;88;89
3,0,4,C/40,1,random,extra_trees,5.794253871175979,8.775135059313078,{},,6;17;42;86,1;10;14;19;20;29;31;32;49;57;61;69;73;77;78;85;88;89
3,0,4,0.05A,2,random,ridge_physics,3.4237857394748263,4.276715608895554,"{""alpha"": 1.0}",2.6076638102531438,6;17;42;86,1;10;14;19;20;29;31;32;49;57;61;69;73;77;78;85;88;89
3,0,4,0.05A,2,random,ridge_source,2.8663452996148004,3.589419992845844,"{""alpha"": 0.1}",2.100756824016571,6;17;42;86,1;10;14;19;20;29;31;32;49;57;61;69;73;77;78;85;88;89
3,0,4,0.05A,2,random,ridge_input,7.457961612277561,9.403028145838794,"{""alpha"": 0.1}",1.7625863552093506,6;17;42;86,1;10;14;19;20;29;31;32;49;57;61;69;73;77;78;85;88;89
3,0,4,0.05A,2,random,krr_rbf,5.939823574490017,8.531532420546851,"{""alpha"": 0.1, ""gamma"": 0.05}",2.772170662879944,6;17;42;86,1;10;14;19;20;29;31;32;49;57;61;69;73;77;78;85;88;89
3,0,4,0.05A,2,random,svr_rbf,7.4353182864717455,10.664878001723144,"{""C"": 10.0, ""epsilon"": 0.2}",3.4078164789466974,6;17;42;86,1;10;14;19;20;29;31;32;49;57;61;69;73;77;78;85;88;89
3,0,4,0.05A,2,random,gp_rbf,6.629726336749653,9.474924709134095,"{""alpha"": 1.0, ""length"": 3.0}",3.6906909914602952,6;17;42;86,1;10;14;19;20;29;31;32;49;57;61;69;73;77;78;85;88;89
3,0,4,0.05A,2,random,catboost,6.979476969275911,9.69616051868749,{},,6;17;42;86,1;10;14;19;20;29;31;32;49;57;61;69;73;77;78;85;88;89
3,0,4,0.05A,2,random,xgboost,7.527923583984375,10.091225445192354,{},,6;17;42;86,1;10;14;19;20;29;31;32;49;57;61;69;73;77;78;85;88;89
3,0,4,0.05A,2,random,extra_trees,6.313216649161448,8.794292933315365,{},,6;17;42;86,1;10;14;19;20;29;31;32;49;57;61;69;73;77;78;85;88;89
3,0,4,C/10,3,random,ridge_physics,2.774419996473524,3.883763083539763,"{""alpha"": 1.0}",2.647315740585327,6;17;42;86,1;10;14;19;20;29;31;32;49;57;61;69;73;77;78;85;88;89
3,0,4,C/10,3,random,ridge_source,2.0836024814181857,2.958861088681021,"{""alpha"": 0.1}",2.5241284370422363,6;17;42;86,1;10;14;19;20;29;31;32;49;57;61;69;73;77;78;85;88;89
3,0,4,C/10,3,random,ridge_input,4.812325795491536,7.450513403503756,"{""alpha"": 0.1}",2.538972973823548,6;17;42;86,1;10;14;19;20;29;31;32;49;57;61;69;73;77;78;85;88;89
3,0,4,C/10,3,random,krr_rbf,5.297957950168186,9.194232759842292,"{""alpha"": 0.1, ""gamma"": 0.05}",2.842389464378357,6;17;42;86,1;10;14;19;20;29;31;32;49;57;61;69;73;77;78;85;88;89
3,0,4,C/10,3,random,svr_rbf,6.6474406405629,11.085450243289976,"{""C"": 10.0, ""epsilon"": 0.2}",2.4271107795496496,6;17;42;86,1;10;14;19;20;29;31;32;49;57;61;69;73;77;78;85;88;89
3,0,4,C/10,3,random,gp_rbf,7.043756223001171,12.44533404341998,"{""alpha"": 1.0, ""length"": 1.0}",3.395169950566591,6;17;42;86,1;10;14;19;20;29;31;32;49;57;61;69;73;77;78;85;88;89
3,0,4,C/10,3,random,catboost,6.225027404467357,9.992267433922905,{},,6;17;42;86,1;10;14;19;20;29;31;32;49;57;61;69;73;77;78;85;88;89
3,0,4,C/10,3,random,xgboost,6.855094485812717,10.379143649051112,{},,6;17;42;86,1;10;14;19;20;29;31;32;49;57;61;69;73;77;78;85;88;89
3,0,4,C/10,3,random,extra_trees,5.718201809459263,9.119509787006072,{},,6;17;42;86,1;10;14;19;20;29;31;32;49;57;61;69;73;77;78;85;88;89
3,0,4,C/7,4,random,ridge_physics,2.882813347710504,4.073885528675067,"{""alpha"": 1.0}",2.652702808380127,6;17;42;86,1;10;14;19;20;29;31;32;49;57;61;69;73;77;78;85;88;89
3,0,4,C/7,4,random,ridge_source,2.2008904351128478,3.1865184026997766,"{""alpha"": 0.1}",2.534569382667541,6;17;42;86,1;10;14;19;20;29;31;32;49;57;61;69;73;77;78;85;88;89
3,0,4,C/7,4,random,ridge_input,4.840891520182292,7.42529972108657,"{""alpha"": 0.1}",2.605277419090271,6;17;42;86,1;10;14;19;20;29;31;32;49;57;61;69;73;77;78;85;88;89
3,0,4,C/7,4,random,krr_rbf,5.413394927978516,9.517557745008071,"{""alpha"": 0.1, ""gamma"": 0.05}",2.8520915508270264,6;17;42;86,1;10;14;19;20;29;31;32;49;57;61;69;73;77;78;85;88;89
3,0,4,C/7,4,random,svr_rbf,6.762133355524616,11.293963137646717,"{""C"": 10.0, ""epsilon"": 0.2}",2.356591870062253,6;17;42;86,1;10;14;19;20;29;31;32;49;57;61;69;73;77;78;85;88;89
3,0,4,C/7,4,random,gp_rbf,7.208309672384571,12.842113258607514,"{""alpha"": 1.0, ""length"": 1.0}",3.44985014954612,6;17;42;86,1;10;14;19;20;29;31;32;49;57;61;69;73;77;78;85;88;89
3,0,4,C/7,4,random,catboost,6.335718015839088,10.204721966639706,{},,6;17;42;86,1;10;14;19;20;29;31;32;49;57;61;69;73;77;78;85;88;89
3,0,4,C/7,4,random,xgboost,6.9849395751953125,10.5980663750601,{},,6;17;42;86,1;10;14;19;20;29;31;32;49;57;61;69;73;77;78;85;88;89
3,0,4,C/7,4,random,extra_trees,5.819351111518014,9.328041481459104,{},,6;17;42;86,1;10;14;19;20;29;31;32;49;57;61;69;73;77;78;85;88;89
3,0,4,C/5,5,random,ridge_physics,2.9445122612847223,4.226595584422311,"{""alpha"": 1.0}",2.6667943000793457,6;17;42;86,1;10;14;19;20;29;31;32;49;57;61;69;73;77;78;85;88;89
3,0,4,C/5,5,random,ridge_source,2.2643809848361545,3.3765176027092534,"{""alpha"": 0.1}",2.5677101612091064,6;17;42;86,1;10;14;19;20;29;31;32;49;57;61;69;73;77;78;85;88;89
3,0,4,C/5,5,random,ridge_input,4.8925891452365455,7.437973672826623,"{""alpha"": 0.1}",2.626128435134888,6;17;42;86,1;10;14;19;20;29;31;32;49;57;61;69;73;77;78;85;88;89
3,0,4,C/5,5,random,krr_rbf,5.490318722195095,9.785169900654257,"{""alpha"": 0.1, ""gamma"": 0.05}",2.870858907699585,6;17;42;86,1;10;14;19;20;29;31;32;49;57;61;69;73;77;78;85;88;89
3,0,4,C/5,5,random,svr_rbf,6.836416388111223,11.440328527601109,"{""C"": 10.0, ""epsilon"": 0.2}",2.3592097096772697,6;17;42;86,1;10;14;19;20;29;31;32;49;57;61;69;73;77;78;85;88;89
3,0,4,C/5,5,random,gp_rbf,7.320654608589722,13.138098835564351,"{""alpha"": 1.0, ""length"": 1.0}",3.5348965544172426,6;17;42;86,1;10;14;19;20;29;31;32;49;57;61;69;73;77;78;85;88;89
3,0,4,C/5,5,random,catboost,6.391279204603052,10.355309174706182,{},,6;17;42;86,1;10;14;19;20;29;31;32;49;57;61;69;73;77;78;85;88;89
3,0,4,C/5,5,random,xgboost,7.065065595838759,10.756151066496086,{},,6;17;42;86,1;10;14;19;20;29;31;32;49;57;61;69;73;77;78;85;88;89
3,0,4,C/5,5,random,extra_trees,5.862012820773655,9.47705725307604,{},,6;17;42;86,1;10;14;19;20;29;31;32;49;57;61;69;73;77;78;85;88;89
3,0,4,C/80,0,source_cluster,ridge_physics,2.6820801628960504,3.3476909286530603,"{""alpha"": 10.0}",9.874068140983582,8;42;58;62,1;10;14;19;20;29;31;32;49;57;61;69;73;77;78;85;88;89
3,0,4,C/80,0,source_cluster,ridge_source,2.3748673333062067,2.926885934720691,"{""alpha"": 1.0}",7.644180774688721,8;42;58;62,1;10;14;19;20;29;31;32;49;57;61;69;73;77;78;85;88;89
3,0,4,C/80,0,source_cluster,ridge_input,5.631908840603298,6.762123523197668,"{""alpha"": 10.0}",14.168525457382202,8;42;58;62,1;10;14;19;20;29;31;32;49;57;61;69;73;77;78;85;88;89
3,0,4,C/80,0,source_cluster,krr_rbf,2.6813816494411893,3.469047938420761,"{""alpha"": 0.1, ""gamma"": 0.05}",17.856536269187927,8;42;58;62,1;10;14;19;20;29;31;32;49;57;61;69;73;77;78;85;88;89
3,0,4,C/80,0,source_cluster,svr_rbf,3.735929583244343,5.083557427373368,"{""C"": 100.0, ""epsilon"": 0.2}",18.46169477986276,8;42;58;62,1;10;14;19;20;29;31;32;49;57;61;69;73;77;78;85;88;89
3,0,4,C/80,0,source_cluster,gp_rbf,2.478208502063392,3.1024140812513026,"{""alpha"": 1.0, ""length"": 3.0}",19.029184010427507,8;42;58;62,1;10;14;19;20;29;31;32;49;57;61;69;73;77;78;85;88;89
3,0,4,C/80,0,source_cluster,catboost,4.940708049872113,6.7371373148446265,{},,8;42;58;62,1;10;14;19;20;29;31;32;49;57;61;69;73;77;78;85;88;89
3,0,4,C/80,0,source_cluster,xgboost,5.718916575113933,7.995979385122274,{},,8;42;58;62,1;10;14;19;20;29;31;32;49;57;61;69;73;77;78;85;88;89
3,0,4,C/80,0,source_cluster,extra_trees,4.971007045110067,6.442702731964284,{},,8;42;58;62,1;10;14;19;20;29;31;32;49;57;61;69;73;77;78;85;88;89
3,0,4,C/40,1,source_cluster,ridge_physics,2.285922156439887,2.728650483676138,"{""alpha"": 10.0}",8.820700645446777,8;42;58;62,1;10;14;19;20;29;31;32;49;57;61;69;73;77;78;85;88;89
3,0,4,C/40,1,source_cluster,ridge_source,1.9893001980251737,2.27331501619502,"{""alpha"": 1.0}",6.47030782699585,8;42;58;62,1;10;14;19;20;29;31;32;49;57;61;69;73;77;78;85;88;89
3,0,4,C/40,1,source_cluster,ridge_input,4.909635755750868,6.34054190763675,"{""alpha"": 10.0}",13.193648099899292,8;42;58;62,1;10;14;19;20;29;31;32;49;57;61;69;73;77;78;85;88;89
3,0,4,C/40,1,source_cluster,krr_rbf,2.127621120876736,2.8796834816059893,"{""alpha"": 0.1, ""gamma"": 0.05}",18.443756103515625,8;42;58;62,1;10;14;19;20;29;31;32;49;57;61;69;73;77;78;85;88;89
3,0,4,C/40,1,source_cluster,svr_rbf,3.298672840028681,4.736125361937463,"{""C"": 100.0, ""epsilon"": 0.2}",18.9145563854012,8;42;58;62,1;10;14;19;20;29;31;32;49;57;61;69;73;77;78;85;88;89
3,0,4,C/40,1,source_cluster,gp_rbf,1.9088908548905448,2.4489370084442115,"{""alpha"": 1.0, ""length"": 3.0}",19.6084036213952,8;42;58;62,1;10;14;19;20;29;31;32;49;57;61;69;73;77;78;85;88;89
3,0,4,C/40,1,source_cluster,catboost,4.565356908433357,6.587768387669367,{},,8;42;58;62,1;10;14;19;20;29;31;32;49;57;61;69;73;77;78;85;88;89
3,0,4,C/40,1,source_cluster,xgboost,5.16097174750434,7.798745020669287,{},,8;42;58;62,1;10;14;19;20;29;31;32;49;57;61;69;73;77;78;85;88;89
3,0,4,C/40,1,source_cluster,extra_trees,4.708443111843533,6.204782931882461,{},,8;42;58;62,1;10;14;19;20;29;31;32;49;57;61;69;73;77;78;85;88;89
3,0,4,0.05A,2,source_cluster,ridge_physics,2.8758544921875,3.607128792975085,"{""alpha"": 10.0}",9.91269063949585,8;42;58;62,1;10;14;19;20;29;31;32;49;57;61;69;73;77;78;85;88;89
3,0,4,0.05A,2,source_cluster,ridge_source,2.575559404161241,3.2626412432121303,"{""alpha"": 1.0}",7.643250703811645,8;42;58;62,1;10;14;19;20;29;31;32;49;57;61;69;73;77;78;85;88;89
3,0,4,0.05A,2,source_cluster,ridge_input,5.785481770833333,6.763482376191396,"{""alpha"": 10.0}",13.86215341091156,8;42;58;62,1;10;14;19;20;29;31;32;49;57;61;69;73;77;78;85;88;89
3,0,4,0.05A,2,source_cluster,krr_rbf,2.993414137098524,3.7795575617686974,"{""alpha"": 0.1, ""gamma"": 0.05}",17.85271656513214,8;42;58;62,1;10;14;19;20;29;31;32;49;57;61;69;73;77;78;85;88;89
3,0,4,0.05A,2,source_cluster,svr_rbf,4.092745256543569,5.403748202689698,"{""C"": 100.0, ""epsilon"": 0.2}",18.517252350235463,8;42;58;62,1;10;14;19;20;29;31;32;49;57;61;69;73;77;78;85;88;89
3,0,4,0.05A,2,source_cluster,gp_rbf,2.70534224518346,3.372779275025678,"{""alpha"": 1.0, ""length"": 3.0}",19.019670461751872,8;42;58;62,1;10;14;19;20;29;31;32;49;57;61;69;73;77;78;85;88;89
3,0,4,0.05A,2,source_cluster,catboost,5.011770864170494,6.734919358089035,{},,8;42;58;62,1;10;14;19;20;29;31;32;49;57;61;69;73;77;78;85;88;89
3,0,4,0.05A,2,source_cluster,xgboost,5.819854312472874,7.931474181018651,{},,8;42;58;62,1;10;14;19;20;29;31;32;49;57;61;69;73;77;78;85;88;89
3,0,4,0.05A,2,source_cluster,extra_trees,5.036855318811202,6.386912263371244,{},,8;42;58;62,1;10;14;19;20;29;31;32;49;57;61;69;73;77;78;85;88;89
3,0,4,C/10,3,source_cluster,ridge_physics,2.3622055053710938,2.744409837101486,"{""alpha"": 10.0}",8.079991579055786,8;42;58;62,1;10;14;19;20;29;31;32;49;57;61;69;73;77;78;85;88;89
3,0,4,C/10,3,source_cluster,ridge_source,1.9979871114095047,2.540963196772395,"{""alpha"": 0.1}",3.8538622856140137,8;42;58;62,1;10;14;19;20;29;31;32;49;57;61;69;73;77;78;85;88;89
3,0,4,C/10,3,source_cluster,ridge_input,4.381366729736328,5.8519976558536975,"{""alpha"": 10.0}",10.741271257400513,8;42;58;62,1;10;14;19;20;29;31;32;49;57;61;69;73;77;78;85;88;89
3,0,4,C/10,3,source_cluster,krr_rbf,2.057389153374566,2.7471536317729144,"{""alpha"": 0.1, ""gamma"": 0.05}",20.189584970474243,8;42;58;62,1;10;14;19;20;29;31;32;49;57;61;69;73;77;78;85;88;89
3,0,4,C/10,3,source_cluster,svr_rbf,3.181417367656957,4.809375916956992,"{""C"": 100.0, ""epsilon"": 0.2}",20.463323496092485,8;42;58;62,1;10;14;19;20;29;31;32;49;57;61;69;73;77;78;85;88;89
3,0,4,C/10,3,source_cluster,gp_rbf,1.8235923691866245,2.292458475929427,"{""alpha"": 1.0, ""length"": 3.0}",21.37235538180657,8;42;58;62,1;10;14;19;20;29;31;32;49;57;61;69;73;77;78;85;88;89
3,0,4,C/10,3,source_cluster,catboost,4.499986065543492,6.833083160985938,{},,8;42;58;62,1;10;14;19;20;29;31;32;49;57;61;69;73;77;78;85;88;89
3,0,4,C/10,3,source_cluster,xgboost,5.138960944281684,8.09795190859607,{},,8;42;58;62,1;10;14;19;20;29;31;32;49;57;61;69;73;77;78;85;88;89
3,0,4,C/10,3,source_cluster,extra_trees,4.767602925830417,6.525732897235368,{},,8;42;58;62,1;10;14;19;20;29;31;32;49;57;61;69;73;77;78;85;88;89
3,0,4,C/7,4,source_cluster,ridge_physics,2.139165242513021,2.7133435943375392,"{""alpha"": 1.0}",8.11659860610962,8;42;58;62,1;10;14;19;20;29;31;32;49;57;61;69;73;77;78;85;88;89
3,0,4,C/7,4,source_cluster,ridge_source,2.206925286187066,2.7386571951251706,"{""alpha"": 0.1}",3.54729962348938,8;42;58;62,1;10;14;19;20;29;31;32;49;57;61;69;73;77;78;85;88;89
3,0,4,C/7,4,source_cluster,ridge_input,4.385164896647136,5.809015628316328,"{""alpha"": 10.0}",10.891149640083311,8;42;58;62,1;10;14;19;20;29;31;32;49;57;61;69;73;77;78;85;88;89
3,0,4,C/7,4,source_cluster,krr_rbf,2.028092278374566,2.6453289856250986,"{""alpha"": 0.1, ""gamma"": 0.05}",20.64861488342285,8;42;58;62,1;10;14;19;20;29;31;32;49;57;61;69;73;77;78;85;88;89
3,0,4,C/7,4,source_cluster,svr_rbf,3.115187638761526,4.71589698752529,"{""C"": 100.0, ""epsilon"": 0.2}",20.85257520118877,8;42;58;62,1;10;14;19;20;29;31;32;49;57;61;69;73;77;78;85;88;89
3,0,4,C/7,4,source_cluster,gp_rbf,1.7875316141921127,2.342023444453033,"{""alpha"": 1.0, ""length"": 3.0}",21.83168718841203,8;42;58;62,1;10;14;19;20;29;31;32;49;57;61;69;73;77;78;85;88;89
3,0,4,C/7,4,source_cluster,catboost,4.515194134979407,6.91299675622145,{},,8;42;58;62,1;10;14;19;20;29;31;32;49;57;61;69;73;77;78;85;88;89
3,0,4,C/7,4,source_cluster,xgboost,5.278755611843533,8.22450219555928,{},,8;42;58;62,1;10;14;19;20;29;31;32;49;57;61;69;73;77;78;85;88;89
3,0,4,C/7,4,source_cluster,extra_trees,4.805347576406267,6.581334577665264,{},,8;42;58;62,1;10;14;19;20;29;31;32;49;57;61;69;73;77;78;85;88;89
3,0,4,C/5,5,source_cluster,ridge_physics,2.1754976908365884,2.817964513269292,"{""alpha"": 1.0}",7.467312812805176,8;42;58;62,1;10;14;19;20;29;31;32;49;57;61;69;73;77;78;85;88;89
3,0,4,C/5,5,source_cluster,ridge_source,2.5141190422905817,3.046533775991481,"{""alpha"": 0.1}",3.2964885234832764,8;42;58;62,1;10;14;19;20;29;31;32;49;57;61;69;73;77;78;85;88;89
3,0,4,C/5,5,source_cluster,ridge_input,4.325952317979601,5.736053015070426,"{""alpha"": 10.0}",11.121903896331789,8;42;58;62,1;10;14;19;20;29;31;32;49;57;61;69;73;77;78;85;88;89
3,0,4,C/5,5,source_cluster,krr_rbf,2.08577643500434,2.717102783357736,"{""alpha"": 0.1, ""gamma"": 0.05}",21.155397653579712,8;42;58;62,1;10;14;19;20;29;31;32;49;57;61;69;73;77;78;85;88;89
3,0,4,C/5,5,source_cluster,svr_rbf,3.1430310336502054,4.799948295244287,"{""C"": 100.0, ""epsilon"": 0.2}",21.304938170164597,8;42;58;62,1;10;14;19;20;29;31;32;49;57;61;69;73;77;78;85;88;89
3,0,4,C/5,5,source_cluster,gp_rbf,1.8386133919266745,2.455941501118531,"{""alpha"": 1.0, ""length"": 3.0}",22.3444192733546,8;42;58;62,1;10;14;19;20;29;31;32;49;57;61;69;73;77;78;85;88;89
3,0,4,C/5,5,source_cluster,catboost,4.640636876259588,7.051951153692544,{},,8;42;58;62,1;10;14;19;20;29;31;32;49;57;61;69;73;77;78;85;88;89
3,0,4,C/5,5,source_cluster,xgboost,5.486430274115668,8.406766266575033,{},,8;42;58;62,1;10;14;19;20;29;31;32;49;57;61;69;73;77;78;85;88;89
3,0,4,C/5,5,source_cluster,extra_trees,4.930844914913177,6.760736429507488,{},,8;42;58;62,1;10;14;19;20;29;31;32;49;57;61;69;73;77;78;85;88;89
3,0,4,C/80,0,physical_cluster,ridge_physics,2.455012427435981,2.976105904056808,"{""alpha"": 0.1}",2.3735640048980717,18;50;62;83,1;10;14;19;20;29;31;32;49;57;61;69;73;77;78;85;88;89
3,0,4,C/80,0,physical_cluster,ridge_source,2.24993896484375,2.8818936523000165,"{""alpha"": 1.0}",4.083645701408386,18;50;62;83,1;10;14;19;20;29;31;32;49;57;61;69;73;77;78;85;88;89
3,0,4,C/80,0,physical_cluster,ridge_input,4.664237552218967,5.636081388614617,"{""alpha"": 10.0}",13.006525993347168,18;50;62;83,1;10;14;19;20;29;31;32;49;57;61;69;73;77;78;85;88;89
3,0,4,C/80,0,physical_cluster,krr_rbf,2.2446831597222223,2.8321994072722565,"{""alpha"": 0.1, ""gamma"": 0.05}",16.498174846172333,18;50;62;83,1;10;14;19;20;29;31;32;49;57;61;69;73;77;78;85;88;89
3,0,4,C/80,0,physical_cluster,svr_rbf,2.206997964413885,2.7373183133039825,"{""C"": 100.0, ""epsilon"": 1.0}",17.95779734132112,18;50;62;83,1;10;14;19;20;29;31;32;49;57;61;69;73;77;78;85;88;89
3,0,4,C/80,0,physical_cluster,gp_rbf,2.605947180738476,3.3825139628037304,"{""alpha"": 1.0, ""length"": 3.0}",17.558744917315977,18;50;62;83,1;10;14;19;20;29;31;32;49;57;61;69;73;77;78;85;88;89
3,0,4,C/80,0,physical_cluster,catboost,5.183099818346365,7.063401248930718,{},,18;50;62;83,1;10;14;19;20;29;31;32;49;57;61;69;73;77;78;85;88;89
3,0,4,C/80,0,physical_cluster,xgboost,5.723378075493707,8.134565975883422,{},,18;50;62;83,1;10;14;19;20;29;31;32;49;57;61;69;73;77;78;85;88;89
3,0,4,C/80,0,physical_cluster,extra_trees,5.5047957102457685,6.847642161399983,{},,18;50;62;83,1;10;14;19;20;29;31;32;49;57;61;69;73;77;78;85;88;89
3,0,4,C/40,1,physical_cluster,ridge_physics,1.5862998962402344,1.9354521295987543,"{""alpha"": 0.1}",1.5971533060073853,18;50;62;83,1;10;14;19;20;29;31;32;49;57;61;69;73;77;78;85;88;89
3,0,4,C/40,1,physical_cluster,ridge_source,1.3693538241916232,1.718719042712165,"{""alpha"": 0.1}",2.77664053440094,18;50;62;83,1;10;14;19;20;29;31;32;49;57;61;69;73;77;78;85;88;89
3,0,4,C/40,1,physical_cluster,ridge_input,4.266635470920139,5.247632505460741,"{""alpha"": 10.0}",13.115642070770264,18;50;62;83,1;10;14;19;20;29;31;32;49;57;61;69;73;77;78;85;88;89
3,0,4,C/40,1,physical_cluster,krr_rbf,1.4445894029405382,1.9985209388646863,"{""alpha"": 0.1, ""gamma"": 0.05}",16.95528519153595,18;50;62;83,1;10;14;19;20;29;31;32;49;57;61;69;73;77;78;85;88;89
3,0,4,C/40,1,physical_cluster,svr_rbf,1.4481073043341912,1.8475129934993535,"{""C"": 100.0, ""epsilon"": 1.0}",18.74695388375736,18;50;62;83,1;10;14;19;20;29;31;32;49;57;61;69;73;77;78;85;88;89
3,0,4,C/40,1,physical_cluster,gp_rbf,2.0985730621162446,2.885870110737069,"{""alpha"": 1.0, ""length"": 3.0}",18.023695224049888,18;50;62;83,1;10;14;19;20;29;31;32;49;57;61;69;73;77;78;85;88;89
3,0,4,C/40,1,physical_cluster,catboost,4.699764792966172,6.892785767547461,{},,18;50;62;83,1;10;14;19;20;29;31;32;49;57;61;69;73;77;78;85;88;89
3,0,4,C/40,1,physical_cluster,xgboost,5.289669460720486,8.009443812683797,{},,18;50;62;83,1;10;14;19;20;29;31;32;49;57;61;69;73;77;78;85;88;89
3,0,4,C/40,1,physical_cluster,extra_trees,5.358535215589736,6.509221166875626,{},,18;50;62;83,1;10;14;19;20;29;31;32;49;57;61;69;73;77;78;85;88;89
3,0,4,0.05A,2,physical_cluster,ridge_physics,2.8423584832085504,3.452625281708291,"{""alpha"": 0.1}",2.242010593414306,18;50;62;83,1;10;14;19;20;29;31;32;49;57;61;69;73;77;78;85;88;89
3,0,4,0.05A,2,physical_cluster,ridge_source,2.463342454698351,3.219073564869363,"{""alpha"": 1.0}",4.194494605064392,18;50;62;83,1;10;14;19;20;29;31;32;49;57;61;69;73;77;78;85;88;89
3,0,4,0.05A,2,physical_cluster,ridge_input,4.70921156141493,5.586525447644061,"{""alpha"": 10.0}",12.929266452789308,18;50;62;83,1;10;14;19;20;29;31;32;49;57;61;69;73;77;78;85;88;89
3,0,4,0.05A,2,physical_cluster,krr_rbf,2.619178771972656,3.238823446648598,"{""alpha"": 0.1, ""gamma"": 0.05}",16.37573379278183,18;50;62;83,1;10;14;19;20;29;31;32;49;57;61;69;73;77;78;85;88;89
3,0,4,0.05A,2,physical_cluster,svr_rbf,2.581105824673164,3.119355076140566,"{""C"": 100.0, ""epsilon"": 1.0}",17.86968090187886,18;50;62;83,1;10;14;19;20;29;31;32;49;57;61;69;73;77;78;85;88;89
3,0,4,0.05A,2,physical_cluster,gp_rbf,2.859371948532331,3.6595191722507,"{""alpha"": 1.0, ""length"": 3.0}",17.424839874829782,18;50;62;83,1;10;14;19;20;29;31;32;49;57;61;69;73;77;78;85;88;89
3,0,4,0.05A,2,physical_cluster,catboost,5.482582149222619,7.186134078091068,{},,18;50;62;83,1;10;14;19;20;29;31;32;49;57;61;69;73;77;78;85;88;89
3,0,4,0.05A,2,physical_cluster,xgboost,5.835137685139974,8.127439991147758,{},,18;50;62;83,1;10;14;19;20;29;31;32;49;57;61;69;73;77;78;85;88;89
3,0,4,0.05A,2,physical_cluster,extra_trees,5.342422601911757,6.731477868961979,{},,18;50;62;83,1;10;14;19;20;29;31;32;49;57;61;69;73;77;78;85;88;89
3,0,4,C/10,3,physical_cluster,ridge_physics,1.2158355712890625,1.639909808336918,"{""alpha"": 0.1}",0.7990187406539917,18;50;62;83,1;10;14;19;20;29;31;32;49;57;61;69;73;77;78;85;88;89
3,0,4,C/10,3,physical_cluster,ridge_source,1.3552029927571614,1.7550152835395287,"{""alpha"": 0.1}",1.4043725728988647,18;50;62;83,1;10;14;19;20;29;31;32;49;57;61;69;73;77;78;85;88;89
3,0,4,C/10,3,physical_cluster,ridge_input,2.3098911709255643,2.828336966716825,"{""alpha"": 1.0}",13.305001497268677,18;50;62;83,1;10;14;19;20;29;31;32;49;57;61;69;73;77;78;85;88;89
3,0,4,C/10,3,physical_cluster,krr_rbf,1.331880357530382,1.727179718363781,"{""alpha"": 0.1, ""gamma"": 0.05}",18.691503763198853,18;50;62;83,1;10;14;19;20;29;31;32;49;57;61;69;73;77;78;85;88;89
3,0,4,C/10,3,physical_cluster,svr_rbf,1.536958029730091,1.9703848168550453,"{""C"": 100.0, ""epsilon"": 1.0}",21.06912345160867,18;50;62;83,1;10;14;19;20;29;31;32;49;57;61;69;73;77;78;85;88;89
3,0,4,C/10,3,physical_cluster,gp_rbf,2.0372131697519,2.813158665037128,"{""alpha"": 1.0, ""length"": 3.0}",19.84072608996676,18;50;62;83,1;10;14;19;20;29;31;32;49;57;61;69;73;77;78;85;88;89
3,0,4,C/10,3,physical_cluster,catboost,4.853160242953336,7.364499041206793,{},,18;50;62;83,1;10;14;19;20;29;31;32;49;57;61;69;73;77;78;85;88;89
3,0,4,C/10,3,physical_cluster,xgboost,5.430104149712457,8.471589873705566,{},,18;50;62;83,1;10;14;19;20;29;31;32;49;57;61;69;73;77;78;85;88;89
3,0,4,C/10,3,physical_cluster,extra_trees,5.373897891574435,6.58134958596578,{},,18;50;62;83,1;10;14;19;20;29;31;32;49;57;61;69;73;77;78;85;88;89
3,0,4,C/7,4,physical_cluster,ridge_physics,1.227685716417101,1.6832973960317388,"{""alpha"": 0.1}",0.8074142932891846,18;50;62;83,1;10;14;19;20;29;31;32;49;57;61;69;73;77;78;85;88;89
3,0,4,C/7,4,physical_cluster,ridge_source,1.535611046685113,1.954612211831308,"{""alpha"": 0.1}",2.287738084793091,18;50;62;83,1;10;14;19;20;29;31;32;49;57;61;69;73;77;78;85;88;89
3,0,4,C/7,4,physical_cluster,ridge_input,2.326274871826172,2.846678904612138,"{""alpha"": 1.0}",12.836122035980225,18;50;62;83,1;10;14;19;20;29;31;32;49;57;61;69;73;77;78;85;88;89
3,0,4,C/7,4,physical_cluster,krr_rbf,1.399987962510851,1.790426419185487,"{""alpha"": 0.1, ""gamma"": 0.05}",19.17319655418396,18;50;62;83,1;10;14;19;20;29;31;32;49;57;61;69;73;77;78;85;88;89
3,0,4,C/7,4,physical_cluster,svr_rbf,1.597376734859711,2.071669350639263,"{""C"": 100.0, ""epsilon"": 1.0}",21.536659990153883,18;50;62;83,1;10;14;19;20;29;31;32;49;57;61;69;73;77;78;85;88;89
3,0,4,C/7,4,physical_cluster,gp_rbf,2.120337842737664,2.927218334322076,"{""alpha"": 1.0, ""length"": 3.0}",20.36123453912213,18;50;62;83,1;10;14;19;20;29;31;32;49;57;61;69;73;77;78;85;88;89
3,0,4,C/7,4,physical_cluster,catboost,5.087692179741135,7.595733803771987,{},,18;50;62;83,1;10;14;19;20;29;31;32;49;57;61;69;73;77;78;85;88;89
3,0,4,C/7,4,physical_cluster,xgboost,5.620755937364367,8.648642537021612,{},,18;50;62;83,1;10;14;19;20;29;31;32;49;57;61;69;73;77;78;85;88;89
3,0,4,C/7,4,physical_cluster,extra_trees,5.350041601392958,6.604224535493003,{},,18;50;62;83,1;10;14;19;20;29;31;32;49;57;61;69;73;77;78;85;88;89
3,0,4,C/5,5,physical_cluster,ridge_physics,1.3282691107855902,1.842923631107685,"{""alpha"": 0.1}",0.7943037748336792,18;50;62;83,1;10;14;19;20;29;31;32;49;57;61;69;73;77;78;85;88;89
3,0,4,C/5,5,physical_cluster,ridge_source,1.8377634684244792,2.3013267967514075,"{""alpha"": 0.1}",3.1201391220092773,18;50;62;83,1;10;14;19;20;29;31;32;49;57;61;69;73;77;78;85;88;89
3,0,4,C/5,5,physical_cluster,ridge_input,2.3397534688313804,2.8553612165455102,"{""alpha"": 1.0}",12.43115496635437,18;50;62;83,1;10;14;19;20;29;31;32;49;57;61;69;73;77;78;85;88;89
3,0,4,C/5,5,physical_cluster,krr_rbf,1.4495188395182292,1.8726465143878173,"{""alpha"": 0.1, ""gamma"": 0.05}",19.6768159866333,18;50;62;83,1;10;14;19;20;29;31;32;49;57;61;69;73;77;78;85;88;89
3,0,4,C/5,5,physical_cluster,svr_rbf,1.7237085212642986,2.267775012337661,"{""C"": 100.0, ""epsilon"": 1.0}",22.021128382756256,18;50;62;83,1;10;14;19;20;29;31;32;49;57;61;69;73;77;78;85;88;89
3,0,4,C/5,5,physical_cluster,gp_rbf,2.1131704572790238,2.985800484073846,"{""alpha"": 1.0, ""length"": 3.0}",20.90577770373269,18;50;62;83,1;10;14;19;20;29;31;32;49;57;61;69;73;77;78;85;88;89
3,0,4,C/5,5,physical_cluster,catboost,5.337798038961763,7.854627839225205,{},,18;50;62;83,1;10;14;19;20;29;31;32;49;57;61;69;73;77;78;85;88;89
3,0,4,C/5,5,physical_cluster,xgboost,5.784163157145183,8.855860431334197,{},,18;50;62;83,1;10;14;19;20;29;31;32;49;57;61;69;73;77;78;85;88;89
3,0,4,C/5,5,physical_cluster,extra_trees,5.3857450909084745,6.749424912379848,{},,18;50;62;83,1;10;14;19;20;29;31;32;49;57;61;69;73;77;78;85;88;89
3,0,4,C/80,0,input_cluster,ridge_physics,3.120391421847873,3.800326698720901,"{""alpha"": 1.0}",3.602611541748047,5;27;62;84,1;10;14;19;20;29;31;32;49;57;61;69;73;77;78;85;88;89
3,0,4,C/80,0,input_cluster,ridge_source,2.771180894639757,3.377715987773661,"{""alpha"": 0.1}",2.584433674812317,5;27;62;84,1;10;14;19;20;29;31;32;49;57;61;69;73;77;78;85;88;89
3,0,4,C/80,0,input_cluster,ridge_input,5.734095679389106,7.954846873520455,"{""alpha"": 10.0}",6.956323146820068,5;27;62;84,1;10;14;19;20;29;31;32;49;57;61;69;73;77;78;85;88;89
3,0,4,C/80,0,input_cluster,krr_rbf,3.807018280029297,5.553969969582052,"{""alpha"": 0.1, ""gamma"": 0.05}",13.57487654685974,5;27;62;84,1;10;14;19;20;29;31;32;49;57;61;69;73;77;78;85;88;89
3,0,4,C/80,0,input_cluster,svr_rbf,5.745735639279591,10.208072691368086,"{""C"": 100.0, ""epsilon"": 1.0}",8.925598531831003,5;27;62;84,1;10;14;19;20;29;31;32;49;57;61;69;73;77;78;85;88;89
3,0,4,C/80,0,input_cluster,gp_rbf,4.139046774465683,5.942088612705951,"{""alpha"": 1.0, ""length"": 3.0}",14.09050113592662,5;27;62;84,1;10;14;19;20;29;31;32;49;57;61;69;73;77;78;85;88;89
3,0,4,C/80,0,input_cluster,catboost,7.480224140190144,10.387287880731582,{},,5;27;62;84,1;10;14;19;20;29;31;32;49;57;61;69;73;77;78;85;88;89
3,0,4,C/80,0,input_cluster,xgboost,8.62516615125868,11.4822566162579,{},,5;27;62;84,1;10;14;19;20;29;31;32;49;57;61;69;73;77;78;85;88;89
3,0,4,C/80,0,input_cluster,extra_trees,6.104106929567125,8.192739846863812,{},,5;27;62;84,1;10;14;19;20;29;31;32;49;57;61;69;73;77;78;85;88;89
3,0,4,C/40,1,input_cluster,ridge_physics,2.590145534939236,3.125695366660153,"{""alpha"": 1.0}",2.502181053161621,5;27;62;84,1;10;14;19;20;29;31;32;49;57;61;69;73;77;78;85;88;89
3,0,4,C/40,1,input_cluster,ridge_source,2.110276963975694,2.420613177773122,"{""alpha"": 0.1}",1.4069783687591553,5;27;62;84,1;10;14;19;20;29;31;32;49;57;61;69;73;77;78;85;88;89
3,0,4,C/40,1,input_cluster,ridge_input,4.029197269015842,6.09759516051347,"{""alpha"": 1.0}",6.681613326072693,5;27;62;84,1;10;14;19;20;29;31;32;49;57;61;69;73;77;78;85;88;89
3,0,4,C/40,1,input_cluster,krr_rbf,3.2061534457736545,5.021941443635204,"{""alpha"": 0.1, ""gamma"": 0.05}",13.811592936515808,5;27;62;84,1;10;14;19;20;29;31;32;49;57;61;69;73;77;78;85;88;89
3,0,4,C/40,1,input_cluster,svr_rbf,5.184133186571714,9.917019463907016,"{""C"": 100.0, ""epsilon"": 0.2}",8.799217924820692,5;27;62;84,1;10;14;19;20;29;31;32;49;57;61;69;73;77;78;85;88;89
3,0,4,C/40,1,input_cluster,gp_rbf,3.642878934998534,5.477519963431551,"{""alpha"": 1.0, ""length"": 3.0}",14.545148909643208,5;27;62;84,1;10;14;19;20;29;31;32;49;57;61;69;73;77;78;85;88;89
3,0,4,C/40,1,input_cluster,catboost,7.798453735290729,10.46483933493139,{},,5;27;62;84,1;10;14;19;20;29;31;32;49;57;61;69;73;77;78;85;88;89
3,0,4,C/40,1,input_cluster,xgboost,8.947679307725695,11.589063501960338,{},,5;27;62;84,1;10;14;19;20;29;31;32;49;57;61;69;73;77;78;85;88;89
3,0,4,C/40,1,input_cluster,extra_trees,5.936766253577338,8.158495637245132,{},,5;27;62;84,1;10;14;19;20;29;31;32;49;57;61;69;73;77;78;85;88;89
3,0,4,0.05A,2,input_cluster,ridge_physics,3.2074703640407987,3.914681783353588,"{""alpha"": 1.0}",3.590795397758484,5;27;62;84,1;10;14;19;20;29;31;32;49;57;61;69;73;77;78;85;88;89
3,0,4,0.05A,2,input_cluster,ridge_source,2.856519487169054,3.556884514048669,"{""alpha"": 0.1}",2.7147395610809326,5;27;62;84,1;10;14;19;20;29;31;32;49;57;61;69;73;77;78;85;88;89
3,0,4,0.05A,2,input_cluster,ridge_input,5.844675699869792,7.820011784600688,"{""alpha"": 10.0}",6.945749282836914,5;27;62;84,1;10;14;19;20;29;31;32;49;57;61;69;73;77;78;85;88;89
3,0,4,0.05A,2,input_cluster,krr_rbf,3.926990932888455,5.561470867187526,"{""alpha"": 0.1, ""gamma"": 0.05}",13.62710165977478,5;27;62;84,1;10;14;19;20;29;31;32;49;57;61;69;73;77;78;85;88;89
3,0,4,0.05A,2,input_cluster,svr_rbf,5.773143631524103,9.95441899957502,"{""C"": 100.0, ""epsilon"": 1.0}",9.128808612404322,5;27;62;84,1;10;14;19;20;29;31;32;49;57;61;69;73;77;78;85;88;89
3,0,4,0.05A,2,input_cluster,gp_rbf,4.287112556423474,5.9511157051991255,"{""alpha"": 1.0, ""length"": 3.0}",14.110357110627056,5;27;62;84,1;10;14;19;20;29;31;32;49;57;61;69;73;77;78;85;88;89
3,0,4,0.05A,2,input_cluster,catboost,7.516333203967163,10.245566914532006,{},,5;27;62;84,1;10;14;19;20;29;31;32;49;57;61;69;73;77;78;85;88;89
3,0,4,0.05A,2,input_cluster,xgboost,8.49869155883789,11.322970816626556,{},,5;27;62;84,1;10;14;19;20;29;31;32;49;57;61;69;73;77;78;85;88;89
3,0,4,0.05A,2,input_cluster,extra_trees,6.13048858112759,8.036214040287007,{},,5;27;62;84,1;10;14;19;20;29;31;32;49;57;61;69;73;77;78;85;88;89
3,0,4,C/10,3,input_cluster,ridge_physics,1.8939200507269964,2.246995867248608,"{""alpha"": 0.1}",0.7808247804641724,5;27;62;84,1;10;14;19;20;29;31;32;49;57;61;69;73;77;78;85;88;89
3,0,4,C/10,3,input_cluster,ridge_source,1.545081244574653,1.97033240632976,"{""alpha"": 0.1}",1.737260103225708,5;27;62;84,1;10;14;19;20;29;31;32;49;57;61;69;73;77;78;85;88;89
3,0,4,C/10,3,input_cluster,ridge_input,3.862175411648221,6.157405666897112,"{""alpha"": 1.0}",4.248899459838867,5;27;62;84,1;10;14;19;20;29;31;32;49;57;61;69;73;77;78;85;88;89
3,0,4,C/10,3,input_cluster,krr_rbf,2.8027267456054688,4.632566852398313,"{""alpha"": 0.1, ""gamma"": 0.05}",16.057891368865967,5;27;62;84,1;10;14;19;20;29;31;32;49;57;61;69;73;77;78;85;88;89
3,0,4,C/10,3,input_cluster,svr_rbf,4.763766140521335,9.6515879284592,"{""C"": 100.0, ""epsilon"": 0.2}",10.024491654251609,5;27;62;84,1;10;14;19;20;29;31;32;49;57;61;69;73;77;78;85;88;89
3,0,4,C/10,3,input_cluster,gp_rbf,3.259775855217499,5.148959037153325,"{""alpha"": 1.0, ""length"": 3.0}",16.826677043057828,5;27;62;84,1;10;14;19;20;29;31;32;49;57;61;69;73;77;78;85;88;89
3,0,4,C/10,3,input_cluster,catboost,8.898789545395905,11.258989366658652,{},,5;27;62;84,1;10;14;19;20;29;31;32;49;57;61;69;73;77;78;85;88;89
3,0,4,C/10,3,input_cluster,xgboost,9.881404452853731,12.38447335141142,{},,5;27;62;84,1;10;14;19;20;29;31;32;49;57;61;69;73;77;78;85;88;89
3,0,4,C/10,3,input_cluster,extra_trees,6.440022860633003,8.699966064478469,{},,5;27;62;84,1;10;14;19;20;29;31;32;49;57;61;69;73;77;78;85;88;89
3,0,4,C/7,4,input_cluster,ridge_physics,1.905633714463976,2.346122172937451,"{""alpha"": 0.1}",0.8200274705886841,5;27;62;84,1;10;14;19;20;29;31;32;49;57;61;69;73;77;78;85;88;89
3,0,4,C/7,4,input_cluster,ridge_source,1.617234124077691,2.046669814006309,"{""alpha"": 0.1}",2.304814338684082,5;27;62;84,1;10;14;19;20;29;31;32;49;57;61;69;73;77;78;85;88;89
3,0,4,C/7,4,input_cluster,ridge_input,3.896124945746528,6.147767758423799,"{""alpha"": 1.0}",3.720774173736572,5;27;62;84,1;10;14;19;20;29;31;32;49;57;61;69;73;77;78;85;88;89
3,0,4,C/7,4,input_cluster,krr_rbf,2.787583669026693,4.560860891554102,"{""alpha"": 0.1, ""gamma"": 0.05}",16.65115749835968,5;27;62;84,1;10;14;19;20;29;31;32;49;57;61;69;73;77;78;85;88;89
3,0,4,C/7,4,input_cluster,svr_rbf,4.821562040658986,9.81558653925642,"{""C"": 100.0, ""epsilon"": 0.2}",10.389824383492344,5;27;62;84,1;10;14;19;20;29;31;32;49;57;61;69;73;77;78;85;88;89
3,0,4,C/7,4,input_cluster,gp_rbf,3.290900996918315,5.132887539929663,"{""alpha"": 1.0, ""length"": 3.0}",17.44673759322994,5;27;62;84,1;10;14;19;20;29;31;32;49;57;61;69;73;77;78;85;88;89
3,0,4,C/7,4,input_cluster,catboost,9.18065125116692,11.48184589759313,{},,5;27;62;84,1;10;14;19;20;29;31;32;49;57;61;69;73;77;78;85;88;89
3,0,4,C/7,4,input_cluster,xgboost,10.204894595676,12.629512153365647,{},,5;27;62;84,1;10;14;19;20;29;31;32;49;57;61;69;73;77;78;85;88;89
3,0,4,C/7,4,input_cluster,extra_trees,6.55542489025328,8.79021397378588,{},,5;27;62;84,1;10;14;19;20;29;31;32;49;57;61;69;73;77;78;85;88;89
3,0,4,C/5,5,input_cluster,ridge_physics,2.053382873535156,2.553375803787399,"{""alpha"": 0.1}",1.234530687332153,5;27;62;84,1;10;14;19;20;29;31;32;49;57;61;69;73;77;78;85;88;89
3,0,4,C/5,5,input_cluster,ridge_source,1.821798112657335,2.31104159420942,"{""alpha"": 0.1}",2.861186981201172,5;27;62;84,1;10;14;19;20;29;31;32;49;57;61;69;73;77;78;85;88;89
3,0,4,C/5,5,input_cluster,ridge_input,3.8868531121148,6.173488824370635,"{""alpha"": 1.0}",3.2283546924591064,5;27;62;84,1;10;14;19;20;29;31;32;49;57;61;69;73;77;78;85;88;89
3,0,4,C/5,5,input_cluster,krr_rbf,2.812194400363498,4.520659517886081,"{""alpha"": 0.1, ""gamma"": 0.05}",17.27591824531555,5;27;62;84,1;10;14;19;20;29;31;32;49;57;61;69;73;77;78;85;88;89
3,0,4,C/5,5,input_cluster,svr_rbf,5.0159502875263335,10.03062113878286,"{""C"": 100.0, ""epsilon"": 0.2}",10.989087584002162,5;27;62;84,1;10;14;19;20;29;31;32;49;57;61;69;73;77;78;85;88;89
3,0,4,C/5,5,input_cluster,gp_rbf,3.2890648927430184,5.109261147091898,"{""alpha"": 1.0, ""length"": 3.0}",18.09926747117904,5;27;62;84,1;10;14;19;20;29;31;32;49;57;61;69;73;77;78;85;88;89
3,0,4,C/5,5,input_cluster,catboost,9.479873138020505,11.775825385840854,{},,5;27;62;84,1;10;14;19;20;29;31;32;49;57;61;69;73;77;78;85;88;89
3,0,4,C/5,5,input_cluster,xgboost,10.474908192952476,12.910978817524642,{},,5;27;62;84,1;10;14;19;20;29;31;32;49;57;61;69;73;77;78;85;88;89
3,0,4,C/5,5,input_cluster,extra_trees,6.814399385452272,9.041569167233035,{},,5;27;62;84,1;10;14;19;20;29;31;32;49;57;61;69;73;77;78;85;88;89
3,1,4,C/80,0,random,ridge_physics,3.583470662434896,4.982895524891507,"{""alpha"": 0.1}",4.4681031703948975,3;40;52;67,1;10;14;19;20;29;31;32;49;57;61;69;73;77;78;85;88;89
3,1,4,C/80,0,random,ridge_source,2.7375060187445746,3.3499197317816822,"{""alpha"": 0.1}",6.32272732257843,3;40;52;67,1;10;14;19;20;29;31;32;49;57;61;69;73;77;78;85;88;89
3,1,4,C/80,0,random,ridge_input,4.14980951944987,5.049993168530328,"{""alpha"": 1.0}",12.004300951957704,3;40;52;67,1;10;14;19;20;29;31;32;49;57;61;69;73;77;78;85;88;89
3,1,4,C/80,0,random,krr_rbf,3.023590087890625,3.8386415179716153,"{""alpha"": 0.1, ""gamma"": 0.05}",9.100155472755432,3;40;52;67,1;10;14;19;20;29;31;32;49;57;61;69;73;77;78;85;88;89
3,1,4,C/80,0,random,svr_rbf,8.008610523675038,10.86322919008818,"{""C"": 1.0, ""epsilon"": 0.2}",11.440330840262105,3;40;52;67,1;10;14;19;20;29;31;32;49;57;61;69;73;77;78;85;88;89
3,1,4,C/80,0,random,gp_rbf,3.2373932596288864,4.399691014153246,"{""alpha"": 1.0, ""length"": 3.0}",9.409494260071446,3;40;52;67,1;10;14;19;20;29;31;32;49;57;61;69;73;77;78;85;88;89
3,1,4,C/80,0,random,catboost,5.39180665237266,7.175396031375006,{},,3;40;52;67,1;10;14;19;20;29;31;32;49;57;61;69;73;77;78;85;88;89
3,1,4,C/80,0,random,xgboost,6.59684583875868,8.983671333348907,{},,3;40;52;67,1;10;14;19;20;29;31;32;49;57;61;69;73;77;78;85;88;89
3,1,4,C/80,0,random,extra_trees,6.467327250374688,9.25228505717568,{},,3;40;52;67,1;10;14;19;20;29;31;32;49;57;61;69;73;77;78;85;88;89
3,1,4,C/40,1,random,ridge_physics,2.819112353854709,4.418093707171567,"{""alpha"": 0.1}",4.1611469984054565,3;40;52;67,1;10;14;19;20;29;31;32;49;57;61;69;73;77;78;85;88;89
3,1,4,C/40,1,random,ridge_source,2.1444015502929688,2.621756698461757,"{""alpha"": 0.1}",5.859002351760864,3;40;52;67,1;10;14;19;20;29;31;32;49;57;61;69;73;77;78;85;88;89
3,1,4,C/40,1,random,ridge_input,3.881331125895182,4.611876249946366,"{""alpha"": 1.0}",12.396136283874512,3;40;52;67,1;10;14;19;20;29;31;32;49;57;61;69;73;77;78;85;88;89
3,1,4,C/40,1,random,krr_rbf,2.4755460951063366,3.34858842480492,"{""alpha"": 0.1, ""gamma"": 0.05}",9.381438612937927,3;40;52;67,1;10;14;19;20;29;31;32;49;57;61;69;73;77;78;85;88;89
3,1,4,C/40,1,random,svr_rbf,7.463875568841055,10.816272981410888,"{""C"": 1.0, ""epsilon"": 0.2}",11.767042494925189,3;40;52;67,1;10;14;19;20;29;31;32;49;57;61;69;73;77;78;85;88;89
3,1,4,C/40,1,random,gp_rbf,2.7171746012638542,4.021986510791113,"{""alpha"": 1.0, ""length"": 3.0}",9.698572084096313,3;40;52;67,1;10;14;19;20;29;31;32;49;57;61;69;73;77;78;85;88;89
3,1,4,C/40,1,random,catboost,4.765084040711164,6.874994538316323,{},,3;40;52;67,1;10;14;19;20;29;31;32;49;57;61;69;73;77;78;85;88;89
3,1,4,C/40,1,random,xgboost,6.030270894368489,8.874207526165225,{},,3;40;52;67,1;10;14;19;20;29;31;32;49;57;61;69;73;77;78;85;88;89
3,1,4,C/40,1,random,extra_trees,5.971098714404636,9.166353652030311,{},,3;40;52;67,1;10;14;19;20;29;31;32;49;57;61;69;73;77;78;85;88;89
3,1,4,0.05A,2,random,ridge_physics,3.787358178032769,5.1135941366190325,"{""alpha"": 0.1}",4.784642219543457,3;40;52;67,1;10;14;19;20;29;31;32;49;57;61;69;73;77;78;85;88;89
3,1,4,0.05A,2,random,ridge_source,2.783802032470703,3.472048875749549,"{""alpha"": 1.0}",6.526494264602661,3;40;52;67,1;10;14;19;20;29;31;32;49;57;61;69;73;77;78;85;88;89
3,1,4,0.05A,2,random,ridge_input,4.249472300211589,5.063113619431007,"{""alpha"": 1.0}",11.700859189033508,3;40;52;67,1;10;14;19;20;29;31;32;49;57;61;69;73;77;78;85;88;89
3,1,4,0.05A,2,random,krr_rbf,3.1622115241156683,4.052871679586692,"{""alpha"": 0.1, ""gamma"": 0.05}",8.886190056800842,3;40;52;67,1;10;14;19;20;29;31;32;49;57;61;69;73;77;78;85;88;89
3,1,4,0.05A,2,random,svr_rbf,8.100402312412019,10.81350937724688,"{""C"": 1.0, ""epsilon"": 0.2}",11.110483504446671,3;40;52;67,1;10;14;19;20;29;31;32;49;57;61;69;73;77;78;85;88;89
3,1,4,0.05A,2,random,gp_rbf,3.423001957112793,4.591550772989959,"{""alpha"": 1.0, ""length"": 3.0}",9.181758547442474,3;40;52;67,1;10;14;19;20;29;31;32;49;57;61;69;73;77;78;85;88;89
3,1,4,0.05A,2,random,catboost,5.526507080200054,7.2491599439873635,{},,3;40;52;67,1;10;14;19;20;29;31;32;49;57;61;69;73;77;78;85;88;89
3,1,4,0.05A,2,random,xgboost,6.754465738932292,8.978020923176704,{},,3;40;52;67,1;10;14;19;20;29;31;32;49;57;61;69;73;77;78;85;88;89
3,1,4,0.05A,2,random,extra_trees,6.692954211764866,9.242345024140969,{},,3;40;52;67,1;10;14;19;20;29;31;32;49;57;61;69;73;77;78;85;88;89
3,1,4,C/10,3,random,ridge_physics,2.4465823703342013,3.912389811371251,"{""alpha"": 0.1}",4.137062430381775,3;40;52;67,1;10;14;19;20;29;31;32;49;57;61;69;73;77;78;85;88;89
3,1,4,C/10,3,random,ridge_source,1.683309343126085,2.233606263382366,"{""alpha"": 0.1}",5.774465560913086,3;40;52;67,1;10;14;19;20;29;31;32;49;57;61;69;73;77;78;85;88;89
3,1,4,C/10,3,random,ridge_input,3.7331600189208975,4.22598046424135,"{""alpha"": 1.0}",12.655713081359863,3;40;52;67,1;10;14;19;20;29;31;32;49;57;61;69;73;77;78;85;88;89
3,1,4,C/10,3,random,krr_rbf,2.4555303785536022,3.634159499437926,"{""alpha"": 0.1, ""gamma"": 0.05}",9.566275715827942,3;40;52;67,1;10;14;19;20;29;31;32;49;57;61;69;73;77;78;85;88;89
3,1,4,C/10,3,random,svr_rbf,7.404263177978014,11.22264073701482,"{""C"": 1.0, ""epsilon"": 0.2}",11.90108904949062,3;40;52;67,1;10;14;19;20;29;31;32;49;57;61;69;73;77;78;85;88;89
3,1,4,C/10,3,random,gp_rbf,2.723016609363291,4.466940165785576,"{""alpha"": 1.0, ""length"": 3.0}",9.880514716098022,3;40;52;67,1;10;14;19;20;29;31;32;49;57;61;69;73;77;78;85;88;89
3,1,4,C/10,3,random,catboost,4.568562674775404,7.140773968244901,{},,3;40;52;67,1;10;14;19;20;29;31;32;49;57;61;69;73;77;78;85;88;89
3,1,4,C/10,3,random,xgboost,6.247329288058811,9.260048761172603,{},,3;40;52;67,1;10;14;19;20;29;31;32;49;57;61;69;73;77;78;85;88;89
3,1,4,C/10,3,random,extra_trees,5.91658369700114,9.53122750798876,{},,3;40;52;67,1;10;14;19;20;29;31;32;49;57;61;69;73;77;78;85;88;89
3,1,4,C/7,4,random,ridge_physics,2.361323462592231,3.7201015335079743,"{""alpha"": 0.1}",4.187126994132996,3;40;52;67,1;10;14;19;20;29;31;32;49;57;61;69;73;77;78;85;88;89
3,1,4,C/7,4,random,ridge_source,1.6495713127983942,2.132470233869281,"{""alpha"": 0.1}",5.876961708068848,3;40;52;67,1;10;14;19;20;29;31;32;49;57;61;69;73;77;78;85;88;89
3,1,4,C/7,4,random,ridge_input,3.6588868035210496,4.088803160071033,"{""alpha"": 1.0}",12.626697301864624,3;40;52;67,1;10;14;19;20;29;31;32;49;57;61;69;73;77;78;85;88;89
3,1,4,C/7,4,random,krr_rbf,2.510889265272352,3.812267057277464,"{""alpha"": 0.1, ""gamma"": 0.05}",9.535634875297546,3;40;52;67,1;10;14;19;20;29;31;32;49;57;61;69;73;77;78;85;88;89
3,1,4,C/7,4,random,svr_rbf,7.556094063123414,11.479345800968485,"{""C"": 1.0, ""epsilon"": 0.2}",11.9416850577914,3;40;52;67,1;10;14;19;20;29;31;32;49;57;61;69;73;77;78;85;88;89
3,1,4,C/7,4,random,gp_rbf,2.7902154424164425,4.728489376033166,"{""alpha"": 1.0, ""length"": 3.0}",9.856100589317306,3;40;52;67,1;10;14;19;20;29;31;32;49;57;61;69;73;77;78;85;88;89
3,1,4,C/7,4,random,catboost,4.685973774637993,7.358248008524361,{},,3;40;52;67,1;10;14;19;20;29;31;32;49;57;61;69;73;77;78;85;88;89
3,1,4,C/7,4,random,xgboost,6.428648206922743,9.521598157870878,{},,3;40;52;67,1;10;14;19;20;29;31;32;49;57;61;69;73;77;78;85;88;89
3,1,4,C/7,4,random,extra_trees,6.041872342427571,9.75889228209017,{},,3;40;52;67,1;10;14;19;20;29;31;32;49;57;61;69;73;77;78;85;88;89
3,1,4,C/5,5,random,ridge_physics,2.372250239054362,3.691704063485905,"{""alpha"": 0.1}",4.301165819168091,3;40;52;67,1;10;14;19;20;29;31;32;49;57;61;69;73;77;78;85;88;89
3,1,4,C/5,5,random,ridge_source,1.7422654893663194,2.2092825479444445,"{""alpha"": 0.1}",6.081526756286621,3;40;52;67,1;10;14;19;20;29;31;32;49;57;61;69;73;77;78;85;88;89
3,1,4,C/5,5,random,ridge_input,3.653864118787977,4.046975612292239,"{""alpha"": 1.0}",12.616386890411375,3;40;52;67,1;10;14;19;20;29;31;32;49;57;61;69;73;77;78;85;88;89
3,1,4,C/5,5,random,krr_rbf,2.627341800265842,4.075880861813752,"{""alpha"": 0.1, ""gamma"": 0.05}",9.519824266433716,3;40;52;67,1;10;14;19;20;29;31;32;49;57;61;69;73;77;78;85;88;89
3,1,4,C/5,5,random,svr_rbf,7.65183533509607,11.664888304909049,"{""C"": 1.0, ""epsilon"": 0.2}",12.0217574607455,3;40;52;67,1;10;14;19;20;29;31;32;49;57;61;69;73;77;78;85;88;89
3,1,4,C/5,5,random,gp_rbf,2.899635944939081,5.004870831239198,"{""alpha"": 1.0, ""length"": 3.0}",9.849083576914095,3;40;52;67,1;10;14;19;20;29;31;32;49;57;61;69;73;77;78;85;88;89
3,1,4,C/5,5,random,catboost,4.749345511968254,7.524944444191036,{},,3;40;52;67,1;10;14;19;20;29;31;32;49;57;61;69;73;77;78;85;88;89
3,1,4,C/5,5,random,xgboost,6.522967020670573,9.66892975529861,{},,3;40;52;67,1;10;14;19;20;29;31;32;49;57;61;69;73;77;78;85;88;89
3,1,4,C/5,5,random,extra_trees,6.0922738843494,9.91292901927594,{},,3;40;52;67,1;10;14;19;20;29;31;32;49;57;61;69;73;77;78;85;88;89
3,1,4,C/80,0,source_cluster,ridge_physics,2.6820801628960504,3.3476909286530603,"{""alpha"": 10.0}",9.874068140983582,8;42;58;62,1;10;14;19;20;29;31;32;49;57;61;69;73;77;78;85;88;89
3,1,4,C/80,0,source_cluster,ridge_source,2.3748673333062067,2.926885934720691,"{""alpha"": 1.0}",7.644180774688721,8;42;58;62,1;10;14;19;20;29;31;32;49;57;61;69;73;77;78;85;88;89
3,1,4,C/80,0,source_cluster,ridge_input,5.631908840603298,6.762123523197668,"{""alpha"": 10.0}",14.168525457382202,8;42;58;62,1;10;14;19;20;29;31;32;49;57;61;69;73;77;78;85;88;89
3,1,4,C/80,0,source_cluster,krr_rbf,2.6813816494411893,3.469047938420761,"{""alpha"": 0.1, ""gamma"": 0.05}",17.856536269187927,8;42;58;62,1;10;14;19;20;29;31;32;49;57;61;69;73;77;78;85;88;89
3,1,4,C/80,0,source_cluster,svr_rbf,3.735929583244343,5.083557427373368,"{""C"": 100.0, ""epsilon"": 0.2}",18.46169477986276,8;42;58;62,1;10;14;19;20;29;31;32;49;57;61;69;73;77;78;85;88;89
3,1,4,C/80,0,source_cluster,gp_rbf,2.478208502063392,3.1024140812513026,"{""alpha"": 1.0, ""length"": 3.0}",19.029184010427507,8;42;58;62,1;10;14;19;20;29;31;32;49;57;61;69;73;77;78;85;88;89
3,1,4,C/80,0,source_cluster,catboost,4.940708049872113,6.7371373148446265,{},,8;42;58;62,1;10;14;19;20;29;31;32;49;57;61;69;73;77;78;85;88;89
3,1,4,C/80,0,source_cluster,xgboost,5.718916575113933,7.995979385122274,{},,8;42;58;62,1;10;14;19;20;29;31;32;49;57;61;69;73;77;78;85;88;89
3,1,4,C/80,0,source_cluster,extra_trees,4.971007045110067,6.442702731964284,{},,8;42;58;62,1;10;14;19;20;29;31;32;49;57;61;69;73;77;78;85;88;89
3,1,4,C/40,1,source_cluster,ridge_physics,2.285922156439887,2.728650483676138,"{""alpha"": 10.0}",8.820700645446777,8;42;58;62,1;10;14;19;20;29;31;32;49;57;61;69;73;77;78;85;88;89
3,1,4,C/40,1,source_cluster,ridge_source,1.9893001980251737,2.27331501619502,"{""alpha"": 1.0}",6.47030782699585,8;42;58;62,1;10;14;19;20;29;31;32;49;57;61;69;73;77;78;85;88;89
3,1,4,C/40,1,source_cluster,ridge_input,4.909635755750868,6.34054190763675,"{""alpha"": 10.0}",13.193648099899292,8;42;58;62,1;10;14;19;20;29;31;32;49;57;61;69;73;77;78;85;88;89
3,1,4,C/40,1,source_cluster,krr_rbf,2.127621120876736,2.8796834816059893,"{""alpha"": 0.1, ""gamma"": 0.05}",18.443756103515625,8;42;58;62,1;10;14;19;20;29;31;32;49;57;61;69;73;77;78;85;88;89
3,1,4,C/40,1,source_cluster,svr_rbf,3.298672840028681,4.736125361937463,"{""C"": 100.0, ""epsilon"": 0.2}",18.9145563854012,8;42;58;62,1;10;14;19;20;29;31;32;49;57;61;69;73;77;78;85;88;89
3,1,4,C/40,1,source_cluster,gp_rbf,1.9088908548905448,2.4489370084442115,"{""alpha"": 1.0, ""length"": 3.0}",19.6084036213952,8;42;58;62,1;10;14;19;20;29;31;32;49;57;61;69;73;77;78;85;88;89
3,1,4,C/40,1,source_cluster,catboost,4.565356908433357,6.587768387669367,{},,8;42;58;62,1;10;14;19;20;29;31;32;49;57;61;69;73;77;78;85;88;89
3,1,4,C/40,1,source_cluster,xgboost,5.16097174750434,7.798745020669287,{},,8;42;58;62,1;10;14;19;20;29;31;32;49;57;61;69;73;77;78;85;88;89
3,1,4,C/40,1,source_cluster,extra_trees,4.708443111843533,6.204782931882461,{},,8;42;58;62,1;10;14;19;20;29;31;32;49;57;61;69;73;77;78;85;88;89
3,1,4,0.05A,2,source_cluster,ridge_physics,2.8758544921875,3.607128792975085,"{""alpha"": 10.0}",9.91269063949585,8;42;58;62,1;10;14;19;20;29;31;32;49;57;61;69;73;77;78;85;88;89
3,1,4,0.05A,2,source_cluster,ridge_source,2.575559404161241,3.2626412432121303,"{""alpha"": 1.0}",7.643250703811645,8;42;58;62,1;10;14;19;20;29;31;32;49;57;61;69;73;77;78;85;88;89
3,1,4,0.05A,2,source_cluster,ridge_input,5.785481770833333,6.763482376191396,"{""alpha"": 10.0}",13.86215341091156,8;42;58;62,1;10;14;19;20;29;31;32;49;57;61;69;73;77;78;85;88;89
3,1,4,0.05A,2,source_cluster,krr_rbf,2.993414137098524,3.7795575617686974,"{""alpha"": 0.1, ""gamma"": 0.05}",17.85271656513214,8;42;58;62,1;10;14;19;20;29;31;32;49;57;61;69;73;77;78;85;88;89
3,1,4,0.05A,2,source_cluster,svr_rbf,4.092745256543569,5.403748202689698,"{""C"": 100.0, ""epsilon"": 0.2}",18.517252350235463,8;42;58;62,1;10;14;19;20;29;31;32;49;57;61;69;73;77;78;85;88;89
3,1,4,0.05A,2,source_cluster,gp_rbf,2.70534224518346,3.372779275025678,"{""alpha"": 1.0, ""length"": 3.0}",19.019670461751872,8;42;58;62,1;10;14;19;20;29;31;32;49;57;61;69;73;77;78;85;88;89
3,1,4,0.05A,2,source_cluster,catboost,5.011770864170494,6.734919358089035,{},,8;42;58;62,1;10;14;19;20;29;31;32;49;57;61;69;73;77;78;85;88;89
3,1,4,0.05A,2,source_cluster,xgboost,5.819854312472874,7.931474181018651,{},,8;42;58;62,1;10;14;19;20;29;31;32;49;57;61;69;73;77;78;85;88;89
3,1,4,0.05A,2,source_cluster,extra_trees,5.036855318811202,6.386912263371244,{},,8;42;58;62,1;10;14;19;20;29;31;32;49;57;61;69;73;77;78;85;88;89
3,1,4,C/10,3,source_cluster,ridge_physics,2.3622055053710938,2.744409837101486,"{""alpha"": 10.0}",8.079991579055786,8;42;58;62,1;10;14;19;20;29;31;32;49;57;61;69;73;77;78;85;88;89
3,1,4,C/10,3,source_cluster,ridge_source,1.9979871114095047,2.540963196772395,"{""alpha"": 0.1}",3.8538622856140137,8;42;58;62,1;10;14;19;20;29;31;32;49;57;61;69;73;77;78;85;88;89
3,1,4,C/10,3,source_cluster,ridge_input,4.381366729736328,5.8519976558536975,"{""alpha"": 10.0}",10.741271257400513,8;42;58;62,1;10;14;19;20;29;31;32;49;57;61;69;73;77;78;85;88;89
3,1,4,C/10,3,source_cluster,krr_rbf,2.057389153374566,2.7471536317729144,"{""alpha"": 0.1, ""gamma"": 0.05}",20.189584970474243,8;42;58;62,1;10;14;19;20;29;31;32;49;57;61;69;73;77;78;85;88;89
3,1,4,C/10,3,source_cluster,svr_rbf,3.181417367656957,4.809375916956992,"{""C"": 100.0, ""epsilon"": 0.2}",20.463323496092485,8;42;58;62,1;10;14;19;20;29;31;32;49;57;61;69;73;77;78;85;88;89
3,1,4,C/10,3,source_cluster,gp_rbf,1.8235923691866245,2.292458475929427,"{""alpha"": 1.0, ""length"": 3.0}",21.37235538180657,8;42;58;62,1;10;14;19;20;29;31;32;49;57;61;69;73;77;78;85;88;89
3,1,4,C/10,3,source_cluster,catboost,4.499986065543492,6.833083160985938,{},,8;42;58;62,1;10;14;19;20;29;31;32;49;57;61;69;73;77;78;85;88;89
3,1,4,C/10,3,source_cluster,xgboost,5.138960944281684,8.09795190859607,{},,8;42;58;62,1;10;14;19;20;29;31;32;49;57;61;69;73;77;78;85;88;89
3,1,4,C/10,3,source_cluster,extra_trees,4.767602925830417,6.525732897235368,{},,8;42;58;62,1;10;14;19;20;29;31;32;49;57;61;69;73;77;78;85;88;89
3,1,4,C/7,4,source_cluster,ridge_physics,2.139165242513021,2.7133435943375392,"{""alpha"": 1.0}",8.11659860610962,8;42;58;62,1;10;14;19;20;29;31;32;49;57;61;69;73;77;78;85;88;89
3,1,4,C/7,4,source_cluster,ridge_source,2.206925286187066,2.7386571951251706,"{""alpha"": 0.1}",3.54729962348938,8;42;58;62,1;10;14;19;20;29;31;32;49;57;61;69;73;77;78;85;88;89
3,1,4,C/7,4,source_cluster,ridge_input,4.385164896647136,5.809015628316328,"{""alpha"": 10.0}",10.891149640083311,8;42;58;62,1;10;14;19;20;29;31;32;49;57;61;69;73;77;78;85;88;89
3,1,4,C/7,4,source_cluster,krr_rbf,2.028092278374566,2.6453289856250986,"{""alpha"": 0.1, ""gamma"": 0.05}",20.64861488342285,8;42;58;62,1;10;14;19;20;29;31;32;49;57;61;69;73;77;78;85;88;89
3,1,4,C/7,4,source_cluster,svr_rbf,3.115187638761526,4.71589698752529,"{""C"": 100.0, ""epsilon"": 0.2}",20.85257520118877,8;42;58;62,1;10;14;19;20;29;31;32;49;57;61;69;73;77;78;85;88;89
3,1,4,C/7,4,source_cluster,gp_rbf,1.7875316141921127,2.342023444453033,"{""alpha"": 1.0, ""length"": 3.0}",21.83168718841203,8;42;58;62,1;10;14;19;20;29;31;32;49;57;61;69;73;77;78;85;88;89
3,1,4,C/7,4,source_cluster,catboost,4.515194134979407,6.91299675622145,{},,8;42;58;62,1;10;14;19;20;29;31;32;49;57;61;69;73;77;78;85;88;89
3,1,4,C/7,4,source_cluster,xgboost,5.278755611843533,8.22450219555928,{},,8;42;58;62,1;10;14;19;20;29;31;32;49;57;61;69;73;77;78;85;88;89
3,1,4,C/7,4,source_cluster,extra_trees,4.805347576406267,6.581334577665264,{},,8;42;58;62,1;10;14;19;20;29;31;32;49;57;61;69;73;77;78;85;88;89
3,1,4,C/5,5,source_cluster,ridge_physics,2.1754976908365884,2.817964513269292,"{""alpha"": 1.0}",7.467312812805176,8;42;58;62,1;10;14;19;20;29;31;32;49;57;61;69;73;77;78;85;88;89
3,1,4,C/5,5,source_cluster,ridge_source,2.5141190422905817,3.046533775991481,"{""alpha"": 0.1}",3.2964885234832764,8;42;58;62,1;10;14;19;20;29;31;32;49;57;61;69;73;77;78;85;88;89
3,1,4,C/5,5,source_cluster,ridge_input,4.325952317979601,5.736053015070426,"{""alpha"": 10.0}",11.121903896331789,8;42;58;62,1;10;14;19;20;29;31;32;49;57;61;69;73;77;78;85;88;89
3,1,4,C/5,5,source_cluster,krr_rbf,2.08577643500434,2.717102783357736,"{""alpha"": 0.1, ""gamma"": 0.05}",21.155397653579712,8;42;58;62,1;10;14;19;20;29;31;32;49;57;61;69;73;77;78;85;88;89
3,1,4,C/5,5,source_cluster,svr_rbf,3.1430310336502054,4.799948295244287,"{""C"": 100.0, ""epsilon"": 0.2}",21.304938170164597,8;42;58;62,1;10;14;19;20;29;31;32;49;57;61;69;73;77;78;85;88;89
3,1,4,C/5,5,source_cluster,gp_rbf,1.8386133919266745,2.455941501118531,"{""alpha"": 1.0, ""length"": 3.0}",22.3444192733546,8;42;58;62,1;10;14;19;20;29;31;32;49;57;61;69;73;77;78;85;88;89
3,1,4,C/5,5,source_cluster,catboost,4.640636876259588,7.051951153692544,{},,8;42;58;62,1;10;14;19;20;29;31;32;49;57;61;69;73;77;78;85;88;89
3,1,4,C/5,5,source_cluster,xgboost,5.486430274115668,8.406766266575033,{},,8;42;58;62,1;10;14;19;20;29;31;32;49;57;61;69;73;77;78;85;88;89
3,1,4,C/5,5,source_cluster,extra_trees,4.930844914913177,6.760736429507488,{},,8;42;58;62,1;10;14;19;20;29;31;32;49;57;61;69;73;77;78;85;88;89
3,1,4,C/80,0,physical_cluster,ridge_physics,2.331701490614149,2.9572956670105897,"{""alpha"": 1.0}",4.755297541618347,2;42;50;62,1;10;14;19;20;29;31;32;49;57;61;69;73;77;78;85;88;89
3,1,4,C/80,0,physical_cluster,ridge_source,2.449835459391276,3.0443579915645707,"{""alpha"": 0.1}",2.806298077106476,2;42;50;62,1;10;14;19;20;29;31;32;49;57;61;69;73;77;78;85;88;89
3,1,4,C/80,0,physical_cluster,ridge_input,5.414449479844835,6.337782048999854,"{""alpha"": 10.0}",12.352957487106323,2;42;50;62,1;10;14;19;20;29;31;32;49;57;61;69;73;77;78;85;88;89
3,1,4,C/80,0,physical_cluster,krr_rbf,2.4650247361924915,3.17645394935557,"{""alpha"": 0.1, ""gamma"": 0.05}",15.546436190605164,2;42;50;62,1;10;14;19;20;29;31;32;49;57;61;69;73;77;78;85;88;89
3,1,4,C/80,0,physical_cluster,svr_rbf,2.49195332817758,3.0429998417414947,"{""C"": 100.0, ""epsilon"": 0.2}",16.935946383573267,2;42;50;62,1;10;14;19;20;29;31;32;49;57;61;69;73;77;78;85;88;89
3,1,4,C/80,0,physical_cluster,gp_rbf,3.24175628164865,3.967532221154494,"{""alpha"": 1.0, ""length"": 3.0}",16.552375172400243,2;42;50;62,1;10;14;19;20;29;31;32;49;57;61;69;73;77;78;85;88;89
3,1,4,C/80,0,physical_cluster,catboost,5.332608007049036,7.022341618092337,{},,2;42;50;62,1;10;14;19;20;29;31;32;49;57;61;69;73;77;78;85;88;89
3,1,4,C/80,0,physical_cluster,xgboost,6.0652923583984375,8.12214863317545,{},,2;42;50;62,1;10;14;19;20;29;31;32;49;57;61;69;73;77;78;85;88;89
3,1,4,C/80,0,physical_cluster,extra_trees,5.1092869864569765,6.485255594586665,{},,2;42;50;62,1;10;14;19;20;29;31;32;49;57;61;69;73;77;78;85;88;89
3,1,4,C/40,1,physical_cluster,ridge_physics,1.534263186984592,1.977289680279372,"{""alpha"": 1.0}",3.824486553668976,2;42;50;62,1;10;14;19;20;29;31;32;49;57;61;69;73;77;78;85;88;89
3,1,4,C/40,1,physical_cluster,ridge_source,1.4644605848524306,1.894966462980971,"{""alpha"": 0.1}",1.6305258870124817,2;42;50;62,1;10;14;19;20;29;31;32;49;57;61;69;73;77;78;85;88;89
3,1,4,C/40,1,physical_cluster,ridge_input,4.930627187093099,5.767726131354294,"{""alpha"": 10.0}",12.60715913772583,2;42;50;62,1;10;14;19;20;29;31;32;49;57;61;69;73;77;78;85;88;89
3,1,4,C/40,1,physical_cluster,krr_rbf,1.816287146674262,2.359812723782754,"{""alpha"": 0.1, ""gamma"": 0.05}",16.188668847084045,2;42;50;62,1;10;14;19;20;29;31;32;49;57;61;69;73;77;78;85;88;89
3,1,4,C/40,1,physical_cluster,svr_rbf,2.1130700295462432,2.600623141866534,"{""C"": 100.0, ""epsilon"": 1.0}",17.66700785621608,2;42;50;62,1;10;14;19;20;29;31;32;49;57;61;69;73;77;78;85;88;89
3,1,4,C/40,1,physical_cluster,gp_rbf,2.6577973029499957,3.386006380147819,"{""alpha"": 1.0, ""length"": 3.0}",17.234678361024756,2;42;50;62,1;10;14;19;20;29;31;32;49;57;61;69;73;77;78;85;88;89
3,1,4,C/40,1,physical_cluster,catboost,4.843233165809554,6.891119480047944,{},,2;42;50;62,1;10;14;19;20;29;31;32;49;57;61;69;73;77;78;85;88;89
3,1,4,C/40,1,physical_cluster,xgboost,5.468442704942492,7.946609754009293,{},,2;42;50;62,1;10;14;19;20;29;31;32;49;57;61;69;73;77;78;85;88;89
3,1,4,C/40,1,physical_cluster,extra_trees,4.869035784403483,6.098120438053605,{},,2;42;50;62,1;10;14;19;20;29;31;32;49;57;61;69;73;77;78;85;88;89
3,1,4,0.05A,2,physical_cluster,ridge_physics,2.5229949951171875,3.259068297248545,"{""alpha"": 1.0}",5.281212210655212,2;42;50;62,1;10;14;19;20;29;31;32;49;57;61;69;73;77;78;85;88;89
3,1,4,0.05A,2,physical_cluster,ridge_source,2.6272913614908853,3.321598887946781,"{""alpha"": 0.1}",3.122735619544983,2;42;50;62,1;10;14;19;20;29;31;32;49;57;61;69;73;77;78;85;88;89
3,1,4,0.05A,2,physical_cluster,ridge_input,5.394468519422743,6.322558999753705,"{""alpha"": 10.0}",11.990002632141112,2;42;50;62,1;10;14;19;20;29;31;32;49;57;61;69;73;77;78;85;88;89
3,1,4,0.05A,2,physical_cluster,krr_rbf,2.699598948160807,3.471415950296325,"{""alpha"": 0.1, ""gamma"": 0.05}",15.23493704199791,2;42;50;62,1;10;14;19;20;29;31;32;49;57;61;69;73;77;78;85;88;89
3,1,4,0.05A,2,physical_cluster,svr_rbf,2.799325764719097,3.4979462318792742,"{""C"": 100.0, ""epsilon"": 0.2}",16.475936888137184,2;42;50;62,1;10;14;19;20;29;31;32;49;57;61;69;73;77;78;85;88;89
3,1,4,0.05A,2,physical_cluster,gp_rbf,3.311790453379367,4.112716671621482,"{""alpha"": 1.0, ""length"": 3.0}",16.361266984456226,2;42;50;62,1;10;14;19;20;29;31;32;49;57;61;69;73;77;78;85;88;89
3,1,4,0.05A,2,physical_cluster,catboost,5.438344010749479,7.001194171870341,{},,2;42;50;62,1;10;14;19;20;29;31;32;49;57;61;69;73;77;78;85;88;89
3,1,4,0.05A,2,physical_cluster,xgboost,6.073610941569011,7.994590428438975,{},,2;42;50;62,1;10;14;19;20;29;31;32;49;57;61;69;73;77;78;85;88;89
3,1,4,0.05A,2,physical_cluster,extra_trees,5.075122981601291,6.419173084619012,{},,2;42;50;62,1;10;14;19;20;29;31;32;49;57;61;69;73;77;78;85;88;89
3,1,4,C/10,3,physical_cluster,ridge_physics,1.431537628173828,1.7178326616445037,"{""alpha"": 0.1}",1.2353224754333496,2;42;50;62,1;10;14;19;20;29;31;32;49;57;61;69;73;77;78;85;88;89
3,1,4,C/10,3,physical_cluster,ridge_source,1.3088111877441406,1.63172162989925,"{""alpha"": 0.1}",2.7437191009521484,2;42;50;62,1;10;14;19;20;29;31;32;49;57;61;69;73;77;78;85;88;89
3,1,4,C/10,3,physical_cluster,ridge_input,2.8095279269748263,3.37886988798123,"{""alpha"": 1.0}",11.561680912971497,2;42;50;62,1;10;14;19;20;29;31;32;49;57;61;69;73;77;78;85;88;89
3,1,4,C/10,3,physical_cluster,krr_rbf,1.7367028130425348,2.124052538721126,"{""alpha"": 0.1, ""gamma"": 0.05}",18.064694046974186,2;42;50;62,1;10;14;19;20;29;31;32;49;57;61;69;73;77;78;85;88;89
3,1,4,C/10,3,physical_cluster,svr_rbf,2.0706814275190766,2.407908775381641,"{""C"": 100.0, ""epsilon"": 1.0}",20.16621725991096,2;42;50;62,1;10;14;19;20;29;31;32;49;57;61;69;73;77;78;85;88;89
3,1,4,C/10,3,physical_cluster,gp_rbf,2.613814307440954,3.346479479219951,"{""alpha"": 1.0, ""length"": 3.0}",19.169894233490595,2;42;50;62,1;10;14;19;20;29;31;32;49;57;61;69;73;77;78;85;88;89
3,1,4,C/10,3,physical_cluster,catboost,4.890100663038845,7.402689746000649,{},,2;42;50;62,1;10;14;19;20;29;31;32;49;57;61;69;73;77;78;85;88;89
3,1,4,C/10,3,physical_cluster,xgboost,5.432389153374566,8.400153687291507,{},,2;42;50;62,1;10;14;19;20;29;31;32;49;57;61;69;73;77;78;85;88;89
3,1,4,C/10,3,physical_cluster,extra_trees,4.7581407599978975,6.132684583514015,{},,2;42;50;62,1;10;14;19;20;29;31;32;49;57;61;69;73;77;78;85;88;89
3,1,4,C/7,4,physical_cluster,ridge_physics,1.4790242513020833,1.8122687606142325,"{""alpha"": 0.1}",0.6445537805557251,2;42;50;62,1;10;14;19;20;29;31;32;49;57;61;69;73;77;78;85;88;89
3,1,4,C/7,4,physical_cluster,ridge_source,1.4177280002170138,1.7845365908324833,"{""alpha"": 0.1}",3.736140966415405,2;42;50;62,1;10;14;19;20;29;31;32;49;57;61;69;73;77;78;85;88;89
3,1,4,C/7,4,physical_cluster,ridge_input,2.863745371500651,3.405925525448864,"{""alpha"": 1.0}",10.94533634185791,2;42;50;62,1;10;14;19;20;29;31;32;49;57;61;69;73;77;78;85;88;89
3,1,4,C/7,4,physical_cluster,krr_rbf,1.843925052218967,2.228091418935723,"{""alpha"": 0.1, ""gamma"": 0.05}",18.5578932762146,2;42;50;62,1;10;14;19;20;29;31;32;49;57;61;69;73;77;78;85;88;89
3,1,4,C/7,4,physical_cluster,svr_rbf,2.100353499884996,2.476224501633172,"{""C"": 100.0, ""epsilon"": 1.0}",20.807889904456417,2;42;50;62,1;10;14;19;20;29;31;32;49;57;61;69;73;77;78;85;88;89
3,1,4,C/7,4,physical_cluster,gp_rbf,2.729052401688852,3.519328838385333,"{""alpha"": 1.0, ""length"": 3.0}",19.686077980546624,2;42;50;62,1;10;14;19;20;29;31;32;49;57;61;69;73;77;78;85;88;89
3,1,4,C/7,4,physical_cluster,catboost,5.122778337854654,7.658303881408083,{},,2;42;50;62,1;10;14;19;20;29;31;32;49;57;61;69;73;77;78;85;88;89
3,1,4,C/7,4,physical_cluster,xgboost,5.600223117404514,8.608592278162458,{},,2;42;50;62,1;10;14;19;20;29;31;32;49;57;61;69;73;77;78;85;88;89
3,1,4,C/7,4,physical_cluster,extra_trees,4.736793748537697,6.159020064277936,{},,2;42;50;62,1;10;14;19;20;29;31;32;49;57;61;69;73;77;78;85;88;89
3,1,4,C/5,5,physical_cluster,ridge_physics,1.6222301059299045,1.9770840862567216,"{""alpha"": 0.1}",0.2120183706283569,2;42;50;62,1;10;14;19;20;29;31;32;49;57;61;69;73;77;78;85;88;89
3,1,4,C/5,5,physical_cluster,ridge_source,1.6348665025499132,2.0643782928082515,"{""alpha"": 0.1}",4.777116775512695,2;42;50;62,1;10;14;19;20;29;31;32;49;57;61;69;73;77;78;85;88;89
3,1,4,C/5,5,physical_cluster,ridge_input,2.866143544514974,3.450153755787637,"{""alpha"": 1.0}",10.30432140827179,2;42;50;62,1;10;14;19;20;29;31;32;49;57;61;69;73;77;78;85;88;89
3,1,4,C/5,5,physical_cluster,krr_rbf,1.8925302293565536,2.3315774817523964,"{""alpha"": 0.1, ""gamma"": 0.05}",19.045871675014496,2;42;50;62,1;10;14;19;20;29;31;32;49;57;61;69;73;77;78;85;88;89
3,1,4,C/5,5,physical_cluster,svr_rbf,2.219191918278612,2.62015404087322,"{""C"": 100.0, ""epsilon"": 1.0}",21.381619192800915,2;42;50;62,1;10;14;19;20;29;31;32;49;57;61;69;73;77;78;85;88;89
3,1,4,C/5,5,physical_cluster,gp_rbf,2.779303471515105,3.643799500193924,"{""alpha"": 1.0, ""length"": 3.0}",20.19639628297317,2;42;50;62,1;10;14;19;20;29;31;32;49;57;61;69;73;77;78;85;88;89
3,1,4,C/5,5,physical_cluster,catboost,5.40779918359227,7.916694302095578,{},,2;42;50;62,1;10;14;19;20;29;31;32;49;57;61;69;73;77;78;85;88;89
3,1,4,C/5,5,physical_cluster,xgboost,5.788819207085504,8.824888233380921,{},,2;42;50;62,1;10;14;19;20;29;31;32;49;57;61;69;73;77;78;85;88;89
3,1,4,C/5,5,physical_cluster,extra_trees,4.787763365109764,6.289181880889948,{},,2;42;50;62,1;10;14;19;20;29;31;32;49;57;61;69;73;77;78;85;88;89
3,1,4,C/80,0,input_cluster,ridge_physics,2.7894053988986545,3.4527958223834347,"{""alpha"": 1.0}",4.530215561389923,5;7;62;84,1;10;14;19;20;29;31;32;49;57;61;69;73;77;78;85;88;89
3,1,4,C/80,0,input_cluster,ridge_source,2.455481211344401,3.049841369540596,"{""alpha"": 0.1}",3.601354420185089,5;7;62;84,1;10;14;19;20;29;31;32;49;57;61;69;73;77;78;85;88;89
3,1,4,C/80,0,input_cluster,ridge_input,5.564015706380208,7.631359830957965,"{""alpha"": 10.0}",7.242907285690308,5;7;62;84,1;10;14;19;20;29;31;32;49;57;61;69;73;77;78;85;88;89
3,1,4,C/80,0,input_cluster,krr_rbf,3.7079849243164062,5.585768275616607,"{""alpha"": 0.1, ""gamma"": 0.05}",14.47093629837036,5;7;62;84,1;10;14;19;20;29;31;32;49;57;61;69;73;77;78;85;88;89
3,1,4,C/80,0,input_cluster,svr_rbf,5.979852137126607,10.336679109178782,"{""C"": 100.0, ""epsilon"": 1.0}",9.878551869880994,5;7;62;84,1;10;14;19;20;29;31;32;49;57;61;69;73;77;78;85;88;89
3,1,4,C/80,0,input_cluster,gp_rbf,3.9881818585842983,5.883158957007583,"{""alpha"": 1.0, ""length"": 3.0}",14.840729745682628,5;7;62;84,1;10;14;19;20;29;31;32;49;57;61;69;73;77;78;85;88;89
3,1,4,C/80,0,input_cluster,catboost,7.22220316042012,10.173256173846658,{},,5;7;62;84,1;10;14;19;20;29;31;32;49;57;61;69;73;77;78;85;88;89
3,1,4,C/80,0,input_cluster,xgboost,8.428941090901693,11.301271532951088,{},,5;7;62;84,1;10;14;19;20;29;31;32;49;57;61;69;73;77;78;85;88;89
3,1,4,C/80,0,input_cluster,extra_trees,5.423600959777831,7.897273164491898,{},,5;7;62;84,1;10;14;19;20;29;31;32;49;57;61;69;73;77;78;85;88;89
3,1,4,C/40,1,input_cluster,ridge_physics,2.078893025716146,2.532596983817774,"{""alpha"": 1.0}",3.4592186212539677,5;7;62;84,1;10;14;19;20;29;31;32;49;57;61;69;73;77;78;85;88;89
3,1,4,C/40,1,input_cluster,ridge_source,1.576265123155382,1.897106619510917,"{""alpha"": 0.1}",2.55332225561142,5;7;62;84,1;10;14;19;20;29;31;32;49;57;61;69;73;77;78;85;88;89
3,1,4,C/40,1,input_cluster,ridge_input,4.922028435601129,7.173800163328306,"{""alpha"": 10.0}",7.681892156600952,5;7;62;84,1;10;14;19;20;29;31;32;49;57;61;69;73;77;78;85;88;89
3,1,4,C/40,1,input_cluster,krr_rbf,3.0232857598198786,4.974562050682608,"{""alpha"": 0.1, ""gamma"": 0.05}",14.862934291362762,5;7;62;84,1;10;14;19;20;29;31;32;49;57;61;69;73;77;78;85;88;89
3,1,4,C/40,1,input_cluster,svr_rbf,5.434866161049774,10.3947810267766,"{""C"": 100.0, ""epsilon"": 1.0}",9.907953756210716,5;7;62;84,1;10;14;19;20;29;31;32;49;57;61;69;73;77;78;85;88;89
3,1,4,C/40,1,input_cluster,gp_rbf,3.4399100062092347,5.354152740395552,"{""alpha"": 1.0, ""length"": 3.0}",15.320767261241787,5;7;62;84,1;10;14;19;20;29;31;32;49;57;61;69;73;77;78;85;88;89
3,1,4,C/40,1,input_cluster,catboost,7.23432871366155,10.102551020916447,{},,5;7;62;84,1;10;14;19;20;29;31;32;49;57;61;69;73;77;78;85;88;89
3,1,4,C/40,1,input_cluster,xgboost,8.614518059624565,11.271740078917572,{},,5;7;62;84,1;10;14;19;20;29;31;32;49;57;61;69;73;77;78;85;88;89
3,1,4,C/40,1,input_cluster,extra_trees,5.067666965060763,7.686332956175377,{},,5;7;62;84,1;10;14;19;20;29;31;32;49;57;61;69;73;77;78;85;88;89
3,1,4,0.05A,2,input_cluster,ridge_physics,2.9253005981445312,3.655524914874978,"{""alpha"": 1.0}",4.548489928245544,5;7;62;84,1;10;14;19;20;29;31;32;49;57;61;69;73;77;78;85;88;89
3,1,4,0.05A,2,input_cluster,ridge_source,2.60017564561632,3.3166930545777564,"{""alpha"": 0.1}",3.6190946102142334,5;7;62;84,1;10;14;19;20;29;31;32;49;57;61;69;73;77;78;85;88;89
3,1,4,0.05A,2,input_cluster,ridge_input,5.70669682820638,7.556600746259421,"{""alpha"": 10.0}",7.204830646514893,5;7;62;84,1;10;14;19;20;29;31;32;49;57;61;69;73;77;78;85;88;89
3,1,4,0.05A,2,input_cluster,krr_rbf,3.852558983696832,5.615638806429638,"{""alpha"": 0.1, ""gamma"": 0.05}",14.41062605381012,5;7;62;84,1;10;14;19;20;29;31;32;49;57;61;69;73;77;78;85;88;89
3,1,4,0.05A,2,input_cluster,svr_rbf,6.291486129242772,10.471855639181488,"{""C"": 100.0, ""epsilon"": 1.0}",9.952767023982457,5;7;62;84,1;10;14;19;20;29;31;32;49;57;61;69;73;77;78;85;88;89
3,1,4,0.05A,2,input_cluster,gp_rbf,4.170070372641474,5.914752190080397,"{""alpha"": 1.0, ""length"": 3.0}",14.755928575024704,5;7;62;84,1;10;14;19;20;29;31;32;49;57;61;69;73;77;78;85;88;89
3,1,4,0.05A,2,input_cluster,catboost,7.323980216952855,10.076374554285762,{},,5;7;62;84,1;10;14;19;20;29;31;32;49;57;61;69;73;77;78;85;88;89
3,1,4,0.05A,2,input_cluster,xgboost,8.359559800889757,11.188840936133284,{},,5;7;62;84,1;10;14;19;20;29;31;32;49;57;61;69;73;77;78;85;88;89
3,1,4,0.05A,2,input_cluster,extra_trees,5.52271019352807,7.78958946245095,{},,5;7;62;84,1;10;14;19;20;29;31;32;49;57;61;69;73;77;78;85;88;89
3,1,4,C/10,3,input_cluster,ridge_physics,1.542861090766059,1.9306024534905404,"{""alpha"": 1.0}",1.751816749572754,5;7;62;84,1;10;14;19;20;29;31;32;49;57;61;69;73;77;78;85;88;89
3,1,4,C/10,3,input_cluster,ridge_source,1.41526370578342,1.7401083860662077,"{""alpha"": 0.1}",1.8985837697982788,5;7;62;84,1;10;14;19;20;29;31;32;49;57;61;69;73;77;78;85;88;89
3,1,4,C/10,3,input_cluster,ridge_input,2.7431212531195746,4.357727041665234,"{""alpha"": 1.0}",7.115973234176636,5;7;62;84,1;10;14;19;20;29;31;32;49;57;61;69;73;77;78;85;88;89
3,1,4,C/10,3,input_cluster,krr_rbf,2.611559549967448,4.521768660649171,"{""alpha"": 0.1, ""gamma"": 0.05}",16.53335475921631,5;7;62;84,1;10;14;19;20;29;31;32;49;57;61;69;73;77;78;85;88;89
3,1,4,C/10,3,input_cluster,svr_rbf,5.739570147930527,11.093279950958378,"{""C"": 100.0, ""epsilon"": 0.2}",10.942790516725564,5;7;62;84,1;10;14;19;20;29;31;32;49;57;61;69;73;77;78;85;88;89
3,1,4,C/10,3,input_cluster,gp_rbf,3.051982487689291,4.980192203913345,"{""alpha"": 1.0, ""length"": 3.0}",17.13766804377223,5;7;62;84,1;10;14;19;20;29;31;32;49;57;61;69;73;77;78;85;88;89
3,1,4,C/10,3,input_cluster,catboost,7.915532873129381,10.616831283438064,{},,5;7;62;84,1;10;14;19;20;29;31;32;49;57;61;69;73;77;78;85;88;89
3,1,4,C/10,3,input_cluster,xgboost,9.310991499159073,11.897325910926746,{},,5;7;62;84,1;10;14;19;20;29;31;32;49;57;61;69;73;77;78;85;88;89
3,1,4,C/10,3,input_cluster,extra_trees,5.139922311570908,7.995400188614906,{},,5;7;62;84,1;10;14;19;20;29;31;32;49;57;61;69;73;77;78;85;88;89
3,1,4,C/7,4,input_cluster,ridge_physics,1.5010147094726562,1.9009596673156968,"{""alpha"": 1.0}",2.051435708999634,5;7;62;84,1;10;14;19;20;29;31;32;49;57;61;69;73;77;78;85;88;89
3,1,4,C/7,4,input_cluster,ridge_source,1.6078927781846788,1.9888792517101976,"{""alpha"": 0.1}",2.446584701538086,5;7;62;84,1;10;14;19;20;29;31;32;49;57;61;69;73;77;78;85;88;89
3,1,4,C/7,4,input_cluster,ridge_input,2.7738439771864147,4.339250947100241,"{""alpha"": 1.0}",6.660624504089356,5;7;62;84,1;10;14;19;20;29;31;32;49;57;61;69;73;77;78;85;88;89
3,1,4,C/7,4,input_cluster,krr_rbf,2.636858198377821,4.449397882256065,"{""alpha"": 0.1, ""gamma"": 0.05}",17.141210436820984,5;7;62;84,1;10;14;19;20;29;31;32;49;57;61;69;73;77;78;85;88;89
3,1,4,C/7,4,input_cluster,svr_rbf,5.8343543984875135,11.292690764172848,"{""C"": 100.0, ""epsilon"": 0.2}",11.311086267884852,5;7;62;84,1;10;14;19;20;29;31;32;49;57;61;69;73;77;78;85;88;89
3,1,4,C/7,4,input_cluster,gp_rbf,3.1104889176597093,4.966244467444711,"{""alpha"": 1.0, ""length"": 3.0}",17.76930512144826,5;7;62;84,1;10;14;19;20;29;31;32;49;57;61;69;73;77;78;85;88;89
3,1,4,C/7,4,input_cluster,catboost,8.1540801657307,10.79984094176169,{},,5;7;62;84,1;10;14;19;20;29;31;32;49;57;61;69;73;77;78;85;88;89
3,1,4,C/7,4,input_cluster,xgboost,9.591691335042318,12.103085895177772,{},,5;7;62;84,1;10;14;19;20;29;31;32;49;57;61;69;73;77;78;85;88;89
3,1,4,C/7,4,input_cluster,extra_trees,5.179031170739067,8.030370444015903,{},,5;7;62;84,1;10;14;19;20;29;31;32;49;57;61;69;73;77;78;85;88;89
3,1,4,C/5,5,input_cluster,ridge_physics,1.4515821668836806,1.8124360085776363,"{""alpha"": 0.1}",2.201197981834412,5;7;62;84,1;10;14;19;20;29;31;32;49;57;61;69;73;77;78;85;88;89
3,1,4,C/5,5,input_cluster,ridge_source,1.8729324340820312,2.352171634996538,"{""alpha"": 0.1}",2.982922077178955,5;7;62;84,1;10;14;19;20;29;31;32;49;57;61;69;73;77;78;85;88;89
3,1,4,C/5,5,input_cluster,ridge_input,2.734574211968316,4.304788311733152,"{""alpha"": 1.0}",6.258562088012695,5;7;62;84,1;10;14;19;20;29;31;32;49;57;61;69;73;77;78;85;88;89
3,1,4,C/5,5,input_cluster,krr_rbf,2.6502757602267795,4.3920910918252885,"{""alpha"": 0.1, ""gamma"": 0.05}",17.75599455833435,5;7;62;84,1;10;14;19;20;29;31;32;49;57;61;69;73;77;78;85;88;89
3,1,4,C/5,5,input_cluster,svr_rbf,5.984484258017151,11.491748749385891,"{""C"": 100.0, ""epsilon"": 0.2}",11.676586992024092,5;7;62;84,1;10;14;19;20;29;31;32;49;57;61;69;73;77;78;85;88;89
3,1,4,C/5,5,input_cluster,gp_rbf,3.1042523377953137,4.929753506639185,"{""alpha"": 1.0, ""length"": 3.0}",18.40991172857167,5;7;62;84,1;10;14;19;20;29;31;32;49;57;61;69;73;77;78;85;88;89
3,1,4,C/5,5,input_cluster,catboost,8.316211886231322,10.998494829371522,{},,5;7;62;84,1;10;14;19;20;29;31;32;49;57;61;69;73;77;78;85;88;89
3,1,4,C/5,5,input_cluster,xgboost,9.83332739935981,12.348796045976105,{},,5;7;62;84,1;10;14;19;20;29;31;32;49;57;61;69;73;77;78;85;88;89
3,1,4,C/5,5,input_cluster,extra_trees,5.352705436282687,8.219509550696944,{},,5;7;62;84,1;10;14;19;20;29;31;32;49;57;61;69;73;77;78;85;88;89
3,2,4,C/80,0,random,ridge_physics,2.476612514919705,3.115854347635307,"{""alpha"": 0.1}",1.078568458557129,5;41;83;90,1;10;14;19;20;29;31;32;49;57;61;69;73;77;78;85;88;89
3,2,4,C/80,0,random,ridge_source,2.2729195488823786,2.902538544747812,"{""alpha"": 0.1}",1.345164775848389,5;41;83;90,1;10;14;19;20;29;31;32;49;57;61;69;73;77;78;85;88;89
3,2,4,C/80,0,random,ridge_input,4.881977081298828,5.97597547587544,"{""alpha"": 0.1}",1.7725151777267456,5;41;83;90,1;10;14;19;20;29;31;32;49;57;61;69;73;77;78;85;88;89
3,2,4,C/80,0,random,krr_rbf,4.145186106363933,5.8982057288748,"{""alpha"": 0.1, ""gamma"": 0.05}",2.150537848472595,5;41;83;90,1;10;14;19;20;29;31;32;49;57;61;69;73;77;78;85;88;89
3,2,4,C/80,0,random,svr_rbf,6.092239334318627,10.175472237011585,"{""C"": 10.0, ""epsilon"": 0.2}",1.5934321279096673,5;41;83;90,1;10;14;19;20;29;31;32;49;57;61;69;73;77;78;85;88;89
3,2,4,C/80,0,random,gp_rbf,4.422820153677785,6.533989111052016,"{""alpha"": 1.0, ""length"": 3.0}",3.3385602083358648,5;41;83;90,1;10;14;19;20;29;31;32;49;57;61;69;73;77;78;85;88;89
3,2,4,C/80,0,random,catboost,6.15090013059693,8.764466037121238,{},,5;41;83;90,1;10;14;19;20;29;31;32;49;57;61;69;73;77;78;85;88;89
3,2,4,C/80,0,random,xgboost,7.043024275037977,9.59088681232934,{},,5;41;83;90,1;10;14;19;20;29;31;32;49;57;61;69;73;77;78;85;88;89
3,2,4,C/80,0,random,extra_trees,4.419287787543404,6.730902704644532,{},,5;41;83;90,1;10;14;19;20;29;31;32;49;57;61;69;73;77;78;85;88;89
3,2,4,C/40,1,random,ridge_physics,1.6710192362467449,2.1448953448224977,"{""alpha"": 0.1}",0.6881237030029297,5;41;83;90,1;10;14;19;20;29;31;32;49;57;61;69;73;77;78;85;88;89
3,2,4,C/40,1,random,ridge_source,1.4611201816134982,1.839490942169384,"{""alpha"": 0.1}",0.8009172677993774,5;41;83;90,1;10;14;19;20;29;31;32;49;57;61;69;73;77;78;85;88;89
3,2,4,C/40,1,random,ridge_input,3.948035769992405,5.20897895851014,"{""alpha"": 0.1}",1.0551162958145142,5;41;83;90,1;10;14;19;20;29;31;32;49;57;61;69;73;77;78;85;88;89
3,2,4,C/40,1,random,krr_rbf,3.4443431430392795,5.602227520503583,"{""alpha"": 0.1, ""gamma"": 0.05}",1.6348408460617063,5;41;83;90,1;10;14;19;20;29;31;32;49;57;61;69;73;77;78;85;88;89
3,2,4,C/40,1,random,svr_rbf,5.470160522602535,9.917608453142886,"{""C"": 10.0, ""epsilon"": 0.2}",1.304628184018064,5;41;83;90,1;10;14;19;20;29;31;32;49;57;61;69;73;77;78;85;88;89
3,2,4,C/40,1,random,gp_rbf,3.865618982301753,6.289050000680124,"{""alpha"": 1.0, ""length"": 3.0}",3.048774752811995,5;41;83;90,1;10;14;19;20;29;31;32;49;57;61;69;73;77;78;85;88;89
3,2,4,C/40,1,random,catboost,5.584939319052581,8.423082568878938,{},,5;41;83;90,1;10;14;19;20;29;31;32;49;57;61;69;73;77;78;85;88;89
3,2,4,C/40,1,random,xgboost,6.519808027479384,9.30080788793567,{},,5;41;83;90,1;10;14;19;20;29;31;32;49;57;61;69;73;77;78;85;88;89
3,2,4,C/40,1,random,extra_trees,3.850614229838053,6.384041342617549,{},,5;41;83;90,1;10;14;19;20;29;31;32;49;57;61;69;73;77;78;85;88;89
3,2,4,0.05A,2,random,ridge_physics,2.734715355767144,3.4408052710122385,"{""alpha"": 0.1}",1.2541698217391968,5;41;83;90,1;10;14;19;20;29;31;32;49;57;61;69;73;77;78;85;88;89
3,2,4,0.05A,2,random,ridge_source,2.618991427951389,3.31538353966227,"{""alpha"": 0.1}",1.4623470306396484,5;41;83;90,1;10;14;19;20;29;31;32;49;57;61;69;73;77;78;85;88;89
3,2,4,0.05A,2,random,ridge_input,5.053000132242839,6.011555970172084,"{""alpha"": 0.1}",1.8198275566101076,5;41;83;90,1;10;14;19;20;29;31;32;49;57;61;69;73;77;78;85;88;89
3,2,4,0.05A,2,random,krr_rbf,4.435329437255859,6.030382572510582,"{""alpha"": 0.1, ""gamma"": 0.05}",2.248080372810364,5;41;83;90,1;10;14;19;20;29;31;32;49;57;61;69;73;77;78;85;88;89
3,2,4,0.05A,2,random,svr_rbf,6.415669655804283,10.135131962770258,"{""C"": 10.0, ""epsilon"": 0.2}",1.7789961732163282,5;41;83;90,1;10;14;19;20;29;31;32;49;57;61;69;73;77;78;85;88;89
3,2,4,0.05A,2,random,gp_rbf,4.684676506359412,6.63596229077933,"{""alpha"": 1.0, ""length"": 3.0}",3.4086230948824667,5;41;83;90,1;10;14;19;20;29;31;32;49;57;61;69;73;77;78;85;88;89
3,2,4,0.05A,2,random,catboost,6.425224386679196,8.811694348695836,{},,5;41;83;90,1;10;14;19;20;29;31;32;49;57;61;69;73;77;78;85;88;89
3,2,4,0.05A,2,random,xgboost,7.268272823757595,9.612674748197747,{},,5;41;83;90,1;10;14;19;20;29;31;32;49;57;61;69;73;77;78;85;88;89
3,2,4,0.05A,2,random,extra_trees,4.710792350769043,6.804058894564219,{},,5;41;83;90,1;10;14;19;20;29;31;32;49;57;61;69;73;77;78;85;88;89
3,2,4,C/10,3,random,ridge_physics,1.3290430704752605,1.76036583087108,"{""alpha"": 0.1}",0.1760958433151245,5;41;83;90,1;10;14;19;20;29;31;32;49;57;61;69;73;77;78;85;88;89
3,2,4,C/10,3,random,ridge_source,1.2307069566514757,1.5525364275718014,"{""alpha"": 0.1}",0.7465213537216187,5;41;83;90,1;10;14;19;20;29;31;32;49;57;61;69;73;77;78;85;88;89
3,2,4,C/10,3,random,ridge_input,3.551483578152127,4.606788293256087,"{""alpha"": 0.1}",0.6170257329940796,5;41;83;90,1;10;14;19;20;29;31;32;49;57;61;69;73;77;78;85;88;89
3,2,4,C/10,3,random,krr_rbf,3.217273712158203,5.756009719704646,"{""alpha"": 0.1, ""gamma"": 0.05}",1.6178849935531616,5;41;83;90,1;10;14;19;20;29;31;32;49;57;61;69;73;77;78;85;88;89
3,2,4,C/10,3,random,svr_rbf,5.499726347166626,10.087113308808464,"{""C"": 10.0, ""epsilon"": 0.2}",0.6860997126953619,5;41;83;90,1;10;14;19;20;29;31;32;49;57;61;69;73;77;78;85;88;89
3,2,4,C/10,3,random,gp_rbf,8.212247139769026,11.632491086595934,"{""alpha"": 1.0, ""length"": 1.0}",2.8380874907311884,5;41;83;90,1;10;14;19;20;29;31;32;49;57;61;69;73;77;78;85;88;89
3,2,4,C/10,3,random,catboost,5.393331683076573,8.49287006131005,{},,5;41;83;90,1;10;14;19;20;29;31;32;49;57;61;69;73;77;78;85;88;89
3,2,4,C/10,3,random,xgboost,6.365975697835286,9.38044345254355,{},,5;41;83;90,1;10;14;19;20;29;31;32;49;57;61;69;73;77;78;85;88;89
3,2,4,C/10,3,random,extra_trees,3.730173015594481,6.372499443485968,{},,5;41;83;90,1;10;14;19;20;29;31;32;49;57;61;69;73;77;78;85;88;89
3,2,4,C/7,4,random,ridge_physics,1.3259955512152777,1.7597508464719824,"{""alpha"": 0.1}",0.1322349309921264,5;41;83;90,1;10;14;19;20;29;31;32;49;57;61;69;73;77;78;85;88;89
3,2,4,C/7,4,random,ridge_source,1.2855881585015192,1.6490365561188418,"{""alpha"": 0.1}",0.7581008672714233,5;41;83;90,1;10;14;19;20;29;31;32;49;57;61;69;73;77;78;85;88;89
3,2,4,C/7,4,random,ridge_input,3.515081617567274,4.507062665228774,"{""alpha"": 0.1}",0.6186190843582153,5;41;83;90,1;10;14;19;20;29;31;32;49;57;61;69;73;77;78;85;88;89
3,2,4,C/7,4,random,krr_rbf,8.095016055636936,11.772775087479827,"{""alpha"": 0.1, ""gamma"": 0.5}",1.6398969888687134,5;41;83;90,1;10;14;19;20;29;31;32;49;57;61;69;73;77;78;85;88;89
3,2,4,C/7,4,random,svr_rbf,5.619015797416792,10.207885200018536,"{""C"": 10.0, ""epsilon"": 0.2}",0.5336430639214176,5;41;83;90,1;10;14;19;20;29;31;32;49;57;61;69;73;77;78;85;88;89
3,2,4,C/7,4,random,gp_rbf,8.500807272402337,11.980279867697764,"{""alpha"": 1.0, ""length"": 1.0}",2.8848188186572186,5;41;83;90,1;10;14;19;20;29;31;32;49;57;61;69;73;77;78;85;88;89
3,2,4,C/7,4,random,catboost,5.498286081197231,8.599198127316882,{},,5;41;83;90,1;10;14;19;20;29;31;32;49;57;61;69;73;77;78;85;88;89
3,2,4,C/7,4,random,xgboost,6.461446550157335,9.498764767097082,{},,5;41;83;90,1;10;14;19;20;29;31;32;49;57;61;69;73;77;78;85;88;89
3,2,4,C/7,4,random,extra_trees,3.751849757300482,6.42312742260805,{},,5;41;83;90,1;10;14;19;20;29;31;32;49;57;61;69;73;77;78;85;88;89
3,2,4,C/5,5,random,ridge_physics,1.4459139506022136,1.886788718929497,"{""alpha"": 0.1}",0.174136996269226,5;41;83;90,1;10;14;19;20;29;31;32;49;57;61;69;73;77;78;85;88;89
3,2,4,C/5,5,random,ridge_source,1.4504097832573786,1.849459864182081,"{""alpha"": 0.1}",0.7719113826751709,5;41;83;90,1;10;14;19;20;29;31;32;49;57;61;69;73;77;78;85;88;89
3,2,4,C/5,5,random,ridge_input,3.5414191351996527,4.435641724037599,"{""alpha"": 0.1}",0.6228299140930176,5;41;83;90,1;10;14;19;20;29;31;32;49;57;61;69;73;77;78;85;88;89
3,2,4,C/5,5,random,krr_rbf,8.28352059258355,12.112905323446576,"{""alpha"": 0.1, ""gamma"": 0.5}",1.660219669342041,5;41;83;90,1;10;14;19;20;29;31;32;49;57;61;69;73;77;78;85;88;89
3,2,4,C/5,5,random,svr_rbf,5.444815919932319,10.178069946903104,"{""C"": 100.0, ""epsilon"": 0.2}",0.6679125720883095,5;41;83;90,1;10;14;19;20;29;31;32;49;57;61;69;73;77;78;85;88;89
3,2,4,C/5,5,random,gp_rbf,8.697404255918554,12.322618407493586,"{""alpha"": 1.0, ""length"": 1.0}",2.9442342041191667,5;41;83;90,1;10;14;19;20;29;31;32;49;57;61;69;73;77;78;85;88;89
3,2,4,C/5,5,random,catboost,5.543672735351465,8.693311020461092,{},,5;41;83;90,1;10;14;19;20;29;31;32;49;57;61;69;73;77;78;85;88;89
3,2,4,C/5,5,random,xgboost,6.522603776719835,9.60093960450151,{},,5;41;83;90,1;10;14;19;20;29;31;32;49;57;61;69;73;77;78;85;88;89
3,2,4,C/5,5,random,extra_trees,3.814929803212484,6.492931244406942,{},,5;41;83;90,1;10;14;19;20;29;31;32;49;57;61;69;73;77;78;85;88;89
3,2,4,C/80,0,source_cluster,ridge_physics,2.6820801628960504,3.3476909286530603,"{""alpha"": 10.0}",9.874068140983582,8;42;58;62,1;10;14;19;20;29;31;32;49;57;61;69;73;77;78;85;88;89
3,2,4,C/80,0,source_cluster,ridge_source,2.3748673333062067,2.926885934720691,"{""alpha"": 1.0}",7.644180774688721,8;42;58;62,1;10;14;19;20;29;31;32;49;57;61;69;73;77;78;85;88;89
3,2,4,C/80,0,source_cluster,ridge_input,5.631908840603298,6.762123523197668,"{""alpha"": 10.0}",14.168525457382202,8;42;58;62,1;10;14;19;20;29;31;32;49;57;61;69;73;77;78;85;88;89
3,2,4,C/80,0,source_cluster,krr_rbf,2.6813816494411893,3.469047938420761,"{""alpha"": 0.1, ""gamma"": 0.05}",17.856536269187927,8;42;58;62,1;10;14;19;20;29;31;32;49;57;61;69;73;77;78;85;88;89
3,2,4,C/80,0,source_cluster,svr_rbf,3.735929583244343,5.083557427373368,"{""C"": 100.0, ""epsilon"": 0.2}",18.46169477986276,8;42;58;62,1;10;14;19;20;29;31;32;49;57;61;69;73;77;78;85;88;89
3,2,4,C/80,0,source_cluster,gp_rbf,2.478208502063392,3.1024140812513026,"{""alpha"": 1.0, ""length"": 3.0}",19.029184010427507,8;42;58;62,1;10;14;19;20;29;31;32;49;57;61;69;73;77;78;85;88;89
3,2,4,C/80,0,source_cluster,catboost,4.940708049872113,6.7371373148446265,{},,8;42;58;62,1;10;14;19;20;29;31;32;49;57;61;69;73;77;78;85;88;89
3,2,4,C/80,0,source_cluster,xgboost,5.718916575113933,7.995979385122274,{},,8;42;58;62,1;10;14;19;20;29;31;32;49;57;61;69;73;77;78;85;88;89
3,2,4,C/80,0,source_cluster,extra_trees,4.971007045110067,6.442702731964284,{},,8;42;58;62,1;10;14;19;20;29;31;32;49;57;61;69;73;77;78;85;88;89
3,2,4,C/40,1,source_cluster,ridge_physics,2.285922156439887,2.728650483676138,"{""alpha"": 10.0}",8.820700645446777,8;42;58;62,1;10;14;19;20;29;31;32;49;57;61;69;73;77;78;85;88;89
3,2,4,C/40,1,source_cluster,ridge_source,1.9893001980251737,2.27331501619502,"{""alpha"": 1.0}",6.47030782699585,8;42;58;62,1;10;14;19;20;29;31;32;49;57;61;69;73;77;78;85;88;89
3,2,4,C/40,1,source_cluster,ridge_input,4.909635755750868,6.34054190763675,"{""alpha"": 10.0}",13.193648099899292,8;42;58;62,1;10;14;19;20;29;31;32;49;57;61;69;73;77;78;85;88;89
3,2,4,C/40,1,source_cluster,krr_rbf,2.127621120876736,2.8796834816059893,"{""alpha"": 0.1, ""gamma"": 0.05}",18.443756103515625,8;42;58;62,1;10;14;19;20;29;31;32;49;57;61;69;73;77;78;85;88;89
3,2,4,C/40,1,source_cluster,svr_rbf,3.298672840028681,4.736125361937463,"{""C"": 100.0, ""epsilon"": 0.2}",18.9145563854012,8;42;58;62,1;10;14;19;20;29;31;32;49;57;61;69;73;77;78;85;88;89
3,2,4,C/40,1,source_cluster,gp_rbf,1.9088908548905448,2.4489370084442115,"{""alpha"": 1.0, ""length"": 3.0}",19.6084036213952,8;42;58;62,1;10;14;19;20;29;31;32;49;57;61;69;73;77;78;85;88;89
3,2,4,C/40,1,source_cluster,catboost,4.565356908433357,6.587768387669367,{},,8;42;58;62,1;10;14;19;20;29;31;32;49;57;61;69;73;77;78;85;88;89
3,2,4,C/40,1,source_cluster,xgboost,5.16097174750434,7.798745020669287,{},,8;42;58;62,1;10;14;19;20;29;31;32;49;57;61;69;73;77;78;85;88;89
3,2,4,C/40,1,source_cluster,extra_trees,4.708443111843533,6.204782931882461,{},,8;42;58;62,1;10;14;19;20;29;31;32;49;57;61;69;73;77;78;85;88;89
3,2,4,0.05A,2,source_cluster,ridge_physics,2.8758544921875,3.607128792975085,"{""alpha"": 10.0}",9.91269063949585,8;42;58;62,1;10;14;19;20;29;31;32;49;57;61;69;73;77;78;85;88;89
3,2,4,0.05A,2,source_cluster,ridge_source,2.575559404161241,3.2626412432121303,"{""alpha"": 1.0}",7.643250703811645,8;42;58;62,1;10;14;19;20;29;31;32;49;57;61;69;73;77;78;85;88;89
3,2,4,0.05A,2,source_cluster,ridge_input,5.785481770833333,6.763482376191396,"{""alpha"": 10.0}",13.86215341091156,8;42;58;62,1;10;14;19;20;29;31;32;49;57;61;69;73;77;78;85;88;89
3,2,4,0.05A,2,source_cluster,krr_rbf,2.993414137098524,3.7795575617686974,"{""alpha"": 0.1, ""gamma"": 0.05}",17.85271656513214,8;42;58;62,1;10;14;19;20;29;31;32;49;57;61;69;73;77;78;85;88;89
3,2,4,0.05A,2,source_cluster,svr_rbf,4.092745256543569,5.403748202689698,"{""C"": 100.0, ""epsilon"": 0.2}",18.517252350235463,8;42;58;62,1;10;14;19;20;29;31;32;49;57;61;69;73;77;78;85;88;89
3,2,4,0.05A,2,source_cluster,gp_rbf,2.70534224518346,3.372779275025678,"{""alpha"": 1.0, ""length"": 3.0}",19.019670461751872,8;42;58;62,1;10;14;19;20;29;31;32;49;57;61;69;73;77;78;85;88;89
3,2,4,0.05A,2,source_cluster,catboost,5.011770864170494,6.734919358089035,{},,8;42;58;62,1;10;14;19;20;29;31;32;49;57;61;69;73;77;78;85;88;89
3,2,4,0.05A,2,source_cluster,xgboost,5.819854312472874,7.931474181018651,{},,8;42;58;62,1;10;14;19;20;29;31;32;49;57;61;69;73;77;78;85;88;89
3,2,4,0.05A,2,source_cluster,extra_trees,5.036855318811202,6.386912263371244,{},,8;42;58;62,1;10;14;19;20;29;31;32;49;57;61;69;73;77;78;85;88;89
3,2,4,C/10,3,source_cluster,ridge_physics,2.3622055053710938,2.744409837101486,"{""alpha"": 10.0}",8.079991579055786,8;42;58;62,1;10;14;19;20;29;31;32;49;57;61;69;73;77;78;85;88;89
3,2,4,C/10,3,source_cluster,ridge_source,1.9979871114095047,2.540963196772395,"{""alpha"": 0.1}",3.8538622856140137,8;42;58;62,1;10;14;19;20;29;31;32;49;57;61;69;73;77;78;85;88;89
3,2,4,C/10,3,source_cluster,ridge_input,4.381366729736328,5.8519976558536975,"{""alpha"": 10.0}",10.741271257400513,8;42;58;62,1;10;14;19;20;29;31;32;49;57;61;69;73;77;78;85;88;89
3,2,4,C/10,3,source_cluster,krr_rbf,2.057389153374566,2.7471536317729144,"{""alpha"": 0.1, ""gamma"": 0.05}",20.189584970474243,8;42;58;62,1;10;14;19;20;29;31;32;49;57;61;69;73;77;78;85;88;89
3,2,4,C/10,3,source_cluster,svr_rbf,3.181417367656957,4.809375916956992,"{""C"": 100.0, ""epsilon"": 0.2}",20.463323496092485,8;42;58;62,1;10;14;19;20;29;31;32;49;57;61;69;73;77;78;85;88;89
3,2,4,C/10,3,source_cluster,gp_rbf,1.8235923691866245,2.292458475929427,"{""alpha"": 1.0, ""length"": 3.0}",21.37235538180657,8;42;58;62,1;10;14;19;20;29;31;32;49;57;61;69;73;77;78;85;88;89
3,2,4,C/10,3,source_cluster,catboost,4.499986065543492,6.833083160985938,{},,8;42;58;62,1;10;14;19;20;29;31;32;49;57;61;69;73;77;78;85;88;89
3,2,4,C/10,3,source_cluster,xgboost,5.138960944281684,8.09795190859607,{},,8;42;58;62,1;10;14;19;20;29;31;32;49;57;61;69;73;77;78;85;88;89
3,2,4,C/10,3,source_cluster,extra_trees,4.767602925830417,6.525732897235368,{},,8;42;58;62,1;10;14;19;20;29;31;32;49;57;61;69;73;77;78;85;88;89
3,2,4,C/7,4,source_cluster,ridge_physics,2.139165242513021,2.7133435943375392,"{""alpha"": 1.0}",8.11659860610962,8;42;58;62,1;10;14;19;20;29;31;32;49;57;61;69;73;77;78;85;88;89
3,2,4,C/7,4,source_cluster,ridge_source,2.206925286187066,2.7386571951251706,"{""alpha"": 0.1}",3.54729962348938,8;42;58;62,1;10;14;19;20;29;31;32;49;57;61;69;73;77;78;85;88;89
3,2,4,C/7,4,source_cluster,ridge_input,4.385164896647136,5.809015628316328,"{""alpha"": 10.0}",10.891149640083311,8;42;58;62,1;10;14;19;20;29;31;32;49;57;61;69;73;77;78;85;88;89
3,2,4,C/7,4,source_cluster,krr_rbf,2.028092278374566,2.6453289856250986,"{""alpha"": 0.1, ""gamma"": 0.05}",20.64861488342285,8;42;58;62,1;10;14;19;20;29;31;32;49;57;61;69;73;77;78;85;88;89
3,2,4,C/7,4,source_cluster,svr_rbf,3.115187638761526,4.71589698752529,"{""C"": 100.0, ""epsilon"": 0.2}",20.85257520118877,8;42;58;62,1;10;14;19;20;29;31;32;49;57;61;69;73;77;78;85;88;89
3,2,4,C/7,4,source_cluster,gp_rbf,1.7875316141921127,2.342023444453033,"{""alpha"": 1.0, ""length"": 3.0}",21.83168718841203,8;42;58;62,1;10;14;19;20;29;31;32;49;57;61;69;73;77;78;85;88;89
3,2,4,C/7,4,source_cluster,catboost,4.515194134979407,6.91299675622145,{},,8;42;58;62,1;10;14;19;20;29;31;32;49;57;61;69;73;77;78;85;88;89
3,2,4,C/7,4,source_cluster,xgboost,5.278755611843533,8.22450219555928,{},,8;42;58;62,1;10;14;19;20;29;31;32;49;57;61;69;73;77;78;85;88;89
3,2,4,C/7,4,source_cluster,extra_trees,4.805347576406267,6.581334577665264,{},,8;42;58;62,1;10;14;19;20;29;31;32;49;57;61;69;73;77;78;85;88;89
3,2,4,C/5,5,source_cluster,ridge_physics,2.1754976908365884,2.817964513269292,"{""alpha"": 1.0}",7.467312812805176,8;42;58;62,1;10;14;19;20;29;31;32;49;57;61;69;73;77;78;85;88;89
3,2,4,C/5,5,source_cluster,ridge_source,2.5141190422905817,3.046533775991481,"{""alpha"": 0.1}",3.2964885234832764,8;42;58;62,1;10;14;19;20;29;31;32;49;57;61;69;73;77;78;85;88;89
3,2,4,C/5,5,source_cluster,ridge_input,4.325952317979601,5.736053015070426,"{""alpha"": 10.0}",11.121903896331789,8;42;58;62,1;10;14;19;20;29;31;32;49;57;61;69;73;77;78;85;88;89
3,2,4,C/5,5,source_cluster,krr_rbf,2.08577643500434,2.717102783357736,"{""alpha"": 0.1, ""gamma"": 0.05}",21.155397653579712,8;42;58;62,1;10;14;19;20;29;31;32;49;57;61;69;73;77;78;85;88;89
3,2,4,C/5,5,source_cluster,svr_rbf,3.1430310336502054,4.799948295244287,"{""C"": 100.0, ""epsilon"": 0.2}",21.304938170164597,8;42;58;62,1;10;14;19;20;29;31;32;49;57;61;69;73;77;78;85;88;89
3,2,4,C/5,5,source_cluster,gp_rbf,1.8386133919266745,2.455941501118531,"{""alpha"": 1.0, ""length"": 3.0}",22.3444192733546,8;42;58;62,1;10;14;19;20;29;31;32;49;57;61;69;73;77;78;85;88;89
3,2,4,C/5,5,source_cluster,catboost,4.640636876259588,7.051951153692544,{},,8;42;58;62,1;10;14;19;20;29;31;32;49;57;61;69;73;77;78;85;88;89
3,2,4,C/5,5,source_cluster,xgboost,5.486430274115668,8.406766266575033,{},,8;42;58;62,1;10;14;19;20;29;31;32;49;57;61;69;73;77;78;85;88;89
3,2,4,C/5,5,source_cluster,extra_trees,4.930844914913177,6.760736429507488,{},,8;42;58;62,1;10;14;19;20;29;31;32;49;57;61;69;73;77;78;85;88;89
3,2,4,C/80,0,physical_cluster,ridge_physics,2.289898342556424,2.861762341050716,"{""alpha"": 0.1}",1.184264600276947,28;35;50;62,1;10;14;19;20;29;31;32;49;57;61;69;73;77;78;85;88;89
3,2,4,C/80,0,physical_cluster,ridge_source,2.4806255764431424,3.078677409711516,"{""alpha"": 0.1}",2.234860181808472,28;35;50;62,1;10;14;19;20;29;31;32;49;57;61;69;73;77;78;85;88;89
3,2,4,C/80,0,physical_cluster,ridge_input,2.266563415527344,3.1723847909514022,"{""alpha"": 0.1}",10.139972686767578,28;35;50;62,1;10;14;19;20;29;31;32;49;57;61;69;73;77;78;85;88;89
3,2,4,C/80,0,physical_cluster,krr_rbf,2.4747411939832897,3.11511951364776,"{""alpha"": 0.1, ""gamma"": 0.05}",16.06625932455063,28;35;50;62,1;10;14;19;20;29;31;32;49;57;61;69;73;77;78;85;88;89
3,2,4,C/80,0,physical_cluster,svr_rbf,2.432159764116021,3.0568697411075068,"{""C"": 100.0, ""epsilon"": 1.0}",18.551931901293827,28;35;50;62,1;10;14;19;20;29;31;32;49;57;61;69;73;77;78;85;88;89
3,2,4,C/80,0,physical_cluster,gp_rbf,3.209229958382239,3.915787742390549,"{""alpha"": 1.0, ""length"": 3.0}",17.003869043094788,28;35;50;62,1;10;14;19;20;29;31;32;49;57;61;69;73;77;78;85;88;89
3,2,4,C/80,0,physical_cluster,catboost,5.408853195189407,7.1440539244308505,{},,28;35;50;62,1;10;14;19;20;29;31;32;49;57;61;69;73;77;78;85;88;89
3,2,4,C/80,0,physical_cluster,xgboost,6.014271630181207,8.203809825923216,{},,28;35;50;62,1;10;14;19;20;29;31;32;49;57;61;69;73;77;78;85;88;89
3,2,4,C/80,0,physical_cluster,extra_trees,5.963197114732531,7.133860789222922,{},,28;35;50;62,1;10;14;19;20;29;31;32;49;57;61;69;73;77;78;85;88;89
3,2,4,C/40,1,physical_cluster,ridge_physics,1.547131856282552,1.9425861659923944,"{""alpha"": 0.1}",1.2713885307312012,28;35;50;62,1;10;14;19;20;29;31;32;49;57;61;69;73;77;78;85;88;89
3,2,4,C/40,1,physical_cluster,ridge_source,1.4982244703504777,1.9593936276514825,"{""alpha"": 0.1}",0.7469640970230103,28;35;50;62,1;10;14;19;20;29;31;32;49;57;61;69;73;77;78;85;88;89
3,2,4,C/40,1,physical_cluster,ridge_input,2.0982496473524304,2.677988674642373,"{""alpha"": 0.1}",9.649863958358765,28;35;50;62,1;10;14;19;20;29;31;32;49;57;61;69;73;77;78;85;88;89
3,2,4,C/40,1,physical_cluster,krr_rbf,1.865311516655816,2.3747401928903176,"{""alpha"": 0.1, ""gamma"": 0.05}",16.565688848495483,28;35;50;62,1;10;14;19;20;29;31;32;49;57;61;69;73;77;78;85;88;89
3,2,4,C/40,1,physical_cluster,svr_rbf,1.945288507235399,2.449189552882001,"{""C"": 100.0, ""epsilon"": 1.0}",18.71559253243533,28;35;50;62,1;10;14;19;20;29;31;32;49;57;61;69;73;77;78;85;88;89
3,2,4,C/40,1,physical_cluster,gp_rbf,2.66069072032304,3.348325196185564,"{""alpha"": 1.0, ""length"": 3.0}",17.578119507631328,28;35;50;62,1;10;14;19;20;29;31;32;49;57;61;69;73;77;78;85;88;89
3,2,4,C/40,1,physical_cluster,catboost,4.9659194505217625,6.9641362816089885,{},,28;35;50;62,1;10;14;19;20;29;31;32;49;57;61;69;73;77;78;85;88;89
3,2,4,C/40,1,physical_cluster,xgboost,5.403035057915582,7.980615993733561,{},,28;35;50;62,1;10;14;19;20;29;31;32;49;57;61;69;73;77;78;85;88;89
3,2,4,C/40,1,physical_cluster,extra_trees,5.875567314359876,6.760970041429654,{},,28;35;50;62,1;10;14;19;20;29;31;32;49;57;61;69;73;77;78;85;88;89
3,2,4,0.05A,2,physical_cluster,ridge_physics,2.494148678249783,3.179943198188427,"{""alpha"": 0.1}",1.278949499130249,28;35;50;62,1;10;14;19;20;29;31;32;49;57;61;69;73;77;78;85;88;89
3,2,4,0.05A,2,physical_cluster,ridge_source,2.648273468017578,3.317803668348716,"{""alpha"": 0.1}",2.2506797313690186,28;35;50;62,1;10;14;19;20;29;31;32;49;57;61;69;73;77;78;85;88;89
3,2,4,0.05A,2,physical_cluster,ridge_input,2.416717529296875,3.3523148470255206,"{""alpha"": 0.1}",9.884582281112673,28;35;50;62,1;10;14;19;20;29;31;32;49;57;61;69;73;77;78;85;88;89
3,2,4,0.05A,2,physical_cluster,krr_rbf,2.656305101182726,3.3508098534496957,"{""alpha"": 0.1, ""gamma"": 0.05}",15.960336089134216,28;35;50;62,1;10;14;19;20;29;31;32;49;57;61;69;73;77;78;85;88;89
3,2,4,0.05A,2,physical_cluster,svr_rbf,2.4997714649341347,3.1970298393205927,"{""C"": 100.0, ""epsilon"": 1.0}",18.64209406525169,28;35;50;62,1;10;14;19;20;29;31;32;49;57;61;69;73;77;78;85;88;89
3,2,4,0.05A,2,physical_cluster,gp_rbf,3.262322567737949,4.069163094974666,"{""alpha"": 1.0, ""length"": 3.0}",16.872268925910888,28;35;50;62,1;10;14;19;20;29;31;32;49;57;61;69;73;77;78;85;88;89
3,2,4,0.05A,2,physical_cluster,catboost,5.53554689909402,7.222807911998548,{},,28;35;50;62,1;10;14;19;20;29;31;32;49;57;61;69;73;77;78;85;88;89
3,2,4,0.05A,2,physical_cluster,xgboost,6.059093899197048,8.169734027858437,{},,28;35;50;62,1;10;14;19;20;29;31;32;49;57;61;69;73;77;78;85;88;89
3,2,4,0.05A,2,physical_cluster,extra_trees,5.716232331593831,6.973026355350852,{},,28;35;50;62,1;10;14;19;20;29;31;32;49;57;61;69;73;77;78;85;88;89
3,2,4,C/10,3,physical_cluster,ridge_physics,1.5675998263888888,1.8527121054250544,"{""alpha"": 0.1}",0.7336373329162598,28;35;50;62,1;10;14;19;20;29;31;32;49;57;61;69;73;77;78;85;88;89
3,2,4,C/10,3,physical_cluster,ridge_source,1.3204544915093317,1.6224608663391258,"{""alpha"": 0.1}",3.110160708427429,28;35;50;62,1;10;14;19;20;29;31;32;49;57;61;69;73;77;78;85;88;89
3,2,4,C/10,3,physical_cluster,ridge_input,2.273194630940756,2.7454469741663887,"{""alpha"": 0.1}",8.076813459396362,28;35;50;62,1;10;14;19;20;29;31;32;49;57;61;69;73;77;78;85;88;89
3,2,4,C/10,3,physical_cluster,krr_rbf,1.953584459092882,2.279114767638581,"{""alpha"": 0.1, ""gamma"": 0.05}",18.27726811170578,28;35;50;62,1;10;14;19;20;29;31;32;49;57;61;69;73;77;78;85;88;89
3,2,4,C/10,3,physical_cluster,svr_rbf,2.247540782156192,2.631401665907475,"{""C"": 100.0, ""epsilon"": 1.0}",20.578353790103087,28;35;50;62,1;10;14;19;20;29;31;32;49;57;61;69;73;77;78;85;88;89
3,2,4,C/10,3,physical_cluster,gp_rbf,2.6983562957640714,3.279555800442433,"{""alpha"": 1.0, ""length"": 3.0}",19.413866440448786,28;35;50;62,1;10;14;19;20;29;31;32;49;57;61;69;73;77;78;85;88;89
3,2,4,C/10,3,physical_cluster,catboost,4.903217777979667,7.343012486332015,{},,28;35;50;62,1;10;14;19;20;29;31;32;49;57;61;69;73;77;78;85;88;89
3,2,4,C/10,3,physical_cluster,xgboost,5.288034227159288,8.323462753133573,{},,28;35;50;62,1;10;14;19;20;29;31;32;49;57;61;69;73;77;78;85;88;89
3,2,4,C/10,3,physical_cluster,extra_trees,5.9502080228593615,6.79427268063778,{},,28;35;50;62,1;10;14;19;20;29;31;32;49;57;61;69;73;77;78;85;88;89
3,2,4,C/7,4,physical_cluster,ridge_physics,1.624010721842448,1.9545980768883104,"{""alpha"": 0.1}",0.734332799911499,28;35;50;62,1;10;14;19;20;29;31;32;49;57;61;69;73;77;78;85;88;89
3,2,4,C/7,4,physical_cluster,ridge_source,1.3997103373209636,1.7659536164147849,"{""alpha"": 0.1}",4.03396201133728,28;35;50;62,1;10;14;19;20;29;31;32;49;57;61;69;73;77;78;85;88;89
3,2,4,C/7,4,physical_cluster,ridge_input,2.3277965121799045,2.8196306156218203,"{""alpha"": 0.1}",7.717972040176392,28;35;50;62,1;10;14;19;20;29;31;32;49;57;61;69;73;77;78;85;88;89
3,2,4,C/7,4,physical_cluster,krr_rbf,2.083878411187066,2.390342795193642,"{""alpha"": 0.1, ""gamma"": 0.05}",18.746608197689056,28;35;50;62,1;10;14;19;20;29;31;32;49;57;61;69;73;77;78;85;88;89
3,2,4,C/7,4,physical_cluster,svr_rbf,2.3385323051087505,2.762191079847823,"{""C"": 100.0, ""epsilon"": 1.0}",20.985902471208504,28;35;50;62,1;10;14;19;20;29;31;32;49;57;61;69;73;77;78;85;88;89
3,2,4,C/7,4,physical_cluster,gp_rbf,2.811038862757959,3.4211753298235115,"{""alpha"": 1.0, ""length"": 3.0}",19.92281142349241,28;35;50;62,1;10;14;19;20;29;31;32;49;57;61;69;73;77;78;85;88;89
3,2,4,C/7,4,physical_cluster,catboost,5.026998923686197,7.530694637834336,{},,28;35;50;62,1;10;14;19;20;29;31;32;49;57;61;69;73;77;78;85;88;89
3,2,4,C/7,4,physical_cluster,xgboost,5.471710205078125,8.48832483864945,{},,28;35;50;62,1;10;14;19;20;29;31;32;49;57;61;69;73;77;78;85;88;89
3,2,4,C/7,4,physical_cluster,extra_trees,5.941309528880648,6.802645462821391,{},,28;35;50;62,1;10;14;19;20;29;31;32;49;57;61;69;73;77;78;85;88;89
3,2,4,C/5,5,physical_cluster,ridge_physics,1.7374576992458768,2.0832857798580937,"{""alpha"": 0.1}",0.6714564561843872,28;35;50;62,1;10;14;19;20;29;31;32;49;57;61;69;73;77;78;85;88;89
3,2,4,C/5,5,physical_cluster,ridge_source,1.6224873860677085,2.041877035226373,"{""alpha"": 0.1}",4.932612895965576,28;35;50;62,1;10;14;19;20;29;31;32;49;57;61;69;73;77;78;85;88;89
3,2,4,C/5,5,physical_cluster,ridge_input,2.445066240098741,2.927465744590888,"{""alpha"": 0.1}",7.374176025390625,28;35;50;62,1;10;14;19;20;29;31;32;49;57;61;69;73;77;78;85;88;89
3,2,4,C/5,5,physical_cluster,krr_rbf,2.114715576171875,2.467360762050681,"{""alpha"": 0.1, ""gamma"": 0.05}",19.23730093240738,28;35;50;62,1;10;14;19;20;29;31;32;49;57;61;69;73;77;78;85;88;89
3,2,4,C/5,5,physical_cluster,svr_rbf,2.473198806540834,2.897009609189607,"{""C"": 100.0, ""epsilon"": 1.0}",21.405601697009864,28;35;50;62,1;10;14;19;20;29;31;32;49;57;61;69;73;77;78;85;88;89
3,2,4,C/5,5,physical_cluster,gp_rbf,2.822987609940166,3.493722698679992,"{""alpha"": 1.0, ""length"": 3.0}",20.452855546213733,28;35;50;62,1;10;14;19;20;29;31;32;49;57;61;69;73;77;78;85;88;89
3,2,4,C/5,5,physical_cluster,catboost,5.203352376058602,7.715683874230079,{},,28;35;50;62,1;10;14;19;20;29;31;32;49;57;61;69;73;77;78;85;88;89
3,2,4,C/5,5,physical_cluster,xgboost,5.640360938178168,8.689370138754809,{},,28;35;50;62,1;10;14;19;20;29;31;32;49;57;61;69;73;77;78;85;88;89
3,2,4,C/5,5,physical_cluster,extra_trees,5.991443943977355,6.925934778128513,{},,28;35;50;62,1;10;14;19;20;29;31;32;49;57;61;69;73;77;78;85;88;89
3,2,4,C/80,0,input_cluster,ridge_physics,2.9899766710069446,3.734436879421124,"{""alpha"": 0.1}",5.515583038330078,5;7;48;62,1;10;14;19;20;29;31;32;49;57;61;69;73;77;78;85;88;89
3,2,4,C/80,0,input_cluster,ridge_source,2.2245987786187067,2.804576150672238,"{""alpha"": 0.1}",4.230172514915466,5;7;48;62,1;10;14;19;20;29;31;32;49;57;61;69;73;77;78;85;88;89
3,2,4,C/80,0,input_cluster,ridge_input,5.149865044487847,6.849154936168399,"{""alpha"": 10.0}",7.595741510391235,5;7;48;62,1;10;14;19;20;29;31;32;49;57;61;69;73;77;78;85;88;89
3,2,4,C/80,0,input_cluster,krr_rbf,3.588446299235026,4.796689001662935,"{""alpha"": 0.1, ""gamma"": 0.05}",13.199296474456789,5;7;48;62,1;10;14;19;20;29;31;32;49;57;61;69;73;77;78;85;88;89
3,2,4,C/80,0,input_cluster,svr_rbf,4.28712227337147,6.582135768781914,"{""C"": 100.0, ""epsilon"": 0.2}",9.001499554784548,5;7;48;62,1;10;14;19;20;29;31;32;49;57;61;69;73;77;78;85;88;89
3,2,4,C/80,0,input_cluster,gp_rbf,3.9466639091026487,5.340825091404915,"{""alpha"": 1.0, ""length"": 3.0}",14.35602300256942,5;7;48;62,1;10;14;19;20;29;31;32;49;57;61;69;73;77;78;85;88;89
3,2,4,C/80,0,input_cluster,catboost,6.190789811338163,8.836115751979374,{},,5;7;48;62,1;10;14;19;20;29;31;32;49;57;61;69;73;77;78;85;88;89
3,2,4,C/80,0,input_cluster,xgboost,7.072112613254124,9.929334819516974,{},,5;7;48;62,1;10;14;19;20;29;31;32;49;57;61;69;73;77;78;85;88;89
3,2,4,C/80,0,input_cluster,extra_trees,4.381510294808281,6.794718966478551,{},,5;7;48;62,1;10;14;19;20;29;31;32;49;57;61;69;73;77;78;85;88;89
3,2,4,C/40,1,input_cluster,ridge_physics,1.5636838277180989,1.946488243470209,"{""alpha"": 1.0}",4.187229990959168,5;7;48;62,1;10;14;19;20;29;31;32;49;57;61;69;73;77;78;85;88;89
3,2,4,C/40,1,input_cluster,ridge_source,1.40097173055013,1.7651682191169809,"{""alpha"": 0.1}",2.784559965133667,5;7;48;62,1;10;14;19;20;29;31;32;49;57;61;69;73;77;78;85;88;89
3,2,4,C/40,1,input_cluster,ridge_input,4.479863060845269,6.493902691926473,"{""alpha"": 10.0}",7.907412052154541,5;7;48;62,1;10;14;19;20;29;31;32;49;57;61;69;73;77;78;85;88;89
3,2,4,C/40,1,input_cluster,krr_rbf,2.8377727932400174,4.329117695456723,"{""alpha"": 0.1, ""gamma"": 0.05}",13.860267996788023,5;7;48;62,1;10;14;19;20;29;31;32;49;57;61;69;73;77;78;85;88;89
3,2,4,C/40,1,input_cluster,svr_rbf,3.792690730210752,6.7321729637165,"{""C"": 100.0, ""epsilon"": 0.2}",9.434527826063608,5;7;48;62,1;10;14;19;20;29;31;32;49;57;61;69;73;77;78;85;88;89
3,2,4,C/40,1,input_cluster,gp_rbf,3.249748560016351,4.9155785112354655,"{""alpha"": 1.0, ""length"": 3.0}",15.005527437310004,5;7;48;62,1;10;14;19;20;29;31;32;49;57;61;69;73;77;78;85;88;89
3,2,4,C/40,1,input_cluster,catboost,6.061760453732479,8.941484798690828,{},,5;7;48;62,1;10;14;19;20;29;31;32;49;57;61;69;73;77;78;85;88;89
3,2,4,C/40,1,input_cluster,xgboost,7.300788879394531,10.093740187998671,{},,5;7;48;62,1;10;14;19;20;29;31;32;49;57;61;69;73;77;78;85;88;89
3,2,4,C/40,1,input_cluster,extra_trees,4.011126603020563,6.747928066754202,{},,5;7;48;62,1;10;14;19;20;29;31;32;49;57;61;69;73;77;78;85;88;89
3,2,4,0.05A,2,input_cluster,ridge_physics,2.4836523267957897,3.190080514444788,"{""alpha"": 1.0}",5.443122625350952,5;7;48;62,1;10;14;19;20;29;31;32;49;57;61;69;73;77;78;85;88;89
3,2,4,0.05A,2,input_cluster,ridge_source,2.455223507351345,3.1545023600433253,"{""alpha"": 0.1}",4.147487759590149,5;7;48;62,1;10;14;19;20;29;31;32;49;57;61;69;73;77;78;85;88;89
3,2,4,0.05A,2,input_cluster,ridge_input,5.259378645155165,6.793091434892924,"{""alpha"": 10.0}",7.562492370605469,5;7;48;62,1;10;14;19;20;29;31;32;49;57;61;69;73;77;78;85;88;89
3,2,4,0.05A,2,input_cluster,krr_rbf,3.729903750949436,4.86536356837979,"{""alpha"": 0.1, ""gamma"": 0.05}",13.044639825820925,5;7;48;62,1;10;14;19;20;29;31;32;49;57;61;69;73;77;78;85;88;89
3,2,4,0.05A,2,input_cluster,svr_rbf,4.4513781491004565,6.621688299367981,"{""C"": 100.0, ""epsilon"": 0.2}",8.965981115548294,5;7;48;62,1;10;14;19;20;29;31;32;49;57;61;69;73;77;78;85;88;89
3,2,4,0.05A,2,input_cluster,gp_rbf,4.109473702780162,5.389678210590558,"{""alpha"": 1.0, ""length"": 3.0}",14.217061176111743,5;7;48;62,1;10;14;19;20;29;31;32;49;57;61;69;73;77;78;85;88;89
3,2,4,0.05A,2,input_cluster,catboost,6.32934391256788,8.748997596648632,{},,5;7;48;62,1;10;14;19;20;29;31;32;49;57;61;69;73;77;78;85;88;89
3,2,4,0.05A,2,input_cluster,xgboost,7.187450832790798,9.82482040634998,{},,5;7;48;62,1;10;14;19;20;29;31;32;49;57;61;69;73;77;78;85;88;89
3,2,4,0.05A,2,input_cluster,extra_trees,4.488816944758096,6.6917222416730935,{},,5;7;48;62,1;10;14;19;20;29;31;32;49;57;61;69;73;77;78;85;88;89
3,2,4,C/10,3,input_cluster,ridge_physics,1.4246966044108074,1.6684084543263038,"{""alpha"": 1.0}",1.5224400758743286,5;7;48;62,1;10;14;19;20;29;31;32;49;57;61;69;73;77;78;85;88;89
3,2,4,C/10,3,input_cluster,ridge_source,1.6079508463541667,1.9192873874714225,"{""alpha"": 0.1}",1.119515061378479,5;7;48;62,1;10;14;19;20;29;31;32;49;57;61;69;73;77;78;85;88;89
3,2,4,C/10,3,input_cluster,ridge_input,3.752930111355252,4.717547282008205,"{""alpha"": 1.0}",8.208309888839722,5;7;48;62,1;10;14;19;20;29;31;32;49;57;61;69;73;77;78;85;88;89
3,2,4,C/10,3,input_cluster,krr_rbf,2.667898390028212,4.032538239239092,"{""alpha"": 0.1, ""gamma"": 0.05}",15.77811574935913,5;7;48;62,1;10;14;19;20;29;31;32;49;57;61;69;73;77;78;85;88;89
3,2,4,C/10,3,input_cluster,svr_rbf,3.8275114136890673,6.961642504271402,"{""C"": 100.0, ""epsilon"": 0.2}",11.771521692849646,5;7;48;62,1;10;14;19;20;29;31;32;49;57;61;69;73;77;78;85;88;89
3,2,4,C/10,3,input_cluster,gp_rbf,3.078117936087088,4.670493703902477,"{""alpha"": 1.0, ""length"": 3.0}",16.954741895936518,5;7;48;62,1;10;14;19;20;29;31;32;49;57;61;69;73;77;78;85;88;89
3,2,4,C/10,3,input_cluster,catboost,6.9760938519611,9.675119091232856,{},,5;7;48;62,1;10;14;19;20;29;31;32;49;57;61;69;73;77;78;85;88;89
3,2,4,C/10,3,input_cluster,xgboost,8.156172434488932,10.827507707123834,{},,5;7;48;62,1;10;14;19;20;29;31;32;49;57;61;69;73;77;78;85;88;89
3,2,4,C/10,3,input_cluster,extra_trees,4.276832906405133,7.196171449227475,{},,5;7;48;62,1;10;14;19;20;29;31;32;49;57;61;69;73;77;78;85;88;89
3,2,4,C/7,4,input_cluster,ridge_physics,1.4459974500868056,1.740421804541309,"{""alpha"": 1.0}",1.3108505010604858,5;7;48;62,1;10;14;19;20;29;31;32;49;57;61;69;73;77;78;85;88;89
3,2,4,C/7,4,input_cluster,ridge_source,1.779090033637153,2.1969390672201747,"{""alpha"": 0.1}",1.51860511302948,5;7;48;62,1;10;14;19;20;29;31;32;49;57;61;69;73;77;78;85;88;89
3,2,4,C/7,4,input_cluster,ridge_input,3.814439137776693,4.727653261715412,"{""alpha"": 1.0}",7.768259644508362,5;7;48;62,1;10;14;19;20;29;31;32;49;57;61;69;73;77;78;85;88;89
3,2,4,C/7,4,input_cluster,krr_rbf,2.7223773532443576,3.9963077325936127,"{""alpha"": 0.1, ""gamma"": 0.05}",16.332137525081635,5;7;48;62,1;10;14;19;20;29;31;32;49;57;61;69;73;77;78;85;88;89
3,2,4,C/7,4,input_cluster,svr_rbf,3.9024990567015294,7.039928403076149,"{""C"": 100.0, ""epsilon"": 0.2}",12.308554542385204,5;7;48;62,1;10;14;19;20;29;31;32;49;57;61;69;73;77;78;85;88;89
3,2,4,C/7,4,input_cluster,gp_rbf,3.1937558640326427,4.692150123256048,"{""alpha"": 1.0, ""length"": 3.0}",17.520134706499974,5;7;48;62,1;10;14;19;20;29;31;32;49;57;61;69;73;77;78;85;88;89
3,2,4,C/7,4,input_cluster,catboost,7.154274721643684,9.813123980014604,{},,5;7;48;62,1;10;14;19;20;29;31;32;49;57;61;69;73;77;78;85;88;89
3,2,4,C/7,4,input_cluster,xgboost,8.407597435845268,11.020707101308703,{},,5;7;48;62,1;10;14;19;20;29;31;32;49;57;61;69;73;77;78;85;88;89
3,2,4,C/7,4,input_cluster,extra_trees,4.362186984221141,7.227692264035122,{},,5;7;48;62,1;10;14;19;20;29;31;32;49;57;61;69;73;77;78;85;88;89
3,2,4,C/5,5,input_cluster,ridge_physics,1.5324109395345051,1.865311649835632,"{""alpha"": 1.0}",1.4679832458496094,5;7;48;62,1;10;14;19;20;29;31;32;49;57;61;69;73;77;78;85;88;89
3,2,4,C/5,5,input_cluster,ridge_source,2.0284521314832897,2.551266064467222,"{""alpha"": 0.1}",2.089462280273437,5;7;48;62,1;10;14;19;20;29;31;32;49;57;61;69;73;77;78;85;88;89
3,2,4,C/5,5,input_cluster,ridge_input,3.784970177544488,4.712089298176049,"{""alpha"": 1.0}",7.388371229171753,5;7;48;62,1;10;14;19;20;29;31;32;49;57;61;69;73;77;78;85;88;89
3,2,4,C/5,5,input_cluster,krr_rbf,2.7490696377224397,3.96255264034113,"{""alpha"": 0.1, ""gamma"": 0.05}",16.899186551570892,5;7;48;62,1;10;14;19;20;29;31;32;49;57;61;69;73;77;78;85;88;89
3,2,4,C/5,5,input_cluster,svr_rbf,4.836286522634293,8.397707948111838,"{""C"": 100.0, ""epsilon"": 1.0}",12.702855163857148,5;7;48;62,1;10;14;19;20;29;31;32;49;57;61;69;73;77;78;85;88;89
3,2,4,C/5,5,input_cluster,gp_rbf,3.1996598149919317,4.678229895954988,"{""alpha"": 1.0, ""length"": 3.0}",18.10248562668357,5;7;48;62,1;10;14;19;20;29;31;32;49;57;61;69;73;77;78;85;88;89
3,2,4,C/5,5,input_cluster,catboost,7.391682793528822,10.048407936755986,{},,5;7;48;62,1;10;14;19;20;29;31;32;49;57;61;69;73;77;78;85;88;89
3,2,4,C/5,5,input_cluster,xgboost,8.623316446940104,11.252390180658464,{},,5;7;48;62,1;10;14;19;20;29;31;32;49;57;61;69;73;77;78;85;88;89
3,2,4,C/5,5,input_cluster,extra_trees,4.518211713102128,7.4150858137250415,{},,5;7;48;62,1;10;14;19;20;29;31;32;49;57;61;69;73;77;78;85;88;89